i,timestamp,direction,premium,oatr,atr_pct,oatr_chg,dte,strike,moneyness,strike_dist,mom1,mom2,mom3,mom6,u_past5,u_past15,u_past30,resp15,range_exp,prem_pos,o5,o15,o30,o45,o60,u15,u30,u60,omfe,omae,und_ok_opt_fail
78,2024-10-03T09:30:00+05:30,PE,78.75,24.042426,30.53006476190476,,0,25600.0,-0.02577460498464671,6.599999999998545,0.0,0.0,0.0,-12.109374999999995,0.07210368862147942,0.29827127998134706,-0.7271028508402212,-0.0,0.9090909090909091,0.21043627031650977,0.0,0.0,-1.9047619047619049,-12.901587301587297,-23.42857142857143,-0.049987112697519036,0.1874516726156538,0.28215381971835385,16.12698412698413,-31.936507936507937,True
81,2024-10-03T09:45:00+05:30,PE,60.3,20.135873,33.392824212271975,,0,25600.0,-0.07572386550817527,19.400000000001455,0.0,0.0,0.0,-12.086309957719793,0.010344793933662371,0.049987112697519036,0.3484074898797347,-0.0,1.3706666666666665,0.23801065719360553,0.0,0.0,16.33499170812605,27.01492537313434,42.951907131011616,0.23732015581942942,0.4002825983434542,0.42877663020992757,52.40464344941959,-12.603648424543938,False
84,2024-10-03T10:00:00+05:30,PE,58.1,17.515184,30.14661617900172,,0,25550.0,-0.03364816539246494,8.599999999998545,0.0,10.35137701804369,10.35137701804369,42.05378973105135,-0.06607886453833338,-0.23732015581942942,-0.1874516726156538,43.61777440395656,1.0870967741935484,0.8646142433234422,0.0,5.938037865748702,49.225473321858864,32.87435456110155,20.99827882960412,0.1633501052483313,0.09488000125202477,0.26429460142574035,66.78141135972461,-12.478485370051635,False
87,2024-10-03T10:15:00+05:30,PE,58.9,12.060085,20.475526315789473,,0,25500.0,-0.06603479661478022,16.849999999998545,0.0,0.0,0.0,3.971756398940865,-0.04720140703282519,-0.1633501052483313,-0.4002825983434542,0.0,1.0290697674418607,0.7472527472527472,0.0,0.0,-9.932088285229204,-5.6027164685908275,-21.986417657045834,-0.06858213298271536,0.02860854690135841,0.23788202697432123,13.667232597623096,-25.80645161290322,True
90,2024-10-03T10:30:00+05:30,PE,70.3,17.143469,24.386157894736844,,0,25550.0,0.06128998780075254,15.650000000001455,0.0,-14.839491217443973,-14.839491217443973,-18.91580161476356,0.0383944085204216,0.06858213298271536,-0.09488000125202477,216.37546941247723,0.5793650793650792,0.39682539682539675,0.0,12.802275960170698,19.91465149359886,21.692745376955905,37.055476529160735,0.09712407012514229,0.16957549340398043,0.49384456624115575,49.21763869132292,-3.982930298719769,False
93,2024-10-03T10:45:00+05:30,PE,56.1,11.52137,20.537201426024954,,0,25500.0,-0.03743695988364856,9.549999999999272,0.0,0.0,0.0,3.219871205151794,-0.026845479769882045,-0.09712407012514229,-0.02860854690135841,0.0,0.8527397260273969,0.7020547945205479,0.0,0.0,0.4456327985739751,8.02139037433155,14.1711229946524,0.07252185946047657,0.20933336730752922,0.402398317492852,20.481283422459896,-8.82352941176471,False
96,2024-10-03T11:00:00+05:30,PE,64.05,10.371152,16.192274785323967,,0,25500.0,0.03511036226440546,8.950000000000728,0.0,0.0,0.0,5.693069306930686,-0.05528295265858928,-0.07252185946047657,-0.16957549340398043,0.0,1.1577358490566034,0.7779171894604765,0.0,0.0,-0.6245120999219338,1.4832162373146023,47.61904761904762,0.1369107981036396,0.3248198877645263,0.3693453192394892,53.00546448087432,-10.226385636221698,True
99,2024-10-03T11:15:00+05:30,PE,65.2,10.553533,16.186400306748467,,0,25450.0,-0.024159191393833924,6.150000000001455,0.0,50.057537399309545,50.057537399309545,59.024390243902445,-0.1404364907353077,-0.1369107981036396,-0.20933336730752922,365.621544046633,2.8660869565217393,0.8961748633879782,0.0,28.834355828220854,50.38343558282208,29.294478527607353,43.55828220858894,0.18816671020559453,0.1934699473408194,0.2997311062356362,56.44171779141104,-36.34969325153374,False
102,2024-10-03T11:30:00+05:30,PE,67.84,10.856614,16.003263561320754,,0,25400.0,-0.032469768677496486,8.25,0.0,20.71174377224199,20.71174377224199,58.13519813519815,-0.05506986989743237,-0.18816671020559453,-0.3248198877645263,110.07124347134489,1.215086206896552,0.9786734911494989,0.0,-17.60023584905661,-8.018867924528308,-4.790683962264151,-7.9451650943396235,0.005313234874493697,0.0446705302411561,0.08205996083948539,8.195754716981135,-27.32900943396227,True
105,2024-10-03T11:45:00+05:30,PE,62.4,12.052612,19.315083333333334,,0,25400.0,-0.02715797677009574,6.900000000001455,0.0,-5.740181268882181,-5.740181268882181,-8.018867924528308,0.019880441778858275,-0.005313234874493697,-0.1934699473408194,-1080.3552646313547,0.6615821213196167,0.7410562180579215,0.0,3.509615384615392,0.08012820512821196,-17.387820512820515,2.4839743589743657,0.03935938662331886,0.10646714081608898,0.1153230028063357,17.628205128205142,-19.871794871794872,False
108,2024-10-03T12:00:00+05:30,PE,62.45,11.682494,18.70695596477182,,0,25400.0,0.01220621414424022,3.099999999998545,0.0,-7.890855457227131,-7.890855457227131,0.08012820512821196,-0.005118472962648031,-0.03935938662331886,-0.0446705302411561,-200.482175516224,0.7560321715817699,0.5034013605442177,0.0,-17.453963170536436,2.401921537229784,-3.6028823058446755,-12.249799839871905,0.06713417779336418,0.037406140119463395,0.12304651355086645,12.810248198558845,-19.93594875900721,False
111,2024-10-03T12:15:00+05:30,PE,63.95,11.893787,18.59857232212666,,0,25400.0,0.0793936922401096,20.150000000001455,0.0,7.298657718120808,7.298657718120808,2.401921537229784,-0.04470052616655448,-0.06713417779336418,-0.10646714081608898,108.71746639373063,1.2730496453900704,0.5961538461538461,0.0,-5.863956215793588,-14.308053166536364,-35.574667709147775,-16.26270523846756,-0.02974800875498835,0.008865300622344105,0.1899144399986489,5.551211884284593,-37.60750586395622,True
114,2024-10-03T12:30:00+05:30,PE,54.8,11.734568,21.413445255474453,,0,25400.0,0.049630919274910174,12.599999999998545,0.0,-14.827479017718382,-14.827479017718382,-14.308053166536364,0.04866985483773306,0.02974800875498835,-0.037406140119463395,498.43601767906597,0.9331476323119776,0.26740947075208893,0.0,-24.817518248175176,-2.281021897810219,-11.86131386861314,0.27372262773723666,0.03860182610272383,0.08567242017693816,0.3417049402459488,20.072992700729927,-27.189781021897808,True
117,2024-10-03T12:45:00+05:30,PE,53.55,11.14603,20.81424836601307,,0,25400.0,0.08826681798121752,22.400000000001455,0.0,21.84300341296927,21.84300341296927,-2.281021897810219,-0.07619025119158868,-0.03860182610272383,-0.008865300622344105,565.8541478022973,0.8955223880597015,0.49456521739130427,0.0,-9.803921568627452,2.614379084967331,13.818860877684418,34.36041083099908,0.04708877119978678,0.1810651913498404,0.4186763129689175,40.05602240896359,-18.954248366013072,False
120,2024-10-03T13:00:00+05:30,PE,24.3,7.31829,30.116419753086422,,0,25350.0,-0.06169761074524585,15.650000000001455,0.0,2.3157894736842133,2.3157894736842133,-2.799999999999997,-0.03625637195883755,-0.04708877119978678,-0.08567242017693816,49.1792292446718,0.8990384615384617,0.7424892703862661,0.0,12.345679012345679,39.50617283950616,94.8559670781893,115.63786008230453,0.13403953772128843,0.2562520574083455,0.4322775091511609,142.38683127572014,-14.403292181069958,False
123,2024-10-03T13:15:00+05:30,PE,33.9,7.276381,21.46425073746313,,0,25350.0,0.07243902390881977,18.349999999998545,0.0,23.49726775956284,23.49726775956284,39.50617283950616,-0.07061269332196357,-0.13403953772128843,-0.1810651913498404,175.30102057216328,1.2823529411764703,0.9067652075042637,0.0,39.6755162241888,54.572271386430685,96.43067846607671,174.92625368731564,0.12237655265251177,0.23804213306280053,0.33041669216178465,193.80530973451323,-21.386430678466077,False
126,2024-10-03T13:30:00+05:30,PE,23.15,5.295853,22.876254859611233,,0,25300.0,-0.002569103955832973,0.6500000000014552,0.0,0.8714596949891037,0.8714596949891037,50.81433224755699,-0.05056600344875658,-0.12237655265251177,-0.2562520574083455,7.121132897603461,2.2386895475819024,0.7080483955812731,0.0,34.55723542116631,128.7257019438445,179.6976241900648,145.35637149028076,0.11580730139345397,0.17647767942721412,0.19979723841088234,284.44924406047517,-17.926565874730017,False
129,2024-10-03T13:45:00+05:30,PE,26.65,4.97164,18.6553095684803,,0,25250.0,-0.08448302128694567,21.349999999998545,0.0,77.07641196013287,77.07641196013287,161.5309126594701,-0.05101990369499374,-0.11580730139345397,-0.23804213306280053,665.5574478699461,4.0249999999999995,0.7600625244236029,0.0,24.765478424015015,-4.690431519699813,1.6885553470919432,-17.448405253283298,0.06074072022269703,0.09259497415056109,0.1034768621383417,93.62101313320828,-46.529080675422136,True
132,2024-10-03T14:00:00+05:30,PE,25.4,10.503021,41.35047637795276,,0,25250.0,-0.023756731073804244,6.0,0.0,-10.877192982456146,-10.877192982456146,-4.690431519699813,-0.03245699448231382,-0.06074072022269703,-0.17647767942721412,-179.07579861708086,1.6570541259982254,0.36638452237001207,0.0,6.692913385826784,-13.385826771653539,-23.661417322834637,-51.574803149606296,0.03187361419068448,0.02336078555591327,0.0067310738042474175,27.559055118110237,-71.25984251968504,True
135,2024-10-03T14:15:00+05:30,PE,22.0,10.157684,46.17129090909091,,0,25250.0,0.008119471085768439,2.0499999999992724,0.0,22.562674094707525,22.562674094707525,-13.385826771653539,-0.11314835291999321,-0.03187361419068448,-0.09259497415056109,707.8793750757576,0.4176706827309237,0.2074966532797858,0.0,-11.863636363636362,-44.090909090909086,-44.54545454545455,-48.409090909090914,-0.008515542846044203,0.010891973407742015,-0.02990341790125247,11.818181818181825,-66.81818181818181,True
138,2024-10-03T14:30:00+05:30,PE,12.3,10.098229,82.09942276422764,,0,25250.0,-0.0003960380354871656,0.09999999999854481,0.0,-31.24650642817216,-31.24650642817216,-44.090909090909086,0.020994422613763122,0.008515542846044203,-0.02336078555591327,3669.349916158001,1.1089743589743588,0.2016129032258065,0.0,-0.8130081300813123,-7.723577235772367,-67.07317073170731,-78.86178861788619,0.019405863739144866,-0.01663359749070589,0.3326719498140602,79.26829268292683,-83.73983739837398,False
141,2024-10-03T14:45:00+05:30,PE,11.35,8.372771,73.76890748898678,,0,25250.0,0.019013515440556114,4.799999999999272,0.0,0.8888888888888857,0.8888888888888857,-7.723577235772367,-0.011288000459435659,-0.019405863739144866,-0.010891973407742015,45.805170068047445,0.3907514450867052,0.23410404624277453,0.0,-64.31718061674009,-77.09251101321586,-93.83259911894274,-96.91629955947137,-0.036046456356053996,-0.04079983521619663,0.18399537337791236,31.71806167400881,-98.6784140969163,False
144,2024-10-03T15:00:00+05:30,PE,2.6,7.546585,290.25326923076926,,0,25250.0,-0.01702680335625724,4.299999999999272,0.0,-53.153153153153156,-53.153153153153156,-77.09251101321586,0.029904839236730558,0.036046456356053996,0.01663359749070589,1474.5736065738427,1.6863905325443789,0.046332046332046344,0.0,-73.07692307692308,-86.53846153846153,-88.46153846153847,,-0.004751666052912683,0.34924745488887327,0.19224448905730618,153.84615384615384,-98.07692307692308,True
147,2024-10-03T15:15:00+05:30,PE,0.35,5.282194,1509.1982857142857,,0,25250.0,-0.021777434618201977,5.5,0.0,74.99999999999997,74.99999999999997,-86.53846153846153,-0.011679259812065775,0.004751666052912683,0.04079983521619663,-15783.937499990423,0.2412280701754386,0.015094339622641508,0.0,-14.285714285714283,,,,0.3539823008849615,0.22470352992417494,-0.00910692720397249,142.85714285714286,-85.71428571428572,False
150,2024-10-04T09:15:00+05:30,PE,157.9,0.0,,,6,25150.0,-0.06397495042934163,16.099999999998545,0.0,,,,-0.39539301828544865,-0.3539823008849615,-0.34924745488887327,,,,0.0,4.211526282457255,-6.58644711842939,-7.029765674477513,-6.839772007599754,-0.12973802059119793,-0.15755321643004463,-0.0395373140852207,15.421152628245721,-27.992400253324888,False
153,2024-10-04T09:30:00+05:30,PE,165.05,0.0,,,6,25200.0,0.0049605635200158735,1.25,0.0,-8.98814447201543,-8.98814447201543,-6.5930956423316225,0.27158234018423827,0.12973802059119793,-0.22470352992417494,69.2791860940819,,,0.0,-1.211754013935171,-0.45440775522568916,-12.147833989700096,-16.601029990911847,-0.02777915571208889,-0.234337020685547,-0.23651966863435112,22.387155407452276,-27.0524083611027,False
156,2024-10-04T09:45:00+05:30,PE,164.3,0.0,,,6,25200.0,-0.022812255140196185,5.75,0.0,-3.63636363636363,-3.63636363636363,-0.45440775522568916,0.0643123835082434,0.02777915571208889,0.15755321643004463,130.9025974025972,0.6137022985940638,0.237613751263903,0.0,-11.746804625684728,-16.22032866707243,-9.160073037127212,5.112598904443077,-0.20650050087777302,0.11783025698501623,-0.33365402735486366,9.586122945830796,-26.719415702982353,True
159,2024-10-04T10:00:00+05:30,PE,155.35,27.879418,17.9461976182813,,6,25250.0,-0.030881549461945507,7.799999999999272,0.0,7.100999655291266,7.100999655291266,-15.639424382297046,-0.0850498233732738,0.20650050087777302,0.234337020685547,-34.38732412322005,1.6210873146622744,0.28527370855821127,0.0,9.365947859671717,23.527518506598014,21.821692951400067,0.09655616350177386,0.3236623933992668,-0.002177545154365275,-0.19696885714511952,25.458641776633417,-11.908593498551658,False
162,2024-10-04T10:15:00+05:30,PE,172.7,22.937363,13.281623045744068,,6,25200.0,0.09513009387890765,23.950000000000728,0.0,9.477020602218692,9.477020602218692,25.463131129676704,-0.14932358202089124,-0.3236623933992668,-0.11783025698501623,29.28057381855893,0.7876857749469214,1.0,0.0,-2.431962941517075,-20.353213665315565,-14.562825709322514,-23.074696004632308,-0.3268979843938953,-0.45201689701124387,-0.5969959544884892,0.6658946149392043,-32.165605095541395,False
165,2024-10-04T10:30:00+05:30,PE,155.5,23.938837,15.39475048231511,,6,25250.0,-0.033058374755273186,8.349999999998545,0.0,-17.110874200426437,-17.110874200426437,-18.96821261073476,0.23512744502779864,0.3268979843938953,0.002177545154365275,52.34316214017616,1.0836970474967904,0.06657190239279796,0.0,7.0096463022508075,-3.536977491961415,-13.44051446945338,-9.228295819935688,-0.12471123410674094,-0.19478707041434112,-0.09006922463264624,20.739549839228296,-20.54662379421222,False
198,2024-10-04T13:15:00+05:30,PE,185.3,22.940929,12.380425796006476,,6,25100.0,0.029889409186011757,7.5,0.0,6.006864988558352,6.006864988558352,1.6735253772290872,-0.08720096836875041,-0.013946445648708958,-0.2079952912729442,430.7093821510297,0.6078252957233852,0.8416742493175616,0.0,0.9983810037776547,0.5936319481921178,6.853750674581753,1.2412304371289709,0.07850951479526044,0.09345421938826633,0.30766165188801725,17.916891527253096,-10.820291419320027,False
201,2024-10-04T13:30:00+05:30,PE,165.95,20.958772,12.629570352515817,,6,25050.0,-0.09093519670718576,22.799999999999272,0.0,4.109159347553314,4.109159347553314,-1.220238095238102,-0.09543068325580295,-0.07850951479526044,-0.09244501115715942,52.33963498907499,1.0776470588235294,0.659259259259259,0.0,7.261223260018085,1.5064778547755349,1.2955709551069634,12.142211509490815,0.014956446826840242,0.12443763759931371,0.18206981270539319,18.620066285025615,-7.8035552877372645,False
204,2024-10-04T13:45:00+05:30,PE,168.45,20.789009,12.341352923716236,,6,25050.0,-0.07599011530153425,19.049999999999272,0.0,-4.1536273115220546,-4.1536273115220546,1.5064778547755349,0.030525030525021812,-0.014956446826840242,-0.09345421938826633,-277.7148449502138,0.9201497192763568,0.422294548413344,0.0,-0.20777678836449648,10.477886613238354,10.86375779162957,16.859602255862278,0.10949756771796589,0.21440780564082007,0.28321775256740883,20.51053725140992,-9.171861086375772,False
207,2024-10-04T14:00:00+05:30,PE,186.1,20.004034,10.74907791509941,,6,25050.0,0.0335441824803585,8.400000000001455,0.0,0.13451708366962603,0.13451708366962603,10.477886613238354,-0.01597086913469831,-0.10949756771796589,-0.12443763759931371,1.2284938055985244,1.1508474576271182,0.7548460661345495,0.0,0.34927458355723034,5.776464266523375,11.579795808705004,3.6539494895217692,0.10502523800395851,0.057703980576309384,0.22542489297807283,14.669532509403552,-8.704997313272427,False
210,2024-10-04T14:15:00+05:30,PE,175.6,17.464757,9.94576138952164,,6,25000.0,-0.061162568508070156,15.299999999999272,0.0,8.4352229220699,8.4352229220699,5.086774386594853,-0.12018174994211385,-0.10502523800395851,-0.21440780564082007,80.31615145449105,0.7372611464968153,0.8789237668161434,0.0,5.523917995444201,-1.7369020501138854,3.957858769931673,5.41002277904328,-0.0473710089425359,0.06895779782772943,-0.028382629830552432,9.168564920273345,-13.582004555808652,True
213,2024-10-04T14:30:00+05:30,PE,192.9,20.556339,10.656474339035771,,6,25050.0,0.09130084727984826,22.849999999998545,0.0,2.415715423413863,2.415715423413863,-2.0066040132080207,-0.042136458220999824,0.0473710089425359,-0.057703980576309384,-50.995650659336434,1.6730769230769231,0.5287356321839081,0.0,5.909797822706068,7.309486780715393,7.776049766718507,10.756868843960602,0.11627372673277693,0.16781774992358298,-0.2950795436156276,10.912389839294963,-11.923276308968376,False
216,2024-10-04T14:45:00+05:30,PE,185.1,16.776734,9.06360561858455,,6,25000.0,0.007800608447461812,1.9500000000007276,0.0,-1.463933989885547,-1.463933989885547,7.273254129237891,0.016403969760676262,-0.11627372673277693,-0.06895779782772943,-12.59041084362932,0.4242803504380474,0.8347934918648311,0.0,0.08103727714749091,2.106969205834687,-13.83036196650459,-10.156672069151801,0.05160402511395016,-0.09740759779263655,-0.3276255547932797,5.105348460291744,-16.882766072393302,False
219,2024-10-04T15:00:00+05:30,PE,189.0,16.240386,8.592796825396826,,6,25000.0,0.05943530457090929,14.849999999998545,0.0,3.931811932911744,3.931811932911744,2.106969205834687,-0.036208400348878025,-0.05160402511395016,-0.16781774992358298,76.19196223995431,1.2418879056047212,0.9619952494061752,0.0,-15.608465608465607,-12.010582010582006,-15.317460317460311,-35.661375661375665,-0.14908855860381065,-0.4636754232013758,-0.21152564623385708,2.9365079365079425,-50.317460317460316,False
222,2024-10-04T15:15:00+05:30,PE,166.3,17.926259,10.779470234515935,,6,25000.0,-0.08951979026792575,22.400000000001455,0.0,0.3621001810501043,0.3621001810501043,-12.010582010582006,0.005795143669607779,0.14908855860381065,0.09740759779263655,-2.4287590170641646,1.9334916864608074,0.3058968058968062,0.0,-3.7582681900180397,-26.87913409500903,-26.87913409500903,-29.013830426939275,-0.31411854977939185,-0.22999392544280034,-0.04675810473814298,0.7516536380036078,-43.53577871316897,False
225,2024-10-07T09:15:00+05:30,PE,162.1,27.140892,16.743301665638498,,3,25100.0,-0.003983905023704234,1.0,0.0,0.0,0.0,-20.655898188937844,0.20719307280501678,0.31411854977939185,0.4636754232013758,-0.0,2.5064102564102546,0.34276729559748415,0.0,0.0,-4.750154225786544,-0.18507094386180317,-1.850709438618137,0.08386120074897124,0.25098601649336677,0.16851918250268624,10.425663170882176,-20.172732880937687,True
228,2024-10-07T09:30:00+05:30,PE,159.1,26.264744,16.508324324324324,,3,25100.0,0.07994433800705054,20.049999999999272,0.0,0.0,0.0,-1.6687268232385766,0.00857331982869891,-0.08386120074897124,0.22999392544280034,0.0,1.0066225165562919,0.40597014925373115,0.0,0.0,-2.3255813953488302,1.313639220615967,13.230672532998122,0.1672650862541621,0.18281535648995384,0.24421898767740766,13.984915147705845,-7.919547454431172,True
231,2024-10-07T09:45:00+05:30,PE,157.9,20.427557,12.937021532615578,,3,25050.0,0.04792715073088905,12.0,0.0,0.0,0.0,11.669024045261668,-0.13541028918772063,-0.1672650862541621,-0.25098601649336677,0.0,1.3994778067885114,0.9775280898876408,0.0,0.0,-12.3812539582014,-11.96960101329956,-1.2666244458518048,0.015576323987544752,-0.08267433501078651,0.5505631440210821,6.269791006966438,-15.737808739708672,False
234,2024-10-07T10:00:00+05:30,PE,155.9,22.363349,14.344675432969852,,3,25050.0,0.0635133677663725,15.900000000001455,0.0,0.0,0.0,12.158273381294968,-0.17405867751294057,-0.015576323987544752,-0.18281535648995384,0.0,0.8125960061443926,0.6575539568345322,0.0,0.0,-2.219371391917901,-6.7094291212315635,-3.880692751763958,-0.09826596522344395,0.06151609205043448,0.7927187316500177,5.163566388710701,-14.656831302116737,True
237,2024-10-07T10:15:00+05:30,PE,149.85,17.502457,11.679984651317984,,3,25050.0,-0.03471848100659942,8.700000000000728,0.0,0.0,0.0,3.03217821782178,-0.00039906140756358974,0.09826596522344395,0.08267433501078651,-0.0,0.7094861660079063,0.4492187500000001,0.0,0.0,2.335669002335669,12.512512512512513,14.647981314647993,0.1596252000303288,0.6327143866202127,0.6235359376184718,22.1554888221555,-7.674341007674341,False
240,2024-10-07T10:30:00+05:30,PE,150.6,16.642807,11.051000664010626,,3,25000.0,-0.07474409141962103,18.700000000000728,0.0,0.0,0.0,2.379333786539769,-0.007793562517363567,-0.1596252000303288,-0.06151609205043448,0.0,1.406947890818858,0.6886227544910178,0.0,0.0,13.413014608233745,12.682602921646744,41.26826029216468,0.4738455635184853,0.7316527237626227,0.20704513024257565,43.42629482071714,-7.503320053120839,False
243,2024-10-07T10:45:00+05:30,PE,167.25,18.901577,11.301391330343796,,3,24900.0,-0.0006024060096081958,0.1500000000014552,0.0,27.81811234237677,27.81811234237677,46.00611086861633,-0.289119766461695,-0.4738455635184853,-0.6327143866202127,58.707128406598564,2.1553930530164527,0.9507089804186359,0.0,2.152466367713001,21.823617339312406,16.801195814648725,2.21225710014947,0.25903458412901126,-0.009236892147233139,-0.1658624546438446,37.5186846038864,-22.660687593423024,False
246,2024-10-07T11:00:00+05:30,PE,181.35,20.844077,11.493838985387372,,3,24850.0,0.05777984469904571,14.349999999998545,0.0,15.369934474203193,15.369934474203193,22.121212121212118,-0.2460145640621925,-0.25903458412901126,-0.7316527237626227,59.335453317493126,1.0013086558235185,0.9263565891472868,0.0,-4.494072236007724,-16.432313206506745,-30.024813895781634,-32.09263854425144,-0.2689681969265925,-0.5284741893205935,-0.18783482614708216,14.86076647366971,-44.19630548662806,False
249,2024-10-07T11:15:00+05:30,PE,170.95,28.17295,16.48022813688213,,3,24900.0,-0.009838389395423855,2.4500000000007276,0.0,-5.212087607430001,-5.212087607430001,-16.09815950920246,0.051226009152380306,0.2689681969265925,0.009236892147233139,19.378081375369806,1.3886986301369861,0.27188655980271254,0.0,-15.296870429950266,-18.01696402456858,-9.681193331383437,-10.389002632348635,-0.25880987613668827,-0.1566110964985373,-0.01847207804853958,7.399824510090673,-32.173150043872475,False
252,2024-10-07T11:30:00+05:30,PE,157.6,32.205864,20.435192893401013,,3,24950.0,-0.06768962105828699,16.900000000001455,0.0,5.171838505171839,5.171838505171839,-18.531920392866372,-0.033232967103363625,0.25880987613668827,0.5284741893205935,-19.983157452771916,0.7576105686387131,0.20702034303948935,0.0,10.628172588832488,9.898477157360402,23.19162436548224,30.583756345177676,0.10193496188954465,0.33884863559353456,0.28377571905203364,30.774111675126903,-7.931472081218274,False
255,2024-10-07T11:45:00+05:30,PE,173.2,28.101076,16.224639722863742,,3,24950.0,0.03428028442612307,8.549999999999272,0.0,3.6815324753067804,3.6815324753067804,9.898477157360402,-0.02825821191654517,-0.10193496188954465,0.1566110964985373,36.11648454134941,0.37073540561031115,0.6300227445034116,0.0,12.095842956120103,18.822170900692857,11.258660508083143,6.408775981524263,0.2371554179889359,0.13792301570278173,0.47611506147397203,20.583140877598158,-11.408775981524245,False
258,2024-10-07T12:00:00+05:30,PE,183.4,24.639111,13.434629770992364,,3,24900.0,0.07113490312391028,17.700000000000728,0.0,7.5029308323563955,7.5029308323563955,19.720608394803843,-0.08693400042965656,-0.2371554179889359,-0.33884863559353456,31.637189215328963,1.6737288135593225,0.997938144329897,0.0,-7.333696837513641,-10.905125408942203,-20.119956379498365,-8.369683751363137,-0.0994682967410569,-0.05526016485614272,0.35527262351148337,1.799345692475454,-25.763358778625957,False
261,2024-10-07T12:15:00+05:30,PE,163.4,23.134348,14.15810771113831,,3,24900.0,-0.02830523887814604,7.049999999999272,0.0,4.616172610282353,4.616172610282353,-10.905125408942203,-0.07382013163253404,0.0994682967410569,-0.13792301570278173,-46.4084815114459,0.9405063291139235,0.45433255269320866,0.0,-10.342717258261937,2.845777233782133,-1.4075887392900925,27.723378212974286,0.04416420250491327,0.33865913466267,0.5066838505563714,29.19216646266829,-16.67686658506732,False
264,2024-10-07T12:30:00+05:30,PE,168.05,21.531571,12.81259803629872,,3,24900.0,0.015865970706199287,3.9500000000007276,0.0,9.165908795634673,9.165908795634673,2.845777233782133,-0.12195880279783705,-0.04416420250491327,0.05526016485614272,207.54158969846597,0.9084791386271877,0.6310583580613257,0.0,-4.135673906575434,24.189229396013076,27.10502826539719,32.966379053853004,0.29462505096189373,0.41030605256656305,0.5306062608325359,40.37488842606366,-8.59863135971438,False
267,2024-10-07T12:45:00+05:30,PE,164.9,18.60809,11.284469375379018,,3,24800.0,-0.09144855313886373,22.700000000000728,0.0,18.047104302383858,18.047104302383858,25.93554299679243,-0.22529266944681414,-0.29462505096189373,-0.33865913466267,61.25448003645161,1.5391522988505744,0.9803278688524591,0.0,1.9708914493632503,7.610673135233465,14.008489993935717,12.64402668283808,0.11602283393828741,0.16859568056658697,0.4796013326511591,15.100060642813828,-15.676167374166159,False
270,2024-10-07T13:00:00+05:30,PE,177.45,18.398931,10.368515638207947,,3,24800.0,0.024602825695023953,6.099999999998545,0.0,7.285368802902045,7.285368802902045,7.610673135233465,-0.11280361293857438,-0.11602283393828741,-0.41030605256656305,62.79254311937541,0.7234539089848309,0.8488645262333593,0.0,5.945336714567491,4.677373908143146,2.53592561284869,6.9878839109608375,0.05263391398691981,0.12079584091248544,0.05223058897551707,10.453648915187385,-10.99464637926176,False
273,2024-10-07T13:15:00+05:30,PE,185.75,18.779991,10.110358546433378,,3,24800.0,0.07727741380945954,19.150000000001455,0.0,2.0043931905546435,2.0043931905546435,4.677373908143146,-0.052432357217616465,-0.05263391398691981,-0.16859568056658697,38.081781093702446,0.7435483870967745,0.879821958456973,0.0,-2.0457604306864123,2.2072678331090145,7.07940780619112,24.845222072678332,0.06819782210859521,0.31153087969136284,0.11964884174674323,26.837146702557195,-14.971736204576045,False
276,2024-10-07T13:30:00+05:30,PE,168.45,18.335573,10.884875630750965,,3,24750.0,-0.056331885664446614,13.950000000000728,0.0,8.817829457364326,8.817829457364326,2.933088909257551,-0.1298588692196197,-0.06819782210859521,-0.12079584091248544,129.2978160405651,1.5370370370370383,0.8313253012048187,0.0,4.986642920748,22.91481151677057,12.466607301869992,-0.5046007717423534,0.24349911867856006,-0.0686481760785335,-0.010499132812005131,25.3190857821312,-9.355891956070046,False
279,2024-10-07T13:45:00+05:30,PE,184.75,19.254119,10.421715290933694,,3,24700.0,-0.014775144563663488,3.650000000001455,0.0,9.546397865401717,9.546397865401717,24.043238888142877,-0.10877234837073102,-0.24349911867856006,-0.31153087969136284,39.20506126350211,1.3694968553459115,0.9455782312925171,0.0,-9.120433017591337,-19.788903924221923,-27.95669824086604,-13.699594046008121,-0.3129092259645812,-0.19248167780874192,-0.7136597223487188,1.9485791610284138,-31.177266576454667,False
282,2024-10-07T14:00:00+05:30,PE,189.45,23.688489,12.503821060965956,,3,24800.0,0.07687356618692695,19.049999999999272,0.0,1.0939167556029792,1.0939167556029792,-18.305304010349296,-0.005850926463945088,0.3129092259645812,0.0686481760785335,-3.495955583383156,1.0590590590590594,0.17441860465116277,0.0,-9.659540775930315,6.650831353919252,12.430720506730013,4.961731327527056,0.12005189470137344,0.0581091523932757,-0.03167755876993636,17.102137767220906,-13.908683029823171,False
285,2024-10-07T14:15:00+05:30,PE,179.45,21.714636,12.100660908331012,,3,24750.0,-0.004848249781831699,1.2000000000007276,0.0,4.089327146171684,4.089327146171684,7.0704057279236245,-0.04805537271180837,-0.12005189470137344,0.19248167780874192,34.062995476612834,0.7844914400805636,0.5494163424124511,0.0,5.238227918640293,-2.1733073279464907,3.4550013931457326,-26.441905823349117,-0.062017195125887006,-0.5201767995087107,-0.22584763567018087,9.919197548063535,-30.14767344664252,False
288,2024-10-07T14:30:00+05:30,PE,175.55,21.179794,12.064821418399315,,3,24750.0,-0.06682400253567522,16.549999999999272,0.0,-10.273447482749805,-10.273447482749805,-2.1733073279464907,0.18060909557921445,0.062017195125887006,-0.0581091523932757,165.65482301958377,0.6880616174582803,0.5913370998116763,0.0,5.753346624893189,-24.80774708060382,-22.757049273711203,-11.079464540017097,-0.4578756427520242,-0.08983891579570025,-0.0448185152958413,11.392765593847907,-36.71318712617489,False
293,2024-10-07T14:55:00+05:30,PE,174.0,29.567001,16.99252931034483,,3,24800.0,0.0012096920527235103,0.2999999999992724,0.0,12.258064516129032,12.258064516129032,-0.995732574679943,-0.27023875111091744,-0.06830091893950524,0.3147007309308721,179.47144352459026,1.4189497716894972,0.5075675675675675,0.0,0.9482758620689689,-1.8390804597701083,-11.494252873563218,-14.942528735632186,0.08689621245417997,-0.07782352205873165,-0.010685613132408123,8.73563218390804,-19.16666666666666,False
296,2024-10-07T15:10:00+05:30,PE,170.8,27.508022,16.105399297423887,,3,24800.0,0.08818253178707265,21.849999999998545,0.0,6.984027560288133,6.984027560288133,-1.8390804597701083,-0.08689621245417997,-0.08689621245417997,-0.15513778048205537,80.37205952987632,0.5705551086082061,0.7039420756234919,0.0,-9.836065573770497,-13.348946135831389,9.104215456674462,-3.5421545667447374,-0.1648629942106192,-0.23024317796122498,-0.31580243077065884,14.461358313817321,-18.03278688524591,False
299,2024-10-07T15:25:00+05:30,PE,148.0,23.200082,15.675731081081079,,3,24800.0,-0.07655425279020106,19.0,0.0,-2.05162144275314,-2.05162144275314,-13.348946135831389,0.023777762552850936,0.1648629942106192,0.07782352205873165,12.44440241169046,0.8812746756909191,0.1709302325581394,0.0,25.912162162162154,11.317567567567567,11.317567567567567,6.378378378378377,-0.06527257343164804,0.0670857004714189,-0.03565816511542989,32.0945945945946,-5.405405405405405,False
358,2024-10-08T14:05:00+05:30,CE,129.0,14.666901,11.369690697674418,,2,25050.0,-0.0681102307159135,17.049999999999272,0.0,8.357832843343136,8.357832843343136,15.695067264573993,0.06235672443325206,0.12058649431264282,0.09256371502371652,69.3098583799435,1.0787992495309573,0.770053475935829,0.0,0.5038759689922525,-3.953488372093019,-2.751937984496122,-22.75193798449612,-0.01577920301043516,-0.14021519637119148,-0.15958966082703288,6.6666666666666625,-29.612403100775197,False
361,2024-10-08T14:20:00+05:30,CE,123.9,14.503763,11.706023405972557,,2,25050.0,-0.08390267289943665,21.0,0.0,4.249053428691638,4.249053428691638,-3.953488372093019,0.058566382896223394,-0.01577920301043516,0.10478826371446691,-269.28187855125753,0.7860869565217394,0.5234782608695656,0.0,1.2510088781275197,-19.57223567393059,-32.808716707021794,-41.04116222760291,-0.12445563146750352,-0.35778496943545196,0.0005993048064303616,5.9725585149314,-45.88377723970945,False
364,2024-10-08T14:35:00+05:30,CE,124.1,17.344213,13.975997582594681,,2,25000.0,-0.008600739663616894,2.150000000001455,0.0,-7.3880597014925415,-7.3880597014925415,-17.183850517183853,-0.033391718853733,-0.12445563146750352,-0.14021519637119148,59.36300040727068,1.8783838383838383,0.21289062499999983,0.0,-15.713134568896054,-25.060435132957288,-15.672844480257847,-12.61079774375503,-0.23362009132784547,-0.01940166854348892,0.29842566460716496,10.59629331184529,-31.144238517324734,False
380,2024-10-09T09:40:00+05:30,CE,104.85,0.0,,,1,25100.0,-0.05361438699223579,13.450000000000728,0.0,17.085427135678387,17.085427135678387,21.283979178716013,0.1429098929173748,0.12412469143439268,0.1879031130813286,137.64728788638365,1.5139664804469277,0.8653136531365311,0.0,3.9580352885073973,-0.2861230329041461,-15.021459227467812,57.46304244158321,-0.03826751785318645,0.3366345711148035,0.37191243913570926,58.321411540295664,-27.668097281831177,True
383,2024-10-09T09:55:00+05:30,CE,104.55,12.426417,11.885621233859398,,1,25100.0,-0.09191707923012675,23.049999999999272,0.0,3.3102766798418912,3.3102766798418912,-0.2861230329041461,-0.02830483913083631,-0.03826751785318645,0.08580967414275137,-86.50356400281268,0.8782287822878235,0.6299319727891154,0.0,-14.77761836441894,57.914873266379715,35.28455284552845,18.938307030129124,0.3750456096136064,0.1621010529589835,0.4926835201250522,58.77570540411286,-27.460545193687224,False
386,2024-10-09T10:10:00+05:30,CE,134.8,20.022042,14.853146884272995,,1,25150.0,0.08342934329188352,21.0,0.0,4.5447494958895716,4.5447494958895716,57.292882147024514,-0.028794693832970914,0.3750456096136064,0.3366345711148035,12.117858146831354,3.8843989769820975,0.98498814853832,0.0,-16.172106824925823,-27.89317507418398,-20.62314540059348,-11.090504451038589,-0.21214890151365243,0.035159508958716564,0.17718803384847065,0.8456973293768445,-31.083086053412462,True
389,2024-10-09T10:25:00+05:30,CE,124.35,23.448129,18.85655729794934,,1,25100.0,0.07007038889065255,17.599999999998545,0.0,-10.119262739428985,-10.119262739428985,-24.682010902483345,-0.08671646896904027,-0.21214890151365243,0.1621010529589835,47.69886936594757,0.512976929902396,0.5380434782608695,0.0,7.760353839967838,19.420989143546446,29.995979091274638,28.419782870928834,0.2478341879797433,0.33004745676339087,0.37762365831131234,41.535987133092085,-4.945717732207473,False
392,2024-10-09T10:40:00+05:30,CE,94.8,15.904534,16.776934599156117,,1,25200.0,-0.0800243051487656,20.150000000001455,0.0,-6.600985221674879,-6.600985221674879,25.413414472813855,-0.03354732157390823,0.2478341879797433,0.035159508958716564,-26.634683759669226,0.8256756756756756,0.6324324324324322,0.0,10.021097046413502,7.278481012658235,2.3734177215189876,15.453586497890301,0.08201001991672491,0.14197860590909,-0.06016715746915814,21.466244725738406,-3.2172995780590687,False
395,2024-10-09T10:55:00+05:30,CE,101.7,15.684374,15.422196656833826,,1,25200.0,0.00198408761730918,0.5,0.0,-5.614849187935032,-5.614849187935032,7.278481012658235,-0.04045901145148975,0.08201001991672491,0.33004745676339087,-68.46540451564937,0.6873977086743045,0.6711491442542787,0.0,-4.572271386430684,7.6204523107177975,12.340216322517204,0.4424778761061975,0.05991944604273147,0.0474196940536923,-0.3099144858236882,18.977384464110123,-6.391347099311701,False
398,2024-10-09T11:10:00+05:30,CE,109.45,14.977044,13.683914116034718,,1,25200.0,0.06186646361775466,15.599999999998545,0.0,4.188481675392676,4.188481675392676,7.6204523107177975,0.029355527169721826,0.05991944604273147,0.14197860590909,69.90187580181676,0.7785714285714282,0.7285714285714284,0.0,4.385564184559157,-6.6697121973503855,-1.3248058474189153,-26.770214709913198,-0.012492266692039124,-0.20185916654768404,-0.3880534272434467,10.552763819095475,-27.546825034262223,False
401,2024-10-09T11:25:00+05:30,CE,102.15,15.324892,15.00234165442976,,1,25200.0,0.04938036565268638,12.450000000000728,0.0,-10.747051114023588,-10.747051114023588,-6.6697121973503855,-0.0703521969702975,-0.012492266692039124,0.0474196940536923,860.2963240347967,1.5137614678899087,0.26937984496124046,0.0,5.726872246696029,-21.536955457660305,-24.229074889867842,-37.01419481155164,-0.1893905590293684,-0.3571648134155914,-0.3004468030675321,14.047968673519328,-39.353891336270195,False
404,2024-10-09T11:40:00+05:30,CE,102.6,18.068391,17.61051754385965,,1,25150.0,0.058415160919862846,14.700000000000728,0.0,-17.689530685920584,-17.689530685920584,-21.07692307692308,-0.15156985902416278,-0.1893905590293684,-0.20185916654768404,93.40238909785099,1.3814616755793225,0.011033099297893622,0.0,-2.5341130604288447,-18.859649122807014,-24.02534113060428,-19.688109161793363,-0.1680926059122472,-0.18657087110118828,-0.11881723207509509,23.635477582846004,-29.980506822612078,False
407,2024-10-09T11:55:00+05:30,CE,107.45,19.928409,18.54668124709167,,1,25100.0,0.08916345572079679,22.400000000001455,0.0,-4.062499999999997,-4.062499999999997,-18.164508758568168,-0.052316340800172736,-0.1680926059122472,-0.3571648134155914,24.16822547281364,0.8052230685527749,0.04992967651195496,0.0,-6.700791065611915,-1.0237319683573836,-6.886924150767804,6.375058166589105,-0.01850937808490214,0.0569213132503235,0.07204725663152622,12.377850162866446,-13.21544904606794,True
410,2024-10-09T12:10:00+05:30,CE,106.35,17.969702,16.896757874941233,,1,25100.0,0.07066715768729286,17.75,0.0,1.6244624940277004,1.6244624940277004,-1.0237319683573836,0.012343393198784554,-0.01850937808490214,-0.18657087110118828,-87.76429367730908,0.6283783783783784,0.27492130115424956,0.0,-5.923836389280675,7.475317348378001,15.514809590973202,2.44475787494124,0.07544465567178878,0.06788028386300235,-0.05334872749351139,21.8147625763987,-9.967089797837325,False
609,2024-10-14T10:00:00+05:30,CE,127.85,14.386127,11.252348064137662,,3,25150.0,-0.07341369712572733,18.450000000000728,0.0,15.492321589882557,15.492321589882557,7.799325463743677,0.12489940319200063,0.09698413204179894,0.3127345009819047,159.74078711356165,0.4548319327731093,0.9603321033210331,0.0,-9.425107547907704,-20.414548298787636,-15.72154868987094,-21.079389910050832,-0.17109967351794855,-0.15100540953502958,-0.22342434111703346,1.681658193195155,-23.113023073914743,False
612,2024-10-14T10:15:00+05:30,CE,126.4,16.924692,13.389787974683545,,3,25100.0,-0.0456383489679584,11.450000000000728,0.0,-5.847299813780257,-5.847299813780257,-19.439133205863605,-0.04621486325779799,-0.17109967351794855,-0.07428148100943735,34.17481572907191,1.2988884314532738,0.02436053593179084,0.0,5.023734177215186,-0.23734177215190772,-3.5205696202531667,2.492088607594941,0.02012870412996874,0.030890585545996083,0.09346893303917815,10.996835443037979,-6.0126582278481076,True
615,2024-10-14T10:30:00+05:30,CE,126.1,14.894356,11.81154321966693,,3,25100.0,-0.02550451111040845,6.400000000001455,0.0,-1.9821220365332384,-1.9821220365332384,-0.23734177215190772,-0.023307283625745516,0.02012870412996874,-0.15100540953502958,-98.47241152410523,0.538827258320127,0.0827178729689807,0.0,-3.2910388580491605,2.735923869944502,3.1324345757335585,-4.36161776367962,0.010759715624704019,-0.07252845347019594,0.07651353333121086,8.961141950832682,-5.828707375099124,False
618,2024-10-14T10:45:00+05:30,CE,129.55,13.219768,10.204375144731763,,3,25100.0,-0.014743209158325042,3.7000000000007276,0.0,1.8875344081793204,1.8875344081793204,2.735923869944502,0.016539037109206733,0.010759715624704019,0.030890585545996083,175.42604972250308,0.9970588235294111,0.5000000000000003,0.0,0.3859513701273639,-6.908529525279827,-3.049015824006188,5.866460825935927,-0.08327920848889206,0.06255902264477524,0.18947016094005598,9.918950212273248,-8.33654959475107,True
621,2024-10-14T11:00:00+05:30,CE,120.6,11.789272,9.775515754560532,,3,25100.0,-0.098104117980166,24.599999999998545,0.0,-3.8660821044240805,-3.8660821044240805,-6.908529525279827,-0.056796328366477807,-0.08327920848889206,-0.07252845347019594,46.42313699390822,1.1002949852507375,0.09919571045576374,0.0,4.1459369817578775,13.723051409618584,13.847429519071325,12.562189054726375,0.14595978528756687,0.14915016310805734,0.25802180623239146,20.024875621890555,-1.53399668325041,False
624,2024-10-14T11:15:00+05:30,CE,137.15,11.102957,8.095484506015312,,3,25100.0,0.04778591908251035,12.0,0.0,4.6547119420068634,4.6547119420068634,13.723051409618584,0.041830169511782166,0.14595978528756687,0.06255902264477524,31.890372631312445,1.2546916890080428,0.7780126849894292,0.0,0.10936930368210403,-1.0207801676996031,5.760116660590598,9.733868027706885,0.0031857279388311263,0.12683179356482377,0.11229690984390223,14.064892453518041,-4.958075100255203,True
627,2024-10-14T11:30:00+05:30,CE,135.75,10.469399,7.712264456721915,,3,25100.0,0.05097002325507022,12.799999999999272,0.0,-0.5858659831563613,-0.5858659831563613,-1.0207801676996031,-0.0007964002707789894,0.0031857279388311263,0.14915016310805734,-183.90333211294907,0.5085470085470086,0.6504854368932039,0.0,6.850828729281775,10.865561694290976,12.52302025782689,7.550644567219153,0.12364212672421743,0.10870950272370773,0.0420104488547644,15.609576427255984,-1.5837937384898753,False
630,2024-10-14T11:45:00+05:30,CE,121.95,9.633051,7.899180811808118,,3,25150.0,-0.024459261409853522,6.150000000001455,0.0,5.310880829015549,5.310880829015549,11.015020482476112,0.055312485699326175,0.12364212672421743,0.12683179356482377,42.953651556491074,1.8238095238095244,0.7170731707317075,0.0,1.3120131201311966,-3.772037720377211,3.6490364903649057,-2.050020500205002,-0.014914183786492525,-0.01451647221884404,-0.0610487256327036,9.626896268962685,-6.355063550635506,False
633,2024-10-14T12:00:00+05:30,CE,117.35,9.260852,7.89165061780997,,3,25150.0,-0.039379318300251216,9.900000000001455,0.0,-3.0565881866997135,-3.0565881866997135,-3.772037720377211,-0.005767345290965464,-0.014914183786492525,0.10870950272370773,204.94505300839887,0.7049608355091381,0.45691906005221916,0.0,7.711972731146154,1.7895185342991127,-2.684277801448651,-3.5364294844482247,0.0003977708919303535,-0.0666266243968799,-0.13583875959124198,13.924158500213041,-6.561567959096711,False
636,2024-10-14T12:15:00+05:30,CE,119.45,9.60963,8.044897446630388,,3,25150.0,-0.038981392351688814,9.799999999999272,0.0,-6.3137254901960755,-6.3137254901960755,1.7895185342991127,-0.05724599079292781,0.0003977708919303535,-0.01451647221884404,-15872.769019261365,1.3177777777777773,0.26936890713186257,0.0,-4.395144411887819,-5.232314776056928,-4.060276266220183,-5.106739221431568,-0.06702412868633577,-0.04653900923620626,-0.07239401436743037,8.078694014231889,-10.506488070322307,False
639,2024-10-14T12:30:00+05:30,CE,140.94,10.08428,7.155016319000993,,3,25100.0,0.09294142699918023,23.349999999998545,0.0,2.130434782608694,2.130434782608694,-5.026954177897579,0.010350009454329767,-0.06702412868633577,-0.0666266243968799,-31.786086956517593,0.7373386295928502,0.1586538461538459,0.0,1.213282247765012,0.11352348517099232,-3.8597984958138203,-7.407407407407406,0.020498858631517913,-0.06925827964820702,-0.02328511126103225,6.002554278416353,-9.535972754363558,False
833,2024-10-17T09:55:00+05:30,PE,52.05,18.919694,36.34907588856869,,0,24850.0,0.05556405569289694,13.799999999999272,0.0,-24.510514865844822,-24.510514865844822,-11.629881154499154,0.08442389256606614,-0.05633757474788935,-0.41879421747228207,-435.0651403708693,0.6232067510548525,0.563800613002097,0.0,-0.3842459173871196,-14.217098943323725,-19.59654178674351,-22.670509125840535,0.017112118601074238,-0.007448804567520573,0.0553627366505343,51.950048030739694,-32.27665706051873,False
836,2024-10-17T10:10:00+05:30,PE,44.65,17.499047,39.19159462486002,,0,24850.0,0.07268861285561251,18.049999999999272,0.0,-15.27514231499052,-15.27514231499052,-14.217098943323725,0.06830546040701482,-0.017112118601074238,-0.07344005279635576,-892.6505636789825,0.7261340555179415,0.07518796992481196,0.0,-6.270996640537508,-9.854423292273234,-1.4557670772676339,-20.604703247480394,-0.02456512678222429,-0.059197928475213296,0.16510986853630102,35.72228443449049,-37.066069428891375,False
839,2024-10-17T10:25:00+05:30,PE,40.25,17.098017,42.4795453416149,,0,24850.0,0.04811166738129897,11.950000000000728,0.0,-24.695977549111323,-24.695977549111323,-9.854423292273234,0.1126557329474719,0.02456512678222429,0.007448804567520573,1005.3266880341005,1.181818181818182,0.17825311942959005,0.0,9.316770186335404,-11.925465838509309,-12.54658385093167,8.695652173913043,-0.0346242961907323,0.06280686285758563,0.2304931345254559,39.37888198757764,-30.186335403726705,True
842,2024-10-17T10:40:00+05:30,PE,35.45,14.837453,41.85459238363892,,0,24850.0,0.013482702899580203,3.349999999998545,0.0,7.7507598784194665,7.7507598784194665,-11.925465838509309,-0.007646321415124091,0.0346242961907323,0.059197928475213296,-223.85321092805552,0.7061143984220907,0.2261538461538462,0.0,-0.7052186177715091,23.413258110014095,20.733427362482352,93.65303244005642,0.09739743587163954,0.2241750900020756,0.2704589954782666,94.18899858956276,-11.706629055007058,False
845,2024-10-17T10:55:00+05:30,PE,22.75,7.829515,34.41545054945055,,0,24800.0,-0.09044232136634671,22.450000000000728,0.0,17.87564766839378,17.87564766839378,13.750000000000002,-0.0807084633189062,-0.09739743587163954,-0.06280686285758563,183.53304179334006,0.802690582959641,0.7219730941704036,0.0,-6.8131868131868165,57.58241758241759,38.24175824175824,66.1098901098901,0.12690125269665162,0.16779165634335633,0.16678450354417657,92.52747252747251,-16.263736263736263,False
848,2024-10-17T11:10:00+05:30,PE,35.85,7.823224,21.82210320781032,,0,24800.0,0.03650525695868562,9.049999999999272,0.0,24.479166666666668,24.479166666666668,57.58241758241759,-0.062483749186199554,-0.12690125269665162,-0.2241750900020756,192.89933035714287,1.9608938547486037,0.9322033898305085,0.0,-12.273361227336128,5.411436541143647,7.810320781032069,-4.463040446304048,0.04094236001444662,0.04638789558286391,0.05042162563354773,22.17573221757321,-29.5676429567643,False
851,2024-10-17T11:25:00+05:30,PE,37.79,9.013807,23.85236041280762,,0,24800.0,0.07747933884297814,19.200000000000728,0.0,28.756388415672905,28.756388415672905,5.411436541143647,-0.08990811632416623,-0.04094236001444662,-0.16779165634335633,702.3627462004177,1.0569800569800567,0.7506224066390043,0.0,2.2757343212490064,-9.367557554908704,-13.336861603598834,-16.909235247419954,0.0054477660123908225,-0.0010088455578512398,-0.03793259297521249,15.903678221751782,-33.18338184704948,False
854,2024-10-17T11:40:00+05:30,PE,34.25,8.421829,24.58928175182482,,0,24800.0,0.08293162277612809,20.549999999999272,0.0,6.2015503875969,6.2015503875969,-9.367557554908704,-0.05828046414642604,-0.0054477660123908225,-0.04638789558286391,1138.3657766305696,0.6253369272237197,0.4851752021563343,0.0,-4.37956204379562,-8.321167883211682,-5.401459854014603,-12.11678832116788,-0.006456963330495813,0.004035602081563554,0.01937088999150212,16.175182481751822,-26.277372262773724,True
857,2024-10-17T11:55:00+05:30,PE,31.4,8.02433,25.55519108280255,,0,24800.0,0.07646972182373518,18.950000000000728,0.0,12.74685816876121,12.74685816876121,-8.321167883211682,-0.02723113789848232,0.006456963330495813,0.0010088455578512398,-1974.125841563733,1.253448275862069,0.38317757009345793,0.0,3.1847133757961785,-4.140127388535023,-14.649681528662414,-10.191082802547768,0.010491887954701455,-0.03692337491753358,-0.05064353608906512,11.146496815286625,-22.611464968152863,False
860,2024-10-17T12:10:00+05:30,PE,30.1,7.462174,24.791275747508305,,0,24800.0,0.08697073465046955,21.549999999999272,0.0,12.945590994371495,12.945590994371495,-4.140127388535023,-0.03409058817359463,-0.010491887954701455,-0.004035602081563554,1233.8666835048048,0.6327372764786795,0.33356258596973876,0.0,-10.963455149501664,-6.312292358803993,-6.976744186046516,16.777408637873744,-0.04742023815048964,0.01533590680611286,-0.03349684907651315,17.109634551495013,-19.269102990033225,True
863,2024-10-17T12:25:00+05:30,PE,28.2,7.071878,25.07758156028369,,0,24800.0,0.03953175044977157,9.799999999999272,0.0,0.8944543828264758,0.8944543828264758,-6.312292358803993,0.0036305986857291463,0.04742023815048964,0.03692337491753358,-18.862292086933355,1.0163043478260867,0.3679245283018867,0.0,-0.7092198581560258,24.645390070921984,26.773049645390074,13.475177304964541,0.06272639994836375,-0.013715097094810922,0.11314955103225982,77.30496453900709,-11.347517730496453,False
866,2024-10-17T12:40:00+05:30,PE,10.4,2.626463,25.254451923076925,,0,24750.0,-0.099496864738761,24.650000000001455,0.0,21.63742690058479,21.63742690058479,23.809523809523807,-0.04659851046146352,-0.06272639994836375,-0.01533590680611286,344.949286399294,0.8333333333333335,0.7916666666666667,0.0,-8.653846153846157,-21.634615384615383,-24.038461538461537,-16.826923076923077,-0.07648947613789533,-0.04884024597723296,0.005650937551091358,51.442307692307686,-29.807692307692314,False
869,2024-10-17T12:55:00+05:30,PE,32.0,7.522777,23.508678125,,0,24800.0,0.025813113061441084,6.400000000001455,0.0,-5.88235294117647,-5.88235294117647,-8.961593172119484,0.04236758113391787,0.07648947613789533,0.013715097094810922,76.90408194941428,2.024390243902439,0.28,0.0,1.2499999999999956,8.437500000000009,27.656250000000004,53.43750000000001,0.027628097573561505,0.12684725090344723,0.1847250903458928,82.96874999999999,-9.375,False
901,2024-10-18T09:20:00+05:30,PE,167.8,0.0,,,6,24600.0,0.08197771752065801,20.150000000001455,0.0,7.4332543696779645,7.4332543696779645,,-0.11622024142114672,-0.6946969513328353,-0.7181618610813341,10.699995667775182,,,0.0,0.17878426698449518,-22.34803337306317,-21.45411203814064,-21.394517282479146,-0.2935331175739537,-0.2105383067838087,-0.38385099990440213,5.482717520858158,-37.00834326579262,False
904,2024-10-18T09:35:00+05:30,PE,149.05,0.0,,,6,24650.0,-0.008112932013629726,2.0,0.0,-3.956440492299753,-3.956440492299753,-21.963350785340307,0.057635016113454646,0.2935331175739537,-0.40320299937782006,13.478685216168001,,,0.0,0.23482053002347822,1.7712177121771124,-0.7044615900704537,-10.734652801073464,0.0827519065390291,-0.03366866785656041,-0.27827356806749365,10.835290171083512,-17.510902381751094,False
907,2024-10-18T09:50:00+05:30,PE,151.69,27.591327,18.189285384666096,,6,24650.0,0.07470079085403082,18.400000000001455,0.0,22.281338170092706,22.281338170092706,1.7712177121771124,-0.2922627288109551,-0.0827519065390291,0.2105383067838087,269.2546806711207,0.7035960770069014,0.3730045425048669,0.0,-2.432592787922736,-12.288219394818372,-16.243654822335028,-17.85879095523766,-0.11651699442992225,-0.17294857012943612,-0.3704590850777051,6.038631419342077,-22.341617773089855,False
910,2024-10-18T10:05:00+05:30,PE,133.05,23.63453,17.763645246148062,,6,24650.0,-0.04176753729678581,10.299999999999272,0.0,-5.403483825097756,-5.403483825097756,-12.288219394818372,0.06796910347738049,0.11651699442992225,0.03366866785656041,46.37507044817927,0.7176045431078985,0.26071244192049586,0.0,-4.509582863585129,-6.350995866215721,-12.288613303269454,-17.09883502442692,-0.05636589984712861,-0.2445225727180905,-0.17842443117074813,11.61217587373167,-26.118000751597155,False
913,2024-10-18T10:20:00+05:30,PE,124.6,19.55635,15.695304975922951,,6,24650.0,-0.09807815450957164,24.200000000000728,0.0,-2.9897228277795107,-2.9897228277795107,-6.350995866215721,0.01925458411111719,0.05636589984712861,0.17294857012943612,53.04133946034773,0.737410071942447,0.1579558652729384,0.0,-6.340288924558581,-11.47672552166934,-14.606741573033698,-10.874799357945424,-0.18805067641503195,-0.19716951309464065,-0.11145244830632806,5.489566613162122,-22.95345104333868,False
951,2024-10-18T13:30:00+05:30,CE,180.1,12.827162,7.122244308717379,,6,24850.0,0.039421073379509376,9.799999999999272,0.0,4.315088328989278,4.315088328989278,8.428657435279952,0.02092168049375459,0.047287412895579334,0.10429292217492145,91.25236642820597,0.9758656873032525,0.8887621220764402,0.0,-1.971127151582445,1.6102165463631346,-0.3609106052193257,-2.498611882287618,0.0024135351048768807,-0.006234965687573,0.06436093612981601,10.938367573570249,-7.218212104386453,False
954,2024-10-18T13:45:00+05:30,CE,183.0,14.194652,7.75664043715847,,6,24850.0,0.04183359881579321,10.400000000001455,0.0,-1.1612206319200677,-1.1612206319200677,1.6102165463631346,-0.030762363755894882,0.0024135351048768807,0.04970208929876664,-481.12854442169134,1.4731182795698932,0.511627906976744,0.0,-1.9398907103825198,-4.043715846994539,-2.3770491803278655,-1.3934426229508259,-0.00864829206288497,0.05933130601277533,0.02574375311739882,9.180327868852466,-7.759562841530049,True
957,2024-10-18T14:00:00+05:30,CE,175.6,13.14258,7.484384965831435,,6,24850.0,0.033188176963382374,8.25,0.0,-4.64295411349444,-4.64295411349444,-4.043715846994539,-0.04021191680154414,-0.00864829206288497,-0.006234965687573,536.8637043862282,0.463503649635036,0.11678832116788278,0.0,1.7369020501139019,2.7619589977220924,1.4236902050113895,1.1389521640091116,0.06798547765832855,0.0706003037221014,0.03761326722516084,6.321184510250566,-3.87243735763097,False
960,2024-10-18T14:15:00+05:30,CE,151.1,9.88769,6.543805426869623,,6,24900.0,-0.09989889508203387,24.849999999998545,0.0,0.5322687957418383,0.5322687957418383,2.5449609772650152,0.016686100277437395,0.06798547765832855,0.05933130601277533,7.829154314644031,1.0982300884955738,0.6172539489671927,0.0,-1.158173395102581,-2.05162144275314,-6.0886829913964196,-5.956320317670418,0.002613049569541559,-0.033567636778078454,-0.12040128401236062,3.3090668431502315,-9.702183984116477,False
963,2024-10-18T14:30:00+05:30,CE,148.0,9.136155,6.173077702702702,,6,24900.0,-0.09728330345155022,24.200000000000728,0.0,-1.9477938253610692,-1.9477938253610692,-2.05162144275314,-0.014268861525720218,0.002613049569541559,0.0706003037221014,-745.4102088475863,0.7784045124899274,0.465699208443272,0.0,-4.1216216216216175,-3.9864864864864904,-4.054054054054054,-9.932432432432424,-0.036179740953054776,-0.03296376397945283,0.2409972744595178,5.405405405405405,-9.932432432432424,False
1080,2024-10-22T11:45:00+05:30,PE,117.9,17.690165,15.00438083121289,,2,24650.0,0.04119343258989586,10.150000000001455,0.0,0.0,0.0,1.3757523645743839,-0.017448359955619934,-0.29478770025129664,-0.29619978108732326,0.0,0.4925187032418952,0.852657004830918,0.0,0.0,4.410517387616615,-16.581849024597126,-10.34775233248516,-0.08340148174604517,-0.049919135059681416,0.13129138367319015,6.743002544529252,-21.755725190839698,False
1083,2024-10-22T12:00:00+05:30,PE,105.7,18.685145,17.677526017029326,,2,24650.0,-0.0421728763523765,10.400000000001455,0.0,0.0,0.0,7.4733096085409345,-0.09196575794773383,0.08340148174604517,-0.21163207581526614,-0.0,1.2021466905187839,0.4002976190476192,0.0,0.0,0.2838221381267712,2.459791863765368,2.980132450331118,0.03345444518337091,0.03649575838185917,0.21410844917358562,8.609271523178801,-12.724692526017032,False
1086,2024-10-22T12:15:00+05:30,PE,108.85,13.474245,12.378727606798346,,2,24650.0,-0.008721348847875156,2.150000000001455,0.0,0.0,0.0,0.5078485687903944,-0.006287088753409315,-0.03345444518337091,0.049919135059681416,0.0,1.4272727272727275,0.6210191082802546,0.0,0.0,-18.5576481396417,5.74184657785944,-2.802021129995404,0.0030423309934427623,0.181120105142965,0.2904411988406779,18.603582912264585,-22.094625631603122,True
1089,2024-10-22T12:30:00+05:30,PE,105.8,20.804906,19.664372400756143,,2,24650.0,-0.0056791906342092335,1.4000000000014552,0.0,0.0,0.0,-8.079930495221545,0.041597084551654444,-0.0030423309934427623,-0.03649575838185917,0.0,1.249617151607963,0.4740406320541761,0.0,0.0,12.334593572778825,9.12098298676749,24.76370510396976,0.1780831920296675,0.17767753555580174,0.2081017710961767,28.071833648393195,-1.1814744801512287,False
1092,2024-10-22T12:45:00+05:30,PE,107.95,16.450555,15.239050486336266,,2,24600.0,-0.030478512648582746,7.5,0.0,0.0,0.0,14.779372674109522,-0.10027524947020862,-0.1780831920296675,-0.181120105142965,0.0,1.123989218328841,0.8604166666666669,0.0,0.0,2.825382121352475,-4.214914312181563,4.168596572487263,-0.00040638016864185636,0.10951945545057697,-0.021334958854007924,12.830013895321905,-12.783696155627602,False
1095,2024-10-22T13:00:00+05:30,PE,112.45,16.451905,14.63041796353935,,2,24600.0,-0.030884767307655138,7.599999999998545,0.0,0.0,0.0,8.752417794970983,-0.06173140341472427,0.00040638016864185636,-0.17767753555580174,-0.0,1.310249307479224,0.6046511627906977,0.0,0.0,2.1342819030680227,-9.693196976433976,8.40373499333037,0.10992538890423802,0.030478388790454985,0.07192899754546193,13.561582925744775,-11.694086260560253,False
1098,2024-10-22T13:15:00+05:30,PE,121.9,20.240364,16.604072190319933,,2,24600.0,0.0791276029218253,19.450000000000728,0.0,0.0,0.0,20.03938946331857,-0.16672352730935144,-0.10992538890423802,-0.10951945545057697,0.0,1.2033898305084745,0.7957746478873241,0.0,0.0,-1.886792452830198,-0.2871205906480792,-5.291222313371618,-0.07953442864378248,-0.13099788247212016,-0.04108939791828166,8.982772764561107,-16.611977030352747,False
1101,2024-10-22T13:30:00+05:30,PE,115.45,17.839362,15.452024252923344,,2,24600.0,-0.00040650241258590337,0.09999999999854481,0.0,0.0,0.0,-5.018510900863838,0.057146227230479366,0.07953442864378248,-0.030478388790454985,-0.0,1.2487804878048778,0.32031250000000017,0.0,0.0,-3.161541792983981,-1.0394110004330903,-10.437418796015589,-0.051422555192870985,0.041463246084353686,0.12906451599790245,8.964919878735378,-11.43352100476397,True
1104,2024-10-22T13:45:00+05:30,PE,103.4,16.470229,15.928654738878143,,2,24600.0,-0.05180241947770972,12.75,0.0,0.0,0.0,-9.496717724288835,0.08437703318152245,0.051422555192870985,0.13099788247212016,-0.0,1.0294117647058822,0.048832271762208314,0.0,0.0,-0.9671179883945841,2.7079303675048325,15.618955512572525,0.0928380615737719,0.08979086042802427,0.22468029781312235,17.504835589941965,-6.189555125725343,True
1107,2024-10-22T14:00:00+05:30,PE,119.55,16.459974,13.768276035131743,,2,24600.0,0.04107377419183707,10.099999999998545,0.0,0.0,0.0,12.570621468926548,-0.06482198339011695,-0.0928380615737719,-0.041463246084353686,0.0,1.5231316725978645,1.0,0.0,0.0,-1.9657047260560385,-18.862400669176075,-6.106231702216643,-0.003050032737018044,0.0876376073103303,0.46828169289017624,3.3458803847762444,-23.37933918862401,True
1110,2024-10-22T14:15:00+05:30,PE,112.25,18.681367,16.64264320712695,,2,24600.0,0.03802258175362808,9.349999999998545,0.0,0.0,0.0,15.721649484536082,-0.1701001317362507,0.003050032737018044,-0.08979086042802427,-0.0,0.9765258215962441,0.646322378716745,0.0,0.0,1.202672605790641,14.298440979955467,14.120267260579059,0.09068487412899988,0.13501066462253225,0.49551353868239423,22.048997772828507,-15.233853006681509,False
1113,2024-10-22T14:30:00+05:30,PE,103.05,13.766437,13.358987869966036,,2,24550.0,-0.0746895904690325,18.349999999998545,0.0,0.0,0.0,-0.3866602223296333,-0.045159676070872956,-0.09068487412899988,-0.0876376073103303,0.0,0.8455445544554453,0.6851485148514851,0.0,0.0,4.512372634643383,4.6094129063561375,3.9301310043668094,0.04436602376634091,0.3809779655532364,0.22956364591027817,12.032993692382345,-5.628335759340124,False
1116,2024-10-22T14:45:00+05:30,PE,107.1,12.581121,11.74707843137255,,2,24550.0,-0.03033702603487222,7.450000000000728,0.0,0.0,0.0,-0.649350649350652,0.010792187270926479,-0.04436602376634091,-0.13501066462253225,0.0,1.006134969325154,0.490853658536585,0.0,0.0,13.492063492063494,13.585434173669478,43.69747899159665,0.3367613494072093,0.3609902493947924,0.3565109569601049,47.703081232493005,-3.408029878618106,False
1125,2024-10-23T09:15:00+05:30,PE,105.5,0.0,,,1,24500.0,-0.04875173129841048,11.950000000000728,0.0,,,,0.12335719464499363,0.17634702151311654,0.15199338093341394,,,,0.0,22.18009478672986,15.876777251184834,50.18009478672985,-2.0379146919431332,0.17154897917138076,0.06201057035446273,-0.13687201548632105,61.9431279620853,-5.924170616113744,False
1128,2024-10-23T09:30:00+05:30,PE,100.2,0.0,,,1,24450.0,-0.08132440263344538,19.900000000001455,0.0,9.808219178082195,9.808219178082195,16.851311953352774,-0.0849301979935211,-0.17154897917138076,0.004495520826530859,57.174453765088245,,,0.0,29.840319361277434,-17.564870259481047,-18.01397205588822,-25.64870259481038,-0.10972664375415732,-0.24254287921077955,-0.17327410410339975,43.612774451097806,-32.13572854291417,False
1131,2024-10-23T09:45:00+05:30,PE,103.35,0.0,,,1,24500.0,0.013267066039372569,3.25,0.0,-34.29752066115703,-34.29752066115703,-15.460122699386508,0.36463828087390276,0.10972664375415732,-0.06201057035446273,312.5724025424551,1.885474860335195,0.05726256983240216,0.0,-3.821964199322679,-11.127237542331883,-6.531204644412192,-17.803580067731005,-0.1326706603937257,-0.19900599059058857,-0.14246787839203753,52.68505079825836,-25.16690856313497,False
1134,2024-10-23T10:00:00+05:30,PE,111.25,33.242732,29.881107415730334,,1,24550.0,0.08459288400582977,20.75,0.0,0.0,0.0,-12.22879684418146,0.11325837193641206,0.1326706603937257,0.24254287921077955,-0.0,2.0980926430517703,0.20519480519480535,0.0,0.0,6.022471910112362,6.022471910112362,5.8876404494382,-0.06624743928167393,0.06910117512765668,-0.23543320729333345,27.505617977528086,-7.101123595505624,False
1137,2024-10-23T10:15:00+05:30,PE,102.85,23.936338,23.273055906660186,,1,24550.0,0.01833329938277892,4.5,0.0,0.0,0.0,-12.691001697792872,0.11910443256119695,0.06624743928167393,0.19900599059058857,-0.0,1.8829787234042539,0.25245901639344226,0.0,0.0,28.04083616917842,28.04083616917842,25.717063684978143,0.13525900877961633,0.05642582143365808,-0.08005540730480722,49.635391346621304,-7.486631016042771,False
1140,2024-10-23T10:30:00+05:30,PE,99.7,23.906509,23.978444332998997,,1,24500.0,-0.05017888978186165,12.299999999999272,0.0,-5.765595463137991,-5.765595463137991,17.363154796939376,0.07021812525770757,-0.13525900877961633,-0.06910117512765668,-42.62633236158147,1.6141881638846736,0.4493569131832798,0.0,-15.89769307923772,-14.844533600802404,-10.932798395185563,-37.91374122367102,-0.07893996075440568,-0.3047449647727905,-0.3273866589426533,8.224674022066202,-41.07321965897693,False
1198,2024-10-23T15:20:00+05:30,PE,65.8,11.491755,17.464673252279635,,1,24400.0,-0.10071812844426745,24.599999999998545,0.0,2.0946470131885095,2.0946470131885095,-1.4970059880239521,-0.023536298088238605,-0.07098451637452077,-0.08406575537479995,29.508505800574326,0.5635491606714625,0.5635491606714625,0.0,-6.762917933130693,-18.693009118541028,-24.468085106382972,-14.893617021276592,-0.02517953211107431,0.23992204580627133,-0.07799513605136998,6.3829787234042605,-38.98176291793313,True
1201,2024-10-24T09:20:00+05:30,PE,72.84,23.580692,32.3732729269632,,0,24450.0,0.07879414262763115,19.25,0.0,0.0,0.0,-2.09677419354839,-0.028439664943921597,0.02517953211107431,-0.045822857832540885,-0.0,1.0777777777777777,0.38247422680412385,0.0,0.0,15.664470071389342,33.031301482701814,62.61669412410763,0.26503484338385025,0.2091626331569786,-0.0004093202214362834,73.80560131795716,-17.970895112575512,False
1204,2024-10-24T09:35:00+05:30,PE,54.05,0.0,,,0,24350.0,-0.06566527127965197,16.0,0.0,35.97484276729559,35.97484276729559,65.54364471669219,-0.12153806108876562,-0.26503484338385025,-0.23992204580627133,135.73627643816323,,,0.0,-6.197964847363542,-37.94634597594819,-61.79463459759482,-77.05827937095282,-0.05602068456045906,-0.318681769679067,-0.26163506525486335,20.25901942645699,-79.92599444958371,False
1207,2024-10-24T09:50:00+05:30,PE,64.45,20.930546,32.47563382467028,,0,24400.0,0.08347125573992467,20.349999999998545,0.0,0.0,0.0,-20.676923076923075,0.10285531275407074,0.05602068456045906,-0.2091626331569786,-0.0,1.0308285163776492,0.06621621621621629,0.0,0.0,-33.048875096974406,-44.46858029480217,-60.97750193948798,-0.2625140229658752,-0.2100112183726882,-0.18293945975433834,28.549262994569418,-65.244375484872,False
1210,2024-10-24T10:05:00+05:30,PE,50.75,24.342447,47.965412807881776,,0,24450.0,0.025978117016069797,6.349999999998545,0.0,0.0,0.0,-26.181818181818183,0.11058028025957697,0.2625140229658752,0.318681769679067,-0.0,0.8546046046046047,0.06353350739773714,0.0,0.0,-9.26108374384237,4.532019704433492,0.8866995073891681,0.05236533823714097,0.0568654844918883,0.1847105485473792,45.221674876847295,-14.581280788177336,True
1286,2024-10-25T10:10:00+05:30,PE,165.0,20.225877,12.258107272727273,,6,24250.0,0.046000532203472756,11.150000000001455,0.0,-0.9009009009009009,-0.9009009009009009,-0.030293850348386164,-0.0035066440591351496,-0.04948280163375717,-0.38876525934465594,-18.206343843843843,0.5348837209302326,0.8806479113384484,0.0,-1.7030303030303044,7.090909090909084,8.333333333333332,18.181818181818183,0.10045856135913439,0.21184998463210322,0.2840481293460645,20.515151515151512,-11.000000000000004,False
1289,2024-10-25T10:25:00+05:30,PE,153.0,17.884258,11.689057516339869,,6,24200.0,-0.05988147597513887,14.5,0.0,13.082039911308193,13.082039911308193,6.323835997220288,-0.14618586842447398,-0.10045856135913439,-0.14989165328225007,130.22324562802117,0.9852398523985243,0.9836601307189542,0.0,1.9934640522875893,11.79738562091504,18.006535947712425,18.627450980392158,0.11150343802267236,0.24510107580168308,0.27731318011935596,34.93464052287581,-13.725490196078432,False
1292,2024-10-25T10:40:00+05:30,PE,171.05,16.585038,9.696017538731365,,6,24200.0,0.05167958656330749,12.5,0.0,8.817354793561941,8.817354793561941,11.79738562091504,-0.08860359495145691,-0.11150343802267236,-0.21184998463210322,79.07697690692801,1.0599250936329592,0.9495708154506439,0.0,5.553931598947676,6.109324758842437,2.513884828997359,5.027769657994734,0.1337467700258338,0.07235142118863049,0.15627906976743886,20.695703010815535,-8.710903244665305,False
1295,2024-10-25T10:55:00+05:30,PE,158.75,18.108361,11.406841574803149,,6,24150.0,-0.021320505151081467,5.150000000001455,0.0,-9.4151212553495,-9.4151212553495,6.436473348977535,0.11957904859013684,-0.1337467700258338,-0.24510107580168308,-70.3951299424347,1.4446680080482894,0.5844504021447722,0.0,-3.842519685039367,-1.1023622047244095,-8.157480314960623,5.228346456692921,-0.06147757310552219,0.032291250520087474,0.04057105834574784,13.606299212598422,-14.771653543307078,True
1298,2024-10-25T11:10:00+05:30,PE,157.0,18.755746,11.946335031847132,,6,24150.0,-0.08274720728175423,20.0,0.0,-6.352520131225771,-6.352520131225771,-1.1023622047244095,0.07639261248243168,0.06147757310552219,-0.07235142118863049,103.33069134531532,0.8621169916434536,0.3122420907840439,0.0,-7.133757961783433,6.401273885350325,10.573248407643309,0.03184713375796903,0.09371121224659269,0.08398841539097755,0.13342987174182872,13.917197452229296,-13.821656050955406,False
1301,2024-10-25T11:25:00+05:30,PE,167.05,19.239173,11.517014666267585,,6,24150.0,0.010974289104193444,2.650000000001455,0.0,13.562202583276694,13.562202583276694,6.401273885350325,-0.16867763760354929,-0.09371121224659269,-0.032291250520087474,144.72337149570714,1.101777059773829,0.7687651331719132,0.0,3.9209817419934048,-5.9862316671655185,-4.010775217000908,-5.178090392098177,-0.009731916752779013,0.008282482342782956,0.10974289104187417,7.063753367255302,-12.241843759353497,True
1304,2024-10-25T11:40:00+05:30,PE,157.05,18.305263,11.655691181152498,,6,24150.0,0.0012422514565368198,0.2999999999992724,0.0,-0.9460737937559129,-0.9460737937559129,-5.9862316671655185,-0.024424978058908982,0.009731916752779013,-0.08398841539097755,97.21351073885371,0.8079178885630495,0.4994259471871414,0.0,2.10124164278891,0.8595988538681912,-2.3241006049029003,5.380452085323138,0.018012646119836613,0.04948301635217302,0.11490825972993453,10.06049028971664,-5.323145495065274,False
1307,2024-10-25T11:55:00+05:30,PE,158.4,17.690257,11.168091540404038,,6,24150.0,0.019258366517782743,4.650000000001455,0.0,-4.8076923076923075,-4.8076923076923075,0.8595988538681912,0.05843045843045241,-0.018012646119836613,-0.008282482342782956,-266.9064986736061,0.8294010889292199,0.2911611785095323,0.0,-3.1565656565656566,4.482323232323228,7.922979797979787,14.646464646464638,0.031476039900016135,0.10146881283559775,0.03644594093686475,26.26262626262626,-6.13005050505051,False
1310,2024-10-25T12:10:00+05:30,PE,165.5,15.865601,9.586465861027191,,6,24150.0,0.0507503806278547,12.25,0.0,6.1305630370655395,6.1305630370655395,4.482323232323228,-0.04865525166152508,-0.031476039900016135,-0.04948301635217302,194.76919766715625,0.9085339168490152,0.6957781456953644,0.0,3.293051359516609,9.728096676737156,2.56797583081571,8.489425981873119,0.07001481082537293,0.06545763378939326,0.046400348002613036,20.84592145015106,-6.193353474320242,False
1313,2024-10-25T12:25:00+05:30,PE,158.35,16.250223,10.26221850331544,,6,24100.0,-0.08643973989307402,20.849999999998545,0.0,-2.8527607361963225,-2.8527607361963225,9.774696707105715,0.08049308236640458,-0.07001481082537293,-0.10146881283559775,-40.74510382255435,1.899736147757257,0.6402173913043476,0.0,-6.473002841806126,-0.6315124723713293,-1.9955794126933986,-8.33596463530154,-0.004560369970387374,-0.06508891684994819,0.037312117939459016,10.451531417745507,-9.415850963056519,False
1316,2024-10-25T12:40:00+05:30,PE,157.35,15.411413,9.794352081347316,,6,24100.0,-0.09099596011102222,21.950000000000728,0.0,2.109020116807268,2.109020116807268,-0.6315124723713293,0.010779726651017472,0.004560369970387374,-0.06545763378939326,-462.46688985808765,0.5197222222222224,0.5124999999999997,0.0,-1.3727359389895117,-7.753415951700025,-1.715919923736885,-7.912297426120107,-0.06052578667976073,-0.01906976840594788,-0.03399393498452956,4.35335239911026,-9.088020336828716,False
1319,2024-10-25T12:55:00+05:30,PE,166.25,16.2566,9.778406015037593,,6,24150.0,0.05572461681557939,13.450000000000728,0.0,-8.77914951989026,-8.77914951989026,-7.407407407407414,0.0769135085827982,0.06052578667976073,0.06508891684994819,145.04808613790271,1.0637254901960775,0.07741935483871017,0.0,6.526315789473681,0.21052631578947026,6.225563909774433,9.684210526315786,0.04143094187031701,0.10233442641968604,0.11517801839947828,14.796992481203002,-2.616541353383455,False
1322,2024-10-25T13:10:00+05:30,PE,166.6,14.836063,8.905199879951981,,6,24150.0,0.0971958278328262,23.450000000000728,0.0,-3.6158518947063927,-3.6158518947063927,0.21052631578947026,-0.01429755491090231,-0.04143094187031701,0.01906976840594788,-87.27419004917557,0.7649769585253458,0.10782241014799093,0.0,6.002400960384153,9.453781512605042,11.074429771908774,1.2905162064825966,0.060928727895205606,-0.014921321117201519,0.10341304496498972,17.677070828331342,-2.8211284513805457,False
1325,2024-10-25T13:25:00+05:30,PE,158.55,12.326897,7.774769473352254,,6,24100.0,-0.049145959351930876,11.849999999998545,0.0,-0.43956043956043245,-0.43956043956043245,9.420289855072467,0.030699725569336023,-0.060928727895205606,-0.10233442641968604,-7.214338042908998,1.8398601398601422,0.6788293424553407,0.0,2.0813623462629978,-7.322611163670774,-2.119205298013253,-1.1037527593818983,-0.07589629165743364,0.012856748859994339,0.10679396230484181,7.537054556922099,-10.532954903815842,True
1328,2024-10-25T13:40:00+05:30,PE,168.75,15.285578,9.058120296296297,,6,24150.0,0.08226223210381428,19.849999999998545,0.0,-10.879324003168731,-10.879324003168731,-7.458184809432407,0.11741837244860005,0.07589629165743364,0.014921321117201519,143.34460571899575,0.9464594127806568,0.2005856515373351,0.0,5.2148148148148215,7.4962962962963,7.229629629629623,11.318518518518514,0.08868573133611458,0.11831671166570829,0.15250630435369406,16.177777777777784,-2.7259259259259228,False
1331,2024-10-25T13:55:00+05:30,PE,156.8,12.167456,7.759857142857142,,6,24100.0,-0.036293876704516,8.75,0.0,2.483660130718962,2.483660130718962,6.710221859262293,-0.048506557713478504,-0.08868573133611458,-0.012856748859994339,28.005182945450507,0.7875000000000002,0.521815008726004,0.0,0.06377551020407801,4.113520408163258,6.026785714285706,7.8125,0.02965728210712482,0.0939492922694103,-0.1447607196557327,15.625,-3.794642857142868,False
1334,2024-10-25T14:10:00+05:30,PE,163.25,11.550713,7.075475038284839,,6,24100.0,-0.006638563414870983,1.5999999999985448,0.0,7.049180327868852,7.049180327868852,4.113520408163258,-0.08022072099151228,-0.02965728210712482,-0.11831671166570829,237.6880087125505,0.7328042328042322,0.9365426695842456,0.0,1.8376722817764166,3.5528330781010786,1.4701378254211366,0.3062787136294028,0.06431108308162115,0.03423009260795964,-0.2937564311083203,11.056661562021446,-7.013782542113316,False
1337,2024-10-25T14:25:00+05:30,PE,169.05,11.694276,6.91764330079858,,6,24100.0,0.05770963335700448,13.900000000001455,0.0,-2.705035971223015,-2.705035971223015,3.5528330781010786,0.009549987958707814,-0.06431108308162115,-0.0939492922694103,-42.06173868647007,1.5667870036101101,0.5977011494252876,0.0,-2.011239278320027,-3.135167110322396,-15.202602780242541,-15.705412599822544,-0.030100348333686234,-0.23893448918672144,-0.521877763523363,5.116829340431811,-24.72641230405206,False
1340,2024-10-25T14:40:00+05:30,PE,163.75,11.895797,7.264608854961832,,6,24100.0,0.02760097703308778,6.650000000001455,0.0,-3.392330383480826,-3.392330383480826,-3.135167110322396,0.025947498868689047,0.030100348333686234,-0.03423009260795964,112.70070186145865,0.716589861751152,0.19124423963133652,0.0,-12.458015267175576,-12.977099236641221,-16.122137404580155,-28.183206106870234,-0.20877129996452515,-0.32809883225040487,-0.5080239983231949,6.7786259541984695,-29.770992366412212,False
1363,2024-10-28T10:20:00+05:30,CE,122.0,16.196253,13.275617213114755,,3,24400.0,-0.04407679612944228,10.75,0.0,12.442396313364055,12.442396313364055,70.51013277428373,0.1132928188361566,0.5379502241459267,0.5447889483903742,23.129270618147146,2.435448577680526,0.932932072226999,0.0,-5.163934426229506,9.713114754098356,10.401639344262295,9.344262295081972,0.11049950285474432,0.14104574761422123,0.05904240597804958,18.0327868852459,-11.721311475409832,False
1366,2024-10-28T10:35:00+05:30,CE,133.85,16.200244,12.103282779230483,,3,24400.0,0.06634939097812406,16.200000000000728,0.0,13.432203389830505,13.432203389830505,9.713114754098356,0.12589448647762289,0.11049950285474432,0.6490441593239583,121.55894861796467,0.4941599281221925,0.9311859443631038,0.0,0.6275681733283552,-0.33619723571160903,-9.899140829286516,-21.927530818079937,0.030512528567101873,-0.17611258099130905,-0.014129962893491728,7.5831154277175985,-25.252147926783714,False
1369,2024-10-28T10:50:00+05:30,CE,133.4,14.338134,10.748226386806596,,3,24400.0,0.09683237353958746,23.650000000001455,0.0,-2.228085605394307,-2.228085605394307,-0.33619723571160903,-0.04624523479687608,0.030512528567101873,0.14104574761422123,-73.02199162204451,0.4818181818181816,0.6783004552352051,0.0,-9.595202398800607,-21.664167916041983,-12.93103448275862,-10.15742128935533,-0.20656208224405737,-0.08188784231677083,-0.013511493982279103,5.734632683658175,-27.998500749625194,False
1372,2024-10-28T11:05:00+05:30,CE,129.75,17.272634,13.312242003853564,,3,24350.0,0.09518651633761971,23.200000000000728,0.0,-6.012314378848251,-6.012314378848251,-20.227482324008612,-0.02707159205571229,-0.20656208224405737,-0.17611258099130905,29.10657325648266,2.643097643097645,0.08493427704752281,0.0,10.358381502890172,14.181117533718693,12.639691714836228,14.72061657032755,0.12493230269312494,0.16226839315313243,0.25355718576140707,19.07514450867052,-6.705202312138731,False
1375,2024-10-28T11:20:00+05:30,CE,119.85,15.137307,12.630210262828538,,3,24400.0,0.014956779006425084,3.650000000001455,0.0,2.523524379811795,2.523524379811795,14.688995215311,0.013319453779446239,0.12493230269312494,-0.08188784231677083,20.19913445452459,0.8565279770444764,0.6126126126126124,0.0,-1.4601585314977055,0.5840634125990846,7.375886524822699,1.5853149770546564,0.03728950382421705,0.0684323861389468,0.2452501982285377,13.350020859407593,-7.25907384230287,False
1378,2024-10-28T11:35:00+05:30,CE,120.55,12.846341,10.656442140190793,,3,24400.0,0.052226807713182666,12.75,0.0,3.476394849785405,3.476394849785405,0.5840634125990846,0.03769943307428931,0.03728950382421705,0.16226839315313243,93.22716832525184,0.45393634840871,0.8207705192629814,0.0,6.752384902530071,0.9954375777685631,2.2397345499792642,11.240149315636664,0.031131273617263703,0.09114089973476974,0.2752659983000716,13.023641642472006,-6.926586478639564,False
1381,2024-10-28T11:50:00+05:30,CE,121.75,12.335841,10.132107597535935,,3,24400.0,0.08333213897425118,20.349999999998545,0.0,-7.273419649657281,-7.273419649657281,0.9954375777685631,-0.032544221251584134,0.031131273617263703,0.0684323861389468,-233.63707309500631,1.1918819188191878,0.40380549682875266,0.0,1.2320328542094456,10.143737166324431,35.441478439425055,23.32648870636551,0.05999095017066281,0.17669689418866422,-0.006347165376414641,42.09445585215606,-5.790554414784392,False
1384,2024-10-28T12:05:00+05:30,CE,107.5,9.752097,9.071718139534884,,3,24450.0,-0.06138735420503376,15.0,0.0,8.421583459404935,8.421583459404935,10.88189788550799,0.05835201621571819,0.05999095017066281,0.09114089973476974,140.3808980429071,1.2288732394366197,0.889196675900277,0.0,24.79069767441861,12.511627906976747,20.69767441860465,22.55813953488372,0.11663597298956416,0.18395743810108747,-0.04378964599959373,37.67441860465116,-7.627906976744189,False
1387,2024-10-28T12:20:00+05:30,CE,120.95,14.443757,11.941923935510541,,3,24450.0,0.055184254092832175,13.5,0.0,1.2557555462536625,1.2557555462536625,12.511627906976747,0.01144693324393526,0.11663597298956416,0.17669689418866422,10.766451499195874,2.1633237822349565,0.5835806132542037,0.0,7.275733774286892,8.929309632079368,-6.531624638280285,-13.683340223232737,0.06724303554275032,-0.1827211968851584,-0.03454125533959052,22.36461347664324,-22.529971062422486,False
1393,2024-10-28T12:50:00+05:30,CE,130.85,17.639795,13.480928544134505,,3,24400.0,0.07698986027159103,18.799999999999272,0.0,-2.058383233532934,-2.058383233532934,-18.802358051504818,-0.0280442895071459,-0.24979626183877607,-0.1827211968851584,8.240248346316164,1.5579470198675498,0.20265780730896996,0.0,3.935804356132981,-0.1222774168895656,-3.0187237294612066,17.38632021398548,0.022523629334774847,0.14845119334283421,-0.057128114403659176,18.456247611769207,-9.323653037829567,True
1396,2024-10-28T13:05:00+05:30,CE,130.69,16.009172,12.24972989517178,,3,24400.0,0.09949108060414945,24.299999999999272,0.0,5.779036827195468,5.779036827195468,-0.1222774168895656,0.05509845007445758,0.022523629334774847,-0.22732889568810988,256.5766263198558,0.36238044633368793,0.2558979808714133,0.0,-2.8999923483051435,17.530032902287854,4.828219450608311,-6.304996556737313,0.12589920693735338,-0.05015496861731964,-0.1359302006608203,21.424745581146222,-8.868314331624457,False
1399,2024-10-28T13:20:00+05:30,CE,124.4,15.057496,12.104096463022508,,3,24450.0,0.02065013156791449,5.049999999999272,0.0,17.13747645951036,17.13747645951036,19.385796545105567,0.12036527175325043,0.12589920693735338,0.14845119334283421,136.12060692358338,1.736507936507937,1.0,0.0,-12.258842443729904,-22.30707395498392,-19.011254019292608,-24.55787781350483,-0.17583280344959426,-0.20527457518999442,-0.3007558765980821,3.4485530546623724,-26.04501607717042,False
1402,2024-10-28T13:35:00+05:30,CE,122.45,17.191298,14.039443037974683,,3,24400.0,0.049360868915143435,12.049999999999272,0.0,-8.57846797073316,-8.57846797073316,-20.279947916666664,-0.09412708384063058,-0.17583280344959426,-0.05015496861731964,48.787642592483245,1.2275968992248063,0.08461732760798202,0.0,3.919967333605551,-2.7358105349122157,1.5924867292772582,-7.390771743568801,-0.029493631219011624,-0.08581827417197953,0.02539729354970487,11.016741527153936,-16.864026133115562,False
1405,2024-10-28T13:50:00+05:30,CE,119.1,15.540641,13.048397145256088,,3,24400.0,0.01987309899466108,4.849999999998545,0.0,-10.451127819548876,-10.451127819548876,-2.7358105349122157,-0.10192490713167943,-0.029493631219011624,-0.20527457518999442,354.3520206766561,0.4796665824703206,0.051509343555342396,0.0,4.450041981528138,-4.785894206549109,-7.808564231738033,-7.094878253568421,-0.056341260036427185,-0.09567770340730858,-0.043638866864569206,14.139378673383716,-16.58270361041142,False
1431,2024-10-29T09:45:00+05:30,PE,116.55,22.151482,19.00599056199056,,2,24200.0,0.008678439038092333,2.099999999998545,0.0,0.0,0.0,9.129213483146067,-0.08382125839244566,-0.22410291828592624,-0.39413591617562616,0.0,1.3205645161290325,0.7590711175616836,0.0,0.0,-3.6465036465036467,-10.167310167310163,-7.593307593307588,-0.04814467371134609,-0.029548018629706782,0.17232900375652732,7.1214071214071195,-20.97812097812098,False
1434,2024-10-29T10:00:00+05:30,PE,107.7,18.914537,17.562244196843082,,2,24200.0,-0.0394472429268585,9.549999999999272,0.0,0.0,0.0,2.8653295128939824,-0.012390268682976392,0.04814467371134609,-0.1760661381933665,-0.0,0.7494089834515367,0.47281323877068576,0.0,0.0,15.877437325905285,-7.2887650882079935,1.4391829155060325,0.018587706091191286,0.13424454399193708,0.12247233013417357,26.276694521819866,-9.145775301764166,False
1437,2024-10-29T10:15:00+05:30,PE,109.25,21.274613,19.473329977116705,,2,24200.0,-0.02086341486590308,5.049999999999272,0.0,0.0,0.0,9.414121181772666,-0.08297162246674296,-0.018587706091191286,0.029548018629706782,0.0,0.8571428571428574,0.29882044560943655,0.0,0.0,-13.455377574370711,-15.972540045766593,8.512585812356976,0.11567833985056837,0.201817389346432,0.10906814900195545,9.610983981693364,-23.707093821510302,True
1440,2024-10-29T10:30:00+05:30,PE,118.55,21.144891,17.836264023618728,,2,24200.0,0.09492473233914282,22.950000000000728,0.0,0.0,0.0,29.13943355119826,-0.18887164159387024,-0.11567833985056837,-0.13424454399193708,0.0,1.360747663551402,0.9670329670329669,0.0,0.0,-1.6026992830029452,6.4951497258540725,10.662167861661747,0.0862388091185589,-0.011788038656503514,-0.017371846441152777,22.14255588359343,-22.943905525094898,False
1443,2024-10-29T10:45:00+05:30,PE,108.1,16.261392,15.042915818686403,,2,24150.0,-0.025666288571881038,6.200000000000728,0.0,0.0,0.0,4.24300867888138,-0.05978324951956495,-0.0862388091185589,-0.201817389346432,0.0,1.7964601769911506,0.5425531914893615,0.0,0.0,-12.90471785383903,-12.90471785383903,-23.681776133209986,-0.09811145792798838,-0.0929368029739807,-0.3305569584620037,11.933395004625352,-24.56059204440333,False
1446,2024-10-29T11:00:00+05:30,PE,118.0,19.619412,16.62662033898305,,2,24200.0,0.08312689465216376,20.099999999998545,0.0,0.0,0.0,16.485686080947684,-0.10844351538761843,0.09811145792798838,0.011788038656503514,-0.0,0.7611710323574731,0.514637904468413,0.0,0.0,-4.6186440677966125,-7.796610169491528,0.8898305084745739,0.005169583000756827,-0.005583149640811354,-0.4110852402201738,6.779661016949152,-13.728813559322036,False
1449,2024-10-29T11:15:00+05:30,PE,119.05,15.994913,13.435458210835785,,2,24200.0,0.0883010424486005,21.349999999998545,0.0,0.0,0.0,9.42095588235294,-0.055803225426429647,-0.005169583000756827,0.0929368029739807,0.0,1.0318021201413419,0.8493150684931504,0.0,0.0,-7.853842923141532,-6.593868122637543,-4.7039059218815575,-0.010753288541744658,-0.23739952396017897,-0.522361670316578,1.427971440571191,-11.759764804703906,False
1452,2024-10-29T11:30:00+05:30,PE,113.45,11.748713,10.355851035698546,,2,24200.0,0.07753941586973379,18.75,0.0,0.0,0.0,2.023381294964029,-0.03699845391935878,0.010753288541744658,0.005583149640811354,-0.0,0.726114649681529,0.5350318471337582,0.0,0.0,-15.29308065226973,-21.11062141912737,-21.68356104010578,-0.22662186611527224,-0.4054794520547915,-0.4400103385887887,2.644336712208021,-24.812692816218604,False
1455,2024-10-29T11:45:00+05:30,PE,109.65,13.905117,12.681365253077976,,2,24250.0,0.05755888438916708,13.950000000000728,0.0,0.0,0.0,-0.40871934604903604,-0.015057942136253562,0.22662186611527224,0.23739952396017897,-0.0,0.4301412872841446,0.14820359281437137,0.0,0.0,-0.7295941632467043,-0.592795257637944,-19.151846785225718,-0.17845317203092087,-0.28428724977874475,-0.26448204224699234,5.88235294117646,-24.39580483356133,False
1487,2024-10-29T14:25:00+05:30,CE,119.85,14.374129,11.993432624113476,,2,24400.0,0.07166990887683014,17.5,0.0,0.0,0.0,-6.505967704189097,-0.05791667775202025,0.0,0.39471249717328294,,1.1578947368421049,0.13636363636363605,0.0,0.0,-10.596579057154768,5.340008343763042,1.668752607425949,0.06777925668065637,0.11282891368894962,0.14948295280024573,8.343763037129746,-17.355027117229866,True
1490,2024-10-29T14:40:00+05:30,CE,92.85,14.792785,15.93191707054389,,2,24450.0,-0.06527775788295731,15.950000000000728,0.0,0.0,0.0,-5.061349693251537,-0.010230576738533058,0.06777925668065637,0.06777925668065637,0.0,0.8227091633466139,0.7127071823204416,0.0,0.0,8.400646203554132,6.031233171782454,3.3925686591276314,0.045019143367554706,0.16452450576143016,-0.205655632201784,13.031771674744222,-6.1389337641356905,False
1493,2024-10-29T14:55:00+05:30,CE,96.0,13.317509,13.872405208333333,,2,24450.0,-0.02024949836470258,4.950000000000728,0.0,0.0,0.0,-2.4885728796343347,-0.028423032880748926,0.045019143367554706,0.11282891368894962,0.0,0.923344947735191,0.452599388379205,0.0,0.0,7.239583333333337,17.343750000000004,11.197916666666668,0.11945158631297842,0.03661272936648004,-0.179995541019552,21.406249999999996,-4.062500000000005,False
1496,2024-10-29T15:10:00+05:30,CE,106.75,12.420862,11.635467915690866,,2,24450.0,0.0990837308599855,24.25,0.0,0.0,0.0,-5.237461162893924,-0.009601006675757846,0.11945158631297842,0.16452450576143016,0.0,0.7613882863340564,0.5748373101952279,0.0,0.0,-6.60421545667447,-5.152224824355972,-6.744730679156912,-0.0827400226768951,-0.36957210129013446,-0.2903051166021401,6.276346604215459,-12.88056206088993,False
1499,2024-10-29T15:25:00+05:30,CE,99.55,8.853594,8.893615268709192,,2,24450.0,0.01635724216897031,4.0,0.0,0.0,0.0,-1.6790123456790151,-0.06130205566226654,-0.0827400226768951,0.03661272936648004,-0.0,0.5938566552901023,0.4470989761092147,0.0,0.0,-31.54193872425916,-31.54193872425916,-28.3375188347564,-0.2870696000654319,-0.21652899321174748,-0.14619285188517214,2.1597187343043753,-37.51883475640381,False
1502,2024-10-30T09:25:00+05:30,CE,94.35,17.877937,18.948528881822998,,1,24400.0,-0.06643755280145314,16.200000000000728,0.0,0.0,0.0,-2.126556016597522,-0.01373674250579581,-0.2870696000654319,-0.36957210129013446,-0.0,0.5070671378091871,0.3657243816254415,0.0,0.0,-8.479067302596714,-8.479067302596714,15.845257021727614,0.07074369048302562,0.07956102002149565,0.09206932471559284,17.488076311605724,-16.48118706942236,True
1505,2024-10-30T09:40:00+05:30,CE,111.85,21.824054,19.511894501564598,,1,24400.0,0.004303093514415455,1.0499999999992724,0.0,0.0,0.0,2.3330283623055785,0.01311590980353075,0.07074369048302562,-0.21652899321174748,0.0,1.0343434343434341,0.6219806763285023,0.0,0.0,-18.596334376396957,-18.596334376396957,0.5811354492624101,0.008811096243815144,0.07048876995047643,0.00860618702884582,13.991953509164064,-21.09968708091193,True
1579,2024-10-31T09:35:00+05:30,PE,50.5,15.032743,29.767807920792077,,0,24250.0,0.03712718122189679,9.0,0.0,0.0,0.0,5.098855359001047,-0.06163436187822256,-0.21590181715647933,-0.46848504009426595,0.0,1.0117994100294982,0.6375545851528386,0.0,0.0,-28.31683168316831,-28.31683168316831,-55.64356435643565,-0.20151808918773378,-0.15882183078255846,-0.10601872860030827,16.435643564356432,-59.900990099009896,False
1582,2024-10-31T09:50:00+05:30,PE,42.5,15.775391,37.11856705882353,,0,24300.0,0.04178700156650393,10.150000000001455,0.0,0.0,0.0,0.0,-0.014201446489364259,0.20151808918773378,-0.014818809185200878,-0.0,0.309368191721133,0.20915032679738554,0.0,0.0,0.0,-25.411764705882355,-25.411764705882355,0.042610390759920486,0.10662890054898577,0.20996424432427538,15.294117647058824,-27.764705882352942,True
1585,2024-10-31T10:05:00+05:30,PE,42.55,11.991459,28.182042303172743,,0,24300.0,0.08443336971519183,20.5,0.0,0.0,0.0,0.0,-0.049194263825340714,-0.042610390759920486,0.15882183078255846,0.0,0.426829268292683,0.9268292682926828,0.0,0.0,0.0,7.873090481786138,7.873090481786138,0.06404579995469128,0.05271937230997044,0.11532362692806689,17.50881316098708,-13.631022326674493,True
1588,2024-10-31T10:20:00+05:30,PE,25.3,9.202557,36.37374308300395,,0,24250.0,-0.0574927000756296,13.950000000000728,0.0,0.0,0.0,-27.50716332378223,0.04411779864554535,-0.06404579995469128,-0.10662890054898577,0.0,0.8763157894736842,0.06140350877192977,0.0,0.0,-4.545454545454554,-4.545454545454554,-1.9762845849802373,-0.011333686394836784,0.10344564673106474,0.016691429054211174,37.5098814229249,-17.98418972332016,True
1591,2024-10-31T10:35:00+05:30,PE,20.75,7.250216,34.9408,,0,24250.0,-0.06881858678765851,16.700000000000728,0.0,0.0,0.0,-16.330645161290324,0.030503765566201234,0.011333686394836784,-0.05271937230997044,-0.0,1.1794871794871797,0.2215189873417722,0.0,0.0,27.951807228915666,27.951807228915666,63.85542168674698,0.11476632587044049,0.06263727659715053,0.10693666629579106,74.45783132530121,-8.433734939759036,False
1594,2024-10-31T10:50:00+05:30,PE,35.5,8.612469,24.26047605633803,,0,24250.0,0.046000532203472756,11.150000000001455,0.0,0.0,0.0,4.411764705882353,0.010934057319207702,-0.11476632587044049,-0.10344564673106474,0.0,0.6970954356846469,0.9265306122448981,0.0,0.0,-17.6056338028169,-17.6056338028169,-34.647887323943664,-0.05218894460752658,-0.08684405407023399,0.001443962894273222,2.5352112676056295,-35.35211267605634,False
1597,2024-10-31T11:05:00+05:30,PE,26.0,6.885018,26.480838461538458,,0,24250.0,-0.006185184421582171,1.5,0.0,0.0,0.0,12.068965517241383,-0.05975438885683673,0.05218894460752658,-0.06263727659715053,-0.0,0.628787878787879,0.5,0.0,0.0,14.999999999999995,14.999999999999995,25.15384615384615,-0.03463703276086615,0.04432715502133889,0.05133703069913502,31.538461538461547,-13.653846153846155,False
1600,2024-10-31T11:20:00+05:30,PE,24.1,7.44431,30.889253112033195,,0,24250.0,-0.04080808247355288,9.900000000001455,0.0,0.0,0.0,-25.93730792870313,0.057741721280711374,0.03463703276086615,0.08684405407023399,-0.0,1.6295081967213108,0.16528925619834708,0.0,0.0,2.2821576763485356,2.2821576763485356,18.464730290456426,0.07893684640085678,0.08821141059939017,0.1568431856685432,32.9460580912863,-8.29875518672199,False
1603,2024-10-31T11:35:00+05:30,PE,31.85,6.085904,19.108018838304552,,0,24250.0,0.038158885348019346,9.25,0.0,0.0,0.0,11.558669001751316,-0.010518370023879887,-0.07893684640085678,-0.04432715502133889,0.0,0.9285714285714287,1.0,0.0,0.0,-12.558869701726843,-12.558869701726843,-5.8084772370486695,0.009281891030599301,0.007012984334233584,0.07982426286314799,8.634222919937205,-18.367346938775515,True
1668,2024-11-04T09:45:00+05:30,PE,226.15,0.0,,,3,24050.0,0.10030841716646845,24.099999999998545,0.0,14.972038637519075,14.972038637519075,13.728941413125478,-0.18217887597502486,-0.15998736723126275,-0.3705124350773828,93.58263028278289,1.164987405541562,0.9645015105740182,0.0,-0.33163829316825116,2.7415432235242045,6.942294936988719,12.845456555383587,0.06742723477580746,0.17189782692845182,0.41954723860501747,21.95445500773823,-12.712801238116295,False
1671,2024-11-04T10:00:00+05:30,PE,207.55,25.852977,12.4562645145748,,3,24000.0,-0.04040033819664855,9.700000000000728,0.0,12.43228602383533,12.43228602383533,2.216202905688254,-0.22544096044082537,-0.06742723477580746,-0.22730672694935555,184.38077825929128,0.7939529675251963,0.8855534709193247,0.0,5.034931341845333,10.744398940014445,14.21344254396531,26.061190074680784,0.10454108131297843,0.30529327730042133,0.6407826836653611,27.62707781257527,-14.141170802216344,False
1674,2024-11-04T10:15:00+05:30,PE,229.85,25.513684,11.100145312160105,,3,24000.0,0.0642078667144812,15.400000000001455,0.0,-1.1397849462365617,-1.1397849462365617,10.744398940014445,0.05130921939071042,-0.10454108131297843,-0.17189782692845182,-10.902746862013386,1.1537376586741885,0.7295197740112994,0.0,3.132477702849692,13.83075919077659,16.16271481400914,16.114857515771153,0.2009622841323061,0.248075848669563,0.6193557532750151,19.812921470524252,-3.2629976071350884,False
1677,2024-11-04T10:30:00+05:30,PE,236.65,22.36329,9.449942953729135,,3,23950.0,0.0568172323323413,13.599999999998545,0.0,0.40305473058974,0.40305473058974,14.489598451862612,0.00856509577240623,-0.2009622841323061,-0.30529327730042133,2.0056237533824195,0.8732572877059576,0.9465930018416205,0.0,2.0494401014155903,1.9437988590745803,3.4227762518487195,21.88886541305725,0.04720843568791844,0.33651676943902553,0.3124947778279228,24.21297274455947,-7.8808366786393425,False
1680,2024-11-04T10:45:00+05:30,PE,241.25,20.102627,8.332695129533677,,3,23950.0,0.10407480010533479,24.900000000001455,0.0,1.3017006088599596,1.3017006088599596,1.9437988590745803,0.0033438804897082566,-0.04720843568791844,-0.248075848669563,27.573474737971253,0.6400580551523948,0.8141891891891893,0.0,1.450777202072539,19.564766839378233,19.43626943005181,22.404145077720212,0.28944497619654674,0.3722032509790943,0.2716812050942316,29.88601036269431,-5.720207253886015,False
1683,2024-11-04T11:00:00+05:30,PE,234.8,18.527382,7.890707836456558,,3,23850.0,-0.02452228698620483,5.849999999998545,0.0,9.668379262027099,9.668379262027099,21.406411582213032,-0.12037044790367014,-0.28944497619654674,-0.33651676943902553,33.40316832951979,2.6344647519582285,0.9083119108826051,0.0,0.14906303236797033,3.3006814310051107,-4.791311754684838,-5.281090289608179,0.08299850979948009,-0.02410310259328425,-0.37978105999158357,9.923339011925048,-15.012776831345825,False
1686,2024-11-04T11:15:00+05:30,PE,242.55,20.051365,8.26689960832818,,3,23850.0,0.05852479752308259,13.950000000000728,0.0,0.28943560057887824,0.28943560057887824,3.3006814310051107,-0.04696558303368618,-0.08299850979948009,-0.3722032509790943,3.4872385212474173,0.5976214073339945,0.7726608187134503,0.0,-7.833436404864975,-8.307565450422596,-9.297052154195015,-8.493094207379931,-0.10719057897595984,-0.10089758999498354,-0.34737299174988845,5.5452484023912545,-17.728303442589155,False
1689,2024-11-04T11:30:00+05:30,PE,222.4,21.480442,9.65847212230216,,3,23850.0,-0.048613672176210085,11.599999999998545,0.0,0.31574199368516787,0.31574199368516787,-8.307565450422596,-0.02869897291194938,0.10719057897595984,0.02410310259328425,-2.9456132871152874,1.4145936981757854,0.3902647309991459,0.0,-1.0791366906474844,-0.20233812949641056,-1.933453237410077,-22.234712230215834,0.006286250712441747,-0.35559224863379735,-0.10162771985114159,3.866906474820141,-24.010791366906474,False
1692,2024-11-04T11:45:00+05:30,PE,221.95,18.992516,8.557114665465194,,3,23850.0,-0.04233008243887723,10.099999999998545,0.0,2.186924493554328,2.186924493554328,-0.20233812949641056,-0.04943050197094873,-0.006286250712441747,0.10089758999498354,347.890116635973,0.46893317702227455,0.525205158264947,0.0,-1.7346249155215112,-22.077044379364725,-16.377562514079745,-14.0572200946159,-0.3619012493661057,-0.2462269646816233,-0.030804564943156913,0.9011038522189683,-23.99189006533003,False
1695,2024-11-04T12:00:00+05:30,PE,217.3,23.250763,10.699844914864244,,3,23950.0,0.014824744377556057,3.5499999999992724,0.0,-16.145712742147094,-16.145712742147094,-20.678956013871137,0.24699162112322579,0.3619012493661057,0.35559224863379735,44.61358663565653,2.7340989399293294,0.052565180824222055,0.0,7.271053842613889,9.848136217211218,16.0607455131155,16.77404509894155,0.11525716755511645,0.2530646505014404,0.20859041736875708,20.61665899677865,-1.909802116889096,False
1698,2024-11-04T12:15:00+05:30,PE,214.0,19.855688,9.278358878504674,,3,23900.0,-0.07880813667880582,18.849999999998545,0.0,1.110323647531299,1.110323647531299,10.337715906161387,-0.020063828053005748,-0.11525716755511645,0.2462269646816233,9.633445546892672,0.4528795811518324,0.4095563139931741,0.0,5.724299065420561,6.378504672897199,8.855140186915882,13.037383177570097,0.13796649922550625,0.21489327455123394,0.179356448993149,14.392523364485987,-6.98598130841121,False
1701,2024-11-04T12:30:00+05:30,PE,227.65,16.975089,7.456661102569734,,3,23900.0,0.059240094030572316,14.150000000001455,0.0,-0.04390779363336743,-0.04390779363336743,6.378504672897199,0.0008373228277107369,-0.13796649922550625,-0.2530646505014404,-0.31824967568105167,0.872832369942196,0.8149350649350653,0.0,2.3281352954096124,6.259609048978695,7.775093345047217,-1.8449374039095177,0.07703305513514411,-0.044587067238559465,0.013397053066970989,9.81770261366132,-4.458598726114652,False
1704,2024-11-04T12:45:00+05:30,PE,216.45,16.4932,7.619866019866022,,3,23850.0,-0.07311212550985013,17.450000000000728,0.0,5.61112466455233,5.61112466455233,5.791788856304983,-0.07786971893636054,-0.07703305513514411,-0.21489327455123394,72.84047938522454,1.145413870246085,0.8865131578947363,0.0,2.055902055902064,-7.599907599907595,-8.893508893508894,-4.088704088704087,-0.12171388229575959,-0.03561335626554157,-0.11752407567628412,3.9270039270039274,-13.559713559713558,False
1707,2024-11-04T13:00:00+05:30,PE,223.45,17.27402,7.730597449093757,,3,23900.0,0.014646496348837695,3.5,0.0,-10.261044176706832,-10.261044176706832,-7.627118644067804,0.1613714477324168,0.12171388229575959,0.044587067238559465,84.30463298979264,1.0128205128205126,0.18307692307692272,0.0,-1.0740657865294148,3.6697247706422096,2.9313045424032276,0.6489147460282019,0.08599585713388685,0.05795827840896593,-0.10566400937375767,11.031550682479304,-6.466771089729241,False
1710,2024-11-04T13:15:00+05:30,PE,231.65,18.665255,8.057524282322468,,3,23900.0,0.10072897622921506,24.049999999999272,0.0,6.948291782086802,6.948291782086802,3.6697247706422096,-0.12444730754589908,-0.08599585713388685,0.03561335626554157,80.79798275943705,0.9403254972875225,0.5524390243902441,0.0,-0.7122814590977793,-2.9138786963090872,-1.230304338441612,-5.763004532700192,-0.028061710633506633,-0.08188155863954846,-0.20501802022537627,1.4461472048348778,-9.77768184761494,False
1713,2024-11-04T13:30:00+05:30,PE,224.9,16.087891,7.153353045798132,,3,23900.0,0.07264687963855998,17.349999999998545,0.0,-2.4083315252766253,-2.4083315252766253,-2.9138786963090872,0.05278581318431333,0.028061710633506633,-0.05795827840896593,85.82269116555553,0.5807692307692306,0.6115384615384618,0.0,1.7341040462427773,-2.9346376167185393,-3.0457981325033323,-9.515340151178304,-0.05380474947293765,-0.16371717543906786,-0.2815851674751336,2.51222765673633,-11.31614050689196,False
1716,2024-11-04T13:45:00+05:30,PE,218.3,14.921051,6.835112688960146,,3,23900.0,0.018831997656462516,4.5,0.0,-3.684094418707255,-3.684094418707255,-2.9346376167185393,0.055271058482645005,0.05380474947293765,0.08188155863954846,68.47154674626366,1.0596026490066228,0.19897959183673505,0.0,-0.11452130096197893,-6.7796610169491585,-10.398534127347695,-9.230416857535504,-0.109853319662698,-0.12303571802222786,-0.3726643091795496,4.993128721942271,-15.437471369674766,False
1719,2024-11-04T14:00:00+05:30,PE,203.5,15.556664,7.644552334152334,,3,23900.0,-0.09092144178415042,21.75,0.0,-0.9973242520068164,-0.9973242520068164,-6.7796610169491585,0.030316335277760353,0.109853319662698,0.16371717543906786,9.078690157649097,1.6000000000000014,0.1308562197092087,0.0,-3.8820638820638846,-2.628992628992626,-7.223587223587217,-6.781326781326786,-0.013167932948055452,-0.11767533729765361,-0.29262073217887485,7.395577395577401,-11.449631449631454,False
1794,2024-11-05T14:00:00+05:30,CE,172.25,17.109445,9.932914368650218,,2,24150.0,0.0641410274978792,15.5,0.0,15.071147037210237,15.071147037210237,27.498149518874914,0.16829085301907382,0.3277762900872094,0.3850819181815191,45.97997931211056,1.8549069373942468,0.9883093525179855,0.0,-4.78955007256894,-0.8998548621190197,-4.52830188679246,3.1059506531204613,0.077796859158715,0.13366162504396464,0.21538970846868166,7.634252539912921,-15.732946298984032,True
1797,2024-11-05T14:15:00+05:30,CE,145.55,14.233116,9.778849879766403,,2,24200.0,-0.0649181493779052,15.700000000000728,0.0,5.052327679538073,5.052327679538073,-1.0537049626104575,0.08359508527112837,0.077796859158715,0.4058281489046792,64.9425662446181,0.48035943517329927,0.8526682134570768,0.0,-3.5726554448643193,4.046719340432832,6.389556853315,-0.1717622810030917,0.05582133863704966,0.022121789756173148,0.0926220729977773,13.019580900034345,-7.420130539333569,False
1800,2024-11-05T14:30:00+05:30,CE,151.44,14.38931,9.501657422081353,,2,24200.0,-0.009091735612331401,2.2000000000007276,0.0,0.8591408591408538,0.8591408591408538,4.046719340432832,0.019427026714231445,0.05582133863704966,0.13366162504396464,15.390903910903814,1.2292891501870653,0.7168106834249801,0.0,2.251716851558371,-4.054410987849965,-2.4762282091917593,-0.950871632329634,-0.033680747836571164,0.0816189901561299,0.2690327219829992,8.623877443211834,-8.77575277337559,True
1803,2024-11-05T14:45:00+05:30,CE,145.3,13.970362,9.614839642119751,,2,24200.0,-0.04278689439491081,10.349999999998545,0.0,-3.0363697030363586,-3.0363697030363586,-4.054410987849965,-0.052267759675724286,-0.033680747836571164,0.022121789756173148,90.15149300632255,1.1456521739130432,0.3344887348353556,0.0,1.6448726772195363,3.234686854783199,3.7095664143152005,1.3420509291121738,0.11533858489063634,0.07048469076650249,0.5653244259425001,7.1231933929800375,-4.576737783895393,False
1806,2024-11-05T15:00:00+05:30,CE,150.0,12.817242,8.544828,,2,24200.0,0.07246810680683749,17.549999999999272,0.0,5.337078651685389,5.337078651685389,3.234686854783199,0.11658023055601217,0.11533858489063634,0.0816189901561299,46.273141436111686,0.6451612903225807,0.4497153700189752,0.0,0.4599999999999985,-1.8333333333333333,-3.166666666666667,8.76666666666667,-0.044802219877727284,0.18726089137836893,0.6908213258566588,26.633333333333326,-7.933333333333337,True
1809,2024-11-05T15:15:00+05:30,CE,147.25,11.667766,7.923779966044142,,2,24200.0,0.02767828741629684,6.700000000000728,0.0,1.2723521320495146,1.2723521320495146,-1.8333333333333333,-0.004130917022269773,-0.044802219877727284,0.07048469076650249,-28.399310023520606,0.8529411764705882,0.5058823529411761,0.0,-1.3582342954159592,10.79796264855688,6.383701188455013,24.27843803056027,0.23216712728294533,0.49449119458662566,0.803496552607336,35.78947368421052,-12.73344651952462,False
1812,2024-11-06T09:15:00+05:30,CE,136.5,0.0,,,1,24250.0,0.05316759332149683,12.900000000001455,0.0,,,,0.26758243915340635,0.23216712728294533,0.18726089137836893,,,,0.0,-4.073260073260075,10.989010989010989,15.054945054945062,26.923076923076923,0.2617164477453231,0.5026192252368723,0.46284656821731646,34.798534798534796,-22.71062271062271,False
1815,2024-11-06T09:30:00+05:30,CE,100.75,0.0,,,1,24350.0,-0.09701394369902058,23.599999999998545,0.0,-7.313707451701934,-7.313707451701934,7.40938166311301,-0.07168134867737473,0.2617164477453231,0.49449119458662566,-27.945157878724228,,,0.0,4.168734491315139,15.632754342431761,8.53598014888337,30.074441687344926,0.240273941068128,0.30748487240199646,-0.055084188371487174,35.7816377171216,-15.533498759305218,False
1818,2024-11-06T09:45:00+05:30,CE,92.65,0.0,,,1,24400.0,-0.06212873977080629,15.150000000001455,0.0,9.386068476977572,9.386068476977572,15.595757953836555,0.15792889297800533,0.240273941068128,0.5026192252368723,39.06403014514262,0.8724928366762172,0.8838028169014087,0.0,-6.152185644900165,13.707501349163506,17.161359956826757,4.695089044792223,0.06704982806948652,-0.03957375173518729,-0.3282775985909254,25.04047490555854,-12.034538586076637,False
1821,2024-11-06T10:00:00+05:30,CE,105.35,17.974483,17.061682961556716,,1,24400.0,0.004917790928317982,1.2000000000007276,0.0,18.972332015810274,18.972332015810274,13.707501349163506,0.18640323865363262,0.06704982806948652,0.30748487240199646,282.9586974652412,0.9293924466338263,0.8956623681125438,0.0,3.0374940673944026,-7.925961082107256,-15.851922164214512,-37.20930232558139,-0.10655213678015835,-0.36145763323115554,-0.1979410848646758,9.966777408637874,-49.691504508780255,False
1824,2024-11-06T10:15:00+05:30,CE,97.0,16.593181,17.106372164948453,,1,24400.0,-0.10174275493123859,24.799999999999272,0.0,-1.921132457027306,-1.921132457027306,-7.925961082107256,-0.016612488078998625,-0.10655213678015835,-0.03957375173518729,18.02997588862104,0.8692579505300352,0.4512372634643378,0.0,-8.608247422680407,-31.8041237113402,-22.37113402061856,-33.092783505154635,-0.2551773934162621,-0.28881814303062725,-0.07815320489677735,7.731958762886598,-45.36082474226804,False
1827,2024-11-06T10:30:00+05:30,CE,103.7,22.840919,22.025958534233364,,1,24300.0,0.05346933739151894,13.0,0.0,-11.8946474086661,-11.8946474086661,-30.820547031354238,-0.048510162467930974,-0.2551773934162621,-0.36145763323115554,46.61324911828208,1.9771241830065363,0.17005988023952098,0.0,12.825458052073285,0.9643201542912248,26.509161041465763,20.395371263259392,-0.033726812816191866,0.16410973553243718,0.3132069263357112,36.258437801350055,-13.693346190935394,False
1830,2024-11-06T10:45:00+05:30,CE,104.7,20.579655,19.65583094555874,,1,24300.0,0.01974918534610148,4.799999999999272,0.0,-0.9929078014184369,-0.9929078014184369,0.9643201542912248,0.02201695923158156,-0.033726812816191866,-0.28881814303062725,29.43971631205404,0.3190082644628099,0.2512396694214877,0.0,25.300859598853865,19.24546322827124,20.296084049665712,17.908309455587393,0.19790329482243088,0.21127513906718914,0.3637141634574301,34.9570200573066,-2.8653295128939824,False
1833,2024-11-06T11:00:00+05:30,CE,100.55,18.026571,17.927967180507213,,1,24350.0,0.01190823269508541,2.900000000001455,0.0,-3.917821309125665,-3.917821309125665,21.290711700844376,-0.03407057123622511,0.19790329482243088,0.16410973553243718,-19.79664518794868,1.9939759036144582,0.593655589123867,0.0,0.29835902536051434,-1.442068622575836,2.436598707110893,16.310293386374944,0.013345433192761436,0.14885290868849296,0.35663103778194194,18.89607160616609,-5.121829935355536,True
1836,2024-11-06T11:15:00+05:30,CE,99.1,14.205053,14.334059535822401,,1,24350.0,0.02525029612644632,6.150000000001455,0.0,-5.932605600379687,-5.932605600379687,-1.442068622575836,-0.05293599873609278,0.013345433192761436,0.21127513906718914,-444.54200284765074,0.35347432024169156,0.5498489425981871,0.0,3.9354187689202886,18.012108980827456,12.008072653884971,15.186680121089822,0.1354893938491921,0.15211763763977176,0.24347033500778764,22.098890010090823,-1.9677093844601299,False
1839,2024-11-06T11:30:00+05:30,CE,92.95,11.609971,12.49055513717052,,1,24400.0,-0.04448699524173062,10.849999999998545,0.0,17.732742241925266,17.732742241925266,19.47300771208227,0.1116495190245474,0.1354893938491921,0.14885290868849296,130.879190895657,1.9731182795698925,0.9030612244897963,0.0,-5.594405594405597,-2.2592791823561145,21.30177514792899,24.045185583647115,0.016605744767649845,0.20746930499832317,0.18860845908939014,34.158149542764924,-16.352877891339432,True
1842,2024-11-06T11:45:00+05:30,CE,90.85,10.65517,11.728310401761146,,1,24400.0,-0.027876621353488975,6.799999999999272,0.0,-0.2196595277320185,-0.2196595277320185,-2.2592791823561145,0.00594463291892024,0.016605744767649845,0.15211763763977176,-13.227923878484745,0.6539509536784743,0.712158808933002,0.0,24.105668684645025,26.912493120528346,22.61970280682445,5.72372041827188,0.19083187117721032,0.09121394486988177,0.10802190774477537,37.259218492019826,-4.788112272977429,False
1845,2024-11-06T12:00:00+05:30,CE,90.45,10.759825,11.89588170259812,,1,24450.0,-0.04193987254370442,10.25,0.0,-3.827751196172243,-3.827751196172243,28.589707136764286,0.015755507265942915,0.19083187117721032,0.20746930499832317,-20.05823855606235,3.0150753768844214,0.7451564828614009,0.0,-3.8142620232172497,-18.51851851851852,-24.378109452736314,-7.352128247650641,-0.09942818564019383,-0.018821796458632127,-0.05073701654068251,6.135986733001655,-30.34825870646766,False
1848,2024-11-06T12:15:00+05:30,CE,96.05,12.793029,13.31913482561166,,1,24400.0,0.06327960369356586,15.450000000000728,0.0,-7.732949087415944,-7.732949087415944,-16.695576756287945,-0.03193678155036399,-0.09942818564019383,0.09121394486988177,77.77421500377757,0.6896067415730338,0.19522471910112363,0.0,-7.1317022384174855,12.597605413846964,15.356585111920875,7.444039562727752,0.08068661441833236,0.016792645640357005,0.1372082021834535,18.63612701717856,-14.263404476834985,False
1851,2024-11-06T12:30:00+05:30,CE,83.8,10.745358,12.822622911694511,,1,24450.0,-0.06077310759294927,14.849999999998545,0.0,8.198837959974169,8.198837959974169,13.704206241519667,0.035412359527568237,0.08068661441833236,-0.018821796458632127,101.61335952783955,0.9949448529411772,0.7147766323024055,0.0,3.102625298329366,-4.5346062052505935,-9.498806682577559,-0.9546539379474906,-0.06384245646129523,-0.03192122823065506,0.13423285717500924,6.563245823389022,-14.677804295942718,False
1854,2024-11-06T12:45:00+05:30,CE,103.2,11.727296,11.363658914728683,,1,24400.0,0.08005880534243781,19.549999999999272,0.0,2.73768043802887,2.73768043802887,-4.576976421636618,-0.010236650895399853,-0.06384245646129523,0.016792645640357005,-42.88181548416141,0.6711026615969581,0.6598101265822786,0.0,-5.087209302325581,3.343023255813956,5.959302325581387,6.2984496124031,0.03194162054583018,0.120395338980454,0.19431152498715468,22.96511627906977,-9.786821705426364,False
1857,2024-11-06T13:00:00+05:30,CE,83.0,9.864671,11.88514578313253,,1,24450.0,-0.09272393444234212,22.650000000001455,0.0,-0.41991601679663393,-0.41991601679663393,3.75,-0.016372406764259856,0.03194162054583018,-0.03192122823065506,-13.146359189701537,0.9838709677419355,0.6460674157303372,0.0,2.289156626506031,1.8674698795180689,4.6987951807228985,10.843373493975903,0.08842547390528316,0.166207140766404,0.18524318028766937,19.879518072289155,-7.83132530120482,False
1860,2024-11-06T13:15:00+05:30,CE,84.55,10.596331,12.532620934358368,,1,24450.0,-0.004294662960983079,1.0499999999992724,0.0,-5.636160714285712,-5.636160714285712,1.8674698795180689,-0.03393676721626214,0.08842547390528316,0.120395338980454,-63.7391066778209,1.1744262295081964,0.46607142857142847,0.0,2.7794204612655338,8.811354228267302,16.972205795387353,7.569485511531646,0.0777129488178429,0.07382730137694778,0.23375236973366062,18.273211117681846,-6.978119455943219,False
1863,2024-11-06T13:30:00+05:30,CE,92.0,10.013138,10.883845652173912,,1,24450.0,0.07336127464704124,17.950000000000728,0.0,3.7204058624577194,3.7204058624577194,8.811354228267302,0.057045882064286936,0.0777129488178429,0.166207140766404,47.87369311101877,0.907314349525405,0.6402877697841726,0.0,7.500000000000007,-1.1413043478260838,9.347826086956514,3.369565217391298,-0.00388263013452589,0.01900445276370851,0.19883153267845413,16.521739130434785,-6.630434782608689,True
1866,2024-11-06T13:45:00+05:30,CE,90.95,10.292199,11.316326553051127,,1,24450.0,0.06948134221604611,17.0,0.0,-1.9407008086253337,-1.9407008086253337,-1.1413043478260838,0.006744232148738747,-0.00388263013452589,0.07382730137694778,499.84179316176704,0.8676923076923073,0.5761124121779859,0.0,10.610225398570632,4.562946673996692,13.0841121495327,26.333150082462893,0.02288797155351512,0.15980708709690009,-0.018187763109497393,29.631665750412317,-1.8141836173721886,False
1869,2024-11-06T14:00:00+05:30,CE,95.1,11.097987,11.669807570977918,,1,24450.0,0.09234817714504608,22.599999999998545,0.0,-7.083536883243771,-7.083536883243771,4.562946673996692,-0.06431629734138886,0.02288797155351512,0.01900445276370851,-309.4873159328043,1.2198581560283694,0.4319248826291075,0.0,8.149316508937961,20.820189274447962,38.27549947423765,22.450052576235553,0.1368877847061612,0.1797929112558535,0.07109992399663892,52.47108307045216,-1.7350157728706537,False
1872,2024-11-06T14:15:00+05:30,CE,88.2,9.759621,11.065329931972787,,1,24500.0,0.024891761643013557,6.099999999998545,0.0,18.54838709677419,18.54838709677419,23.633305298570225,0.08740152013297209,0.1368877847061612,0.15980708709690009,135.50067404910922,1.295205479452055,0.8787878787878789,0.0,16.553287981859405,2.3809523809523747,-16.848072562358276,-22.233560090702948,0.04284647495929585,-0.17771085566450506,-0.08283651825463569,30.328798185941043,-36.11111111111111,False
1875,2024-11-06T14:30:00+05:30,CE,90.3,11.809057,13.077582502768548,,1,24500.0,0.0677092255859236,16.599999999998545,0.0,-6.035379812695107,-6.035379812695107,2.3809523809523747,-0.02140947766991479,0.04284647495929585,0.1797929112558535,-140.8605916456072,1.4331041776837659,0.42487167522165176,0.0,-18.781838316722034,-24.042081949058687,-26.9656699889258,-19.76744186046511,-0.22046287005538806,-0.10849791569792935,-0.2530938221449927,11.572535991140647,-37.596899224806194,False
1878,2024-11-06T14:45:00+05:30,CE,90.25,15.575277,17.25792465373961,,1,24450.0,0.0513029099582802,12.549999999999272,0.0,-2.273957769355706,-2.273957769355706,-22.498926577930444,-0.03391790640700782,-0.22046287005538806,-0.17771085566450506,10.314470499202008,1.417405582922824,0.21403962101636517,0.0,-4.930747922437676,4.875346260387818,-1.9390581717451523,-2.7146814404432162,0.11221234090477374,0.0950432395641501,-0.41430676687425694,12.13296398891967,-13.407202216066475,False
1881,2024-11-06T15:00:00+05:30,CE,72.45,12.425508,17.15045962732919,,1,24500.0,-0.04083299305839118,10.0,0.0,13.915094339622645,13.915094339622645,5.627642513485929,0.10239138032164086,0.11221234090477374,-0.10849791569792935,124.00680912121199,0.4922644163150492,0.45288326300984527,0.0,-7.5224292615597,-8.088336783988957,-6.280193236714972,-38.026224982746726,-0.017149857084527265,-0.1447529603919997,-0.5024499795835005,7.660455486542439,-55.83160800552105,False
1884,2024-11-06T15:15:00+05:30,CE,66.59,11.042923,16.583455473794864,,1,24500.0,-0.05799279582452167,14.200000000000728,0.0,8.100649350649354,8.100649350649354,-8.088336783988957,0.05782201036708933,-0.017149857084527265,0.0950432395641501,-472.3450061842103,0.7914285714285715,0.4041775456919061,0.0,1.9672623517044634,-32.57245832707614,-44.51118786604595,-67.41252440306353,-0.12762499081100065,-0.5088663633616158,-1.081647322121387,6.622616008409665,-71.46718726535516,False
1887,2024-11-07T09:15:00+05:30,CE,64.2,15.060143,23.458166666666667,,0,24450.0,0.018605944497033365,4.549999999999272,0.0,-30.141458106637653,-30.141458106637653,-26.87927107061503,-0.16065224402811384,-0.12762499081100065,-0.1447529603919997,236.17206877040266,2.689855072463768,0.36065573770491804,0.0,-22.429906542056084,-53.27102803738318,-61.60436137071651,-51.71339563862929,-0.3817285535820473,-0.35821554680007833,-0.9636243562036424,22.35202492211837,-63.2398753894081,False
1899,2024-11-07T10:15:00+05:30,PE,48.7,13.310041,27.3306796714579,,0,24200.0,-0.07803822634389446,18.900000000001455,0.0,-3.2770605759682194,-3.2770605759682194,-21.70418006430868,-0.01176628443443824,-0.008463747293146109,-0.6075852743162328,-387.1879041830518,0.5411785277146355,0.6048657718120806,0.0,-24.4558521560575,3.5934291581108826,-19.609856262833684,-28.644763860369615,0.13109596224436287,0.048928729215621615,0.1021929154503301,17.86447638603695,-41.47843942505134,False
1902,2024-11-07T10:30:00+05:30,PE,50.45,14.257356,28.26036868186323,,0,24200.0,0.05312738375541783,12.849999999998545,0.0,3.2753326509723673,3.2753326509723673,3.5934291581108826,-0.03306447779823642,-0.13109596224436287,-0.13954861390655307,24.984237461617216,0.7447495961227785,0.424802110817942,0.0,-22.398414271556003,-31.1199207135778,-41.52626362735382,-58.27552031714569,-0.08227509235274853,-0.21478346973495052,-0.12217231050371488,10.901883052527255,-66.6005946481665,False
1905,2024-11-07T10:45:00+05:30,PE,34.75,13.055626,37.57014676258993,,0,24200.0,-0.02912374700758363,7.049999999999272,0.0,-9.387222946544984,-9.387222946544984,-31.1199207135778,0.0018589971330163163,0.08227509235274853,-0.048928729215621615,114.09556255856805,0.9414316702819959,0.21626297577854672,0.0,-15.107913669064748,-39.42446043165467,-17.985611510791365,49.64028776978417,-0.13239944561604688,0.05329026048195802,-0.011566878244144877,49.64028776978417,-51.510791366906474,True
1908,2024-11-07T11:00:00+05:30,PE,45.0,14.871263,33.047251111111116,,0,24250.0,0.04496866632837628,10.900000000001455,0.0,3.0927835051546424,3.0927835051546424,-33.23442136498517,-0.05607623068772624,0.13239944561604688,0.21478346973495052,-23.359489843511817,1.1005692599620494,0.1175824175824176,0.0,27.44444444444445,95.55555555555556,69.0,29.666666666666668,0.18544417903303792,0.09241267208765103,0.16894191616024148,105.77777777777777,-11.888888888888891,False
1911,2024-11-07T11:15:00+05:30,PE,52.0,12.560411,24.15463653846154,,0,24200.0,0.024179398738945344,5.849999999998545,0.0,93.66852886405958,93.66852886405958,147.0308788598575,-0.1611425647458828,-0.18544417903303792,-0.05329026048195802,505.10363470277497,1.6976127320954906,1.0,0.0,-20.384615384615387,-46.73076923076923,-52.11538461538462,-48.46153846153846,-0.09320434898518556,-0.06489171969255828,-0.014052983882458433,6.730769230769231,-58.269230769230774,False
1914,2024-11-07T11:30:00+05:30,PE,27.7,12.658881,45.69993140794224,,0,24200.0,-0.06896067589721443,16.700000000000728,0.0,-12.755905511811024,-12.755905511811024,-46.73076923076923,0.0037165817358974524,0.09320434898518556,-0.09241267208765103,136.8595527000411,0.9515625,0.21690140845070421,0.0,-10.108303249097476,-3.2490974729241824,-6.137184115523463,0.7220216606498169,0.028286265263236455,0.07660003220917497,0.002271159984635695,16.78700361010831,-24.00722021660649,True
1917,2024-11-07T11:45:00+05:30,PE,26.8,10.187655,38.013638059701485,,0,24200.0,-0.04068591916099664,9.849999999998545,0.0,5.7199211045364855,5.7199211045364855,-3.2490974729241824,-0.032620701758014084,-0.028286265263236455,0.06489171969255828,202.21549403238623,0.3070607553366175,0.1508875739644971,0.0,-2.9850746268656745,4.104477611940291,-14.738805970149253,-8.768656716417915,0.04832743697295559,0.05080576707414243,-0.08364364091475164,18.656716417910445,-24.44029850746269,False
1920,2024-11-07T12:00:00+05:30,PE,27.9,8.729388,31.288129032258066,,0,24200.0,0.007645212547234167,1.8499999999985448,0.0,14.814814814814806,14.814814814814806,4.104477611940291,-0.03077800178469895,-0.04832743697295559,-0.07660003220917497,306.55080721754996,0.855614973262032,0.6849999999999998,0.0,-18.10035842293906,-12.36559139784946,-43.548387096774185,-48.387096774193544,0.002479528393708539,-0.07438585181098555,-0.06694726662987496,13.978494623655921,-58.06451612903226,False
1923,2024-11-07T12:15:00+05:30,PE,24.45,7.557255,30.90901840490797,,0,24200.0,0.010124991992994034,2.4500000000007276,0.0,3.6016949152542286,3.6016949152542286,-12.36559139784946,-0.005372156114853691,-0.002479528393708539,-0.05080576707414243,1452.572563554034,1.44375,0.36363636363636354,0.0,-35.58282208588957,-41.104294478527606,-56.44171779141104,-66.87116564417178,-0.07686728615087966,-0.13451775076402062,-0.039673438013361616,8.793456032719845,-68.71165644171778,False
1926,2024-11-07T12:30:00+05:30,PE,14.4,6.814059,47.31985416666667,,0,24200.0,-0.06669103057257844,16.150000000001455,0.0,6.273062730627303,6.273062730627303,-41.104294478527606,-0.024357971352539597,0.07686728615087966,0.07438585181098555,-81.60900488036177,1.29004329004329,0.13432835820895528,0.0,-26.041666666666668,-43.75000000000001,-31.944444444444443,-37.15277777777777,-0.05760618430261247,0.007433056039060339,0.08837077735313605,1.7361111111111112,-53.47222222222222,True
1929,2024-11-07T12:45:00+05:30,PE,38.7,9.047357,23.3781834625323,,0,24250.0,0.08212925245872471,19.900000000001455,0.0,-2.3959646910466477,-2.3959646910466477,-25.433526011560687,-0.005777603532597879,0.05760618430261247,0.13451775076402062,41.5921436222949,0.6584269662921348,0.02972027972027977,0.0,10.46511627906976,13.178294573643395,8.010335917312645,21.834625322997404,0.06500179528767938,0.09471690170489222,0.14382936925558934,26.227390180878547,-11.395348837209312,False
1932,2024-11-07T13:00:00+05:30,PE,9.05,4.555294,50.33474033149171,,0,24200.0,-0.05926237953939934,14.349999999998545,0.0,-0.5494505494505377,-0.5494505494505377,11.728395061728408,-0.009497597727195587,-0.06500179528767938,-0.007433056039060339,-8.452851909994585,0.6350364963503651,0.3012820512820514,0.0,-11.602209944751388,11.602209944751369,-2.7624309392265194,3.314917127071811,0.02973443433334816,0.08094373790747447,0.009704988983799049,33.14917127071823,-30.38674033149172,False
2061,2024-11-11T11:15:00+05:30,CE,141.85,13.622119,9.603185759605216,,3,24300.0,0.07299195032435156,17.75,0.0,3.2086728754365517,3.2086728754365517,22.284482758620687,0.03332010127664752,0.18353575136364084,0.3443466491708064,17.482549593725654,2.0697674418604644,0.8552631578947367,0.0,-1.1702502643637622,-1.5861825872400421,-3.947832217130768,-5.534014804370811,-0.0074020005962692785,-0.014598390064867319,-0.3402864163008502,8.565385971096234,-7.867465632710608,False
2064,2024-11-11T11:30:00+05:30,CE,139.6,12.280256,8.796744985673351,,3,24300.0,0.06559480505594363,15.950000000000728,0.0,4.2958535674262235,4.2958535674262235,-1.5861825872400421,0.01912690806333456,-0.0074020005962692785,0.17612016544996126,-580.3638504962292,0.3457865168539327,0.7359550561797751,0.0,-2.3997134670487066,-4.011461318051572,-9.742120343839538,-17.908309455587393,-0.007196922184821074,-0.14476094908897544,-0.36005173558918846,10.315186246418342,-23.638968481375358,False
2067,2024-11-11T11:45:00+05:30,CE,134.0,13.548228,10.110617910447761,,3,24300.0,0.05840208602380801,14.200000000000728,0.0,-11.223002517556644,-11.223002517556644,-4.011461318051572,-0.07192263590295786,-0.007196922184821074,-0.014598390064867319,1559.4169603816085,1.6409423233143774,0.14199914199914207,0.0,-5.970149253731343,-14.477611940298512,-24.2910447761194,-30.111940298507456,-0.1375739279926986,-0.32573557838629574,-0.32882019560586295,14.134328358208952,-32.16417910447761,False
2070,2024-11-11T12:00:00+05:30,CE,114.6,13.705973,11.959836823734731,,3,24300.0,-0.0792809118334483,19.25,0.0,-3.2503165892781833,-3.2503165892781833,-14.477611940298512,-0.02964432980140657,-0.1375739279926986,-0.14476094908897544,23.625963412563795,1.4108910891089117,0.16877637130801687,0.0,-11.47469458987783,-18.280977312390917,-25.34904013961605,-22.905759162303667,-0.18842086838339012,-0.21560289529770926,-0.19295120620243833,7.0680628272251385,-29.930191972076788,False
2073,2024-11-11T12:15:00+05:30,CE,117.15,14.98444,12.790815194195474,,3,24250.0,-0.061893955023726015,15.0,0.0,-7.427894112998808,-7.427894112998808,-17.061946902654864,-0.07668964607315427,-0.18842086838339012,-0.32573557838629574,39.42182294736521,0.9127214170692438,0.06534653465346557,0.0,-8.621425522833981,-5.591122492530952,2.00597524541186,-3.926589842082807,-0.02723334021043344,-0.003094697751186301,-0.1885702496389549,11.096884336320956,-13.14553990610329,False
2156,2024-11-12T12:55:00+05:30,PE,112.6,17.839742,15.843465364120785,,2,24000.0,-0.02874173675069024,6.900000000001455,0.0,1.3501350135013503,1.3501350135013503,31.77296664716207,-0.010829046835621503,-0.17941750640850151,-0.39519295996415255,7.5251018728759655,1.4613003095975237,0.7377049180327866,0.0,-11.323268206039076,2.1314387211367727,17.984014209591475,14.92007104795738,0.05415109822592671,0.1747414285059742,0.2484702314751236,30.81705150976911,-17.58436944937833,False
2159,2024-11-12T13:10:00+05:30,PE,115.0,17.635539,15.335251304347826,,2,24000.0,0.025423128378456793,6.099999999998545,0.0,9.159943046986243,9.159943046986243,2.1314387211367727,-0.07808384330758995,-0.05415109822592671,-0.23347144808429846,169.15525902668773,0.55614406779661,0.6440677966101693,0.0,15.521739130434778,12.521739130434787,24.434782608695645,27.991304347826084,0.12065566664860954,0.268609938359336,0.20776113928957848,37.391304347826086,-9.956521739130437,False
2162,2024-11-12T13:25:00+05:30,PE,103.5,16.416846,15.861686956521739,,2,23950.0,-0.06238277150588976,14.950000000000728,0.0,5.0761421319796955,5.0761421319796955,13.36254107338445,-0.030451876649039082,-0.12065566664860954,-0.1747414285059742,42.07131146822265,1.2074758504829903,0.6495037220843671,0.0,12.80193236714976,15.507246376811592,3.768115942028991,3.1884057971014466,0.14813300257250694,0.07385786325446424,0.1817237256910583,24.154589371980677,-13.140096618357482,False
2165,2024-11-12T13:40:00+05:30,PE,119.55,16.59508,13.881288163948138,,2,23950.0,0.08587744390280291,20.549999999999272,0.0,3.8662033014769794,3.8662033014769794,15.507246376811592,0.016509581826924108,-0.14813300257250694,-0.268609938359336,26.099540509783303,1.0382608695652171,0.7567934782608695,0.0,-10.163111668757836,-10.664993726474279,-7.695524884985365,-11.710581346716856,-0.07438532853868046,-0.061012685205880386,-0.06143058031003941,7.486407360936849,-24.801338352153905,False
2168,2024-11-12T13:55:00+05:30,PE,106.8,17.819625,16.68504213483146,,2,23950.0,0.011483573270417272,2.75,0.0,8.757637474541745,8.757637474541745,-10.664993726474279,-0.07448331114828874,0.07438532853868046,-0.07385786325446424,-117.73339778942783,1.0351758793969847,0.437823834196891,0.0,3.323970037453181,-1.1704119850187267,-7.443820224719104,8.567415730337084,0.013362703441943135,0.10794558874191627,0.08643998789005304,12.406367041198502,-17.602996254681646,True
2171,2024-11-12T14:10:00+05:30,PE,105.55,16.579725,15.707934628138323,,2,23950.0,0.024849597290352837,5.950000000000728,0.0,-1.5850815850815876,-1.5850815850815876,-1.1704119850187267,0.003341233959463617,-0.013362703441943135,0.061012685205880386,-118.61982808855132,0.6100323624595474,0.5064724919093849,0.0,-6.347702510658458,9.853150165798205,-12.31643770724775,-4.216011369019425,0.09459552581955775,-0.0004176402906032304,0.30592151286018865,13.737565135007108,-22.16958787304594,False
2174,2024-11-12T14:25:00+05:30,PE,91.4,15.013809,16.426486870897154,,2,23900.0,-0.08945964701063255,21.400000000001455,0.0,24.01628222523745,24.01628222523745,10.989678202792971,-0.15630967262617818,-0.09459552581955775,-0.10794558874191627,253.88391276611574,1.67381974248927,0.8791208791208792,0.0,-21.77242888402626,-13.741794310722103,-17.067833698030643,-2.5711159737418035,-0.09510312941550243,-0.021528840285258456,0.327949033083351,3.610503282275708,-30.743982494529547,False
2177,2024-11-12T14:40:00+05:30,PE,101.1,18.469868,18.268909990108806,,2,23950.0,0.024431854962479536,5.849999999998545,0.0,-1.74927113702625,-1.74927113702625,-12.807244501940499,-0.006890561183998101,0.09510312941550243,0.0004176402906032304,18.39341300099329,1.095163806552262,0.49999999999999983,0.0,-3.1651829871414328,13.20474777448072,13.402571711177064,39.713155291790315,0.0735043841606496,0.30633787376040567,0.6003554104029585,49.604352126607324,-8.951533135509395,False
2180,2024-11-12T14:55:00+05:30,PE,114.45,16.774,14.656181738750545,,2,23950.0,0.09800827950540603,23.450000000000728,0.0,12.20588235294118,12.20588235294118,13.20474777448072,-0.06995693993726847,-0.0735043841606496,0.021528840285258456,166.05652155746608,0.6381766381766384,0.9202279202279203,0.0,0.1747487986020121,23.416339012669283,21.450415028396677,37.177806902577544,0.23300475831241865,0.34940265102991674,0.7144782678656167,39.27479248580166,-16.03320227173439,False
2189,2024-11-13T09:25:00+05:30,PE,113.05,0.0,,,1,23800.0,-0.001680644022795647,0.4000000000014552,0.0,39.5679012345679,39.5679012345679,,-0.2470729504366091,-0.1784594607630317,-0.29492099133668676,221.71926926927307,,,0.0,7.430340557275547,18.47854931446263,38.876603272888104,-1.4153029632905745,0.18823213055243992,0.02731046537032991,0.29999495806793774,46.439628482972154,-32.640424590888976,False
2192,2024-11-13T09:40:00+05:30,PE,109.65,0.0,,,1,23750.0,-0.023573389011426967,5.599999999998545,0.0,14.278269932256386,14.278269932256386,22.377232142857157,-0.12045786602479143,-0.18823213055243992,-0.366355673270305,75.85458386063678,1.253012048192771,0.9383145091225022,0.0,17.875056999543997,-19.1062471500228,-3.146374829001371,21.84222526219789,-0.16122514270320645,0.25699203556213807,0.20816144403844605,28.308253533971715,-22.207022343821254,True
2195,2024-11-13T09:55:00+05:30,PE,111.45,33.073747,29.675860924181247,,1,23800.0,0.02563682288316982,6.099999999998545,0.0,-13.504074505238645,-13.504074505238645,-16.79110049275795,0.0921251892983403,0.16122514270320645,-0.02731046537032991,83.75911026543675,1.0645933014354068,0.3357888275015347,0.0,18.079856437864507,47.95872588604755,36.38402871242709,26.5589950650516,0.4175439923678009,0.27275898444559926,0.24523092053006096,57.6491700314042,-2.960969044414533,False
2198,2024-11-13T10:10:00+05:30,PE,107.95,23.662886,21.920227883279296,,1,23700.0,0.023001069866280338,5.450000000000728,0.0,12.155844155844159,12.155844155844159,58.284457478005855,-0.09971245710046063,-0.4175439923678009,-0.25699203556213807,29.112726749847408,1.0674887892376683,0.8687250577609745,0.0,-7.874015748031496,-15.794349235757291,-21.352477999073642,-4.909680407596106,-0.14539208383362726,-0.04895640558694798,-0.06647098172364531,8.754052802223255,-30.986567855488655,False
2201,2024-11-13T10:25:00+05:30,PE,113.4,25.033086,22.075031746031744,,1,23750.0,0.08849930464832062,21.0,0.0,-9.533306741124841,-9.533306741124841,-15.119760479041908,0.09997764213066583,0.14539208383362726,-0.27275898444559926,65.56964099939472,0.7005792903692978,0.46935348446683467,0.0,-5.599647266313941,11.728395061728392,-0.9259259259259359,-0.3968253968253993,0.0962956719625713,-0.027603354545068366,0.08576004045681886,15.784832451499122,-20.590828924162263,False
2204,2024-11-13T10:40:00+05:30,PE,102.65,19.376553,18.87633024841695,,1,23700.0,-0.02594263513898906,6.150000000001455,0.0,8.912466843501331,8.912466843501331,12.926292629262925,-0.09776921828873143,-0.0962956719625713,0.04895640558694798,92.55314036300068,0.9452887537993918,0.6561771561771562,0.0,-12.372138334145156,-11.592791037506094,-10.228933268387724,-5.747686312713108,-0.1240184509082994,-0.017506005825483333,0.09111559658570531,2.87384315635654,-30.25815879201169,False
2207,2024-11-13T10:55:00+05:30,PE,112.95,22.31003,19.752129260734836,,1,23750.0,0.060879145416898824,14.450000000000728,0.0,8.972503617945005,8.972503617945005,-10.852407261247041,-0.09533550521504766,0.1240184509082994,0.027603354545068366,-72.34813491243632,1.020435967302452,0.5551515151515151,0.0,2.3019034971226158,7.127047366091189,16.467463479415677,6.197432492253209,0.10638051361775902,0.11333211153732616,0.08826422813038133,18.50376272687029,-10.75697211155379,False
2210,2024-11-13T11:10:00+05:30,PE,96.75,15.923394,16.458288372093026,,1,23700.0,-0.04344103617414909,10.299999999999272,0.0,-0.10325245224573497,-0.10325245224573497,6.6115702479338845,-0.024877509887762182,-0.10638051361775902,0.017506005825483333,-0.970595541743071,0.5093919134033748,0.7959506485289465,0.0,8.2687338501292,-1.550387596899225,-7.5968992248061955,14.21188630490956,0.006959000940510315,0.10860259043538041,0.11007874215002993,14.625322997416026,-12.29974160206719,True
2213,2024-11-13T11:25:00+05:30,PE,95.25,14.973314,15.720014698162728,,1,23700.0,-0.036484574195500184,8.650000000001455,0.0,6.484069312465062,6.484069312465062,-1.550387596899225,-0.034363826485857354,-0.006959000940510315,-0.11333211153732616,931.7529007245074,1.3531250000000004,0.48036951501154745,0.0,-6.141732283464561,16.010498687664043,-5.564304461942254,-13.070866141732287,0.10165066336548974,-0.0250963256026686,0.06221358027555344,16.430446194225727,-14.015748031496056,False
2216,2024-11-13T11:40:00+05:30,PE,110.5,15.071559,13.639419909502262,,1,23700.0,0.06523239833562693,15.450000000000728,0.0,22.032026504693544,22.032026504693544,16.010498687664043,-0.1292420051275193,-0.10165066336548974,-0.10860259043538041,216.74257476782375,1.1732101616628174,0.984644913627639,0.0,-18.5972850678733,-25.067873303167428,-16.83257918552036,-7.918552036199094,-0.1268759592223592,0.0014777565965937492,0.021744132778532068,0.3619909502262495,-31.14027149321267,True
2219,2024-11-13T11:55:00+05:30,PE,82.8,14.273862,17.23896376811594,,1,23700.0,-0.06156544913259572,14.599999999998545,0.0,-10.48648648648649,-10.48648648648649,-25.067873303167428,0.03606674245603664,0.1268759592223592,0.0250963256026686,82.65148536223613,1.1161417322834641,0.031034482758620394,0.0,10.990338164251218,22.886473429951696,7.427536231884065,14.1304347826087,0.12819107216650427,0.08728799979758078,0.23403304293557556,28.502415458937207,-8.10386473429951,False
2222,2024-11-13T12:10:00+05:30,PE,101.75,13.937736,13.698020638820637,,1,23700.0,0.06671114076050393,15.799999999999272,0.0,2.3127199597787804,2.3127199597787804,22.886473429951696,-0.02342785381863157,-0.12819107216650427,-0.0014777565965937492,18.041193670451907,1.0691358024691362,0.7511709601873536,0.0,-12.579852579852577,-7.125307125307126,-17.98525798525798,1.4742014742014742,-0.04095557375803585,0.020266675674075002,0.04496668665186688,4.570024570024576,-19.656019656019655,True
2225,2024-11-13T12:25:00+05:30,PE,94.5,13.726782,14.525695238095238,,1,23700.0,0.02574502298059224,6.099999999998545,0.0,11.045828437132792,11.045828437132792,-7.125307125307126,-0.08159994939537409,0.04095557375803585,-0.08728799979758078,-269.70269058837204,0.7373804025074231,0.6073903002309468,0.0,-11.69312169312169,9.25925925925926,12.486772486772484,23.015873015873016,0.06119718577355353,0.14687324585654074,0.22621856258362777,33.227513227513235,-13.492063492063492,False
2228,2024-11-13T12:40:00+05:30,PE,103.25,13.34717,12.927041162227603,,1,23700.0,0.08699544751977897,20.599999999998545,0.0,10.54603854389721,10.54603854389721,9.25925925925926,-0.059509992191945235,-0.06119718577355353,-0.020266675674075002,172.32881562430765,0.9843400447427295,0.9534368070953438,0.0,2.953995157384985,12.590799031477,16.852300242130756,1.7917675544794134,0.08572852352679083,0.02470501786363752,-0.028294635843801316,29.782082324455207,-10.217917675544792,False
2231,2024-11-13T12:55:00+05:30,PE,91.35,13.055817,14.292082101806239,,1,23650.0,-0.038463001551194025,9.099999999998545,0.0,2.5252525252525255,2.5252525252525255,15.55977229601518,-0.034435770949313736,-0.08572852352679083,-0.14687324585654074,29.456386525347824,1.3499999999999999,0.7954239569313591,0.0,2.846195949644235,-11.603721948549529,-9.414340448823202,3.119868637110026,-0.061075865100535226,0.07946202518269618,-0.1671661221263823,15.708812260536408,-20.415982484947996,True
2234,2024-11-13T13:10:00+05:30,PE,80.75,15.218292,18.846182043343653,,1,23650.0,-0.09947810953574462,23.549999999999272,0.0,-17.00924974306269,-17.00924974306269,-11.603721948549529,0.1262492757055729,0.061075865100535226,-0.02470501786363752,278.49379972046654,1.358024691358025,0.24393939393939384,0.0,2.476780185758514,16.65634674922601,19.195046439628484,-12.693498452012383,0.14045210794325313,-0.05301275051692404,0.07349974972067061,30.897832817337466,-12.693498452012383,False
2237,2024-11-13T13:25:00+05:30,PE,94.2,13.971945,14.832213375796178,,1,23650.0,0.04103162819423073,9.700000000000728,0.0,5.902192242833052,5.902192242833052,16.65634674922601,-0.06362197135108665,-0.14045210794325313,-0.07946202518269618,42.02280997603621,0.5409090909090908,0.6515151515151515,0.0,2.1762208067940523,-25.159235668789808,-31.16772823779193,-26.656050955414013,-0.19373696611294813,-0.2468242788797189,0.17491317792074781,2.7070063694267485,-37.68577494692144,False
2240,2024-11-13T13:40:00+05:30,PE,93.45,17.535842,18.76494596040663,,1,23700.0,0.058684207193254505,13.900000000001455,0.0,-10.144230769230766,-10.144230769230766,-22.991347342398015,0.0766859825206569,0.19373696611294813,0.05301275051692404,52.36084250084058,1.5281173594132038,0.0,0.0,-7.918673087212419,-2.354200107009099,11.771000535045479,17.8705189941145,-0.052984661890319265,0.1264454680170948,0.5292133360916257,26.698769395398614,-16.800428036383096,True
2243,2024-11-13T13:55:00+05:30,PE,91.25,16.85391,18.470038356164384,,1,23700.0,0.005696527017355607,1.3499999999985448,0.0,-2.092274678111591,-2.092274678111591,-2.354200107009099,0.009917160062972628,0.052984661890319265,0.2468242788797189,39.488308568292794,0.552,0.2875399361022364,0.0,14.465753424657537,20.712328767123296,31.616438356164377,65.68767123287671,0.1793351098058328,0.4206990693562744,0.5951815820732527,66.57534246575342,-12.778082191780818,False
2246,2024-11-13T14:10:00+05:30,PE,85.05,14.466587,17.009508524397415,,1,23650.0,-0.025997467888906074,6.150000000001455,0.0,11.540983606557372,11.540983606557372,23.10030395136777,-0.06801212390034131,-0.1793351098058328,-0.1264454680170948,64.35428968177433,2.067669172932331,0.7984848484848484,0.0,9.112286890064668,40.917107583774246,58.20105820105822,69.24162257495591,0.24179758751952757,0.403277794569283,0.47492935240942497,81.58730158730158,-9.465020576131684,False
2249,2024-11-13T14:25:00+05:30,PE,92.8,13.024766,14.035308189655172,,1,23600.0,0.004449350500760722,1.0499999999992724,0.0,10.3448275862069,10.3448275862069,47.88844621513944,-0.05907787692321031,-0.24179758751952757,-0.4206990693562744,42.78300578731561,1.4328018223234629,0.9764957264957264,0.0,13.900862068965525,23.70689655172414,20.581896551724146,25.10775862068965,0.1618716086944577,0.17521966019675528,-0.01673803283620978,33.4051724137931,-18.103448275862068,False
2252,2024-11-13T14:40:00+05:30,PE,89.3,14.503928,16.2418006718925,,1,23550.0,-0.04562673089778551,10.75,0.0,19.72114224426866,19.72114224426866,26.846590909090896,-0.13838615884103797,-0.1618716086944577,-0.403277794569283,121.83200255638089,1.2465170278637767,0.8477640342530923,0.0,-3.415453527435607,0.11198208286675086,16.06942889137739,1.5677491601343847,0.013369693239822397,0.07194168267139513,-0.08849463620639642,26.091825307950728,-19.036954087346025,False
2255,2024-11-13T14:55:00+05:30,PE,89.4,15.073279,16.860491051454137,,1,23550.0,-0.03226135090161368,7.599999999998545,0.0,12.030075187969935,12.030075187969935,0.11198208286675086,-0.10156245030543255,-0.013369693239822397,-0.17521966019675528,899.8018856661323,0.6302390561937287,0.7547345544861847,0.0,15.939597315436242,1.454138702460847,-20.693512304250557,-28.97091722595079,0.05857982137399087,-0.192294631032036,-0.07407375963595922,25.95078299776285,-36.80089485458613,False
2258,2024-11-13T15:10:00+05:30,PE,90.7,16.106979,17.758521499448733,,1,23550.0,0.02633389682209638,6.200000000000728,0.0,-1.4665942422596354,-1.4665942422596354,1.454138702460847,0.00934515920753359,-0.05857982137399087,-0.07194168267139513,-25.035826464824208,1.399014778325123,0.40326975476839244,0.0,-21.830209481808154,-29.98897464167586,-18.037486218302092,-29.823594266813675,-0.2510215003525437,-0.16055182256050116,-0.22447523339478836,7.883131201764047,-37.70672546857773,False
2261,2024-11-13T15:25:00+05:30,PE,84.8,17.828406,21.024063679245288,,1,23600.0,-0.012286625795988862,2.900000000001455,0.0,4.253749692648136,4.253749692648136,-27.583262169086247,-0.0036011227029541697,0.2510215003525437,0.192294631032036,-16.945758377963703,1.229970326409495,0.14126394052044608,0.0,14.74056603773585,-0.4716981132075371,-0.4716981132075371,7.783018867924539,0.0902431480877473,0.1179939753166017,-0.059314745221985425,41.50943396226416,-11.202830188679245,True
2264,2024-11-14T09:25:00+05:30,PE,91.4,25.270399,27.648138949671775,,0,23600.0,0.07802693625539173,18.400000000001455,0.0,0.0,0.0,8.293838862559241,-0.1418583872183476,-0.0902431480877473,0.16055182256050116,0.0,1.0082644628099175,0.33021077283372385,0.0,0.0,-3.8293216630196936,-15.656455142231948,-2.40700218818381,0.02777589306916949,-0.06382094514368368,-0.020778912372364282,45.175054704595176,-23.085339168490158,False
2267,2024-11-14T09:40:00+05:30,PE,89.2,31.035609,34.793283632287,,0,23600.0,0.10583222517025724,24.950000000000728,0.0,0.0,0.0,15.708911661694122,-0.05087537441095856,-0.02777589306916949,-0.1179939753166017,0.0,2.4042389210019266,0.30293316236576384,0.0,0.0,-1.1210762331838564,-4.76457399103139,-21.46860986547086,-0.09162228712135152,-0.1775181812976099,-0.05344633415412558,48.755605381165914,-25.627802690582957,False
2270,2024-11-14T09:55:00+05:30,PE,70.05,22.674227,32.3686324054247,,0,23600.0,0.0141969304964838,3.349999999998545,0.0,0.0,0.0,-17.539729252501477,0.10223756021305366,0.09162228712135152,0.06382094514368368,-0.0,1.341353383458646,0.11205073995771651,0.0,0.0,-30.62098501070663,-31.049250535331907,-31.40613847251963,-0.08581726643400651,0.04301458045952054,0.18032220675393715,19.70021413276231,-40.25695931477515,True
2285,2024-11-14T11:10:00+05:30,PE,50.55,11.591673,22.931103857566768,,0,23500.0,0.03873840508451589,9.099999999998545,0.0,53.88127853881277,53.88127853881277,149.62962962962962,-0.12754613981607846,-0.2683184668486467,-0.41017227235438886,200.81092133403612,4.383233532934131,0.908740359897172,0.0,-21.167161226508398,-28.98120672601385,-47.57665677546983,-43.125618199802176,-0.07811535530779384,-0.0957817708133788,-0.30650166660281214,7.022749752720088,-52.52225519287833,False
2288,2024-11-14T11:25:00+05:30,PE,35.9,11.560677,32.202442896935935,,0,23500.0,-0.03934621478779629,9.25,0.0,-5.625657202944271,-5.625657202944271,-28.98120672601385,0.01063524306848033,0.07811535530779384,-0.1904127094645881,72.0173028821003,0.5163934426229507,0.5027322404371584,0.0,-26.18384401114206,-19.916434540389968,-27.29805013927576,-47.38161559888579,-0.017652626093990473,-0.07869242957559258,-0.08124461648074074,18.52367688022284,-50.55710306406686,False
2291,2024-11-14T11:40:00+05:30,PE,28.75,11.415013,39.70439304347826,,0,23500.0,-0.05698878086538507,13.400000000001455,0.0,-13.637729047762088,-13.637729047762088,-19.916434540389968,0.02403462687837609,0.017652626093990473,0.0957817708133788,772.5609195565986,0.8941798941798942,0.17657992565055763,0.0,-9.21739130434782,-34.29565217391304,-36.52173913043478,-67.4782608695652,-0.06102903025508239,-0.2105182576743474,-0.036787533916821116,25.217391304347824,-68.34782608695652,False
2294,2024-11-14T11:55:00+05:30,PE,52.2,14.918894,28.58025670498084,,0,23550.0,0.09456917894826322,22.25,0.0,0.0,0.0,-20.78907435508346,0.07358429974755597,0.06102903025508239,0.07869242957559258,-0.0,1.9870848708487083,0.14623955431754898,0.0,0.0,-0.6704980842911904,-11.494252873563218,-45.30651340996169,-0.14939805123737482,-0.0025501801064638343,-0.036552581526064096,33.793103448275865,-46.64750957854406,False
2297,2024-11-14T12:10:00+05:30,PE,28.55,14.274372,49.99780035026269,,0,23550.0,-0.054747081216664564,12.900000000001455,0.0,0.0,0.0,-38.20346320346321,0.13152331192272942,0.14939805123737482,0.2105182576743474,-0.0,1.720930232558139,0.024475524475524448,0.0,0.0,11.558669001751316,31.48861646234675,34.99124343257443,0.1466288105454036,0.17336575718609415,0.054959279205873325,62.34676007005254,-2.451838879159367,False
2344,2024-11-18T09:50:00+05:30,PE,137.75,26.348673,19.12789328493648,,3,23400.0,-0.029264937400797397,6.849999999998545,0.0,4.080090668681531,4.080090668681531,-2.235628105039039,-0.08025390971009518,0.05043802000850296,-0.39680682209862944,-80.89315694774892,0.9484584608143096,0.5679875679875679,0.0,-0.04355716878403069,-30.16333938294011,-21.742286751361164,-21.451905626134298,-0.3426347415393388,-0.19417392771774386,0.14525662359522962,6.025408348457359,-31.107078039927398,False
2349,2024-11-18T10:15:00+05:30,PE,145.55,26.282981,18.05769907248368,,3,23450.0,0.10287758421233995,24.099999999998545,0.0,11.798141178277913,11.798141178277913,19.79423868312758,-0.10277185501065478,-0.193640331723557,0.0010672062461447173,60.928119019756,0.7323251417769374,0.5510026155187446,0.0,-10.958433527997263,7.763655101339734,18.172449330127094,34.97080041222946,0.11461672763907547,0.3096999474940254,0.08943092901447,38.371693576090685,-14.53108897286156,False
2352,2024-11-18T10:30:00+05:30,PE,132.05,22.499674,17.038753502461187,,3,23400.0,0.004059993888643888,0.9500000000007276,0.0,1.1877394636015413,1.1877394636015413,7.226958993097853,-0.03012035324124597,-0.11461672763907547,-0.3080351151510215,10.36270610814938,1.0897435897435903,0.82281284606866,0.0,11.321469140477083,27.1109428246876,14.494509655433536,7.2321090496024105,0.1953070744325121,0.057694649996474216,-0.04295046166403881,31.010980689132893,-8.443771298750477,False
2355,2024-11-18T10:45:00+05:30,PE,142.25,20.448723,14.375200702987698,,3,23350.0,-0.014344837036221978,3.349999999998545,0.0,11.08941819601717,11.08941819601717,28.095452498874383,-0.07274174327727227,-0.1953070744325121,-0.3096999474940254,56.779398433153496,1.168181818181818,0.9307817589576547,0.0,-10.439367311072052,-17.469244288224953,-10.369068541300527,-23.128295254833045,-0.13788171718404738,-0.22095331076698713,-0.31066206775474575,2.987697715289982,-29.455184534270657,False
2358,2024-11-18T11:00:00+05:30,PE,141.6,22.836313,16.127339689265536,,3,23400.0,0.06179029357873015,14.450000000000728,0.0,13.780634793089588,13.780634793089588,-15.638963360142984,-0.11937557392103157,0.13788171718404738,-0.057694649996474216,-99.94533774695387,1.050171037628278,0.39731285988483667,0.0,7.3799435028248705,-7.132768361581918,-4.44915254237287,-9.03954802259886,-0.08295721075622106,-0.10070321202622677,-0.32370416774461463,8.933615819209043,-23.057909604519768,False
2361,2024-11-18T11:15:00+05:30,PE,131.5,20.797251,15.815399999999999,,3,23400.0,-0.021149372248181378,4.950000000000728,0.0,-9.931506849315069,-9.931506849315069,-7.132768361581918,0.10393209769616872,0.08295721075622106,0.22095331076698713,119.71842783504258,0.5906623235613466,0.23018458197611288,0.0,2.8897338403041912,-2.0532319391634895,-5.2471482889733885,-11.406844106463879,-0.017731291884827,-0.08951097951502023,-0.3437307065385772,12.243346007604558,-21.444866920152094,False
2364,2024-11-18T11:30:00+05:30,PE,128.8,19.651772,15.257586956521738,,3,23400.0,-0.03887377131115056,9.099999999998545,0.0,11.515151515151526,11.515151515151526,-2.0532319391634895,-0.0736350306385758,0.017731291884827,0.10070321202622677,-649.4254107341867,1.0238970588235297,0.4381898454746139,0.0,-3.2608695652174045,-9.549689440993797,-15.41149068322982,-24.456521739130444,-0.07176696242060955,-0.22277661251394312,-0.5344075594533844,2.6785714285714195,-27.562111801242246,False
2367,2024-11-18T11:45:00+05:30,PE,140.0,19.556705,13.969075,,3,23450.0,0.10287758421233995,24.099999999998545,0.0,2.2644265887509087,2.2644265887509087,-9.202931448213242,-0.029445904885450385,0.07176696242060955,0.08951097951502023,-31.552493130190307,1.0190476190476194,0.3976063829787234,0.0,-6.142857142857139,-15.642857142857148,-18.285714285714285,-20.821428571428577,-0.1509013527761945,-0.25399237595994173,-0.5429887432286362,3.321428571428575,-24.642857142857146,False
2416,2024-11-19T09:35:00+05:30,CE,99.2,0.0,,,2,23700.0,-0.043267657953334246,10.25,0.0,6.209850107066378,6.209850107066378,16.774573278399057,0.07688554403915557,0.21320383174664895,1.0258345700492948,29.126353200094314,,,0.0,7.3588709677419315,-4.889112903225815,-10.13104838709677,-2.6209677419354924,-0.02068405111916105,0.025116347787548315,0.17665868149726588,10.685483870967735,-24.59677419354839,True
2419,2024-11-19T09:50:00+05:30,CE,94.35,23.878112,25.308014838367782,,2,23700.0,-0.06396493961330325,15.150000000001455,0.0,7.521367521367515,7.521367521367515,-4.889112903225815,0.05597424762162254,-0.02068405111916105,0.19247568143794141,-363.63125763114937,0.9456903539583899,0.6273516642547032,0.0,-5.511393746687852,2.384737678855326,-2.5437201907790055,9.379968203497626,0.04580987424451573,0.09774180541570437,0.07979784545817878,12.771595124536313,-20.72072072072072,False
2422,2024-11-19T10:05:00+05:30,CE,96.6,19.456231,20.141025879917184,,2,23700.0,-0.018146752364349955,4.299999999999272,0.0,1.3641133263378775,1.3641133263378775,2.384737678855326,0.029549954197570994,0.04580987424451573,0.025116347787548315,29.777713840836107,0.5357142857142857,0.6228571428571428,0.0,-4.813664596273283,6.832298136645972,37.99171842650105,22.101449275362327,0.05190815211198349,0.15150428136749627,0.17471524369399433,44.51345755693582,-9.834368530020704,False
2425,2024-11-19T10:20:00+05:30,CE,103.2,16.787076,16.266546511627904,,2,23700.0,0.03374388392103931,8.0,0.0,12.357103973870451,12.357103973870451,6.832298136645972,0.08569848486767087,0.05190815211198349,0.09774180541570437,238.0570964501296,1.0293333333333339,0.8617710583153347,0.0,29.166666666666675,14.29263565891473,5.087209302325581,-2.083333333333339,0.09954445756705983,-0.017926438333052134,0.1482621899780726,35.27131782945735,-11.773255813953494,False
2428,2024-11-19T10:35:00+05:30,CE,89.55,16.091776,17.96959910664433,,2,23750.0,-0.07753375246507381,18.400000000001455,0.0,6.734207389749692,6.734207389749692,16.449934980494135,0.04953656958201676,0.09954445756705983,0.15150428136749627,67.65024948991336,2.00063492063492,0.5701559020044543,0.0,-9.10106085985482,-15.410385259631488,-11.222780569514235,3.405918481295363,-0.11735407642130555,0.02317584992162349,0.1902526589020608,7.872696817420433,-22.948073701842546,True
2431,2024-11-19T10:50:00+05:30,CE,101.05,17.578384,17.395728847105392,,2,23700.0,0.0158202816010125,3.75,0.0,4.336602994321118,4.336602994321118,-14.328105129292076,0.03756090458475768,-0.11735407642130555,-0.017926438333052134,-36.95315174866658,0.9085794655414908,0.1762820512820513,0.0,5.294408708560128,19.643740722414655,17.615042058386933,24.938149430974768,0.14069503770499833,0.16621842535464412,0.2442651479196391,25.977238990598718,-8.164275111331024,False
2434,2024-11-19T11:05:00+05:30,CE,92.6,12.724672,13.741546436285098,,2,23750.0,-0.05434530755653158,12.900000000001455,0.0,5.9496567505720686,5.9496567505720686,22.244224422442237,0.01875053986805978,0.14069503770499833,0.02317584992162349,42.28760905588571,0.7264492753623188,0.855072463768116,0.0,-2.1058315334773097,4.373650107991374,11.555075593952488,19.870410367170635,0.025487527962568767,0.16703809648188472,0.015376773068325345,24.082073434125284,-7.2894168466522675,False
2437,2024-11-19T11:20:00+05:30,CE,96.65,11.506,11.904811174340404,,2,23750.0,-0.028850426333483743,6.849999999998545,0.0,7.15077605321508,7.15077605321508,4.373650107991374,0.05162046108660017,0.025487527962568767,0.16621842535464412,280.5598119879174,0.6009975062344146,0.9478079331941545,0.0,6.880496637351258,14.847387480600096,11.174340403517844,7.501293326435592,0.14151449997156462,0.07791720980577556,0.026955142851718565,18.882565959648215,-11.019141231246772,False
2443,2024-11-19T11:50:00+05:30,CE,103.9,11.125946,10.70832146294514,,2,23750.0,0.049028581769369785,11.650000000001455,0.0,-6.5227170490328374,-6.5227170490328374,-6.396396396396391,-0.05888377394519183,-0.06350741796081695,0.07791720980577556,102.70795536132879,0.6557377049180324,0.398907103825137,0.0,-8.565928777670843,-14.003849855630424,-7.940327237728585,-10.731472569778639,-0.08795685484804908,-0.05092238964887617,-0.06249566002361866,6.304138594802692,-17.228103946102024,False
2446,2024-11-19T12:05:00+05:30,CE,89.35,11.564129,12.942505875769447,,2,23750.0,-0.038962543306340365,9.25,0.0,-11.53465346534654,-11.53465346534654,-14.003849855630424,-0.08080825085911682,-0.08795685484804908,-0.1514084136814325,131.13990359561367,1.4125000000000003,0.0786516853932582,0.0,7.050923335198671,3.8052602126469006,0.8953553441522232,1.9026301063234503,0.03706706822656939,0.04654444362540894,0.05202026052251317,17.123670956911038,-3.7493005036373748,False
2449,2024-11-19T12:20:00+05:30,CE,92.75,11.077011,11.942869002695417,,2,23750.0,-0.0018947727430655638,0.4500000000007276,0.0,-6.8775100401606375,-6.8775100401606375,3.8052602126469006,-0.03409428121048244,0.03706706822656939,-0.05092238964887617,-185.54232555222404,1.1002949852507375,0.36193029490616613,0.0,-2.8032345013477027,-1.8328840970350435,-12.506738544474388,-3.0727762803234437,0.009473863715312501,-0.011579166763159725,-0.012210757677504697,10.404312668463618,-16.927223719676554,False
2452,2024-11-19T12:35:00+05:30,CE,91.05,9.294328,10.207938495332236,,2,23750.0,0.007578373007516367,1.7999999999992724,0.0,-1.5143320713899466,-1.5143320713899466,-1.8328840970350435,-0.007788276749056177,0.009473863715312501,0.04654444362540894,-159.84313442701824,0.4235924932975873,0.2707774798927612,0.0,-10.873146622734751,-1.263042284459079,-0.6040637012630392,4.557935200439325,-0.021051036131998418,0.005473269394316525,0.039996968650796993,7.193849533223501,-15.376166941241076,True
2455,2024-11-19T12:50:00+05:30,CE,89.9,9.569327,10.644412680756394,,2,23750.0,-0.01347549985682588,3.2000000000007276,0.0,0.22296544035674787,0.22296544035674787,-1.263042284459079,0.004000699069524686,-0.021051036131998418,-0.011579166763159725,-10.591661092530808,1.9493670886075942,0.7301136363636365,0.0,0.6674082313681805,5.895439377085647,8.565072302558384,-3.4482758620689746,0.026529890343116855,-0.0006316640557793775,0.07622079606516323,11.401557285873192,-5.39488320355952,False
2458,2024-11-19T13:05:00+05:30,CE,95.2,8.557396,8.988861344537815,,2,23750.0,0.0130509280893801,3.099999999998545,0.0,3.816793893129771,3.816793893129771,5.895439377085647,0.011999873685534025,0.026529890343116855,0.005473269394316525,143.8676844783881,0.7922077922077911,0.8832116788321172,0.0,2.5210084033613356,-8.823529411764712,-9.401260504201684,-0.05252100840335836,-0.027154350379517155,0.034521809784831145,-0.1538746521506636,5.199579831932776,-13.865546218487399,True
2461,2024-11-19T13:20:00+05:30,CE,86.8,8.359899,9.63122004608295,,2,23750.0,-0.01410725302305186,3.349999999998545,0.0,-10.191412312467675,-10.191412312467675,-8.823529411764712,-0.06522978770860381,-0.027154350379517155,-0.0006316640557793775,375.31416403005454,1.2377049180327888,0.11589403973509928,0.0,-0.6336405529953885,9.619815668202774,3.9170506912442464,9.677419354838717,0.06169291247396082,0.0768529455733756,-0.1360191858641236,13.133640552995399,-5.529953917050688,False
2464,2024-11-19T13:35:00+05:30,CE,95.15,8.794797,9.243086705202312,,2,23750.0,0.04755632057168283,11.299999999999272,0.0,-0.9370119729307563,-0.9370119729307563,9.619815668202774,0.0010521420560118345,0.06169291247396082,0.034521809784831145,-15.188324482593488,1.0728476821192048,0.7245179063360883,0.0,-5.202312138728327,0.052548607461899266,0.9458749343142318,-23.447188649500788,0.015150686199838321,-0.18833144651176492,-0.24725078173332268,3.415659485023647,-28.37624802942722,False
2467,2024-11-19T13:50:00+05:30,CE,95.2,7.729383,8.119099789915966,,2,23750.0,0.06269750766887912,14.900000000001455,0.0,2.9745808545159544,2.9745808545159544,0.052548607461899266,0.023359224894632685,0.015150686199838321,0.0768529455733756,196.33307793990858,0.5308641975308638,0.8148148148148149,0.0,0.8928571428571369,-23.48739495798319,-27.163865546218485,-27.626050420168063,-0.2034513084422917,-0.21270865856790017,-0.5392406448165212,3.3613445378151288,-30.987394957983195,False
2484,2024-11-19T15:15:00+05:30,PE,122.15,21.660265,17.732513303315596,,2,23500.0,-0.01404058153535577,3.2999999999992724,0.0,-9.141624516512936,-9.141624516512936,22.887323943661972,0.045759187487096974,-0.20147978302177522,-0.8127988386176603,-45.372415928822704,0.5700757575757577,0.8024412296564196,0.0,-2.251330331559558,63.36471551371265,58.28898894801472,91.73147769136307,0.5588576923240505,0.813715520799207,0.6701186641875823,94.92427343430208,-14.04011461318052,False
2487,2024-11-21T09:15:00+05:30,PE,99.85,30.978723,31.02526089133701,,0,23350.0,-0.09391599759541128,21.950000000000728,0.0,0.0,0.0,60.016025641025635,-0.41225121118766694,-0.5588576923240505,-0.7592114900799306,0.0,3.786016949152542,0.6625629546726357,0.0,0.0,-9.113670505758632,-29.55433149724586,8.162243365047578,0.25629012555649594,0.32089748608909396,0.23810593467811395,30.195292939409118,-59.28893340010015,True
2490,2024-11-21T09:30:00+05:30,PE,77.7,0.0,,,0,23300.0,-0.051690005812441514,12.049999999999272,0.0,60.206185567010316,60.206185567010316,6.511309115832761,-0.28850060950833306,-0.25629012555649594,-0.813715520799207,234.91418343286355,,,0.0,2.6383526383526346,-22.458172458172463,-39.510939510939515,-55.22522522522523,0.0647733682794887,-0.14477491254522876,-0.03238668413974435,8.172458172458166,-58.442728442728445,False
2493,2024-11-21T09:45:00+05:30,PE,60.25,0.0,,,0,23300.0,0.01309184249440065,3.0499999999992724,0.0,2.728047740835467,2.728047740835467,-22.458172458172463,-0.10569600713500711,-0.0647733682794887,-0.32089748608909396,42.11681148129111,1.1256692025922794,0.4042553191489362,0.0,-21.991701244813278,-42.25726141078838,-36.34854771784232,-44.06639004149377,-0.20968410027921483,-0.08305808271039147,-0.09250137893586616,10.871369294605804,-64.73029045643153,False
2496,2024-11-21T10:00:00+05:30,PE,69.0,30.118595,43.65013768115942,,0,23350.0,0.017990387992704162,4.200000000000728,0.0,0.0,0.0,-18.003565062388596,0.11900652069962969,0.20968410027921483,0.14477491254522876,-0.0,1.6666666666666667,0.10702341137123741,0.0,0.0,9.057971014492754,9.550724637681164,1.4492753623188406,0.1263610585201621,0.11222575366875724,0.04604682640988957,58.04347826086956,-29.855072463768117,False
2499,2024-11-21T10:15:00+05:30,PE,33.7,21.795494,64.67505637982197,,0,23300.0,-0.06990817582549236,16.299999999999272,0.0,-14.769853313100647,-14.769853313100647,-3.1330842196033237,0.03239126937308638,-0.1263610585201621,0.08305808271039147,-116.88611575491018,0.707041437264561,0.2733260153677278,0.0,-23.293768545994066,-20.771513353115736,-22.997032640949563,-48.81305637982196,-0.014153188970802711,-0.009435459313873674,-0.09199572831024103,26.40949554896142,-50.74183976261127,False
2502,2024-11-21T10:30:00+05:30,PE,26.7,17.148276,64.22575280898877,,0,23300.0,-0.0840494691161021,19.599999999998545,0.0,0.564971751412424,0.564971751412424,-20.771513353115736,-0.033437073998829316,0.014153188970802711,-0.11222575366875724,-39.91833590139517,0.6987704918032788,0.25246548323471396,0.0,-2.8089887640449436,-35.39325842696629,-39.550561797752806,-47.19101123595505,0.00471706204222433,-0.0662532805022416,-0.09412682893360405,9.92509363295881,-53.745318352059925,False
2505,2024-11-21T10:45:00+05:30,PE,17.25,13.575135,78.69643478260869,,0,23300.0,-0.07933614940926731,18.5,0.0,-24.008810572687224,-24.008810572687224,-35.39325842696629,0.022519382754442218,-0.00471706204222433,0.009435459313873674,-5089.7805366507055,0.7478005865102639,0.03132530120481921,0.0,-6.43478260869565,-18.260869565217394,-17.391304347826086,-30.72463768115942,-0.07097369041747656,-0.08255247979072411,-0.10956965499495795,40.869565217391305,-33.91304347826087,False
2508,2024-11-21T11:00:00+05:30,PE,42.3,10.904903,25.779912529550824,,0,23350.0,0.06406671509167852,14.950000000000728,0.0,0.0,0.0,-12.96296296296297,0.04759056677791946,0.07097369041747656,0.0662532805022416,-0.0,1.1734693877551023,0.22619047619047583,0.0,0.0,3.1914893617021316,-2.127659574468082,-6.264775413711581,-0.01157057730752978,-0.027855093518119736,-0.11142037407247894,20.44917257683217,-12.884160756501172,False
2511,2024-11-21T11:15:00+05:30,PE,39.65,8.391555,21.164073139974782,,0,23350.0,0.0524900643806708,12.25,0.0,0.0,0.0,-4.2270531400966185,0.009427675799373607,0.01157057730752978,0.08255247979072411,-0.0,0.98019801980198,0.2772277227722769,0.0,0.0,9.07944514501892,-10.996216897856241,-6.305170239596469,-0.016282632216041704,-0.0269948902529133,-0.07434307077588262,12.8625472887768,-19.293820933165193,False
2514,2024-11-21T11:30:00+05:30,PE,37.15,8.23602,22.16963660834455,,0,23350.0,0.03620153760140491,8.450000000000728,0.0,0.0,0.0,5.270614905072257,-0.002784656116396292,0.016282632216041704,0.027855093518119736,-0.0,1.0082644628099175,0.4039215686274509,0.0,0.0,9.421265141318976,-2.31493943472409,-8.209959623149388,-0.010710514083254968,-0.08354200984938875,-0.02506260295482598,15.612382234185745,-13.862718707940777,False
2517,2024-11-21T11:45:00+05:30,PE,34.1,6.91872,20.28950146627566,,0,23350.0,0.025488293590875313,5.950000000000728,0.0,0.0,0.0,-6.0347203086249595,0.01670940418119771,0.010710514083254968,0.0269948902529133,-0.0,0.862068965517241,0.08762886597938156,0.0,0.0,-6.451612903225815,-17.888563049853374,-35.483870967741936,-0.07282369597392055,-0.04733540238304524,0.02013361006338115,12.756598240469211,-41.348973607038126,False
2520,2024-11-21T12:00:00+05:30,PE,22.0,6.96574,31.662454545454548,,0,23350.0,-0.04730095607859781,11.049999999999272,0.0,0.0,0.0,-21.428571428571427,0.0434672753512619,0.07282369597392055,0.08354200984938875,-0.0,1.3968253968253967,0.11527377521613832,0.0,0.0,41.13636363636364,25.681818181818176,11.363636363636363,0.025469745580788225,0.058430592802968265,0.11857343740970859,49.54545454545454,-9.090909090909092,False
2523,2024-11-21T12:15:00+05:30,PE,24.5,7.058179,28.80889387755102,,0,23350.0,-0.021836772268149333,5.099999999998545,0.0,0.0,0.0,-11.392405063291134,0.018628951960851556,-0.025469745580788225,0.04733540238304524,0.0,0.5847457627118644,0.28813559322033894,0.0,0.0,15.102040816326529,2.0408163265306123,13.877551020408157,0.032969244404849864,0.06743709082812749,0.05073838262306111,25.71428571428572,-1.632653061224484,False
2526,2024-11-21T12:30:00+05:30,PE,27.9,5.97394,21.411971326164874,,0,23350.0,0.011136143639114183,2.599999999998545,0.0,0.0,0.0,11.599999999999994,-0.019698526892765265,-0.032969244404849864,-0.058430592802968265,0.0,1.3608247422680413,0.5757575757575755,0.0,0.0,-11.827956989247303,1.612903225806462,13.79928315412187,0.03447921395959683,0.060178006972951635,-0.03704909326091049,37.99283154121865,-14.157706093189962,True
2529,2024-11-21T12:45:00+05:30,PE,31.75,7.380517,23.245722834645672,,0,23350.0,0.04563109084015388,10.650000000001455,0.0,0.0,0.0,11.992945326278653,-0.02141845885621146,-0.03447921395959683,-0.06743709082812749,0.0,2.0935251798561154,0.5360824742268041,0.0,0.0,5.511811023622047,52.75590551181102,20.31496062992127,0.02570765681135079,-0.016709976927384247,-0.022708430183372333,58.740157480314956,-16.06299212598426,False
2532,2024-11-21T13:00:00+05:30,PE,38.2,10.924259,28.597536649214657,,0,23350.0,0.07135709188779775,16.650000000001455,0.0,0.0,0.0,-21.23711340206185,0.09415993891399524,-0.02570765681135079,-0.060178006972951635,0.0,0.9307479224376729,0.35278514588859433,0.0,0.0,-9.293193717277497,-18.32460732984294,-25.261780104712045,-0.04242854112247686,-0.09728564479597113,-0.0349285464796159,31.937172774869094,-29.05759162303665,False
2535,2024-11-21T13:15:00+05:30,PE,28.55,8.82335,30.904903677758316,,0,23350.0,0.028916282008717722,6.75,0.0,0.0,0.0,-8.49358974358974,0.00835429046368766,0.04242854112247686,0.016709976927384247,-0.0,1.3128491620111729,0.12083333333333328,0.0,0.0,-18.914185639229427,-21.716287215411555,-32.399299474605954,-0.05483383847578753,-0.0059974510832958355,-0.001927752133917632,15.936952714535904,-38.21366024518389,False
2538,2024-11-21T13:30:00+05:30,PE,19.3,7.727919,40.0410310880829,,0,23350.0,-0.025903352664509938,6.049999999999272,0.0,0.0,0.0,-13.64653243847875,0.011561510447112417,0.05483383847578753,0.09728564479597113,-0.0,0.6675555555555553,0.1461267605633803,0.0,0.0,23.316062176165804,2.3316062176165766,2.3316062176165766,0.04880962320254417,0.06229649277167703,0.0944080869838833,30.829015544041443,-8.601036269430052,False
2572,2024-11-22T10:05:00+05:30,CE,197.4,31.291044,15.851592705167173,,6,23600.0,-0.040482483377804454,9.549999999999272,0.0,6.4150943396226445,6.4150943396226445,57.92,0.11670864641311889,0.5772744035932623,0.653875036267131,11.112729578328247,2.3725810847642412,0.867063492063492,0.0,-3.774062816616017,-16.514690982776088,-11.955420466058762,-10.334346504559273,-0.23547664415049002,-0.14221856725920562,-0.2645138180916492,6.788247213779132,-20.21276595744681,False
2575,2024-11-22T10:20:00+05:30,CE,192.7,30.224595,15.684792423456152,,6,23550.0,-0.06416003467190659,15.099999999998545,0.0,-12.00913242009133,-12.00913242009133,-15.203520352035207,-0.1648019513229696,-0.23547664415049002,0.34043841304965106,50.9992507469932,0.4405076679005818,0.48968799576943406,0.0,4.38505448884277,6.201349247535038,-1.7125064867669866,-3.995848469122983,0.09347819621073385,-0.08051871900879429,-0.1060127725208126,17.28074727555787,-18.557343020238708,False
2578,2024-11-22T10:35:00+05:30,CE,204.65,25.737173,12.576190080625457,,6,23550.0,0.029290781045050302,6.900000000001455,0.0,3.228247162673395,3.228247162673395,6.201349247535038,0.03970689095044785,0.09347819621073385,-0.14221856725920562,34.534760976728215,0.6974789915966388,0.4456404736275567,0.0,-7.451746884925482,-9.601759100903985,-7.134131443928656,-7.915954067920848,-0.1738344179412432,-0.12246942509414303,0.03671960232457504,1.5392132909846106,-23.312973369166873,False
2581,2024-11-22T10:50:00+05:30,CE,212.95,29.394366,13.803412068560696,,6,23500.0,0.06782630512482263,15.950000000000728,0.0,11.990533789113849,11.990533789113849,-8.976276982261169,0.17593446547658548,-0.1738344179412432,-0.08051871900879429,-68.97675345952895,1.8287112561174552,0.5154975530179443,0.0,2.394928386945303,1.4087814040854663,1.9488142756515643,-3.6863113406903008,0.051454438370546564,-0.02551459753911707,0.31914509088511955,8.523127494717073,-11.575487203568903,False
2584,2024-11-22T11:05:00+05:30,CE,188.45,22.481608,11.929746882462194,,6,23550.0,-0.09329289932655163,21.950000000000728,0.0,-2.0784619381657574,-2.0784619381657574,1.8648648648648587,-0.05479812836780782,0.051454438370546564,-0.12246942509414303,-40.39422067340076,0.442390876917027,0.6195438458513564,0.0,0.07959671000265624,-6.049349960201633,-1.72459538339082,15.229503847174328,-0.07692945229204522,0.15938422436198496,0.47432745170127644,18.174582117272486,-9.445476253648174,True
2587,2024-11-22T11:20:00+05:30,CE,205.1,21.173043,10.323277913213067,,6,23500.0,0.04232250600278064,9.950000000000728,0.0,-2.3333333333333357,-2.3333333333333357,-5.024311183144245,-0.06588609357100501,-0.07692945229204522,-0.02551459753911707,30.330819521181105,0.9477911646586352,0.21568627450980404,0.0,3.559239395416876,20.575329107752324,16.699171136031204,30.302291565090204,0.2364956114326,0.3447476493995065,0.4951095174596195,34.0809361287177,-3.486104339346663,False
2590,2024-11-22T11:35:00+05:30,CE,217.15,20.698596,9.531934607414229,,6,23550.0,0.06598615351646481,15.549999999999272,0.0,13.750654793085385,13.750654793085385,22.6489692177351,0.15299910113028087,0.2364956114326,0.15938422436198496,58.143382491493924,2.1793721973094184,0.8933717579250723,0.0,-3.3617315219894133,8.542482155192255,7.022795302786092,28.68984572875891,0.10799663067486533,0.31444205630677907,0.332264682980025,36.19617775731061,-15.864609716785639,False
2593,2024-11-22T11:50:00+05:30,CE,207.0,19.497747,9.419201449275363,,6,23600.0,-0.038150142003306346,9.0,0.0,10.754414125200638,10.754414125200638,9.119662625197687,0.1288164800207063,0.10799663067486533,0.3447476493995065,99.5810152409095,0.8805319880761292,0.8919919765468292,0.0,-1.4975845410627993,19.541062801932362,16.207729468599037,12.632850241545896,0.20622271205121215,0.14984527997964708,0.3344495782289918,27.439613526570056,-12.077294685990339,False
2608,2024-11-22T13:05:00+05:30,CE,215.65,19.676457,9.124255506607929,,6,23700.0,-0.04770206891893296,11.299999999999272,0.0,-2.838477134489742,-2.838477134489742,5.762628739578225,-0.029752170747915863,0.07942576859217518,0.18968991936593316,-35.73748400301135,1.1877794336810743,0.6562162162162161,0.0,0.7187572455367415,4.266172038024572,0.8578715511245047,3.454671922095984,0.13149729617918168,0.11228982595076363,0.7364270728237545,10.317644331092048,-11.291444470206349,False
2611,2024-11-22T13:20:00+05:30,CE,224.85,20.427288,9.084851234156105,,6,23700.0,0.08368518350663492,19.849999999998545,0.0,-0.9689495705791751,-0.9689495705791751,4.266172038024572,-0.04150916362196818,0.13149729617918168,0.21102750750952512,-7.368589307409476,0.7791718946047678,0.7175324675324674,0.0,-3.268845897264841,-0.778296642205915,0.06671114076050953,7.738492328218816,-0.01918224609345874,0.11425030090832018,0.6604173297891912,9.1839003780298,-14.921058483433391,True
2614,2024-11-22T13:35:00+05:30,CE,223.1,20.842212,9.342094128193636,,6,23700.0,0.0645153128992645,15.299999999999272,0.0,5.559498462266383,5.559498462266383,-0.778296642205915,0.10616226575179057,-0.01918224609345874,0.11228982595076363,-289.8252079125502,1.17391304347826,0.6824034334763945,0.0,0.85163603765128,8.583594800537877,23.464813984760198,50.42581801882565,0.1334581472720204,0.623437190337049,0.5490126627114172,54.30300313760645,-6.409681757059607,False
2617,2024-11-22T13:50:00+05:30,CE,213.5,17.2091,8.060468384074941,,6,23750.0,-0.012843754671649506,3.0499999999992724,0.0,6.113320079522869,6.113320079522869,9.938208032955723,0.05519542762763809,0.1334581472720204,0.11425030090832018,45.807020436619915,0.8749999999999997,0.9623762376237622,0.0,14.824355971896958,40.93208430913348,29.555035128805628,37.067915690866506,0.4893259976544387,0.5455437435123217,0.7784157544442488,48.47775175644028,-6.135831381733019,False
2620,2024-11-22T14:05:00+05:30,CE,239.45,22.512997,9.401961578617666,,6,23850.0,0.05510588501518641,13.150000000001455,0.0,14.81659074562454,14.81659074562454,50.739691532892664,0.13574869496618738,0.4893259976544387,0.623437190337049,30.27959032760813,3.7766171153073542,0.922043010752688,0.0,-9.500939653372312,-3.988306535811227,-9.814157444142827,-10.231781165170183,0.05594399733479672,-0.07396341220669297,0.306749108981828,5.491751931509713,-23.679264982250988,False
2623,2024-11-22T14:20:00+05:30,CE,200.95,24.561752,12.222817616322468,,6,23900.0,-0.09842313571922182,23.5,0.0,-5.9883040935672565,-5.9883040935672565,-4.5821462488129185,-0.02909964850137115,0.05594399733479672,0.5455437435123217,-107.04104781305249,0.5543352601156072,0.758508914100486,0.0,-7.041552625031092,-7.1659616820104395,-5.598407564070665,13.286887285394386,-0.12983477477854793,0.2316084853307615,0.09004669863673487,20.527494401592435,-21.44812142323961,True
2626,2024-11-22T14:35:00+05:30,CE,214.95,27.420324,12.756605722260991,,6,23850.0,-0.018871485185884128,4.5,0.0,-3.8039829939583805,-3.8039829939583805,-6.502827316224452,-0.07961616627207778,-0.12983477477854793,-0.07396341220669297,29.29864514685396,0.9921026653504441,0.4609878310665711,0.0,1.1863224005582746,20.935101186322402,15.166317748313574,12.049313793905563,0.36191314923150814,0.38099431758612123,1.8573735086284686,27.494766224703433,-4.908118167015577,False
2635,2024-11-22T15:20:00+05:30,CE,192.4,26.62468,13.838191268191268,,6,23900.0,-0.008368901163277261,2.0,0.0,5.511379215793809,5.511379215793809,-8.59857482185273,0.03997747865600017,-0.16021657437327977,-0.1412346752020294,-34.39955720781516,1.2018669778296385,0.4265964450296249,0.0,-1.2474012474012501,137.55197505197503,141.1642411642412,134.77130977130975,1.6336095070717274,1.655996317683488,1.558917064189469,150.5977130977131,-12.785862785862784,False
2638,2024-11-25T09:20:00+05:30,CE,175.3,0.0,,,3,24300.0,-0.047759424251900266,11.599999999998545,0.0,-0.45428733674047866,-0.45428733674047866,,-0.0008234315687074991,1.6336095070717274,1.4707756195075812,-0.2780880833356537,,,0.0,3.9075869937250394,-2.5670279520821446,-5.618938961779818,-14.181403308613813,0.022026975840312844,-0.08193211574250035,0.09387197180546793,10.154021677124918,-16.514546491728474,False
2641,2024-11-25T09:35:00+05:30,CE,170.8,0.0,,,3,24300.0,-0.02572678157962439,6.25,0.0,4.146341463414641,4.146341463414641,-2.5670279520821446,0.02799857536660335,0.022026975840312844,1.655996317683488,188.23925233650013,,,0.0,-3.1323185011709733,-11.92037470725996,-16.276346604215462,-15.749414519906328,-0.10393619758168253,-0.09549781322356872,0.05927450475946059,8.22599531615924,-18.237704918032787,False
2644,2024-11-25T09:50:00+05:30,CE,177.7,29.007806,16.324032639279686,,3,24250.0,0.07623050456352885,18.5,0.0,-6.3751317175974815,-6.3751317175974815,-10.229856024248548,-0.08666278296633438,-0.10393619758168253,-0.08193211574250035,61.33697273836983,0.890429958391123,0.08654848800834157,0.0,-5.824423185143497,-4.501969611705121,-7.850309510410799,8.806978052898147,0.008447164019198847,0.1759482456682561,0.16585285452335333,9.425998874507597,-8.97580191333708,True
2647,2024-11-25T10:05:00+05:30,CE,169.7,25.141028,14.81498408956983,,3,24250.0,0.0846705163253378,20.549999999999272,0.0,-3.2497149372862126,-3.2497149372862126,-4.501969611705121,-0.021420553432955635,0.008447164019198847,-0.09549781322356872,-384.71076563687046,0.9688473520249221,0.1501182033096925,0.0,-3.5061873895108953,13.936358279316446,16.322922804949922,9.222156747200946,0.1674869337530524,0.15492026344686127,0.2861492632017022,21.154979375368303,-4.684737772539769,False
2650,2024-11-25T10:20:00+05:30,CE,164.4,20.975904,12.759065693430657,,3,24300.0,0.046069301391954025,11.200000000000728,0.0,9.600000000000005,9.600000000000005,14.246004169562196,0.09366591939790311,0.1674869337530524,0.1759482456682561,57.31790405903856,1.1132075471698113,0.9412751677852349,0.0,3.041362530413625,-3.984184914841856,0.7299270072992631,-0.6995133819951372,-0.012545657968340816,-0.010077659679492281,0.07815327914705979,7.877128953771282,-8.339416058394166,False
2653,2024-11-25T10:35:00+05:30,CE,157.85,18.777497,11.895785239151094,,3,24300.0,0.03352784971296234,8.150000000001455,0.0,-6.125483199524242,-6.125483199524242,-3.984184914841856,-0.04851983659505579,-0.012545657968340816,0.15492026344686127,488.25523659117795,0.6796610169491519,0.524390243902439,0.0,4.9097244219195435,3.420969274627815,2.5023756731073914,13.050364269876463,0.0024683079543220882,0.13102601390890933,-0.012958616760228381,20.747545137789043,-0.8552423186569492,False
2656,2024-11-25T10:50:00+05:30,CE,163.25,15.474239,9.478860030627871,,3,24300.0,0.03599526919319175,8.75,0.0,-1.83403487672881,-1.83403487672881,3.420969274627815,-0.0341324297149501,0.0024683079543220882,-0.010077659679492281,-743.0332481477259,0.665835411471322,0.2967581047381543,0.0,-0.888208269525261,9.310872894333837,7.9938744257274195,4.165390505359885,0.1285545328328277,0.08823983133645592,-0.09358769990229855,16.753445635528326,-4.134762633996937,False
2659,2024-11-25T11:05:00+05:30,CE,151.25,14.261353,9.428993719008265,,3,24350.0,-0.041084634346754315,10.0,0.0,-3.0448717948717947,-3.0448717948717947,9.848209746532067,-0.0020541895195250715,0.1285545328328277,0.13102601390890933,-23.685448717948717,2.78854625550661,0.6477093206951026,0.0,-1.4214876033057888,-5.12396694214876,-8.138842975206613,-15.173553719008256,-0.04026294165981624,-0.1437962202136401,-0.1894001643385314,7.371900826446284,-17.884297520661153,False
2662,2024-11-25T11:20:00+05:30,CE,143.5,13.519436,9.42120975609756,,3,24350.0,-0.0813803421262434,19.799999999999272,0.0,-7.083657083657083,-7.083657083657083,-5.12396694214876,-0.06079277058944043,-0.04026294165981624,0.08823983133645592,175.9349116492104,0.48815165876777206,0.40284360189573454,0.0,-3.1777003484320576,-10.592334494773512,-9.37282229965156,-14.878048780487802,-0.10357498088795294,-0.18166722838283583,-0.2166032338410729,9.930313588850174,-19.059233449477347,False
2665,2024-11-25T11:35:00+05:30,CE,152.4,14.100102,9.252035433070866,,3,24300.0,0.02057189878625797,5.0,0.0,-5.453191885352685,-5.453191885352685,-10.37930020582182,-0.061061231874368245,-0.10357498088795294,-0.1437962202136401,52.64970206706511,1.5233918128654966,0.10252996005326222,0.0,1.7060367454068204,-4.238845144356961,-7.086614173228353,-1.7060367454068204,-0.07817321538778028,-0.04566961530548671,-0.06459576218885302,6.299212598425193,-13.451443569553806,False
2668,2024-11-25T11:50:00+05:30,CE,145.94,12.795788,8.767841578730986,,3,24300.0,-0.05764638063081611,14.0,0.0,-0.6196799455226398,-0.6196799455226398,-4.238845144356961,-0.01770253969691306,-0.07817321538778028,-0.18166722838283583,7.927011092593559,0.7604606525911715,0.18486916951080776,0.0,-2.9738248595313164,2.644922570919565,5.968206112100869,-2.9121556804166095,0.03252902907025222,-0.03499958824013835,-0.31376101457630207,7.441414279841039,-9.620391941893924,False
2671,2024-11-25T12:05:00+05:30,CE,149.8,12.478892,8.330368491321762,,3,24300.0,-0.02510918378687055,6.099999999998545,0.0,4.938704028021023,4.938704028021023,2.644922570919565,0.04344540600865577,0.03252902907025222,-0.04566961530548671,151.82451395505885,1.108026249369005,0.654478976234004,0.0,3.2376502002670184,-5.413885180240329,-2.8037383177570203,-1.575433911882519,-0.06750665804996915,-0.01893479433109621,-0.6022087849213297,4.672897196261682,-9.279038718291059,False
2674,2024-11-25T12:20:00+05:30,CE,141.69,12.139681,8.567775425224081,,3,24300.0,-0.09267840593141798,22.5,0.0,2.1630975556997623,2.1630975556997623,-5.413885180240329,-0.013590985469997994,-0.06750665804996915,-0.03499958824013835,-32.04272909049377,0.8428246013667431,0.3931726907630518,0.0,2.7595454866257296,4.0581551273907825,0.7481120756581285,-23.847836826875568,0.04860467511069621,-0.27885902584698063,-0.34291010194624655,6.570682475827512,-23.847836826875568,False
2677,2024-11-25T12:35:00+05:30,CE,147.44,11.198243,7.59511869234943,,3,24300.0,-0.04405231933403074,10.700000000000728,0.0,6.693682610898039,6.693682610898039,4.0581551273907825,0.03850914025769635,0.04860467511069621,-0.01893479433109621,137.71684710685352,0.7027027027027027,0.5521531100478464,0.0,-3.1809549647314146,-26.817688551275086,-41.16250678241997,-41.12859468258275,-0.3273046156126361,-0.5833844532366134,-0.39708842988476706,2.414541508410202,-45.265870862723816,False
2680,2024-11-25T12:50:00+05:30,CE,155.6,16.797025,10.79500321336761,,3,24200.0,0.04047947525381983,9.799999999999272,0.0,-21.015228426395943,-21.015228426395943,-24.300656774507427,-0.3002137324103228,-0.3273046156126361,-0.27885902584698063,64.20694186380615,3.3180428134556585,0.0,0.0,-17.455012853470436,-17.866323907455012,-9.190231362467856,-3.4061696658097578,-0.25692075110079693,-0.06423018777519547,-0.13630843707919935,26.86375321336762,-22.87917737789203,False
2686,2024-11-25T13:20:00+05:30,CE,150.3,17.834384,11.865857618097138,,3,24200.0,-0.02376597745332052,5.75,0.0,5.956996827634837,5.956996827634837,17.605633802816914,0.058312293348050125,0.19318690056155252,-0.06423018777519547,30.835407630223045,0.7119565217391303,0.8233695652173914,0.0,6.686626746506974,-1.1976047904191691,-3.493013972055888,-6.3938789088489765,-0.005786498858205794,-0.07212457505399311,-0.0016532853880630942,11.27744510978043,-10.678642714570866,False
2835,2024-11-27T13:15:00+05:30,CE,109.85,12.538701,11.41438416021848,,1,24300.0,0.09948939739025632,24.200000000000728,0.0,0.0,0.0,-0.5432322317790932,0.011306891653252582,0.10247208767331345,0.07714319216472025,0.0,0.6955017301038069,0.6526946107784425,0.0,0.0,-5.143377332726438,-5.143377332726438,-6.554392353208911,-0.09517270866051691,0.04152243444799231,-0.12456730334399187,5.598543468365959,-6.554392353208911,True
2838,2024-11-27T13:30:00+05:30,CE,90.5,13.113916,14.49051491712707,,1,24300.0,0.004320800953042245,1.0499999999992724,0.0,0.0,0.0,-11.836337067705802,-0.09065456294633198,-0.09517270866051691,0.0072018535513368705,-0.0,1.0861423220973787,0.03773584905660377,0.0,0.0,21.4364640883978,21.4364640883978,24.30939226519337,0.13682536351309924,0.04444252408846232,0.01090487859578683,36.13259668508287,-1.1049723756906076,False
2841,2024-11-27T13:45:00+05:30,CE,86.1,11.404739,13.245922183507549,,1,24350.0,-0.06451798490197265,15.700000000000728,0.0,0.0,0.0,2.805970149253725,0.01726256776585681,0.13682536351309924,0.04152243444799231,0.0,0.5486891385767789,0.7846441947565542,0.0,0.0,3.1939605110336817,-14.169570267131231,-12.891986062717764,-0.09225660898402965,-0.16602080191333968,-0.18492416054704677,21.835075493612095,-20.15098722415795,False
2844,2024-11-27T14:00:00+05:30,CE,102.3,15.712258,15.359000977517107,,1,24300.0,0.04874166301617748,11.849999999998545,0.0,0.0,0.0,0.9871668311944718,0.005758840334086029,-0.09225660898402965,0.04444252408846232,-0.0,0.38911290322580616,0.2495636998254797,0.0,0.0,2.6392961876832874,2.6392961876832874,-15.591397849462368,-0.07383230811310981,-0.0335227471377037,-0.18221566849087698,9.188660801564033,-16.86217008797654,False
2883,2024-11-28T11:00:00+05:30,PE,90.05,27.609381,30.660056635202665,,0,24100.0,-0.01099464166803839,2.650000000001455,0.0,16.193548387096772,16.193548387096772,-26.699226699226696,-0.04686084196077072,0.12670243414069784,-0.5083423457635984,-127.80771337916447,0.4292828685258963,0.572211155378486,0.0,3.3870072182121014,25.43031649083843,27.873403664630768,24.04219877845642,0.18690890835656207,0.16139304184395264,0.20163757927033824,49.57245974458635,-17.490283176013328,False
2886,2024-11-28T11:15:00+05:30,PE,85.5,24.445001,28.590644444444447,,0,24050.0,-0.03159084862994873,7.599999999998545,0.0,22.230164403145096,22.230164403145096,25.274725274725274,-0.12578929670084527,-0.18690890835656207,-0.06044329235237779,118.93582065514552,1.1051980198019802,0.6570289132602193,0.0,2.046783625730994,-0.8771929824561403,3.7426900584795355,-24.456140350877188,-0.02556364724661419,-0.20617185421655604,-0.08022412875766041,20.11695906432749,-26.31578947368421,False
2889,2024-11-28T11:30:00+05:30,PE,84.75,22.000408,25.95918348082596,,0,24050.0,-0.05713988883694354,13.75,0.0,2.231604342581416,2.231604342581416,-0.8771929824561403,0.0284741591809358,0.02556364724661419,-0.16139304184395264,-87.2960075318276,0.5643896976483762,0.5979843225083986,0.0,4.6607669616519205,-23.78761061946902,-14.348082595870201,4.070796460176995,-0.1805620487247446,0.04030959430679228,0.05236091631602948,12.861356932153397,-30.973451327433626,True
2892,2024-11-28T11:45:00+05:30,PE,87.25,22.936258,26.28797478510029,,0,24100.0,-0.02986659587177577,7.200000000000728,0.0,-20.71785552021808,-20.71785552021808,-21.888988361683083,0.18430900745340714,0.1805620487247446,0.20617185421655604,114.74091962592392,1.3238434163701065,0.03295310519645113,0.0,11.289398280802287,34.55587392550144,9.054441260744992,11.690544412607453,0.22047355147010622,0.12568859096037396,0.3384880865467669,40.63037249283668,-8.538681948424072,False
2895,2024-11-28T12:00:00+05:30,PE,88.2,18.340457,20.79416893424036,,0,24050.0,-0.016837081489392735,4.049999999999272,0.0,-3.5010940919037226,-3.5010940919037226,36.55364607524385,-0.003949282893372387,-0.22047355147010622,-0.04030959430679228,-15.879882500910465,1.0820189274447947,0.8204419889502762,0.0,-19.965986394557824,-18.87755102040817,-21.88208616780045,-9.863945578231295,-0.09499439803277279,0.012056181807212579,0.2799944292125382,4.761904761904765,-44.72789115646258,True
2898,2024-11-28T12:15:00+05:30,PE,97.45,20.390001,20.92355156490508,,0,24100.0,0.09594258397052172,23.099999999998545,0.0,-3.9428289797930014,-3.9428289797930014,-16.993185689948895,-0.011835671051396069,0.09499439803277279,-0.12568859096037396,41.50591046887561,0.6083916083916086,0.4114219114219115,0.0,-2.924576706003087,11.800923550538737,30.6310928681375,20.061570035915853,0.10694898429615107,0.2130672968696257,0.4172048727203283,60.697793740379666,-28.075936377629553,False
2901,2024-11-28T12:30:00+05:30,PE,79.5,19.175146,24.119680503144654,,0,24050.0,-0.00478147614563734,1.1500000000014552,0.0,55.88235294117647,55.88235294117647,11.111111111111116,-0.1660360754883017,-0.10694898429615107,-0.012056181807212579,522.5141062250143,1.4976635514018686,0.7555282555282554,0.0,22.389937106918236,7.924528301886789,-1.9496855345911914,32.578616352201266,0.10623192653990726,0.26797055442255663,0.2039403521245467,54.339622641509436,-36.16352201257861,False
2904,2024-11-28T12:45:00+05:30,PE,85.8,22.137259,25.801001165501162,,0,24050.0,0.10155833777304815,24.400000000001455,0.0,9.873223203995382,9.873223203995382,7.924528301886789,-0.0201827264990967,-0.10623192653990726,-0.2130672968696257,92.94026311653484,1.499219968798752,0.5010141987829614,0.0,-9.149184149184144,22.843822843822856,15.384615384615389,17.890442890442902,0.16191062866275063,0.20457345498134413,0.20915190463505598,34.96503496503497,-15.326340326340318,False
2907,2024-11-28T13:00:00+05:30,PE,73.9,17.736509,24.000688768606224,,0,24000.0,0.0554473937640412,13.299999999999272,0.0,3.9527359684906482,3.9527359684906482,22.45236122618062,-0.0695734770907485,-0.16191062866275063,-0.26797055442255663,24.413072823798007,0.7472256473489519,0.5666280417149481,0.0,-7.036535859269286,-5.615696887686069,-7.18538565629229,-22.733423545331533,0.042732013991086726,-0.06420224541098948,-0.25097241387936114,11.502029769959405,-36.874154262516925,False
2910,2024-11-28T13:15:00+05:30,PE,69.75,17.798059,25.516930465949816,,0,24000.0,0.09822137972885589,23.549999999999272,0.0,-3.3933518005540204,-3.3933518005540204,-5.615696887686069,-0.012093738987911756,-0.042732013991086726,-0.20457345498134413,-79.41006013107231,0.8003300330033006,0.6160849772382396,0.0,-1.6630824372759807,-18.136200716845877,-10.537634408602152,-0.143369175627232,-0.1069799740995761,0.00458783514658001,0.22376123237594164,12.258064516129028,-33.11827956989247,True
2913,2024-11-28T13:30:00+05:30,PE,57.1,16.889397,29.578628721541158,,0,24000.0,-0.008749234441980263,2.099999999998545,0.0,7.634307257304439,7.634307257304439,-18.136200716845877,-0.0027080230390328407,0.1069799740995761,0.06420224541098948,-71.36202192569692,1.1402061855670098,0.2923076923076923,0.0,9.281961471103322,21.978984238178644,18.47635726795097,-36.690017513134855,0.11144858158244488,-0.1866503347623871,0.11665645922648436,34.57092819614711,-40.19264448336253,False
2916,2024-11-28T13:45:00+05:30,PE,69.65,15.528337,22.29481263460158,,0,24000.0,0.10281393180913503,24.650000000001455,0.0,-2.7913468248429862,-2.7913468248429862,21.978984238178644,-0.015638618630390632,-0.11144858158244488,-0.00458783514658001,-25.046050700771527,0.7392405063291141,0.7618416694269626,0.0,-2.8715003589375447,-48.097631012203884,-51.04091888011486,57.358219669777434,-0.29843151403421814,0.21918345300485403,0.22981937698510574,178.53553481694183,-66.25987078248386,True
2919,2024-11-28T14:00:00+05:30,PE,57.1,19.762911,34.611052539404554,,0,24050.0,0.012891474576758521,3.099999999998545,0.0,-22.312925170068027,-22.312925170068027,-43.88206388206388,0.0033269428306582378,0.29843151403421814,0.1866503347623871,74.7673222188915,2.0060606060606063,0.04714415231187672,0.0,-3.239929947460598,160.59544658493874,175.13134851138352,51.31348511383538,0.5160748370891972,0.3027417255446769,0.6142163854800441,313.5726795096323,-29.071803852889673,False
2922,2024-11-28T14:15:00+05:30,PE,49.0,22.8009,46.532448979591834,,0,23900.0,-0.09530656946510974,22.799999999999272,0.0,18.072289156626507,18.072289156626507,306.6390041493776,-0.15067469708543457,-0.5160748370891972,-0.21918345300485403,35.018737318329926,6.163434903047091,0.3743820224719101,0.0,18.571428571428577,-69.89795918367348,-61.0204081632653,-58.06122448979592,-0.2144397812965007,0.010659287374384572,-0.026752721253371074,39.897959183673464,-78.6734693877551,True
2925,2024-11-28T14:30:00+05:30,PE,27.95,30.859731,110.41048658318427,,0,23950.0,-0.10052515005776462,24.099999999998545,0.0,-39.04034896401309,-39.04034896401309,-63.22368421052631,0.0,0.2144397812965007,-0.3027417255446769,182.05739964840265,0.4971751412429378,0.10275423728813558,0.0,38.461538461538474,71.73524150268337,36.493738819320214,93.91771019677998,0.22461739961040683,0.31242048710899606,-0.006465310480906105,173.7030411449016,-29.5169946332737,False
2928,2024-11-28T14:45:00+05:30,PE,20.55,20.514124,99.8254209245742,,0,23900.0,-0.08465630584964622,20.25,0.0,-16.293279022403258,-16.293279022403258,39.322033898305094,-0.013375997191043631,-0.22461739961040683,-0.010659287374384572,-72.53792026202572,0.4835907335907336,0.194980694980695,0.0,-24.817518248175187,-54.06326034063261,-63.017031630170315,-98.54014598540147,0.0880007525004934,-0.03741599690638989,-0.5064746396881364,61.55717761557179,-98.78345498783455,False
2931,2024-11-28T15:00:00+05:30,PE,9.44,19.275414,204.18870762711867,,0,23900.0,0.0033473923813318956,0.7999999999992724,0.0,-36.216216216216225,-36.216216216216225,-54.06326034063261,-0.052902640322676074,-0.0880007525004934,-0.31242048710899606,-411.54439237338534,1.0838323353293413,0.11096563011456627,0.0,-19.491525423728813,-96.82203389830508,-98.41101694915254,,-0.12552721430006025,-0.31988518444132324,-0.5738685813750997,251.69491525423737,-98.9406779661017,False
2934,2024-11-28T15:15:00+05:30,PE,39.54,21.618956,54.67616590794133,,0,23950.0,0.08692308978151911,20.799999999999272,0.0,-16.405919661733613,-16.405919661733613,-27.0479704797048,0.05686664771112657,0.12552721430006025,0.03741599690638989,130.69611839323466,0.5540138751238849,0.2673934588701684,0.0,-8.700050581689423,,,,-0.19411430386306572,-0.4688832054560986,-0.4793306922086853,23.798684876074873,-11.482043500252907,False
2937,2024-11-29T09:15:00+05:30,PE,175.65,0.0,,,6,24000.0,0.10156137581253707,24.349999999998545,0.0,,,,0.0759680182991125,0.19411430386306572,0.31988518444132324,,,,0.0,3.5866780529461897,-14.517506404782237,-6.774836322231714,-10.560774267008261,-0.27423656918581973,-0.2531735323129804,-0.00834179678131771,8.710503842869333,-15.001423284941643,False
3075,2024-12-02T14:30:00+05:30,CE,179.65,13.640277,7.592695240745895,,3,24300.0,-0.07309866260334194,17.75,0.0,4.084588644264201,4.084588644264201,1.0973550928531328,0.07686410920061926,0.05562709245428792,0.13505433101713438,73.42804493369395,0.6149635036496347,0.8702702702702705,0.0,-4.286111884219325,-5.649874756470918,-13.080990815474532,-10.186473698858899,0.010295586282160837,-0.006383263494936724,0.1365194741014587,2.866685221263571,-14.728639020317289,False
3078,2024-12-02T14:45:00+05:30,CE,169.5,14.136185,8.339932153392331,,3,24300.0,-0.06279661104190902,15.25,0.0,-5.042016806722689,-5.042016806722689,-5.649874756470918,-0.03704656547465912,0.010295586282160837,0.06592840587174865,-489.72605042016806,1.1661721068249264,0.22137404580152636,0.0,-7.876106194690262,-4.808259587020652,-4.778761061946899,-13.539823008849549,-0.016677132768503987,-0.09779800080297306,0.09244484707481332,8.4070796460177,-14.070796460176988,False
3081,2024-12-02T15:00:00+05:30,CE,161.35,14.147232,8.76803966532383,,3,24300.0,-0.07948699996293053,19.299999999999272,0.0,1.318681318681315,1.318681318681315,-4.808259587020652,0.07583782246531226,-0.016677132768503987,-0.006383263494936724,-79.07122507123907,1.1022900763358774,0.2581461562796581,0.0,0.030988534242337388,-9.17260613572977,-4.8651998760458595,7.406259683916962,-0.08113439892589887,0.1429118600369871,0.2016004480925209,15.866129532073131,-10.10226216299968,True
3084,2024-12-02T15:15:00+05:30,CE,176.25,14.259444,8.090464680851065,,3,24250.0,0.04534025802728659,11.0,0.0,-6.7213548557819465,-6.7213548557819465,-8.131352619233773,-0.05993685004046982,-0.08113439892589887,-0.09779800080297306,82.84223393237497,0.8805970149253738,0.06080000000000018,0.0,4.453900709219854,14.921985815602842,10.212765957446807,11.77304964539007,0.22422818515313242,0.19042908371460668,0.3060467416841845,23.6595744680851,-1.276595744680851,False
3087,2024-12-03T09:15:00+05:30,CE,173.3,15.4977,8.942700519330641,,2,24300.0,0.06333434777960245,15.400000000001455,0.0,0.0,0.0,12.899022801302939,0.16539479511025204,0.22422818515313242,0.1429118600369871,0.0,1.8812664907651715,0.6742243436754181,0.0,0.0,-5.020196191575312,-5.020196191575312,-3.1736872475476052,-0.03372348388264526,0.05860483479605517,0.2235208962221413,7.876514714368134,-12.117714945181765,True
3090,2024-12-03T09:30:00+05:30,CE,167.8,15.752044,9.387392133492252,,2,24300.0,0.029620853080571715,7.200000000000728,0.0,0.0,0.0,1.944106925880934,0.02942380776994885,-0.03372348388264526,0.19042908371460668,-0.0,0.9046391752577309,0.7808564231738038,0.0,0.0,0.8343265792610114,1.6090584028605415,3.069129916567328,0.09235946550816518,0.11539790679304597,0.33138329383885956,5.035756853396894,-9.237187127532778,False
3093,2024-12-03T09:45:00+05:30,CE,145.6,0.0,,,2,24350.0,-0.0836427979851685,20.349999999998545,0.0,1.5058561070830987,1.5058561070830987,3.3356990773598216,0.04955258742640273,0.09235946550816518,0.05860483479605517,16.30429646596397,0.9478260869565214,0.8505747126436781,0.0,-2.4381868131868014,-3.1593406593406557,-3.1249999999999885,5.631868131868144,0.023017182737929007,0.16481946924842134,0.31977443160916524,8.447802197802206,-7.348901098901091,True
3096,2024-12-03T10:00:00+05:30,CE,141.0,11.774396,8.350635460992907,,2,24350.0,-0.06061166414974164,14.75,0.0,-2.7586206896551726,-2.7586206896551726,-3.1593406593406557,-0.01068294857597752,0.023017182737929007,0.11539790679304597,-119.8504926108686,0.8067278287461775,0.5198776758409788,0.0,0.035460992907809484,9.078014184397171,12.340425531914898,19.361702127659584,0.14176965512990417,0.2157364317194194,0.34579468055598955,30.49645390070922,-3.120567375886529,False
3099,2024-12-03T10:15:00+05:30,CE,153.8,11.82354,7.687607282184654,,2,24350.0,0.08104309646180204,19.75,0.0,9.661319073083787,9.661319073083787,9.078014184397171,0.1347744889971803,0.14176965512990417,0.16481946924842134,68.148004340076,1.6148597422289626,0.8209606986899566,0.0,2.99089726918075,9.427828348504551,16.71001300390116,16.77503250975291,0.07386206259809805,0.15469998666379725,0.2509258404374335,22.886866059817937,-9.232769830949296,False
3102,2024-12-03T10:30:00+05:30,CE,139.19,12.372783,8.889132121560458,,2,24400.0,-0.0502301360314092,12.25,0.0,-4.664383561643837,-4.664383561643837,9.598425196850393,-0.03176815396282101,0.07386206259809805,0.2157364317194194,-63.1499229452055,1.6425557564798068,0.6548502994011977,0.0,7.184424168402903,7.184424168402903,6.149867088152886,10.819742797614772,0.08077825957704474,0.12977826982809587,0.17980338489609968,15.48961850707666,-0.5388318126302176,False
3105,2024-12-03T10:45:00+05:30,CE,149.19,11.9556,8.013673838729138,,2,24400.0,0.030523467220052596,7.450000000000728,0.0,0.12751677852348842,0.12751677852348842,7.184424168402903,0.0,0.08077825957704474,0.15469998666379725,1.5786026981909085,0.6719266055045873,0.7216429699842022,0.0,-0.9652121455861638,3.3916482337958325,2.2856759836450142,6.2403646356994456,0.04896046084290136,0.09607722232351486,0.05223814859807149,8.546149205710838,-4.417186138481133,False
3108,2024-12-03T11:00:00+05:30,CE,154.25,10.576241,6.856558184764992,,2,24400.0,0.0794450314094591,19.400000000001455,0.0,2.4916943521594686,2.4916943521594686,3.3916482337958325,0.04178752273733153,0.04896046084290136,0.12977826982809587,50.89197097540663,0.9912616056799565,0.6913580246913581,0.0,-1.0696920583468432,2.755267423014587,2.39222042139384,1.5559157212317702,0.047093704186016036,0.04996027748428335,0.011261537957525573,6.3209076175040515,-3.565640194489465,False
3111,2024-12-03T11:15:00+05:30,CE,129.8,8.380829,6.456724961479199,,2,24450.0,-0.07817968228758884,19.099999999998545,0.0,3.6741214057508054,3.6741214057508054,2.975009916699734,0.05795202064157374,0.047093704186016036,0.09607722232351486,78.01725239616627,0.7376543209876544,0.8139534883720937,0.0,-0.4699537750385313,-1.3867488443759717,-3.004622496147924,-4.66101694915255,0.00286522395817219,-0.043796994789388546,-0.05116471353900184,3.3513097072419065,-7.588597842835138,False
3114,2024-12-03T11:30:00+05:30,CE,128.0,7.420334,5.7971359375,,2,24450.0,-0.07531230046334034,18.400000000001455,0.0,1.547005156683858,1.547005156683858,-1.3867488443759717,0.022312153163708114,0.00286522395817219,0.04996027748428335,539.9246897512115,0.8912133891213392,0.530534351145038,0.0,-1.6406249999999956,-3.3203125,-8.632812499999998,-1.4453124999999956,-0.04666088180879606,-0.03867941518360275,-0.07817744232878136,3.750000000000009,-9.023437499999998,False
3117,2024-12-03T11:45:00+05:30,CE,152.19,7.596183,4.991249753597478,,2,24400.0,0.0827184052546692,20.200000000000728,0.0,0.0920749753370512,0.0920749753370512,-2.847111394829242,-0.007165684967826074,-0.04666088180879606,-0.043796994789388546,-1.9732797960045005,0.9185185185185178,0.2530044275774826,0.0,-5.381431105854523,1.0907418358630638,-1.2418687167356506,-2.9568302779420463,0.007985192586468284,-0.007370947002888069,0.03316926151300376,6.117353308364546,-5.913660555884093,False
3120,2024-12-03T12:00:00+05:30,CE,153.85,8.58749,5.581728956776081,,2,24400.0,0.0906963555624769,22.150000000001455,0.0,-2.743536253871928,-2.743536253871928,1.0907418358630638,-0.06935607285046132,0.007985192586468284,-0.03867941518360275,-343.5779693680936,1.64068100358423,0.5821955215729108,0.0,-2.3074423139421407,-4.003899902502436,-9.099772505687358,-5.849853753656159,-0.015354913469944293,-0.0395133106626626,-0.015354913469944293,4.9723756906077385,-10.919727006824818,False
3123,2024-12-03T12:15:00+05:30,CE,147.69,7.979597,5.402936556300359,,2,24400.0,0.07535301248239629,18.400000000001455,0.0,-2.127236580516904,-2.127236580516904,-4.003899902502436,-0.005528312124401539,-0.015354913469944293,-0.007370947002888069,138.53784227965573,0.5494265428727472,0.24576734025122882,0.0,-5.3084162773376695,-1.922946712709055,2.0041979822601452,5.3896675468887585,-0.024162107263381118,0.04054319693345107,-0.002866690692267829,8.673573024578511,-7.2042792335296815,True
3126,2024-12-03T12:30:00+05:30,CE,144.85,7.577123,5.231013462202279,,2,24400.0,0.051203277009728626,12.5,0.0,2.0070422535211225,2.0070422535211225,-1.922946712709055,0.04220930899672682,-0.024162107263381118,-0.0395133106626626,-83.06569587011542,1.1133200795228615,0.45348837209302256,0.0,4.004142216085614,7.455988954090446,9.630652399033494,2.7614773904038663,0.064720942140294,0.02416794674859787,0.17470558115720003,11.18398343113567,-2.5543665861235683,False
3129,2024-12-03T12:45:00+05:30,CE,127.15,6.529087,5.13494848604011,,2,24450.0,-0.08883139637224337,21.700000000000728,0.0,-1.8146718146718102,-1.8146718146718102,7.571912013536382,-0.03805611025632334,0.064720942140294,0.04054319693345107,-28.03840232637823,1.2644549763033182,0.8311954848640332,0.0,2.044828942194254,-4.08965788438852,-3.7357451828548958,-3.8537160833661073,-0.040526766086865715,-0.04339229500210226,0.11666796297736641,3.8930397168698296,-7.943373967754627,False
3132,2024-12-03T13:00:00+05:30,CE,148.85,7.541327,5.066393684917703,,2,24400.0,0.07535301248239629,18.400000000001455,0.0,-4.239577972207928,-4.239577972207928,-4.368776100224871,-0.04114055537702667,-0.040526766086865715,0.02416794674859787,104.61180058435329,0.7837837837837842,0.2906976744186044,0.0,0.7725898555592917,0.5038629492777964,1.6123614376889523,18.71011084984884,-0.002866690692267829,0.1505012613439046,0.18183009533793293,20.859926100100783,-3.7285858246556822,False
3167,2024-12-04T09:40:00+05:30,CE,119.95,0.0,,,1,24550.0,0.04702471953113412,11.549999999999272,0.0,10.70604522381173,10.70604522381173,18.410661401776906,0.07537775459855235,0.1845710812806174,0.4732909675875485,58.00499812608519,0.8663194444444446,0.9354838709677421,0.0,-4.418507711546475,-7.419758232596919,-6.085869112130052,-6.586077532305132,-0.06534603882897974,-0.07613526019327253,-0.1294706563714394,5.877448937057104,-13.255523134639438,False
3170,2024-12-04T09:55:00+05:30,CE,111.05,12.144415,10.93598829356146,,1,24550.0,-0.01833329938277892,4.5,0.0,-5.849936413734638,-5.849936413734638,-7.419758232596919,-0.06921119592875319,-0.06534603882897974,0.11910443256119695,89.52243347213115,0.5631262525050098,0.5190380761523047,0.0,1.4407924358397197,0.90049527239982,0.40522287257992157,-4.187303016659155,-0.01079627630319796,-0.050314721639398444,-0.04685176508932391,14.362899594777131,-15.398469158036916,False
3173,2024-12-04T10:10:00+05:30,CE,112.05,11.520704,10.281752788933513,,1,24550.0,-0.029132720935023667,7.150000000001455,0.0,-2.818733738074588,-2.818733738074588,0.90049527239982,-0.043781767235761763,-0.01079627630319796,-0.07613526019327253,261.08388289762945,1.330960854092527,0.25436408977556085,0.0,-0.4908522980812112,-5.042391789379734,-1.1155734047300314,-8.746095493083443,-0.039522712317424796,-0.053376034160655936,-0.054190935445554506,5.756358768406964,-16.15350290049085,False
3176,2024-12-04T10:25:00+05:30,CE,106.4,11.107648,10.439518796992479,,1,24550.0,-0.06868257847034949,16.849999999998545,0.0,3.855539287457299,3.855539287457299,-5.042391789379734,0.029356661005998656,-0.039522712317424796,-0.050314721639398444,-97.55249732082449,1.1256684491978606,0.37670196671709544,0.0,4.135338345864653,-3.900375939849629,-7.424812030075192,-2.5375939849624087,-0.013858799216576163,0.0034646998041366265,0.038111697845562204,6.954887218045104,-9.069548872180457,True
3179,2024-12-04T10:40:00+05:30,CE,102.25,9.918076,9.699829828850854,,1,24550.0,-0.08255281851629144,20.25,0.0,-4.483886034563286,-4.483886034563286,-3.900375939849629,-0.029750927678752228,-0.013858799216576163,-0.053376034160655936,323.5407313788212,0.5843230403800475,0.3942992874109263,0.0,-3.6674816625916873,1.418092909535455,1.3691931540342352,0.4400977995110052,0.017325900182431537,-0.000815336479176215,0.045047340474319034,9.926650366748172,-5.378973105134474,False
3262,2024-12-05T11:20:00+05:30,PE,151.8,22.196475,14.6221837944664,,0,24350.0,0.012321846634082227,3.0,0.0,-0.39370078740157105,-0.39370078740157105,4.617505168849082,0.004723597656280045,-0.06977507798391068,-0.2597253629600558,-5.642427049559928,0.3082182774490466,0.49901380670611456,0.0,-5.072463768115953,2.3386034255599357,-1.225296442687756,-2.6679841897233274,0.013759395408052509,-0.03470653468600127,-1.061937815747317,8.333333333333318,-8.432147562582353,False
3265,2024-12-05T11:35:00+05:30,PE,155.35,19.163095,12.335432893466365,,0,24350.0,0.026084831157195183,6.349999999998545,0.0,-1.8945374171139882,-1.8945374171139882,2.3386034255599357,0.02280375214171571,-0.013759395408052509,-0.08352487276308712,-137.6904552074457,0.9325938566552908,0.7271214642262891,0.0,-3.4824589636305094,-4.892178950756353,-9.011908593498552,-49.41100740263919,-0.048472599630701524,-0.7110683894978712,-1.0325074506082634,5.857740585774055,-54.77953009333763,False
3268,2024-12-05T11:50:00+05:30,PE,147.75,17.677084,11.964185448392556,,0,24350.0,-0.022376921797793627,5.450000000000728,0.0,0.9566108643662492,0.9566108643662492,-4.892178950756353,0.00554321448956103,0.048472599630701524,0.03470653468600127,-19.735084803670237,1.1642268984446464,0.3438113948919451,0.0,-4.331641285956011,-46.80879864636209,-66.32825719120136,-63.248730964467,-0.6622747680703878,-1.0268748883720011,-0.9494794799521258,4.4670050761421285,-75.26903553299493,False
3279,2024-12-05T12:45:00+05:30,CE,123.2,20.325947,16.498333603896103,,0,24600.0,-0.04453201730038667,10.950000000000728,0.0,-0.7252215954875032,-0.7252215954875032,-8.01851575332238,-0.028459854326202787,-0.09304423257808282,-0.18085054559625582,7.794374518365729,0.7397590361445782,0.212093023255814,0.0,-1.5016233766233835,0.0,0.16233766233766464,8.766233766233764,0.025011133004331013,0.1557603892789647,0.24360436861123735,25.892857142857135,-11.810064935064933,True
3282,2024-12-05T13:00:00+05:30,CE,123.2,19.275677,15.645841720779222,,0,24600.0,-0.01951600312255754,4.799999999999272,0.0,-1.4399999999999977,-1.4399999999999977,0.0,0.0018296587686426069,0.025011133004331013,-0.06805637099051477,-57.57436097559604,0.6934853420195437,0.4298375184638109,0.0,0.16233766233766464,8.766233766233764,2.2727272727272703,4.423701298701301,0.13071656258130782,0.10062939110070258,0.22219782721831013,25.892857142857135,-16.233766233766232,False
3285,2024-12-05T13:15:00+05:30,CE,106.5,18.236749,17.123707981220658,,0,24650.0,-0.0919709185113358,22.650000000001455,0.0,-10.31578947368421,-10.31578947368421,9.399075500770422,-0.01522465500931749,0.13071656258130782,0.1557603892789647,-78.91723336335151,1.7259887005649712,0.5049382716049383,0.0,-6.525821596244135,-3.7089201877934297,11.690140845070426,4.178403755868548,-0.03004789390656249,0.0877073659975685,0.5595405108548135,18.826291079812204,-25.586854460093893,True
3288,2024-12-05T13:30:00+05:30,CE,128.65,21.920614,17.038953750485813,,0,24600.0,0.08103184612479199,19.950000000000728,0.0,21.196420160150726,21.196420160150726,-3.9925373134328312,0.16069681393139668,-0.03004789390656249,0.10062939110070258,-705.4211595016783,1.064759036144579,0.4903660886319847,0.0,14.574426739214925,8.970073843762139,1.04935872522347,-10.182666148464833,0.11779065351473093,0.12144622552035164,0.9173454860793727,22.37854644383987,-17.139525845316758,False
3291,2024-12-05T13:45:00+05:30,CE,110.95,24.272758,21.877204146011717,,0,24650.0,-0.00425981634105823,1.0499999999992724,0.0,20.860566448801748,20.860566448801748,8.191126279863486,-0.005679432543545294,0.11779065351473093,0.0877073659975685,177.09865618661263,1.3864734299516908,0.7028824833702884,0.0,-9.058134294727353,-21.991888237945027,-12.528165840468686,49.57187922487606,0.003651271149472157,0.4714196750774403,0.5807549611646655,71.15817936007211,-22.848129788192885,True
3294,2024-12-05T14:00:00+05:30,CE,86.55,25.132228,29.03781398035818,,0,24650.0,-0.00060852297276233,0.1500000000014552,0.0,-23.84513858337,-23.84513858337,-21.991888237945027,-0.06020750303065589,0.003651271149472157,0.12144622552035164,-6530.64031873315,0.9419279907084789,0.11705685618729095,0.0,12.131715771230503,91.73887926054303,79.72270363951475,169.26632004621607,0.46775132505878503,0.7949338434108149,0.06896593691239501,178.04737146158294,-1.0976314269208582,False
3297,2024-12-05T14:15:00+05:30,CE,95.15,25.82639,27.142816605359954,,0,24750.0,0.06117467489597864,15.150000000001455,0.0,23.57142857142858,23.57142857142858,124.9408983451537,0.11460657805375869,0.46775132505878503,0.4714196750774403,50.39307706603765,2.5016129032258068,0.6725440806045341,0.0,-9.721492380451917,52.39096163951654,4.098791382028367,-24.11981082501314,0.3256592429280574,0.10882227646510151,-0.12658917874514058,65.055176037835,-28.27115081450342,False
3300,2024-12-05T14:30:00+05:30,CE,72.55,21.306193,29.367598897312202,,0,24850.0,-0.016904265509666533,4.200000000000728,0.0,-3.6520584329349273,-3.6520584329349273,71.10849056603773,0.07290244364157189,0.3256592429280574,0.7949338434108149,-11.214355226336128,1.0020719532868714,0.8018597997138769,0.0,-49.13852515506547,-73.96278428669882,-85.73397656788421,-96.6919365954514,-0.21613310901641616,-0.720242455465313,-0.6294826489788931,5.651274982770515,-97.93246037215714,False
3303,2024-12-05T14:45:00+05:30,CE,38.4,29.232557,76.12645052083333,,0,24800.0,-0.03186498925061393,7.900000000001455,0.0,-29.79890310786107,-29.79890310786107,-64.02810304449649,-0.08986717389903809,-0.21613310901641616,0.10882227646510151,137.87292119874945,1.1084977238239757,0.027075812274368234,0.0,-59.24479166666667,-91.27604166666666,-93.09895833333334,-99.21875000000001,-0.5052012536251468,-0.23515555358359833,-0.40617777437166314,55.859375000000014,-99.21875000000001,False
3306,2024-12-05T15:00:00+05:30,CE,31.95,49.198784,153.98680438184664,,0,24650.0,0.0683103030990927,16.849999999998545,0.0,115.87837837837836,115.87837837837836,-79.77848101265823,0.5894634679454996,-0.5052012536251468,-0.720242455465313,-229.37072611533682,1.7501378929950357,0.11141765704584039,0.0,82.78560250391236,110.48513302034428,94.36619718309859,,0.27141690163113946,0.09141823945904286,0.2274307420688178,161.03286384976528,-82.15962441314554,False
3309,2024-12-05T15:15:00+05:30,CE,0.35,22.651922,6471.977714285714,,0,24750.0,-0.06549741649079692,16.200000000000728,0.0,-92.37472766884532,-92.37472766884532,-93.85964912280701,-0.06949214173165015,0.27141690163113946,-0.23515555358359833,-340.34257672863816,0.16384915474642395,0.0,0.0,-42.85714285714285,,,,-0.17951143778957465,-0.17142533698824208,-0.027694895244558235,1068.5714285714284,-85.71428571428572,False
3312,2024-12-06T09:15:00+05:30,CE,236.9,0.0,,,6,24700.0,-0.04293340461898039,10.599999999998545,0.0,,,,-0.04918719675485068,-0.17951143778957465,0.09141823945904286,,,,0.0,7.5137188687209715,-2.068383284086115,1.5407344871253716,2.2161249472351203,0.008100642380940808,0.1358882759402791,-0.24706959261869463,13.292528493035027,-13.8455044322499,True
3315,2024-12-06T09:30:00+05:30,CE,232.0,0.0,,,6,24700.0,-0.034829940789094765,8.599999999998545,0.0,-4.956984842277753,-4.956984842277753,-2.068383284086115,-0.05767911388690441,0.008100642380940808,-0.17142533698824208,-611.9249078246618,,,0.0,3.6853448275862113,4.375000000000003,2.478448275862069,4.310344827586207,0.1277772827786163,0.14397725523866314,0.0698623812339519,10.344827586206897,-10.10775862068965,False
3318,2024-12-06T09:45:00+05:30,CE,242.15,0.0,,,6,24700.0,0.09282872796329211,22.950000000000728,0.0,-0.020644095788597418,-0.020644095788597418,4.375000000000003,-0.011122030923290342,0.1277772827786163,0.1358882759402791,-0.16156311466072462,0.42810985460420065,0.31470357795769166,0.0,-1.8170555440842475,-0.06194507536651071,-22.69254594259757,-26.22341523848854,0.01617929899142295,-0.38243817990975704,-0.021437571163632464,5.71959529217427,-29.300020648358462,False
3321,2024-12-06T10:00:00+05:30,CE,214.85,22.006664,10.242803816616245,,6,24750.0,-0.09321812839836402,23.049999999999272,0.0,9.8134423715819,9.8134423715819,-0.53240740740741,0.16081175505575035,0.01617929899142295,0.14397725523866314,606.5431127012519,3.402135231316724,0.7186192468619244,0.0,-23.434954619501976,-26.87921805911101,-13.334884803351176,-15.499185478240626,-0.398552995820347,-0.07400831885857038,-0.011323677202401721,6.260181521992096,-30.48638585059344,False
3690,2024-12-13T09:30:00+05:30,PE,171.7,0.0,,,6,24400.0,0.0334127997671413,8.150000000001455,0.0,3.0921645151605985,3.0921645151605985,24.8273355143584,-0.11220655835048765,-0.3212037375691995,-0.6603812006190497,9.62680116539562,,,0.0,-1.3104251601630752,-2.0093185789167087,1.630751310425167,-6.95981362842166,0.008404446567190568,-0.016398920131109367,0.7445109739523593,6.581246359930118,-9.143855562026786,False
3693,2024-12-13T09:45:00+05:30,PE,168.25,0.0,,,6,24400.0,0.04182076113785569,10.200000000000728,0.0,1.4165159734779953,1.4165159734779953,-2.0093185789167087,-0.03299471059949657,-0.008404446567190568,-0.3295811887398943,168.5436348667878,0.5615292712066906,0.6874999999999999,0.0,3.7147102526002973,-5.052005943536404,9.301634472511147,31.64933135215453,-0.024805451459213576,0.35793651444455993,0.70480282741145,33.491827637444274,-7.280832095096583,True
3696,2024-12-13T10:00:00+05:30,PE,159.75,17.532664,10.975063536776213,,6,24400.0,0.017011090000969245,4.150000000001455,0.0,-5.668733392382636,-5.668733392382636,-5.052005943536404,0.062344523218195946,0.024805451459213576,0.016398920131109367,228.52772511330684,0.9170212765957452,0.1388888888888889,0.0,15.117370892018783,38.654147104851326,64.87636932707355,87.85602503912364,0.3826470485758789,0.7607851335370506,0.5580867237665333,100.0,-2.3474178403755865,False
3699,2024-12-13T10:15:00+05:30,PE,168.6,17.251812,10.232391459074734,,6,24300.0,-0.010287007509515483,2.5,0.0,22.00593385917939,22.00593385917939,43.550446998722855,-0.20777642271414543,-0.3826470485758789,-0.35793651444455993,57.50974413909693,3.0697278911564627,0.9451697127937336,0.0,21.945432977461447,43.030842230130496,43.06049822064057,41.429418742586,0.37959057710112126,0.34811233412199794,-0.060693344306141345,55.96085409252669,-17.61565836298932,False
3702,2024-12-13T10:30:00+05:30,PE,188.75,21.410987,11.343569271523178,,6,24200.0,-0.04233743972077943,10.25,0.0,21.656461488881725,21.656461488881725,49.68279143536876,-0.22542803508764997,-0.37959057710112126,-0.7607851335370506,57.052157759734214,1.7936145952109463,0.870216306156406,0.0,0.18543046357615592,-1.3774834437086063,-2.4370860927152287,-14.357615894039732,-0.03159818671844138,-0.20425233114073887,-0.5985068307844877,10.198675496688741,-18.309933774834438,False
3705,2024-12-13T10:45:00+05:30,PE,186.15,23.090855,12.404434595756111,,6,24200.0,-0.07391227150166386,17.900000000001455,0.0,4.052543320290665,4.052543320290665,-1.3774834437086063,-0.06293032478237456,0.03159818671844138,-0.34811233412199794,-128.25240120267767,0.4488239033693581,0.7345078979343864,0.0,-1.0744023636852,-13.1614289551437,-9.078699973139944,-26.08111737845824,-0.17259960607649413,-0.41023375272008944,-0.6391966272880772,11.737845823260807,-29.895245769540697,False
3708,2024-12-13T11:00:00+05:30,PE,185.2,23.929036,12.920645788336934,,6,24250.0,-0.039984006397444025,9.700000000000728,0.0,0.08105917319642111,0.08105917319642111,-12.538370720188908,-0.0012366034624866958,0.17259960607649413,0.20425233114073887,-0.46963706951044043,0.9461235216819971,0.12631578947368402,0.0,4.373650107991374,-14.632829373650106,-12.829373650107986,-24.379049676025907,-0.23722469774976307,-0.3934508670758531,-1.165307073047073,7.424406047516199,-26.10691144708423,False
3711,2024-12-13T11:15:00+05:30,PE,179.75,27.471878,15.283381363004173,,6,24300.0,-0.07093729759738457,17.25,0.0,-5.593487394957986,-5.593487394957986,-14.709371293001187,0.1577498203175972,0.23722469774976307,0.41023375272008944,23.57885771597984,1.366925064599482,0.11143270622286526,0.0,2.698191933240609,-11.126564673157164,-8.762169680111267,-17.385257301808068,-0.1558564393588973,-0.2280274290884073,-1.138286607243826,9.624478442280953,-18.809457579972186,False
3714,2024-12-13T11:30:00+05:30,PE,183.45,27.823421,15.166759880076317,,6,24350.0,-0.021145425094903768,5.150000000001455,0.0,-12.746730083234251,-12.746730083234251,-10.183598531211755,0.2302544939751133,0.1558564393588973,0.3934508670758531,81.78507179855309,0.6211340206185569,0.03455284552845506,0.0,1.7443445080403475,-7.14091032979013,-17.06186971926955,-40.50149904606159,-0.07205868163406619,-0.7688312328193421,-0.752407601677674,17.525211229217774,-51.703461433633144,False
3717,2024-12-13T11:45:00+05:30,PE,170.35,24.256772,14.239373055474026,,6,24350.0,-0.09313699343938392,22.700000000000728,0.0,-2.823730747290369,-2.823730747290369,-7.14091032979013,0.03262910557260275,0.07205868163406619,0.2280274290884073,39.18654467798968,0.7690179806362373,0.07064676616915389,0.0,-10.683886116818309,-35.92603463457586,-33.489873789257416,-48.01878485471089,-0.6962708276063002,-0.9081882598152791,-0.7610974574011086,4.490754329321987,-49.36894628705606,False
3731,2024-12-13T12:55:00+05:30,CE,179.9,21.467122,11.932808226792663,,6,24650.0,-0.06210751500931317,15.299999999999272,0.0,21.883468834688355,21.883468834688355,36.91019786910198,0.25414848050138156,0.43112322378251006,0.2054164870119833,50.75919743476396,2.5818181818181816,0.95226917057903,0.0,8.893829905503058,-1.9455252918287937,-11.061700944969429,1.5286270150083379,0.022123265150380267,0.11853198942954744,0.4189212777098999,14.61923290717064,-18.98276820455809,True
3734,2024-12-13T13:10:00+05:30,CE,176.4,21.712224,12.30851700680272,,6,24650.0,-0.039975405993869936,9.849999999998545,0.0,-7.909162098668758,-7.909162098668758,-1.9455252918287937,-0.09649711420919711,0.022123265150380267,0.4533418674668126,-357.5042854166041,0.5884194053208137,0.6580608146873209,0.0,-9.297052154195013,3.5430839002267573,3.4580498866213114,19.869614512471646,0.09638740023904076,0.3271083982849071,0.3555173162500981,26.984126984126984,-16.751700680272112,False
3737,2024-12-13T13:25:00+05:30,CE,182.65,21.45809,11.748201478237064,,6,24650.0,0.056357672549764856,13.900000000001455,0.0,6.099331977926227,6.099331977926227,3.5430839002267573,0.1116234514783004,0.09638740023904076,0.11853198942954744,63.27934940458902,0.9640957446808512,0.6032013479359732,0.0,-0.08212428141254074,15.767862031207217,20.996441281138786,17.73884478510813,0.2304988262196917,0.3000336524231772,0.386800141096898,27.89488091979194,-6.460443471119634,False
3740,2024-12-13T13:40:00+05:30,CE,182.2,19.713845,10.819892974753019,,6,24700.0,0.08393758279987461,20.75,0.0,6.084425036390096,6.084425036390096,16.79487179487179,0.0627397010756823,0.2304988262196917,0.3271083982849071,26.396772322783736,1.388605697151424,0.8422555317630263,0.0,4.637760702524708,1.5367727771679536,-0.16465422612512787,-4.6652030735455545,0.0693749178321914,0.028316292992728778,0.07159976942447428,10.867178924259063,-8.47969264544456,False
3743,2024-12-13T13:55:00+05:30,CE,157.35,17.893334,11.37167715284398,,6,24750.0,-0.048912801814214396,12.099999999998545,0.0,3.5606160326444627,3.5606160326444627,0.44685604851579225,0.06856532617072049,0.0693749178321914,0.3000336524231772,51.324255853637396,0.7719714964370548,0.6737160120845919,0.0,-1.9701302828090208,-6.774706069272321,1.6841436288528795,3.01874801398157,-0.04103016019953777,0.08650693874580226,0.029307257285379917,11.058150619637756,-10.359072132189375,True
3746,2024-12-13T14:10:00+05:30,CE,146.69,17.716448,12.077474947167497,,6,24750.0,-0.08997988090303403,22.25,0.0,-8.060169225947988,-8.060169225947988,-6.774706069272321,-0.04648483684832806,-0.04103016019953777,0.028316292992728778,196.44498551187206,0.7923076923076923,0.17353846153846111,0.0,9.073556479650966,10.505146908446381,7.4374531324561985,0.9271252300770425,0.12758944910070377,0.04327122362528223,0.17672453013315292,19.12877496761879,-7.014793101097546,False
3749,2024-12-13T14:25:00+05:30,CE,162.1,17.243098,10.637321406539174,,6,24750.0,0.03756164350365024,9.299999999999272,0.0,2.4328593996840406,2.4328593996840406,10.505146908446381,0.07416853435295954,0.12758944910070377,0.08650693874580226,19.067872906668278,1.1708737864077672,0.5804311774461027,0.0,-2.776064157927206,-8.667489204194931,-16.446637877853178,-10.826650215916091,-0.08421078140334559,-0.057150242535119404,0.08885550076133009,7.803824799506481,-19.956816779765575,False
3752,2024-12-13T14:40:00+05:30,CE,148.05,16.910338,11.422045254981423,,6,24750.0,-0.04668845461214939,11.549999999999272,0.0,3.4591194968553576,3.4591194968553576,-8.667489204194931,0.02365299240679178,-0.08421078140334559,0.04327122362528223,-41.07691959640136,1.0165837479270314,0.30378096479791417,0.0,-8.517392772711931,-2.3640661938534278,-6.416751097602161,5.639986491050316,0.027083345965493905,0.13339558460614953,-0.14127805096924312,6.923336710570753,-12.360688956433643,True
3755,2024-12-13T14:55:00+05:30,CE,144.55,14.795639,10.23565479072985,,6,24750.0,-0.019599800364914113,4.849999999998545,0.0,2.1193924408336273,2.1193924408336273,-2.3640661938534278,0.04811336965421631,0.027083345965493905,-0.057150242535119404,78.25445362378352,0.5725938009787931,0.3967828418230565,0.0,-4.150812867519889,8.197855413351776,5.631269456935307,19.647180906260793,0.1062834535252333,0.1460892336477969,0.005051494939412369,19.854721549636796,-6.606710480802498,False
3758,2024-12-13T15:10:00+05:30,CE,156.4,14.449634,9.23889641943734,,6,24750.0,0.08659162059548685,21.450000000000728,0.0,-0.5721551176096666,-0.5721551176096666,8.197855413351776,-0.06475037821482309,0.1062834535252333,0.13339558460614953,-5.383294375862827,1.3276353276353274,0.933450087565674,0.0,-2.3721227621483423,10.581841432225053,-3.99616368286445,-11.38107416879796,0.03976351808230259,-0.2743077211870953,-0.17479800334659162,10.773657289002553,-22.058823529411764,False
3764,2024-12-16T09:25:00+05:30,CE,158.1,19.781785,12.512197975964579,,3,24700.0,0.014168032869836257,3.5,0.0,0.0,0.0,-4.239854633555421,-0.0873606173483567,-0.31394640313461875,-0.2743077211870953,-0.0,0.5903755868544603,0.03990610328638471,0.0,0.0,3.5104364326375785,1.8342820999367526,19.8292220113852,0.1736596028902846,0.09978343149756697,-0.15483635922035338,20.36685641998736,-4.617330803289047,False
3767,2024-12-16T09:40:00+05:30,CE,163.19,18.343396,11.240514737422636,,3,24750.0,-0.014547570555711315,3.599999999998545,0.0,0.0,0.0,19.465592972181554,0.22254667101365339,0.1736596028902846,-0.14083199832130605,0.0,2.1145510835913326,0.952116402116402,0.0,0.0,3.345793247135246,-4.712298547705128,-12.715239904405905,-0.07374810073384411,-0.08385058028642549,-0.28347557624543956,7.236963049206448,-15.497273117225316,False
3770,2024-12-16T09:55:00+05:30,CE,142.44,19.762399,13.87419194046616,,3,24750.0,-0.08836083572769715,21.849999999998545,0.0,0.0,0.0,-8.39871382636656,-0.11915508943700229,-0.07374810073384411,0.09978343149756697,-0.0,1.633333333333333,0.033827893175073794,0.0,0.0,-1.4672844706543131,6.185060376298794,-2.0640269587194595,-0.010109935437952293,-0.2543659756188856,-0.30087167863346614,16.786015164279693,-7.2240943555181065,False
3773,2024-12-16T10:10:00+05:30,CE,139.5,17.902143,12.833077419354838,,3,24750.0,-0.09848072750361887,24.349999999998545,0.0,0.0,0.0,-7.768595041322314,-0.08041849948777788,-0.010109935437952293,-0.08385058028642549,-0.0,0.9002444987775065,0.35941320293398527,0.0,0.0,-7.455197132616491,-8.20788530465949,-14.40860215053763,-0.2442807368057117,-0.19979252314904342,-0.39695619730927784,8.960573476702509,-16.702508960573475,False
3847,2024-12-17T10:05:00+05:30,PE,144.55,13.813505,9.556212383258385,,2,24500.0,-0.060983195968177493,14.950000000000728,0.0,-3.5368702035368593,-3.5368702035368593,-2.0995597697256985,0.03407245395118941,-0.011828117065720761,-0.1978541375330461,-299.0222521374188,0.5201486138896825,0.7566137566137568,0.0,-0.34590107229332406,38.67173988239362,33.13732272570043,40.850916637841564,0.35101030187701493,0.4199478277540877,0.09239260124944759,48.42615012106537,-6.502940159114496,False
3850,2024-12-17T10:20:00+05:30,PE,172.25,17.233796,10.005106531204646,,2,24450.0,0.08637310726229402,21.099999999998545,0.0,38.07615230460922,38.07615230460922,41.18852459016394,-0.3099386447988749,-0.35101030187701493,-0.3627969010333169,108.47588261939426,3.7264705882352938,0.92578125,0.0,-4.150943396226419,1.9158200290275829,-7.1988388969521075,-6.856313497822933,0.06918035605369646,-0.07102243654032128,-0.10499858773828463,14.77503628447024,-27.547169811320753,False
3853,2024-12-17T10:35:00+05:30,PE,150.69,16.889189,11.207902979627047,,2,24400.0,-0.049156152711781094,12.0,0.0,0.0,0.0,-0.16562872664634953,-0.006348933276804367,-0.06918035605369646,-0.4199478277540877,0.0,0.8168498168498168,0.5993589743589745,0.0,0.0,-9.350321852810408,-13.332006105249189,-9.416683257017718,-0.14029985253154187,-0.3289365885629988,-0.0442405374406,13.809808215541844,-17.579135974517218,False
3856,2024-12-17T10:50:00+05:30,PE,160.44,19.476705,12.13955684367988,,2,24450.0,0.015339776039269826,3.75,0.0,4.6234104988588225,4.6234104988588225,-8.6072344061521,-0.06397704184875849,0.14029985253154187,0.07102243654032128,-32.953780174639874,2.2332613390928717,0.2793036750483559,0.0,-15.201944652206423,-15.326601844926454,-10.994764397905751,-7.722513089005227,-0.1883724497622305,-0.03395203763358091,0.16751035434882947,2.7175268012964433,-20.406382448267262,False
3859,2024-12-17T11:05:00+05:30,PE,159.65,21.291141,13.336135922330097,,2,24500.0,0.03143845208494395,7.700000000000728,0.0,-0.7768800497203232,-0.7768800497203232,-14.465577283686043,0.041663092626860965,0.1883724497622305,0.3289365885629988,4.12417023137367,0.7251356238698008,0.11273209549071617,0.0,5.2301910429063545,9.238960225493265,25.5872220482305,20.98340119010335,0.15413007353331454,0.28376265193550626,0.4295227479656901,28.499843407453806,-2.4115252113999337,False
3862,2024-12-17T11:20:00+05:30,PE,148.05,16.66988,11.259628503883821,,2,24450.0,-0.018605944497033365,4.549999999999272,0.0,1.9698326331014628,1.9698326331014628,8.98049319101952,-0.01471902004036357,-0.15413007353331454,0.03395203763358091,12.780326304559196,0.49865229110512116,0.5485175202156335,0.0,16.379601485984463,11.719013846673416,22.323539344815927,16.717325227963524,0.12983268962217664,0.20139401461077797,0.30853154116514403,30.226274907125966,-4.761904761904769,False
3865,2024-12-17T11:35:00+05:30,PE,140.25,13.929796,9.932118360071302,,2,24400.0,-0.09335538922645754,22.799999999999272,0.0,0.0,0.0,-1.9230769230769231,-0.0014330665782349237,-0.12983268962217664,-0.28376265193550626,0.0,0.5232774674115459,0.6033519553072625,0.0,0.0,9.37611408199644,9.661319073083787,4.81283422459893,0.07165435576592365,0.14617488576248722,0.049748595574618054,16.613190730837797,-4.320855614973264,False
3868,2024-12-17T11:50:00+05:30,PE,147.0,16.546841,11.256354421768707,,2,24400.0,-0.021716594346307044,5.299999999999272,0.0,0.0,0.0,-4.421326397919382,0.04550261947511517,-0.07165435576592365,-0.20139401461077797,0.0,0.579019073569482,0.4363079019073568,0.0,0.0,7.244897959183677,0.4081632653061186,3.870748299319726,0.07457396549110533,0.10735373054213933,-0.0374918562771261,14.829931972789122,-3.3333333333333375,False
3871,2024-12-17T12:05:00+05:30,PE,152.69,15.730751,10.302410766913354,,2,24400.0,0.05289681839989772,12.900000000001455,0.0,0.0,0.0,3.4485094850948537,-0.06372258750587706,-0.07457396549110533,-0.14617488576248722,0.0,0.797752808988764,0.39662921348314595,0.0,0.0,2.0368066016111164,3.575872683214361,-1.270548169493744,0.03280422846504914,-0.09656744754400036,-0.04346560271619907,5.0167005042897355,-5.566834763245792,False
3874,2024-12-17T12:20:00+05:30,PE,150.75,13.4756,8.939038142620232,,2,24400.0,0.08572916965762253,20.900000000001455,0.0,0.0,0.0,-4.679102118242179,0.060949957417111324,-0.03280422846504914,-0.10735373054213933,0.0,1.0520833333333321,0.4059405940594062,0.0,0.0,-19.237147595356554,-21.956882255389715,-12.835820895522385,-0.1294141293156963,-0.1450012510716236,0.038352523267875124,6.368159203980096,-23.71475953565506,False
3877,2024-12-17T12:35:00+05:30,PE,131.4,15.568862,11.84844901065449,,2,24400.0,-0.04362849821697273,10.650000000001455,0.0,0.0,0.0,11.687207819804504,-0.20196197473021446,0.1294141293156963,0.09656744754400036,-0.0,0.4613297150610584,0.4450474898236095,0.0,0.0,2.777777777777782,2.168949771689493,-8.751902587519025,-0.015566975889618967,0.05305061520279356,0.15054904314305437,8.828006088280056,-10.616438356164386,False
3880,2024-12-17T12:50:00+05:30,PE,119.9,14.539371,12.126247706422017,,2,24400.0,-0.059186260595674806,14.450000000000728,0.0,0.0,0.0,-10.689013035381747,0.06557793630333074,0.015566975889618967,0.1450012510716236,-0.0,1.812056737588653,0.09589041095890423,0.0,0.0,-3.87823185988324,9.549624687239357,6.964136780650537,0.06860691107110747,0.18308829402260027,0.20602552996278548,13.886572143452883,-5.587989991659718,True
3883,2024-12-17T13:05:00+05:30,PE,128.25,12.979518,10.12048187134503,,2,24400.0,0.009427118129984681,2.2999999999992724,0.0,0.0,0.0,-2.360106585458694,0.02316328475876958,-0.06860691107110747,-0.05305061520279356,0.0,1.184491978609625,0.6794582392776525,0.0,0.0,10.058479532163748,14.697855750487324,7.7192982456140395,0.11455997901441826,0.09755017891030413,0.22911995802883653,18.51851851851852,-2.8849902534113085,False
3886,2024-12-17T13:20:00+05:30,PE,112.85,12.729936,11.280404076207356,,2,24350.0,-0.08104309646180204,19.75,0.0,0.0,0.0,-6.542443064182199,0.05686507170746531,-0.11455997901441826,-0.18308829402260027,0.0,0.646090534979424,0.4794238683127569,0.0,0.0,12.671688081524158,8.949933540097483,-6.424457244129375,-0.01702930887678969,0.02297930836384676,0.18670688045630343,17.580859548072667,-8.462560921577312,False
3889,2024-12-17T13:35:00+05:30,PE,105.6,14.929449,14.137735795454546,,2,24350.0,-0.09805570712935333,23.900000000001455,0.0,0.0,0.0,-14.11142740951607,0.13680845993937252,0.01702930887678969,-0.09755017891030413,-0.0,1.321492805755396,0.07825791085403189,0.0,0.0,4.024621212121212,0.42613636363636637,-8.80681818181818,0.040001805209671004,0.13169825099800272,0.18400830396449555,16.003787878787882,-12.1685606060606,False
3892,2024-12-17T13:50:00+05:30,PE,96.3,14.27558,14.824070612668743,,2,24350.0,-0.05807713382162503,14.150000000001455,0.0,0.0,0.0,-9.193776520509193,-0.002872991214791348,-0.040001805209671004,-0.02297930836384676,0.0,1.567857142857143,0.1617312072892937,0.0,0.0,-0.2076843198338555,3.8940809968847354,15.057113187954311,0.09173314070058747,0.1637652042037233,0.20891350611452258,16.043613707165115,-8.099688473520246,True
3895,2024-12-17T14:05:00+05:30,PE,110.8,14.531581,13.115145306859205,,2,24350.0,0.03368690893853671,8.200000000000728,0.0,0.0,0.0,10.744627686156921,-0.04311707723705769,-0.09173314070058747,-0.13169825099800272,0.0,1.2704918032786887,0.9591397849462364,0.0,0.0,3.3393501805054173,-1.4440433212996338,13.222021660649824,0.07209820144771246,0.05237903523979328,-0.055049338997122055,17.32851985559567,-12.86101083032491,False
3898,2024-12-17T14:20:00+05:30,PE,101.05,13.767537,13.624479960415636,,2,24300.0,-0.09969474906728881,24.25,0.0,0.0,0.0,16.016073478760052,-0.09426135243477989,-0.07209820144771246,-0.1637652042037233,0.0,1.8853211009174324,0.8077858880778587,0.0,0.0,9.648688767936665,1.1380504700643301,-2.6719445818901564,-0.019733393629810875,0.04522236040165679,-0.0014388932855012788,14.052449282533402,-15.883226125680352,False
3901,2024-12-17T14:35:00+05:30,PE,121.65,15.300839,12.577755034936292,,2,24350.0,0.08611104831467209,20.950000000000728,0.0,0.0,0.0,-3.6053882725831987,0.007399110051482484,0.019733393629810875,-0.05237903523979328,-0.0,0.7908653846153849,0.08917197452229336,0.0,0.0,-1.8084669132757933,-5.302096177558572,0.3288121660501368,0.06494293858576176,-0.10748467367201538,0.06782015738386825,9.864364981504316,-11.015207562679823,False
3904,2024-12-17T14:50:00+05:30,PE,97.85,12.950441,13.234993357179356,,2,24300.0,-0.054497033510534386,13.25,0.0,0.0,0.0,7.1154898741105645,-0.06822894510240937,-0.06494293858576176,-0.04522236040165679,0.0,0.9752321981424154,0.7390029325513194,0.0,0.0,-7.204905467552374,-16.402657128257538,-18.405723045477764,-0.17253966458618542,-0.04668236455430082,-0.14662786752080226,4.598875830352581,-23.04547777210015,False
3907,2024-12-17T15:05:00+05:30,PE,100.95,14.274489,14.140157503714711,,2,24350.0,-0.021350676652216887,5.200000000000728,0.0,0.0,0.0,-2.6049204052098434,0.03244712966120045,0.17253966458618542,0.10748467367201538,-0.0,0.5670436187399029,0.1761904761904761,0.0,0.0,4.457652303120357,1.8821198613174754,7.776126795443283,0.12564052029957537,0.1751166075417219,0.06405202995665066,9.806835066864776,-5.497771173848437,False
3910,2024-12-17T15:20:00+05:30,PE,86.15,8.795219,10.20919210679048,,2,24300.0,-0.10113218716853943,24.599999999998545,0.0,0.0,0.0,6.030769230769238,-0.031028906200244982,-0.12564052029957537,0.04668236455430082,0.0,1.491228070175438,0.8000000000000003,0.0,0.0,4.817179338363309,19.384793964016236,19.384793964016236,0.049538327454508084,-0.09989886781284342,0.30976871151015245,34.41671503192106,-7.777132907719098,False
3913,2024-12-18T09:20:00+05:30,PE,111.55,15.941163,14.290598834603315,,1,24300.0,-0.05161943111684818,12.549999999999272,0.0,0.0,0.0,8.458920758386004,-0.06987387765084023,-0.049538327454508084,-0.1751166075417219,0.0,0.5798611111111113,0.8524305555555556,0.0,0.0,5.602868668758405,5.602868668758405,-5.3339309726580035,-0.14951126064523132,-0.11125941129169616,0.16658063428147193,21.91842223218288,-14.97086508292246,False
3916,2024-12-18T09:35:00+05:30,PE,110.25,28.405399,25.764534240362813,,1,24350.0,0.004517657881869591,1.0999999999985448,0.0,0.0,0.0,-16.823840060354588,0.14765763171966215,0.14951126064523132,0.09989886781284342,-0.0,1.284386617100372,0.11278195488721801,0.0,0.0,-25.487528344671194,-25.487528344671194,-28.716553287981856,0.038194743910414476,0.40925873448082434,0.24682839881884677,26.575963718820873,-33.78684807256236,True
3922,2024-12-18T10:05:00+05:30,PE,90.3,18.76654,20.782436323366554,,1,24250.0,0.003092879161211172,0.75,0.0,0.0,0.0,0.8375209380234507,-0.048843622094622854,-0.37120577166427776,-0.40925873448082434,0.0,0.5345060893098782,0.8200270635994585,0.0,0.0,1.5503875968992311,5.703211517165012,-7.087486157253591,-0.0940235265008166,-0.1630978277678661,0.15629349361321054,7.308970099667783,-9.966777408637874,False
3925,2024-12-18T10:20:00+05:30,PE,83.9,15.606049,18.600773539928486,,1,24250.0,-0.09084523144933895,22.049999999999272,0.0,0.0,0.0,-12.100576217915135,0.177886371468836,0.0940235265008166,-0.27753126592055444,-0.0,1.0505050505050504,0.16666666666666713,0.0,0.0,4.946364719904637,-16.269368295589995,-15.494636471990464,-0.06900941618033911,0.10608910248619298,0.2119722067151342,15.494636471990464,-21.394517282479146,False
3928,2024-12-18T10:35:00+05:30,PE,95.45,16.171002,16.941856469355685,,1,24300.0,0.04611178814927344,11.200000000000728,0.0,0.0,0.0,2.2495982860203627,-0.011526618254867001,0.06900941618033911,0.1630978277678661,-0.0,0.39560439560439553,0.28388278388278393,0.0,0.0,-6.286013619696177,-6.286013619696177,3.3525405971712967,0.17497776753071376,0.3188712493000919,0.1463637561345117,5.919329491880557,-14.667365112624411,True
3931,2024-12-18T10:50:00+05:30,PE,82.05,12.65878,15.428129189518586,,1,24250.0,0.01526006029786288,3.7000000000007276,0.0,0.0,0.0,10.579514824797835,-0.10012113421175939,-0.17497776753071376,-0.10608910248619298,0.0,1.4446653412856192,1.0,0.0,0.0,14.50335161486899,8.043875685557596,18.220597196831203,0.14414570470546323,0.1059955539608135,0.09754065568766293,22.912858013406456,-12.309567336989634,False
3934,2024-12-18T11:05:00+05:30,PE,73.25,12.432214,16.97230580204778,,1,24200.0,-0.046878839882941455,11.349999999998545,0.0,0.0,0.0,10.416038589086519,-0.09799835775383638,-0.14414570470546323,-0.3188712493000919,0.0,0.7865168539325841,0.8298429319371727,0.0,0.0,-3.549488054607501,-11.604095563139932,-6.143344709897611,-0.03820522193103648,-0.17305932961194423,-0.08405148824828927,4.436860068259386,-14.675767918088736,False
3937,2024-12-18T11:20:00+05:30,PE,68.75,10.2001,14.836509090909091,,1,24200.0,-0.08505156767379234,20.599999999998545,0.0,0.0,0.0,6.177606177606178,-0.016718507800950314,0.03820522193103648,-0.1059955539608135,-0.0,1.0,0.4308300395256917,0.0,0.0,-11.345454545454542,-8.945454545454544,-14.472727272727276,-0.134802606046099,-0.008463869598618163,0.0790649282016045,9.74545454545455,-24.43636363636363,False
3940,2024-12-18T11:35:00+05:30,PE,79.45,13.843804,17.42454877281309,,1,24250.0,-0.0134002659437395,3.25,0.0,0.0,0.0,-5.360333531864205,0.031552116672721876,0.134802606046099,0.17305932961194423,-0.0,0.7977777777777779,0.30479452054794537,0.0,0.0,6.733794839521705,8.18124606670862,15.166771554436748,0.12616865780874126,0.08885407110386967,0.35747786379145363,18.061674008810567,-11.20201384518566,False
3943,2024-12-18T11:50:00+05:30,PE,68.05,8.215232,12.072346803820722,,1,24200.0,-0.09350752291760585,22.650000000001455,0.0,0.0,0.0,7.081038552321008,-0.023938799221573284,-0.12616865780874126,0.008463869598618163,0.0,1.7292644757433484,0.8235294117647056,0.0,0.0,-6.539309331373984,-4.481998530492281,-5.951506245407785,-0.03736172549245963,0.08752139010389337,0.22561528156498753,4.99632623071272,-11.388684790595152,True
3946,2024-12-18T12:05:00+05:30,PE,87.35,9.883621,11.314963938179737,,1,24250.0,0.07552090856192208,18.299999999999272,0.0,0.0,0.0,-0.9637188208616877,0.002682508599509535,0.03736172549245963,-0.08885407110386967,-0.0,1.3318181818181822,0.3481228668941974,0.0,0.0,3.835145964510599,7.899255867200923,11.333714939896973,0.12483647453542261,0.26886268813166825,0.008666333769410247,12.077847738981125,-5.380652547223799,False
3949,2024-12-18T12:20:00+05:30,PE,71.15,7.323781,10.29343780744905,,1,24200.0,-0.005991376549755191,1.4500000000007276,0.0,0.0,0.0,3.8686131386861398,-0.028296080269984036,-0.12483647453542261,-0.08752139010389337,0.0,1.3010204081632657,0.9176470588235296,0.0,0.0,-4.005621925509498,1.4054813773717498,36.68306394940266,0.14420623557679996,0.13821485902704478,-0.11652194393311445,53.19747013352072,-9.27617709065356,True
3952,2024-12-18T12:35:00+05:30,PE,73.7,10.237122,13.890260515603797,,1,24150.0,-0.06848308922870361,16.549999999999272,0.0,41.18773946360153,41.18773946360153,43.245869776482024,-0.14028635771988482,-0.14420623557679996,-0.26886268813166825,285.6169103843375,4.220994475138123,0.7280385078219014,0.0,-1.424694708276794,-0.2713704206241558,-9.70149253731344,-33.582089552238806,-0.006000028965660087,-0.2608978112308098,-0.084207303069748,15.332428765264583,-44.708276797829036,False
3955,2024-12-18T12:50:00+05:30,PE,73.5,8.773277,11.936431292517007,,1,24150.0,-0.07447864945382324,18.0,0.0,-1.0767160161507365,-1.0767160161507365,-0.2713704206241558,0.03352662883537823,0.006000028965660087,-0.13821485902704478,179.45180303513465,0.263089005235602,0.6989528795811518,0.0,-9.455782312925173,-33.40136054421768,-30.272108843537417,-35.578231292517,-0.2548824892419668,-0.25508937437935064,-0.019240317775577023,9.115646258503405,-44.5578231292517,False
3958,2024-12-18T13:05:00+05:30,PE,93.0,18.992185,20.42170430107527,,1,24250.0,0.08419453891108997,20.400000000001455,0.0,0.0,0.0,-11.004784688995215,0.046452380116729676,0.2548824892419668,0.2608978112308098,-0.0,1.4726631393298055,0.2486828240252897,0.0,0.0,4.516129032258068,3.225806451612903,-0.4301075268817265,-0.00020635916400976652,0.1762307260540706,0.1196883151186978,17.95698924731183,-12.68817204301075,False
3988,2024-12-19T09:20:00+05:30,PE,72.15,0.0,,,0,23900.0,-0.03994219882849854,9.549999999999272,0.0,-7.971938775510204,-7.971938775510204,,-0.04180680656617704,-1.2514171369806155,-1.1575246335711082,-6.370328917458072,,,0.0,10.949410949410938,-40.47124047124047,-60.36036036036037,-65.28066528066529,-0.12442726860187665,-0.29967105194368554,-0.17608026918115222,29.591129591129583,-67.7061677061677,False
3991,2024-12-19T09:35:00+05:30,PE,69.55,0.0,,,0,23950.0,0.044696377922498684,10.700000000000728,0.0,-28.039317123642014,-28.039317123642014,-30.450000000000006,0.13636344623054852,0.12442726860187665,-1.1285469725410997,225.34704360792435,,,0.0,-36.87994248741912,-46.02444284687275,-43.925233644859816,-46.65708123652049,-0.17502600326660117,-0.07163952162344536,-0.08772186321237464,42.05607476635514,-56.36232925952551,False
3994,2024-12-19T09:50:00+05:30,PE,69.3,36.390867,52.512073593073595,,0,24000.0,0.07839474254832648,18.799999999999272,0.0,-25.202374527792777,-25.202374527792777,-35.77386468952734,0.0972539329406971,0.17502600326660117,0.29967105194368554,143.99217291961068,0.8625125628140703,0.04580567946904574,0.0,5.339105339105343,4.978354978354982,32.251082251082266,18.975468975468985,0.10320584457825296,0.12322152352675961,0.14073524260670858,41.70274170274171,-17.027417027417023,False
3997,2024-12-19T10:05:00+05:30,PE,37.1,23.040942,62.10496495956873,,0,23950.0,-0.02692385557960686,6.450000000000728,0.0,6.0000000000000036,6.0000000000000036,-1.1720831113478896,-0.03859682796663565,-0.10320584457825296,0.07163952162344536,58.13624242424246,0.585611510791367,0.16938519447929737,0.0,39.218328840970344,15.633423180592985,-4.4474393530997265,-10.269541778975746,0.020036357640632368,-0.016070828524253573,0.07617990144616585,57.54716981132076,-18.19407008086253,False
4000,2024-12-19T10:20:00+05:30,PE,42.9,20.520693,47.83378321678322,,0,23950.0,-0.006888878219251931,1.6500000000014552,0.0,-21.572212065813535,-21.572212065813535,15.633423180592985,0.11557431867581279,-0.020036357640632368,-0.12322152352675961,-1076.6533744669518,1.0221130221130224,0.44661921708185043,0.0,-17.365967365967354,-22.4009324009324,-24.475524475524477,-10.6060606060606,-0.03611442217967371,0.017535326376265214,-0.013986510323917326,26.923076923076934,-33.21678321678322,True
4003,2024-12-19T10:35:00+05:30,PE,33.29,15.766617,47.36142084710123,,0,23950.0,-0.04298777561215541,10.299999999999272,0.0,-2.6608187134503027,-2.6608187134503027,-22.4009324009324,0.0035476607351109675,0.03611442217967371,0.016070828524253573,73.67745495725784,0.6874999999999999,0.09005424954792036,0.0,-2.6734755181736274,15.19975968759388,15.019525382997898,47.191348753379394,0.053630380253997426,0.09223590689598438,-0.11602525844834695,47.191348753379394,-13.938119555422052,False
4006,2024-12-19T10:50:00+05:30,PE,38.35,12.872273,33.565249022164274,,0,23950.0,0.010648315373867666,2.5499999999992724,0.0,-1.6666666666666632,-1.6666666666666632,15.19975968759388,0.019003545936370582,-0.053630380253997426,-0.017535326376265214,-31.076913099873753,0.9265734265734266,0.5896656534954408,0.0,-0.1564537157757556,27.770534550195563,8.213820078226854,-14.341590612777052,0.03862624204247216,-0.03152736512655532,-0.05345036736687736,28.943937418513695,-20.208604954367665,False
4009,2024-12-19T11:05:00+05:30,PE,49.0,11.708672,23.895248979591837,,0,23950.0,0.049293597680691414,11.799999999999272,0.0,16.113744075829377,16.113744075829377,27.770534550195563,-0.001462076859285733,-0.03862624204247216,-0.09223590689598438,417.17089791213,1.0535849056603774,1.0,0.0,-15.306122448979592,-32.95918367346938,-32.34693877551021,-53.57142857142857,-0.07018071534200261,-0.20845343425987672,-0.18965502836469667,0.9183673469387813,-60.93877551020408,False
4012,2024-12-19T11:20:00+05:30,PE,32.85,10.340777,31.478773211567727,,0,23950.0,-0.02087246921310791,5.0,0.0,-6.41025641025641,-6.41025641025641,-32.95918367346938,0.012316273554876214,0.07018071534200261,0.03152736512655532,91.33928571428967,1.3502865329512894,0.11936339522546419,0.0,0.9132420091324114,-30.745814307458147,-26.940639269406397,-33.181126331811264,-0.13817574619076828,-0.021916092673763307,-0.10937173867668849,16.133942161339412,-43.531202435312025,False
4015,2024-12-19T11:35:00+05:30,PE,53.3,13.73722,25.773395872420263,,0,24000.0,0.049607930598928034,11.900000000001455,0.0,-26.98630136986302,-26.98630136986302,-30.180770238407135,0.12835309414438575,0.13817574619076828,0.20845343425987672,195.30418408311093,1.7684729064039415,0.20558882235528939,0.0,17.260787992495317,14.82176360225142,3.658536585365859,-16.791744840525322,0.11609923253612645,0.0187593014869873,0.066908175303585,38.46153846153847,-19.324577861163224,False
4018,2024-12-19T11:50:00+05:30,PE,21.95,7.54168,34.35845102505695,,0,23950.0,-0.042779186360743314,10.25,0.0,9.749999999999996,9.749999999999996,-3.51648351648352,-0.07131730570725517,-0.11609923253612645,0.021916092673763307,83.97988330341548,0.49475753604193984,0.21451104100946367,0.0,-12.984054669703863,-37.8132118451025,-39.63553530751708,-42.82460136674259,-0.09745307331934577,-0.08743648334220523,0.0191984641228641,4.328018223234621,-46.69703872437358,False
4021,2024-12-19T12:05:00+05:30,PE,44.35,11.275502,25.423905298759863,,0,24000.0,0.06838005970747285,16.400000000001455,0.0,-18.32412523020257,-18.32412523020257,-27.532679738562095,0.0851305334846674,0.09745307331934577,-0.0187593014869873,188.03024477387086,1.2996254681647932,0.0,0.0,0.6764374295377613,-1.014656144306658,-2.254791431792559,0.0,0.010006838005961647,0.04815790790373119,0.04836638369551921,24.91544532130777,-8.342728297632474,True
4024,2024-12-19T12:20:00+05:30,PE,43.9,9.092968,20.71291116173121,,0,24000.0,0.07839474254832648,18.799999999999272,0.0,-2.983425414364644,-2.983425414364644,-1.014656144306658,0.02502586005539057,-0.010006838005961647,0.08743648334220523,-298.1386740334206,0.36311239193083555,0.12098765432098744,0.0,-1.2528473804100164,1.025056947608207,7.061503416856496,3.30296127562643,0.03815488799560262,0.10654179106966821,0.13072740313246287,16.400911161731212,-12.984054669703863,False
4027,2024-12-19T12:35:00+05:30,PE,12.6,3.896515,30.924722222222222,,0,23950.0,-0.09198212084489758,22.049999999999272,0.0,-3.816793893129771,-3.816793893129771,0.3984063745019835,0.0,-0.03815488799560262,-0.04815790790373119,-100.03420514744165,1.2413793103448278,0.3194444444444444,0.0,3.968253968253968,-7.936507936507936,-9.523809523809518,-29.36507936507936,0.06841300597987164,0.00020857623774050366,0.07175022578378039,19.444444444444454,-32.14285714285713,True
4370,2024-12-27T09:55:00+05:30,CE,201.0,18.621171,9.264264179104478,,6,23900.0,0.07692822262359295,18.400000000001455,0.0,7.228594291811157,7.228594291811157,24.311954975570536,0.06024096385542777,0.23425877422735028,0.26114914005224205,30.857304344962294,1.6562737642585563,0.9231950844854071,0.0,-2.0398009950248728,-0.12437810945273632,-1.5671641791044806,-7.960199004975125,0.027384774901328148,-0.033656097397831417,-0.07755535487324783,3.482587064676617,-9.45273631840796,False
4373,2024-12-27T10:10:00+05:30,CE,200.75,16.482151,8.210286924034872,,6,23900.0,0.10428443946591623,24.950000000000728,0.0,3.080872913992298,3.080872913992298,-0.12437810945273632,0.03073050807774268,0.027384774901328148,0.26170770036668717,112.50313084891843,0.42814508723599576,0.8607054594473155,0.0,-1.4445828144458308,-7.84557907845579,-1.7683686176836917,-7.671232876712332,-0.0610241609700425,-0.04848494981181646,-0.08944637292868514,3.61145703611457,-9.339975093399751,False
4376,2024-12-27T10:25:00+05:30,CE,185.0,14.636445,7.911591891891892,,6,23900.0,0.04328669383759981,10.349999999998545,0.0,-3.419472722526761,-3.419472722526761,-7.84557907845579,-0.041805408365680266,-0.0610241609700425,-0.033656097397831417,56.03473555671534,1.3941018766756048,0.11538461538461539,0.0,6.5945945945945885,0.18918918918918612,-5.081081081081084,-4.756756756756763,0.012546867779016202,-0.0439140372265567,-0.10351165917688367,9.054054054054054,-5.837837837837844,False
4379,2024-12-27T10:40:00+05:30,CE,185.35,13.963648,7.533664958187212,,6,23900.0,0.05582655713230704,13.349999999998545,0.0,-5.530071355759427,-5.530071355759427,0.18918918918918612,-0.06331362183171305,0.012546867779016202,-0.04848494981181646,-440.7531388039413,0.7596153846153846,0.12884615384615364,0.0,-5.260318316698139,-4.9366064202859485,-9.603452926895056,-4.504990558403018,-0.05645382181919305,-0.04098129287615191,-0.17291596534989262,6.474237928243863,-10.466684650660914,False
4382,2024-12-27T10:55:00+05:30,CE,176.2,12.749702,7.235926220204314,,6,23900.0,-0.000627619001798987,0.1500000000014552,0.0,-2.002224694104573,-2.002224694104573,-4.9366064202859485,-0.01025005961769674,-0.05645382181919305,-0.0439140372265567,35.46659251019673,0.7113924050632917,0.07259528130671504,0.0,-4.909194097616332,0.45402951191828117,-5.874006810442676,-8.881952326901237,0.015481268710894537,-0.05962380517032533,-0.17719776483952218,5.959137343927356,-13.450624290578883,False
4385,2024-12-27T11:10:00+05:30,CE,177.0,11.399927,6.440636723163842,,6,23900.0,0.014851350531612552,3.5499999999992724,0.0,4.209596702973215,4.209596702973215,0.45402951191828117,0.0659332378871223,0.015481268710894537,-0.04098129287615191,271.9154858419854,0.9537366548042701,0.49551569506726484,0.0,-6.299435028248592,-9.293785310734457,-14.237288135593214,-11.581920903954803,-0.0750934484626791,-0.1319887631753412,-0.24389682704033197,1.4124293785310735,-17.00564971751412,False
4388,2024-12-27T11:25:00+05:30,CE,160.55,11.817905,7.360887573964496,,6,23900.0,-0.06028736979603383,14.400000000001455,0.0,3.78822160449933,3.78822160449933,-9.293785310734457,0.09156146875490459,-0.0750934484626791,-0.05962380517032533,-50.44676575722913,2.0149253731343273,0.29814814814814855,0.0,-5.450015571473061,-2.5225786359389666,-5.9171597633136095,-8.502024291497978,-0.0569380714740201,-0.11764410356029803,-0.2011672304652145,0.7474307069448699,-9.934599813142334,False
4492,2024-12-30T13:50:00+05:30,PE,141.94,13.859022,9.764000281809215,,3,23650.0,0.025799466247101978,6.099999999998545,0.0,12.919649960222749,12.919649960222749,27.701304543409798,-0.1096331408944167,-0.25375410531110854,-0.4915680093599905,50.91405297416943,0.822829964328181,0.9526020816653321,0.0,-9.222206566154716,-6.721149781597853,-1.296322389742147,-0.7045230379033395,-0.037007431092163305,0.030451829012983166,-0.1355529333147208,7.474989432154441,-13.519797097365082,True
4495,2024-12-30T14:05:00+05:30,PE,132.4,14.036636,10.601688821752266,,3,23650.0,-0.011203818599613384,2.650000000001455,0.0,0.18917896329928113,0.18917896329928113,-6.721149781597853,-0.01268195970095939,0.037007431092163305,-0.21684058209461174,-5.111918274687855,0.5563583815028901,0.638728323699422,0.0,5.815709969788511,6.450151057401807,6.722054380664656,-13.519637462235654,0.06743430440141264,-0.061726698699716705,0.030440563742332158,15.219033232628401,-15.823262839879154,False
4498,2024-12-30T14:20:00+05:30,PE,140.94,14.828598,10.521213282247764,,3,23650.0,0.056268430026185014,13.299999999999272,0.0,1.80583646344987,1.80583646344987,6.450151057401807,-0.02093762491196988,-0.06743430440141264,-0.030451829012983166,26.77919612991575,1.3480519480519488,0.5897526501766781,0.0,0.25542784163474785,-18.759755924506884,-20.320703845608058,-23.549027955158223,-0.1292481606992485,-0.16605532921262275,-0.09244099218587427,8.237547892720317,-26.422591173549026,False
4501,2024-12-30T14:35:00+05:30,PE,114.5,15.728099,13.73633100436681,,3,23650.0,-0.07288552746939335,17.25,0.0,-7.249898744430946,-7.249898744430946,-18.759755924506884,0.038041697927784175,0.1292481606992485,0.061726698699716705,56.09285815138954,1.2928709055876677,0.07420924574209237,0.0,-1.9213973799126662,-5.895196506550218,-18.515283842794762,1.4410480349345027,-0.03675965733239277,0.09211040572943317,0.5140014154580759,15.283842794759824,-22.882096069869,True
4504,2024-12-30T14:50:00+05:30,PE,129.65,16.760828,12.92775009641342,,3,23700.0,0.10157987324689938,24.049999999999272,0.0,-3.498325269817632,-3.498325269817632,-5.433989788475557,0.010982814008166072,0.03675965733239277,0.16605532921262275,95.16751579549936,0.5941644562334213,0.09600862998921256,0.0,-11.646741226378717,7.134593135364442,15.264172772849975,-3.3551870420362575,0.1288227082756975,0.07349229914745324,0.4023069824019733,23.170073274199762,-15.966062475896647,False
4507,2024-12-30T15:05:00+05:30,PE,116.15,16.697331,14.37566164442531,,3,23650.0,0.019242602699459186,4.549999999999272,0.0,3.24444444444445,3.24444444444445,7.795823665893277,-0.08408918524339516,-0.1288227082756975,-0.09211040572943317,25.185345719490023,1.6733668341708547,0.7889518413597737,0.0,7.318123116659492,-10.934136891950066,-10.804993542832552,58.50193715023675,-0.05540177920064344,0.42227997352557123,0.5267398167512112,66.85320705983642,-14.980628497632376,True
4510,2024-12-30T15:20:00+05:30,PE,103.45,16.274073,15.731341710971487,,3,23650.0,-0.036139154766455565,8.549999999999272,0.0,0.09675858732463331,0.09675858732463331,-10.934136891950066,0.035517745130571335,0.05540177920064344,-0.07349229914745324,-1.7464888081339733,1.0555555555555558,0.3322368421052632,0.0,0.1449975833736022,77.9603673272112,75.93040115998066,48.08119864668922,0.47741725507269356,0.3290565144524857,0.7819583195081694,87.3368777187047,-4.54325761237313,False
4513,2024-12-31T09:20:00+05:30,PE,127.7,0.0,,,2,23550.0,0.018687143245453314,4.400000000001455,0.0,7.491582491582497,7.491582491582497,,-0.03884566807120201,-0.47741725507269356,-0.42227997352557123,15.691897207280027,,,0.0,-1.6836335160532543,-18.441660140955364,3.4455755677368765,8.692247454972598,-0.14907243816255344,0.10490282685511132,0.03397662408263115,20.281910728269377,-20.125293657008616,True
4516,2024-12-31T09:35:00+05:30,PE,127.0,0.0,,,2,23600.0,0.08184659488479677,19.299999999999272,0.0,-11.219853198182461,-11.219853198182461,-17.317708333333332,0.1429053745586027,0.14907243816255344,-0.3290565144524857,75.26443745387706,,,0.0,26.13385826771653,31.574803149606296,19.566929133858263,51.535433070866134,0.2535972214565271,0.45439702807805304,0.2109776215294711,56.614173228346466,-1.417322834645667,False
4519,2024-12-31T09:50:00+05:30,PE,114.6,18.614286,16.242832460732984,,2,23500.0,-0.08885714407187417,20.900000000001455,0.0,-3.0046550994498613,-3.0046550994498613,36.26634958382878,0.018497611256762508,-0.2535972214565271,-0.10490282685511132,-11.848138880200368,1.7413793103448272,0.7172717271727171,0.0,-10.514834205933681,19.057591623036654,21.7713787085515,-11.780104712041885,0.20131032400971977,-0.07100068449760463,-0.27677512340088406,27.399650959860388,-17.62652705061081,False
4522,2024-12-31T10:05:00+05:30,PE,111.55,19.076533,17.101329448677724,,2,23450.0,-0.10032568571860358,23.549999999999272,0.0,32.71861986912552,32.71861986912552,20.07534983853605,-0.20173462012669838,-0.20131032400971977,-0.45439702807805304,162.5282758352015,1.0507614213197967,0.9021317829457365,0.0,3.0479605558045773,-26.176602420439266,-17.480950246526223,-24.921559838637382,-0.2728603044703476,-0.24453054608272484,-0.5214379588941659,8.426714477812645,-32.63110712684894,False
4525,2024-12-31T10:20:00+05:30,PE,122.8,25.269049,20.577401465798044,,2,23550.0,0.05268166677996676,12.400000000001455,0.0,-5.828220858895712,-5.828220858895712,-24.36094856790884,0.0671717300546696,0.2728603044703476,0.07100068449760463,21.35972423767884,1.0421455938697315,0.11571675302245255,0.0,10.749185667752444,0.32573289902280594,-1.7508143322475502,-15.472312703583063,0.028252668071501844,-0.20562844130243293,-0.24981306505337383,16.197068403908794,-17.874592833876225,False
4528,2024-12-31T10:35:00+05:30,PE,123.2,22.373945,18.16066964285714,,2,23550.0,0.08095720742256166,19.049999999999272,0.0,-5.303612605687926,-5.303612605687926,0.32573289902280594,0.048470315120831206,-0.028252668071501844,0.24453054608272484,-187.7207700265881,0.5045955882352944,0.18262268704746593,0.0,-2.0698051948051925,-15.74675324675325,-10.876623376623382,-19.602272727272734,-0.2339472057014242,-0.2762319413368351,-0.2326722890491034,12.297077922077914,-22.443181818181824,False
4531,2024-12-31T10:50:00+05:30,PE,124.75,25.508943,20.448050501002,,2,23600.0,0.05935724582379377,14.0,0.0,-16.833333333333332,-16.833333333333332,-15.993265993265993,0.20967299934357073,0.2339472057014242,0.20562844130243293,71.95355585831157,1.3983739837398375,0.0670391061452514,0.0,5.162324649298595,-3.92785571142285,-9.418837675350701,-2.685370741482961,-0.042186042567627945,-0.04409395404053869,-0.003815822945821484,30.74148296593186,-10.74148296593187,False
4534,2024-12-31T11:05:00+05:30,PE,119.85,23.719131,19.790680851063833,,2,23600.0,0.017163962459656307,4.049999999999272,0.0,-13.271582603661628,-13.271582603661628,-3.92785571142285,0.1542895465118346,0.042186042567627945,0.2762319413368351,314.59652993963846,0.5988372093023259,0.058700209643605804,0.0,-5.715477680433871,1.29328327075512,3.879849812265337,9.178139340842721,-0.001907106939965238,0.043439658076915744,0.0820055984183819,18.189403420942856,-7.092198581560284,False
4537,2024-12-31T11:20:00+05:30,PE,121.4,19.510036,16.070869851729817,,2,23600.0,0.015256564560689533,3.599999999998545,0.0,-2.8022417934347477,-2.8022417934347477,1.29328327075512,0.033914975157280695,0.001907106939965238,0.04409395404053869,1469.367938793105,0.6349514563106796,0.31955484896661385,0.0,2.5535420098846737,7.784184514003285,-3.5420098846787575,8.887973640856666,0.045345900222070856,0.040260378701835874,-0.07670661626349165,14.785831960461273,-4.6952224052718305,False
