variant,trade_number,date,period,underlying,option_type,capital_before,quantity,number_of_lots,entry_premium,position_value,stop_price,target_price,maximum_loss_at_stop,allocation_pct,gross_pnl,total_cost,net_pnl,capital_after
V8-A,1,2024-01-01,DEVELOPMENT,NIFTY50,CE,100000.0,25,1,127.68,3192.0,101.4,146.83,657.0,3.19,478.8,14.41,464.39,100464.39
V8-A,2,2024-01-01,DEVELOPMENT,BANKNIFTY,CE,100464.39,15,1,258.55,3878.25,204.92,297.33,804.45,3.86,581.74,17.49,564.25,101028.64
V8-A,3,2024-01-01,DEVELOPMENT,NIFTY50,CE,101028.64,25,1,144.42,3610.5,114.62,166.08,745.0,3.57,-496.25,13.39,-509.64,100519.0
V8-A,4,2024-01-02,DEVELOPMENT,NIFTY50,PE,100519.0,25,1,107.28,2682.0,84.5,123.37,569.5,2.67,402.3,12.1,390.2,100909.2
V8-A,5,2024-01-02,DEVELOPMENT,BANKNIFTY,PE,100909.2,15,1,214.66,3219.9,169.14,246.86,682.8,3.19,482.98,14.52,468.46,101377.66
V8-A,6,2024-01-02,DEVELOPMENT,NIFTY50,PE,101377.66,25,1,107.29,2682.25,84.83,123.38,561.5,2.65,-12.25,10.96,-23.21,101354.45
V8-A,7,2024-01-03,DEVELOPMENT,BANKNIFTY,PE,101354.45,30,2,139.34,4180.2,109.51,160.24,894.9,4.12,627.03,18.85,608.18,101962.63
V8-A,8,2024-01-03,DEVELOPMENT,NIFTY50,PE,101962.63,25,1,97.2,2430.0,76.74,111.78,511.5,2.38,364.5,10.95,353.55,102316.18
V8-A,9,2024-01-03,DEVELOPMENT,NIFTY50,PE,102316.18,50,2,82.9,4145.0,65.62,95.33,864.0,4.05,621.75,18.7,603.05,102919.23
V8-A,10,2024-01-04,DEVELOPMENT,BANKNIFTY,CE,102919.23,15,1,383.92,5758.8,303.33,441.51,1208.85,5.6,863.82,25.96,837.86,103757.09
V8-A,11,2024-01-04,DEVELOPMENT,NIFTY50,CE,103757.09,100,4,48.02,4802.0,38.1,55.22,992.0,4.63,720.3,21.64,698.66,104455.75
V8-A,12,2024-01-04,DEVELOPMENT,NIFTY50,CE,104455.75,100,4,48.05,4805.0,38.16,55.26,989.0,4.6,720.75,21.67,699.08,105154.83
V8-A,13,2024-01-05,DEVELOPMENT,BANKNIFTY,PE,105154.83,15,1,356.6,5349.0,281.57,410.09,1125.45,5.09,802.35,24.12,778.23,105933.06
V8-A,14,2024-01-05,DEVELOPMENT,NIFTY50,PE,105933.06,25,1,187.63,4690.75,148.85,215.77,969.5,4.43,703.61,21.15,682.46,106615.52
V8-A,15,2024-01-05,DEVELOPMENT,BANKNIFTY,PE,106615.52,15,1,354.33,5314.95,280.16,407.48,1112.55,4.99,797.24,23.96,773.28,107388.8
V8-A,16,2024-01-08,DEVELOPMENT,NIFTY50,PE,107388.8,25,1,151.97,3799.25,119.87,174.77,802.5,3.54,569.89,17.12,552.77,107941.57
V8-A,17,2024-01-08,DEVELOPMENT,BANKNIFTY,PE,107941.57,15,1,238.41,3576.15,187.68,274.17,760.95,3.31,536.42,16.12,520.3,108461.87
V8-A,18,2024-01-08,DEVELOPMENT,NIFTY50,PE,108461.87,25,1,141.43,3535.75,111.77,162.64,741.5,3.26,530.36,15.95,514.41,108976.28
V8-A,19,2024-01-09,DEVELOPMENT,BANKNIFTY,CE,108976.28,15,1,204.79,3071.85,161.33,235.51,651.9,2.82,-651.87,10.77,-662.64,108313.64
V8-A,20,2024-01-09,DEVELOPMENT,NIFTY50,CE,108313.64,25,1,107.66,2691.5,85.21,123.81,561.25,2.48,403.72,12.13,391.59,108705.23
V8-A,21,2024-01-09,DEVELOPMENT,NIFTY50,CE,108705.23,25,1,106.98,2674.5,84.36,123.03,565.5,2.46,49.75,11.09,38.66,108743.89
V8-A,22,2024-01-10,DEVELOPMENT,BANKNIFTY,CE,108743.89,30,2,118.86,3565.8,93.72,136.69,754.2,3.28,534.87,16.08,518.79,109262.68
V8-A,23,2024-01-10,DEVELOPMENT,BANKNIFTY,CE,109262.68,45,3,109.45,4925.25,86.31,125.87,1041.3,4.51,738.79,22.21,716.58,109979.26
V8-A,24,2024-01-10,DEVELOPMENT,BANKNIFTY,CE,109979.26,45,3,105.13,4730.85,82.83,120.9,1003.5,4.3,0.9,19.36,-18.46,109960.8
V8-A,25,2024-01-11,DEVELOPMENT,NIFTY50,PE,109960.8,100,4,48.09,4809.0,38.22,55.3,987.0,4.37,721.35,21.68,699.67,110660.47
V8-A,26,2024-01-11,DEVELOPMENT,NIFTY50,PE,110660.47,100,4,48.08,4808.0,38.07,55.29,1001.0,4.34,721.2,21.67,699.53,111360.0
V8-A,27,2024-01-11,DEVELOPMENT,BANKNIFTY,PE,111360.0,15,1,379.56,5693.4,298.77,436.49,1211.85,5.11,0.6,23.29,-22.69,111337.31
V8-A,28,2024-01-12,DEVELOPMENT,NIFTY50,CE,111337.31,25,1,174.73,4368.25,138.43,200.94,907.5,3.92,655.24,19.71,635.53,111972.84
V8-A,29,2024-01-12,DEVELOPMENT,BANKNIFTY,CE,111972.84,15,1,382.23,5733.45,302.1,439.56,1201.95,5.12,860.02,25.84,834.18,112807.02
V8-A,30,2024-01-12,DEVELOPMENT,NIFTY50,CE,112807.02,25,1,175.06,4376.5,138.89,201.32,904.25,3.88,656.47,19.72,636.75,113443.77
V8-A,31,2024-01-15,DEVELOPMENT,BANKNIFTY,CE,113443.77,15,1,247.64,3714.6,194.22,284.79,801.3,3.27,557.19,16.75,540.44,113984.21
V8-A,32,2024-01-15,DEVELOPMENT,BANKNIFTY,CE,113984.21,15,1,273.37,4100.55,216.16,314.38,858.15,3.6,615.08,18.49,596.59,114580.8
V8-A,33,2024-01-15,DEVELOPMENT,NIFTY50,CE,114580.8,25,1,149.64,3741.0,118.67,172.09,774.25,3.26,561.15,16.86,544.29,115125.09
V8-A,34,2024-01-16,DEVELOPMENT,NIFTY50,CE,115125.09,25,1,109.63,2740.75,86.58,126.07,576.25,2.38,411.11,12.37,398.74,115523.83
V8-A,35,2024-01-16,DEVELOPMENT,BANKNIFTY,CE,115523.83,15,1,185.66,2784.9,146.52,213.51,587.1,2.41,-34.05,11.31,-45.36,115478.47
V8-A,36,2024-01-16,DEVELOPMENT,NIFTY50,CE,115478.47,25,1,119.57,2989.25,94.77,137.51,620.0,2.59,-277.75,11.47,-289.22,115189.25
V8-A,37,2024-01-17,DEVELOPMENT,BANKNIFTY,PE,115189.25,45,3,102.85,4628.25,80.75,118.28,994.5,4.02,694.24,20.88,673.36,115862.61
V8-A,38,2024-01-17,DEVELOPMENT,BANKNIFTY,PE,115862.61,30,2,132.97,3989.1,104.39,152.92,857.4,3.44,598.36,18.0,580.36,116442.97
V8-A,39,2024-01-18,DEVELOPMENT,NIFTY50,PE,116442.97,100,4,51.91,5191.0,40.55,59.7,1136.0,4.46,778.65,23.41,755.24,117198.21
V8-A,40,2024-01-18,DEVELOPMENT,NIFTY50,CE,117198.21,100,4,47.69,4769.0,37.39,54.84,1030.0,4.07,715.35,21.52,693.83,117892.04
V8-A,41,2024-01-18,DEVELOPMENT,BANKNIFTY,CE,117892.04,15,1,372.19,5582.85,289.54,428.02,1239.75,4.74,837.43,25.17,812.26,118704.3
V8-A,42,2024-01-19,DEVELOPMENT,NIFTY50,CE,118704.3,25,1,172.97,4324.25,136.62,198.92,908.75,3.64,4.75,17.72,-12.97,118691.33
V8-A,43,2024-01-19,DEVELOPMENT,BANKNIFTY,CE,118691.33,15,1,338.42,5076.3,265.16,389.18,1098.9,4.28,-171.9,20.3,-192.2,118499.13
V8-A,44,2024-01-20,DEVELOPMENT,NIFTY50,PE,118499.13,25,1,166.84,4171.0,132.36,191.87,862.0,3.52,625.65,18.8,606.85,119105.98
V8-A,45,2024-01-20,DEVELOPMENT,BANKNIFTY,PE,119105.98,15,1,306.55,4598.25,239.74,352.53,1002.15,3.86,689.74,20.73,669.01,119774.99
V8-A,46,2024-01-20,DEVELOPMENT,NIFTY50,PE,119774.99,25,1,159.46,3986.5,126.22,183.38,831.0,3.33,597.97,18.0,579.97,120354.96
V8-A,47,2024-01-23,DEVELOPMENT,NIFTY50,PE,120354.96,50,2,107.03,5351.5,84.08,123.08,1147.5,4.45,802.72,24.12,778.6,121133.56
V8-A,48,2024-01-23,DEVELOPMENT,BANKNIFTY,PE,121133.56,30,2,175.83,5274.9,136.99,202.2,1165.2,4.35,791.23,23.78,767.45,121901.01
V8-A,49,2024-01-23,DEVELOPMENT,NIFTY50,PE,121901.01,25,1,119.91,2997.75,94.25,137.9,641.5,2.46,449.66,13.51,436.15,122337.16
V8-A,50,2024-01-24,DEVELOPMENT,NIFTY50,CE,122337.16,50,2,82.22,4111.0,64.32,94.55,895.0,3.36,616.65,18.53,598.12,122935.28
V8-A,51,2024-01-24,DEVELOPMENT,BANKNIFTY,CE,122935.28,30,2,139.71,4191.3,107.83,160.67,956.4,3.41,-956.33,14.49,-970.82,121964.46
V8-A,52,2024-01-25,DEVELOPMENT,BANKNIFTY,PE,121964.46,15,1,403.53,6052.95,313.25,464.06,1354.2,4.96,907.94,27.3,880.64,122845.1
V8-A,53,2024-01-25,DEVELOPMENT,BANKNIFTY,PE,122845.1,15,1,357.12,5356.8,278.22,410.69,1183.5,4.36,803.52,24.16,779.36,123624.46
V8-A,54,2024-01-25,DEVELOPMENT,NIFTY50,PE,123624.46,100,4,48.9,4890.0,38.44,56.23,1046.0,3.96,733.5,22.07,711.43,124335.89
V8-A,55,2024-01-29,DEVELOPMENT,NIFTY50,CE,124335.89,25,1,127.05,3176.25,100.07,146.11,674.5,2.55,476.44,14.32,462.12,124798.01
V8-A,56,2024-01-29,DEVELOPMENT,BANKNIFTY,CE,124798.01,15,1,225.8,3387.0,176.29,259.67,742.65,2.71,508.05,15.27,492.78,125290.79
V8-A,57,2024-01-29,DEVELOPMENT,BANKNIFTY,CE,125290.79,15,1,225.91,3388.65,176.75,259.8,737.4,2.7,508.3,15.28,493.02,125783.81
V8-A,58,2024-01-30,DEVELOPMENT,BANKNIFTY,PE,125783.81,30,2,174.64,5239.2,136.72,200.84,1137.6,4.17,785.88,23.63,762.25,126546.06
V8-A,59,2024-01-30,DEVELOPMENT,NIFTY50,PE,126546.06,50,2,107.78,5389.0,85.07,123.95,1135.5,4.26,808.35,24.3,784.05,127330.11
V8-A,60,2024-01-30,DEVELOPMENT,NIFTY50,PE,127330.11,50,2,118.08,5904.0,93.38,135.79,1235.0,4.64,885.6,26.63,858.97,128189.08
V8-A,61,2024-01-31,DEVELOPMENT,BANKNIFTY,CE,128189.08,30,2,151.92,4557.6,119.1,174.71,984.6,3.56,-984.45,15.93,-1000.38,127188.7
V8-A,62,2024-01-31,DEVELOPMENT,BANKNIFTY,CE,127188.7,45,3,120.31,5413.95,94.19,138.36,1175.4,4.26,812.09,24.41,787.68,127976.38
V8-A,63,2024-01-31,DEVELOPMENT,NIFTY50,CE,127976.38,50,2,100.05,5002.5,79.0,115.06,1052.5,3.91,750.37,22.57,727.8,128704.18
V8-A,64,2024-02-01,DEVELOPMENT,BANKNIFTY,PE,128704.18,15,1,373.41,5601.15,290.89,429.42,1237.8,4.35,840.17,25.25,814.92,129519.1
V8-A,65,2024-02-01,DEVELOPMENT,NIFTY50,CE,129519.1,100,4,50.06,5006.0,39.47,57.57,1059.0,3.87,750.9,22.58,728.32,130247.42
V8-A,66,2024-02-01,DEVELOPMENT,NIFTY50,CE,130247.42,125,5,48.3,6037.5,37.89,55.54,1301.25,4.64,905.62,27.22,878.4,131125.82
V8-A,67,2024-02-02,DEVELOPMENT,NIFTY50,CE,131125.82,25,1,175.54,4388.5,138.25,201.87,932.25,3.35,658.27,19.79,638.48,131764.3
V8-A,68,2024-02-02,DEVELOPMENT,NIFTY50,CE,131764.3,25,1,186.15,4653.75,146.84,214.07,982.75,3.53,-574.75,17.45,-592.2,131172.1
V8-A,69,2024-02-02,DEVELOPMENT,BANKNIFTY,CE,131172.1,15,1,343.04,5145.6,267.54,394.5,1132.5,3.92,-647.25,19.25,-666.5,130505.6
V8-A,70,2024-02-05,DEVELOPMENT,NIFTY50,CE,130505.6,25,1,128.42,3210.5,100.63,147.68,694.75,2.46,481.57,14.48,467.09,130972.69
V8-A,71,2024-02-05,DEVELOPMENT,NIFTY50,CE,130972.69,25,1,128.77,3219.25,101.63,148.09,678.5,2.46,-208.25,12.61,-220.86,130751.83
V8-A,72,2024-02-05,DEVELOPMENT,BANKNIFTY,CE,130751.83,15,1,228.14,3422.1,179.45,262.36,730.35,2.62,-60.45,13.83,-74.28,130677.55
V8-A,73,2024-02-06,DEVELOPMENT,BANKNIFTY,PE,130677.55,30,2,175.43,5262.9,137.76,201.74,1130.1,4.03,789.43,23.74,765.69,131443.24
V8-A,74,2024-02-06,DEVELOPMENT,NIFTY50,CE,131443.24,25,1,129.07,3226.75,102.19,148.43,672.0,2.45,484.01,14.56,469.45,131912.69
V8-A,75,2024-02-07,DEVELOPMENT,NIFTY50,PE,131912.69,50,2,97.26,4863.0,76.7,111.85,1028.0,3.69,-653.5,18.1,-671.6,131241.09
V8-A,76,2024-02-07,DEVELOPMENT,BANKNIFTY,PE,131241.09,60,4,101.5,6090.0,79.91,116.72,1295.4,4.64,913.5,27.47,886.03,132127.12
V8-A,77,2024-02-07,DEVELOPMENT,BANKNIFTY,PE,132127.12,45,3,117.19,5273.55,92.43,134.77,1114.2,3.99,-721.8,19.57,-741.37,131385.75
V8-A,78,2024-02-08,DEVELOPMENT,BANKNIFTY,CE,131385.75,15,1,391.48,5872.2,306.5,450.2,1274.7,4.47,-1274.77,20.48,-1295.25,130090.5
V8-A,79,2024-02-08,DEVELOPMENT,NIFTY50,PE,130090.5,125,5,48.76,6095.0,38.37,56.07,1298.75,4.69,914.25,27.47,886.78,130977.28
V8-A,80,2024-02-08,DEVELOPMENT,BANKNIFTY,PE,130977.28,15,1,363.56,5453.4,283.03,418.09,1207.95,4.16,818.01,24.58,793.43,131770.71
V8-A,81,2024-02-09,DEVELOPMENT,BANKNIFTY,CE,131770.71,15,1,333.1,4996.5,259.83,383.06,1099.05,3.79,749.47,22.53,726.95,132497.66
V8-A,82,2024-02-09,DEVELOPMENT,NIFTY50,PE,132497.66,25,1,173.8,4345.0,136.8,199.87,925.0,3.28,-33.0,17.7,-50.7,132446.96
V8-A,83,2024-02-09,DEVELOPMENT,BANKNIFTY,CE,132446.96,15,1,334.23,5013.45,262.03,384.36,1083.0,3.79,752.02,22.61,729.41,133176.37
V8-A,84,2024-02-12,DEVELOPMENT,BANKNIFTY,PE,133176.37,15,1,224.51,3367.65,175.99,258.19,727.8,2.53,505.15,15.18,489.97,133666.34
V8-A,85,2024-02-12,DEVELOPMENT,NIFTY50,PE,133666.34,25,1,127.53,3188.25,100.47,146.66,676.5,2.39,478.24,14.4,463.84,134130.18
V8-A,86,2024-02-12,DEVELOPMENT,NIFTY50,PE,134130.18,25,1,127.25,3181.25,100.36,146.34,672.25,2.37,477.19,14.35,462.84,134593.02
V8-A,87,2024-02-13,DEVELOPMENT,NIFTY50,CE,134593.02,50,2,122.79,6139.5,96.4,141.21,1319.5,4.56,920.92,27.68,893.24,135486.26
V8-A,88,2024-02-13,DEVELOPMENT,BANKNIFTY,CE,135486.26,30,2,174.58,5237.4,136.65,200.77,1137.9,3.87,785.61,23.62,761.99,136248.25
V8-A,89,2024-02-13,DEVELOPMENT,NIFTY50,CE,136248.25,50,2,107.88,5394.0,84.94,124.06,1147.0,3.96,4.0,22.1,-18.1,136230.15
V8-A,90,2024-02-14,DEVELOPMENT,BANKNIFTY,CE,136230.15,60,4,100.74,6044.4,78.64,115.85,1326.0,4.44,906.66,27.26,879.4,137109.55
V8-A,91,2024-02-14,DEVELOPMENT,BANKNIFTY,CE,137109.55,45,3,139.62,6282.9,109.3,160.56,1364.4,4.58,942.43,28.32,914.11,138023.66
V8-A,92,2024-02-14,DEVELOPMENT,NIFTY50,CE,138023.66,75,3,83.37,6252.75,65.95,95.88,1306.5,4.53,937.91,28.19,909.72,138933.38
V8-A,93,2024-02-15,DEVELOPMENT,BANKNIFTY,PE,138933.38,15,1,366.02,5490.3,283.03,420.92,1244.85,3.95,823.54,24.75,798.8,139732.18
V8-A,94,2024-02-15,DEVELOPMENT,BANKNIFTY,PE,139732.18,15,1,366.77,5501.55,284.34,421.79,1236.45,3.94,-377.85,21.46,-399.31,139332.87
V8-A,95,2024-02-15,DEVELOPMENT,NIFTY50,PE,139332.87,125,5,48.54,6067.5,38.35,55.82,1273.75,4.35,910.12,27.35,882.77,140215.64
V8-A,96,2024-02-16,DEVELOPMENT,NIFTY50,CE,140215.64,25,1,176.4,4410.0,139.52,202.86,922.0,3.15,-3.75,18.04,-21.79,140193.85
V8-A,97,2024-02-16,DEVELOPMENT,BANKNIFTY,CE,140193.85,15,1,380.64,5709.6,298.45,437.74,1232.85,4.07,856.44,25.75,830.69,141024.54
V8-A,98,2024-02-16,DEVELOPMENT,BANKNIFTY,CE,141024.54,15,1,341.16,5117.4,267.39,392.33,1106.55,3.63,-2.4,20.94,-23.34,141001.2
V8-A,99,2024-02-19,DEVELOPMENT,NIFTY50,PE,141001.2,25,1,137.89,3447.25,108.98,158.57,722.75,2.44,-200.5,13.56,-214.06,140787.14
V8-A,100,2024-02-19,DEVELOPMENT,BANKNIFTY,PE,140787.14,15,1,233.49,3502.35,183.09,268.51,756.0,2.49,525.35,15.81,509.54,141296.68
V8-A,101,2024-02-19,DEVELOPMENT,BANKNIFTY,CE,141296.68,15,1,245.7,3685.5,193.66,282.55,780.6,2.61,552.82,16.62,536.2,141832.88
V8-A,102,2024-02-20,DEVELOPMENT,BANKNIFTY,CE,141832.88,30,2,179.85,5395.5,140.82,206.83,1170.9,3.8,809.32,24.33,784.99,142617.87
V8-A,103,2024-02-20,DEVELOPMENT,NIFTY50,CE,142617.87,50,2,109.73,5486.5,86.76,126.19,1148.5,3.85,822.97,24.74,798.23,143416.1
V8-A,104,2024-02-20,DEVELOPMENT,BANKNIFTY,CE,143416.1,30,2,180.1,5403.0,141.63,207.11,1154.1,3.77,810.45,24.36,786.09,144202.19
V8-A,105,2024-02-21,DEVELOPMENT,NIFTY50,PE,144202.19,75,3,85.41,6405.75,67.49,98.22,1344.0,4.44,960.86,28.89,931.97,145134.16
V8-A,106,2024-02-21,DEVELOPMENT,BANKNIFTY,PE,145134.16,60,4,104.4,6264.0,81.77,120.06,1357.8,4.32,939.6,28.25,911.35,146045.51
V8-A,107,2024-02-21,DEVELOPMENT,NIFTY50,PE,146045.51,75,3,85.42,6406.5,67.62,98.23,1335.0,4.39,960.97,28.89,932.08,146977.59
V8-A,108,2024-02-22,DEVELOPMENT,NIFTY50,PE,146977.59,125,5,48.64,6080.0,38.15,55.94,1311.25,4.14,912.0,27.43,884.57,147862.16
V8-A,109,2024-02-22,DEVELOPMENT,NIFTY50,PE,147862.16,75,3,72.69,5451.75,57.07,83.59,1171.5,3.69,817.76,24.57,793.19,148655.35
V8-A,110,2024-02-22,DEVELOPMENT,NIFTY50,PE,148655.35,125,5,48.65,6081.25,38.26,55.95,1298.75,4.09,-945.0,22.25,-967.25,147688.1
V8-A,111,2024-02-23,DEVELOPMENT,BANKNIFTY,CE,147688.1,15,1,351.38,5270.7,275.22,404.09,1142.4,3.57,790.6,23.77,766.84,148454.94
V8-A,112,2024-02-23,DEVELOPMENT,BANKNIFTY,CE,148454.94,15,1,346.04,5190.6,269.84,397.95,1143.0,3.5,778.59,23.41,755.18,149210.12
V8-A,113,2024-02-23,DEVELOPMENT,NIFTY50,PE,149210.12,25,1,177.78,4444.5,140.79,204.45,924.75,2.98,0.75,18.18,-17.43,149192.69
V8-A,114,2024-02-26,DEVELOPMENT,NIFTY50,PE,149192.69,50,2,129.89,6494.5,102.79,149.37,1355.0,4.35,974.17,29.28,944.9,150137.59
V8-A,115,2024-02-26,DEVELOPMENT,BANKNIFTY,PE,150137.59,30,2,231.46,6943.8,182.45,266.18,1470.3,4.62,1041.57,31.3,1010.27,151147.86
V8-A,116,2024-02-26,DEVELOPMENT,BANKNIFTY,PE,151147.86,30,2,231.41,6942.3,182.4,266.12,1470.3,4.59,1041.34,31.3,1010.04,152157.9
V8-A,117,2024-02-27,DEVELOPMENT,NIFTY50,CE,152157.9,50,2,134.35,6717.5,106.22,154.5,1406.5,4.41,1007.62,30.28,977.34,153135.24
V8-A,118,2024-02-27,DEVELOPMENT,BANKNIFTY,PE,153135.24,30,2,218.1,6543.0,171.92,250.81,1385.4,4.27,981.45,29.5,951.95,154087.19
V8-A,119,2024-02-27,DEVELOPMENT,NIFTY50,CE,154087.19,50,2,109.89,5494.5,87.11,126.37,1139.0,3.57,824.17,24.78,799.39,154886.58
V8-A,120,2024-02-28,DEVELOPMENT,BANKNIFTY,CE,154886.58,60,4,102.7,6162.0,80.18,118.1,1351.2,3.98,-327.6,24.3,-351.9,154534.68
V8-A,121,2024-02-28,DEVELOPMENT,NIFTY50,PE,154534.68,75,3,84.65,6348.75,66.68,97.35,1347.75,4.11,952.31,28.61,923.7,155458.38
V8-A,122,2024-02-28,DEVELOPMENT,NIFTY50,PE,155458.38,75,3,84.45,6333.75,66.54,97.12,1343.25,4.07,950.06,28.56,921.5,156379.88
V8-A,123,2024-02-29,DEVELOPMENT,BANKNIFTY,PE,156379.88,15,1,387.48,5812.2,301.41,445.6,1291.05,3.72,-717.15,21.77,-738.92,155640.96
V8-A,124,2024-02-29,DEVELOPMENT,NIFTY50,CE,155640.96,100,4,61.45,6145.0,48.2,70.67,1325.0,3.95,921.75,27.71,894.04,156535.0
V8-A,125,2024-02-29,DEVELOPMENT,NIFTY50,CE,156535.0,125,5,49.6,6200.0,39.04,57.04,1320.0,3.96,930.0,27.97,902.03,157437.03
V8-A,126,2024-03-01,DEVELOPMENT,NIFTY50,CE,157437.03,25,1,177.66,4441.5,140.38,204.31,932.0,2.82,666.22,20.01,646.21,158083.24
V8-A,127,2024-03-01,DEVELOPMENT,NIFTY50,CE,158083.24,25,1,178.37,4459.25,140.98,205.13,934.75,2.82,668.89,20.1,648.79,158732.03
V8-A,128,2024-03-01,DEVELOPMENT,BANKNIFTY,CE,158732.03,15,1,375.34,5630.1,295.74,431.64,1194.0,3.55,844.51,25.38,819.14,159551.17
V8-A,129,2024-03-04,DEVELOPMENT,NIFTY50,PE,159551.17,50,2,133.55,6677.5,105.66,153.58,1394.5,4.19,1001.62,30.12,971.5,160522.67
V8-A,130,2024-03-04,DEVELOPMENT,BANKNIFTY,CE,160522.67,15,1,261.8,3927.0,205.59,301.07,843.15,2.45,589.05,17.7,571.35,161094.02
V8-A,131,2024-03-04,DEVELOPMENT,BANKNIFTY,CE,161094.02,30,2,237.43,7122.9,187.62,273.04,1494.3,4.42,1068.43,32.13,1036.3,162130.32
V8-A,132,2024-03-05,DEVELOPMENT,BANKNIFTY,CE,162130.32,30,2,182.03,5460.9,143.79,209.33,1147.2,3.37,819.13,24.62,794.52,162924.84
V8-A,133,2024-03-05,DEVELOPMENT,BANKNIFTY,CE,162924.84,30,2,182.32,5469.6,144.18,209.67,1144.2,3.36,820.44,24.67,795.77,163720.61
V8-A,134,2024-03-05,DEVELOPMENT,NIFTY50,PE,163720.61,50,2,110.77,5538.5,87.8,127.39,1148.5,3.38,-18.0,22.62,-40.62,163679.99
V8-A,135,2024-03-06,DEVELOPMENT,NIFTY50,PE,163679.99,75,3,85.8,6435.0,67.4,98.67,1380.0,3.93,965.25,29.01,936.24,164616.23
V8-A,136,2024-03-06,DEVELOPMENT,NIFTY50,PE,164616.23,50,2,105.15,5257.5,82.65,120.92,1125.0,3.19,788.62,23.71,764.91,165381.14
V8-A,137,2024-03-06,DEVELOPMENT,BANKNIFTY,CE,165381.14,60,4,106.47,6388.2,82.98,122.44,1409.4,3.86,958.23,28.81,929.42,166310.56
V8-A,138,2024-03-07,DEVELOPMENT,BANKNIFTY,PE,166310.56,15,1,402.13,6031.95,316.69,462.45,1281.6,3.63,904.79,27.2,877.59,167188.15
V8-A,139,2024-03-07,DEVELOPMENT,BANKNIFTY,PE,167188.15,15,1,382.84,5742.6,302.93,440.27,1198.65,3.43,-0.45,23.49,-23.94,167164.21
V8-A,140,2024-03-11,DEVELOPMENT,NIFTY50,PE,167164.21,50,2,132.6,6630.0,104.89,152.49,1385.5,3.97,994.5,29.91,964.59,168128.8
V8-A,141,2024-03-11,DEVELOPMENT,BANKNIFTY,PE,168128.8,15,1,275.1,4126.5,217.12,316.37,869.7,2.45,618.97,18.62,600.36,168729.16
V8-A,142,2024-03-11,DEVELOPMENT,BANKNIFTY,PE,168729.16,30,2,236.44,7093.2,186.88,271.91,1486.8,4.2,1063.98,32.01,1031.97,169761.13
V8-A,143,2024-03-12,DEVELOPMENT,NIFTY50,CE,169761.13,50,2,124.41,6220.5,98.18,143.07,1311.5,3.66,-711.5,23.46,-734.96,169026.17
V8-A,144,2024-03-12,DEVELOPMENT,BANKNIFTY,CE,169026.17,30,2,182.08,5462.4,141.09,209.39,1229.7,3.23,819.36,24.62,794.74,169820.91
V8-A,145,2024-03-12,DEVELOPMENT,BANKNIFTY,CE,169820.91,30,2,197.81,5934.3,155.28,227.48,1275.9,3.49,890.14,26.77,863.37,170684.28
V8-A,146,2024-03-13,DEVELOPMENT,NIFTY50,PE,170684.28,75,3,85.8,6435.0,67.46,98.67,1375.5,3.77,965.25,29.01,936.24,171620.52
V8-A,147,2024-03-13,DEVELOPMENT,NIFTY50,PE,171620.52,75,3,86.42,6481.5,67.99,99.38,1382.25,3.78,972.22,29.22,943.0,172563.52
V8-A,148,2024-03-13,DEVELOPMENT,BANKNIFTY,PE,172563.52,75,5,105.06,7879.5,82.41,120.82,1698.75,4.57,1181.92,35.53,1146.39,173709.91
V8-A,149,2024-03-14,DEVELOPMENT,NIFTY50,CE,173709.91,125,5,55.18,6897.5,43.24,63.46,1492.5,3.97,1034.62,31.09,1003.53,174713.44
V8-A,150,2024-03-14,DEVELOPMENT,BANKNIFTY,CE,174713.44,15,1,376.2,5643.0,293.38,432.63,1242.3,3.23,846.45,25.45,821.0,175534.44
V8-A,151,2024-03-14,DEVELOPMENT,BANKNIFTY,CE,175534.44,15,1,405.74,6086.1,318.08,466.6,1314.9,3.47,912.91,27.44,885.47,176419.91
V8-A,152,2024-03-15,DEVELOPMENT,NIFTY50,PE,176419.91,25,1,185.05,4626.25,145.4,212.81,991.25,2.62,693.94,20.85,673.09,177093.0
V8-A,153,2024-03-15,DEVELOPMENT,NIFTY50,PE,177093.0,25,1,200.62,5015.5,158.0,230.71,1065.5,2.83,752.32,22.61,729.71,177822.71
V8-A,154,2024-03-15,DEVELOPMENT,NIFTY50,PE,177822.71,25,1,184.95,4623.75,145.71,212.69,981.0,2.6,-253.0,18.23,-271.23,177551.48
V8-A,155,2024-03-18,DEVELOPMENT,BANKNIFTY,PE,177551.48,30,2,230.45,6913.5,179.38,265.02,1532.1,3.89,1037.02,31.18,1005.84,178557.32
V8-A,156,2024-03-18,DEVELOPMENT,NIFTY50,PE,178557.32,50,2,129.01,6450.5,101.45,148.36,1378.0,3.61,-75.5,26.17,-101.67,178455.65
V8-A,157,2024-03-18,DEVELOPMENT,BANKNIFTY,PE,178455.65,30,2,229.94,6898.2,179.79,264.43,1504.5,3.87,1034.73,31.11,1003.62,179459.27
V8-A,158,2024-03-19,DEVELOPMENT,NIFTY50,PE,179459.27,75,3,108.51,8138.25,85.39,124.79,1734.0,4.53,1220.74,36.7,1184.04,180643.31
V8-A,159,2024-03-19,DEVELOPMENT,BANKNIFTY,PE,180643.31,30,2,221.37,6641.1,173.35,254.58,1440.6,3.68,996.16,29.95,966.21,181609.52
V8-A,160,2024-03-19,DEVELOPMENT,BANKNIFTY,PE,181609.52,30,2,200.7,6021.0,157.52,230.8,1295.4,3.32,903.15,27.14,876.01,182485.53
V8-A,161,2024-03-20,DEVELOPMENT,BANKNIFTY,CE,182485.53,75,5,107.43,8057.25,84.25,123.54,1738.5,4.42,1208.59,36.33,1172.26,183657.79
V8-A,162,2024-03-20,DEVELOPMENT,NIFTY50,PE,183657.79,75,3,92.9,6967.5,73.06,106.83,1488.0,3.79,1045.12,31.43,1013.69,184671.48
V8-A,163,2024-03-20,DEVELOPMENT,BANKNIFTY,PE,184671.48,60,4,134.56,8073.6,104.98,154.74,1774.8,4.37,-1774.93,28.11,-1803.04,182868.44
V8-A,164,2024-03-21,DEVELOPMENT,NIFTY50,CE,182868.44,175,7,48.93,8562.75,38.73,56.27,1785.0,4.68,-10.5,35.02,-45.52,182822.92
V8-A,165,2024-03-21,DEVELOPMENT,BANKNIFTY,CE,182822.92,15,1,418.31,6274.65,328.92,481.06,1340.85,3.43,-684.9,23.77,-708.67,182114.25
V8-A,166,2024-03-22,DEVELOPMENT,BANKNIFTY,CE,182114.25,15,1,344.52,5167.8,269.59,396.2,1123.95,2.84,775.17,23.31,751.86,182866.11
V8-A,167,2024-03-22,DEVELOPMENT,BANKNIFTY,CE,182866.11,15,1,345.27,5179.05,270.14,397.06,1126.95,2.83,776.86,23.36,753.5,183619.61
V8-A,168,2024-03-22,DEVELOPMENT,NIFTY50,CE,183619.61,25,1,176.38,4409.5,138.69,202.84,942.25,2.4,661.42,19.89,641.53,184261.14
V8-A,169,2024-03-27,DEVELOPMENT,NIFTY50,CE,184261.14,100,4,85.2,8520.0,67.49,97.98,1771.0,4.62,1278.0,38.43,1239.57,185500.71
V8-A,170,2024-03-27,DEVELOPMENT,BANKNIFTY,CE,185500.71,75,5,105.05,7878.75,82.84,120.81,1665.75,4.25,1181.81,35.53,1146.28,186646.99
V8-A,171,2024-03-27,DEVELOPMENT,BANKNIFTY,CE,186646.99,60,4,144.56,8673.6,113.99,166.24,1834.2,4.65,-1834.0,30.41,-1864.41,184782.58
V8-A,172,2024-03-28,DEVELOPMENT,NIFTY50,CE,184782.58,175,7,49.51,8664.25,39.12,56.94,1818.25,4.69,1299.64,39.06,1260.58,186043.16
V8-A,173,2024-03-28,DEVELOPMENT,NIFTY50,CE,186043.16,125,5,61.1,7637.5,48.41,70.27,1586.25,4.11,1145.62,34.44,1111.18,187154.34
V8-A,174,2024-03-28,DEVELOPMENT,BANKNIFTY,CE,187154.34,15,1,385.48,5782.2,304.7,443.3,1211.7,3.09,867.33,26.07,841.26,187995.6
V8-A,175,2024-04-01,DEVELOPMENT,NIFTY50,CE,187995.6,50,2,140.18,7009.0,110.34,161.21,1492.0,3.73,-428.0,27.48,-455.48,187540.12
V8-A,176,2024-04-02,DEVELOPMENT,NIFTY50,CE,187540.12,75,3,111.47,8360.25,88.16,128.19,1748.25,4.46,1254.04,37.71,1216.33,188756.45
V8-A,177,2024-04-02,DEVELOPMENT,BANKNIFTY,CE,188756.45,45,3,183.02,8235.9,144.23,210.47,1745.55,4.36,1235.38,37.14,1198.25,189954.7
V8-A,178,2024-04-02,DEVELOPMENT,BANKNIFTY,CE,189954.7,45,3,195.22,8784.9,154.33,224.5,1840.05,4.62,1317.73,39.6,1278.14,191232.84
V8-A,179,2024-04-03,DEVELOPMENT,BANKNIFTY,CE,191232.84,75,5,105.44,7908.0,83.21,121.26,1667.25,4.14,1186.2,35.66,1150.54,192383.38
V8-A,180,2024-04-03,DEVELOPMENT,NIFTY50,CE,192383.38,100,4,86.2,8620.0,68.22,99.13,1798.0,4.48,1293.0,38.88,1254.12,193637.5
V8-A,181,2024-04-03,DEVELOPMENT,BANKNIFTY,CE,193637.5,60,4,128.16,7689.6,101.3,147.38,1611.6,3.97,1153.44,34.68,1118.76,194756.26
V8-A,182,2024-04-04,DEVELOPMENT,NIFTY50,PE,194756.26,175,7,49.76,8708.0,39.0,57.22,1883.0,4.47,1306.2,39.26,1266.94,196023.2
V8-A,183,2024-04-04,DEVELOPMENT,NIFTY50,PE,196023.2,175,7,49.76,8708.0,38.99,57.22,1884.75,4.44,1306.2,39.26,1266.94,197290.14
V8-A,184,2024-04-04,DEVELOPMENT,NIFTY50,PE,197290.14,175,7,49.65,8688.75,38.86,57.1,1888.25,4.4,-446.25,34.32,-480.57,196809.57
V8-A,185,2024-04-05,DEVELOPMENT,BANKNIFTY,CE,196809.57,15,1,354.6,5319.0,278.8,407.79,1137.0,2.7,797.85,23.99,773.86,197583.43
V8-A,186,2024-04-05,DEVELOPMENT,BANKNIFTY,CE,197583.43,15,1,354.97,5324.55,279.81,408.22,1127.4,2.69,798.68,23.99,774.69,198358.12
V8-A,187,2024-04-05,DEVELOPMENT,NIFTY50,CE,198358.12,50,2,180.13,9006.5,142.66,207.15,1873.5,4.54,1350.97,40.62,1310.35,199668.47
V8-A,188,2024-04-08,DEVELOPMENT,NIFTY50,CE,199668.47,50,2,147.78,7389.0,116.81,169.95,1548.5,3.7,1108.35,33.32,1075.03,200743.5
V8-A,189,2024-04-08,DEVELOPMENT,NIFTY50,CE,200743.5,50,2,135.19,6759.5,107.39,155.47,1390.0,3.37,1013.92,30.48,983.44,201726.94
V8-A,190,2024-04-08,DEVELOPMENT,NIFTY50,CE,201726.94,50,2,153.46,7673.0,121.76,176.48,1585.0,3.8,-2.5,31.39,-33.89,201693.05
V8-A,191,2024-04-09,DEVELOPMENT,BANKNIFTY,CE,201693.05,45,3,187.96,8458.2,148.7,216.15,1766.7,4.19,1268.73,38.14,1230.59,202923.64
V8-A,192,2024-04-09,DEVELOPMENT,BANKNIFTY,CE,202923.64,45,3,195.51,8797.95,154.77,224.84,1833.3,4.34,-413.55,34.86,-448.41,202475.23
V8-A,193,2024-04-09,DEVELOPMENT,NIFTY50,PE,202475.23,75,3,112.48,8436.0,89.16,129.35,1749.0,4.17,1265.4,38.04,1227.36,203702.59
V8-A,194,2024-04-10,DEVELOPMENT,BANKNIFTY,CE,203702.59,60,4,129.25,7755.0,101.59,148.64,1659.6,3.81,1163.25,34.99,1128.26,204830.85
V8-A,195,2024-04-10,DEVELOPMENT,BANKNIFTY,CE,204830.85,75,5,115.11,8633.25,90.75,132.38,1827.0,4.21,1294.99,38.93,1256.06,206086.91
V8-A,196,2024-04-10,DEVELOPMENT,BANKNIFTY,CE,206086.91,90,6,108.54,9768.6,85.7,124.82,2055.6,4.74,1465.29,44.04,1421.25,207508.16
V8-A,197,2024-04-12,DEVELOPMENT,BANKNIFTY,PE,207508.16,15,1,400.31,6004.65,315.48,460.36,1272.45,2.89,900.7,27.06,873.64,208381.8
V8-A,198,2024-04-12,DEVELOPMENT,NIFTY50,PE,208381.8,50,2,193.32,9666.0,153.42,222.32,1995.0,4.64,1449.9,43.58,1406.32,209788.12
V8-A,199,2024-04-12,DEVELOPMENT,BANKNIFTY,PE,209788.12,15,1,358.06,5370.9,282.31,411.77,1136.25,2.56,805.63,24.2,781.43,210569.55
V8-A,200,2024-04-15,DEVELOPMENT,NIFTY50,PE,210569.55,75,3,131.35,9851.25,103.35,151.05,2100.0,4.68,1477.69,44.43,1433.26,212002.81
V8-A,201,2024-04-15,DEVELOPMENT,BANKNIFTY,PE,212002.81,30,2,238.41,7152.3,188.15,274.17,1507.8,3.37,1072.84,32.26,1040.58,213043.39
V8-A,202,2024-04-15,DEVELOPMENT,BANKNIFTY,PE,213043.39,30,2,260.35,7810.5,206.22,299.4,1623.9,3.67,1171.57,35.23,1136.34,214179.73
V8-A,203,2024-04-16,DEVELOPMENT,NIFTY50,PE,214179.73,75,3,119.82,8986.5,94.94,137.79,1866.0,4.2,1347.97,40.52,1307.45,215487.18
V8-A,204,2024-04-18,DEVELOPMENT,BANKNIFTY,PE,215487.18,15,1,390.1,5851.5,307.07,448.62,1245.45,2.72,877.72,26.39,851.34,216338.52
V8-A,205,2024-04-18,DEVELOPMENT,NIFTY50,CE,216338.52,150,6,59.39,8908.5,47.0,68.3,1858.5,4.12,-1858.08,31.31,-1889.39,214449.13
V8-A,206,2024-04-19,DEVELOPMENT,NIFTY50,CE,214449.13,50,2,191.8,9590.0,151.18,220.57,2031.0,4.47,1438.5,43.25,1395.25,215844.38
V8-A,207,2024-04-19,DEVELOPMENT,NIFTY50,CE,215844.38,50,2,182.69,9134.5,143.83,210.09,1943.0,4.23,1370.17,41.19,1328.98,217173.36
V8-A,208,2024-04-19,DEVELOPMENT,BANKNIFTY,CE,217173.36,15,1,354.36,5315.4,277.36,407.51,1155.0,2.45,797.31,23.96,773.35,217946.71
V8-A,209,2024-04-22,DEVELOPMENT,BANKNIFTY,PE,217946.71,30,2,248.34,7450.2,196.45,285.59,1556.7,3.42,-375.9,29.43,-405.33,217541.38
V8-A,210,2024-04-23,DEVELOPMENT,BANKNIFTY,PE,217541.38,45,3,185.27,8337.15,146.49,213.06,1745.1,3.83,1250.57,37.59,1212.98,218754.36
V8-A,211,2024-04-23,DEVELOPMENT,NIFTY50,PE,218754.36,75,3,125.92,9444.0,99.94,144.81,1948.5,4.32,1416.6,42.58,1374.02,220128.38
V8-A,212,2024-04-23,DEVELOPMENT,BANKNIFTY,PE,220128.38,45,3,203.63,9163.35,161.07,234.17,1915.2,4.16,1374.5,41.32,1333.18,221461.56
V8-A,213,2024-04-24,DEVELOPMENT,BANKNIFTY,CE,221461.56,75,5,120.91,9068.25,95.63,139.05,1896.0,4.09,1360.24,40.89,1319.35,222780.91
V8-A,214,2024-04-24,DEVELOPMENT,NIFTY50,CE,222780.91,100,4,96.83,9683.0,76.89,111.35,1994.0,4.35,-1087.0,36.6,-1123.6,221657.31
V8-A,215,2024-04-25,DEVELOPMENT,BANKNIFTY,CE,221657.31,15,1,386.21,5793.15,303.28,444.14,1243.95,2.61,868.97,26.13,842.84,222500.15
V8-A,216,2024-04-25,DEVELOPMENT,NIFTY50,CE,222500.15,150,6,63.81,9571.5,50.29,73.38,2028.0,4.3,-2027.42,33.54,-2060.96,220439.19
V8-A,217,2024-04-25,DEVELOPMENT,BANKNIFTY,CE,220439.19,15,1,386.93,5803.95,305.09,444.97,1227.6,2.63,870.59,26.17,844.42,221283.61
V8-A,218,2024-04-26,DEVELOPMENT,NIFTY50,PE,221283.61,50,2,199.35,9967.5,157.5,229.25,2092.5,4.5,1495.12,44.95,1450.17,222733.78
V8-A,219,2024-04-26,DEVELOPMENT,BANKNIFTY,PE,222733.78,15,1,356.48,5347.2,280.5,409.95,1139.7,2.4,802.08,24.11,777.97,223511.75
V8-A,220,2024-04-26,DEVELOPMENT,BANKNIFTY,PE,223511.75,15,1,356.58,5348.7,281.27,410.07,1129.65,2.39,802.3,24.12,778.18,224289.93
V8-A,221,2024-04-29,DEVELOPMENT,NIFTY50,CE,224289.93,50,2,156.27,7813.5,123.5,179.71,1638.5,3.48,1172.02,35.24,1136.78,225426.71
V8-A,222,2024-04-29,DEVELOPMENT,BANKNIFTY,CE,225426.71,30,2,242.51,7275.3,190.87,278.89,1549.2,3.23,1091.29,32.81,1058.49,226485.2
V8-A,223,2024-04-29,DEVELOPMENT,NIFTY50,CE,226485.2,75,3,136.21,10215.75,107.99,156.64,2116.5,4.51,1532.36,46.07,1486.29,227971.49
V8-A,224,2024-04-30,DEVELOPMENT,NIFTY50,CE,227971.49,75,3,112.87,8465.25,89.3,129.8,1767.75,3.71,1269.79,38.17,1231.62,229203.11
V8-A,225,2024-04-30,DEVELOPMENT,BANKNIFTY,CE,229203.11,45,3,190.53,8573.85,149.22,219.11,1858.95,3.74,1286.08,38.67,1247.41,230450.52
V8-A,226,2024-04-30,DEVELOPMENT,NIFTY50,CE,230450.52,75,3,112.86,8464.5,89.33,129.79,1764.75,3.67,1269.67,38.17,1231.5,231682.02
V8-A,227,2024-05-02,DEVELOPMENT,NIFTY50,CE,231682.02,200,8,50.35,10070.0,39.73,57.9,2124.0,4.35,1510.5,45.42,1465.08,233147.1
V8-A,228,2024-05-02,DEVELOPMENT,BANKNIFTY,PE,233147.1,15,1,393.99,5909.85,309.53,453.09,1266.9,2.53,0.75,24.19,-23.44,233123.66
V8-A,229,2024-05-02,DEVELOPMENT,NIFTY50,CE,233123.66,200,8,50.41,10082.0,39.96,57.97,2090.0,4.32,1512.3,45.47,1466.83,234590.49
V8-A,230,2024-05-03,DEVELOPMENT,NIFTY50,PE,234590.49,50,2,197.13,9856.5,155.03,226.7,2105.0,4.2,1478.47,44.46,1434.01,236024.5
V8-A,231,2024-05-03,DEVELOPMENT,BANKNIFTY,PE,236024.5,30,2,360.2,10806.0,282.62,414.23,2327.4,4.58,1620.9,48.73,1572.17,237596.67
V8-A,232,2024-05-03,DEVELOPMENT,BANKNIFTY,PE,237596.67,15,1,398.59,5978.85,312.4,458.38,1292.85,2.52,-600.75,22.81,-623.56,236973.11
V8-A,233,2024-05-06,DEVELOPMENT,NIFTY50,PE,236973.11,75,3,137.11,10283.25,107.47,157.68,2223.0,4.34,1542.49,46.36,1496.13,238469.24
V8-A,234,2024-05-06,DEVELOPMENT,BANKNIFTY,CE,238469.24,45,3,243.58,10961.1,191.0,280.12,2366.1,4.6,-187.65,44.34,-231.99,238237.25
V8-A,235,2024-05-06,DEVELOPMENT,NIFTY50,PE,238237.25,75,3,132.24,9918.0,104.37,152.08,2090.25,4.16,1487.7,44.72,1442.98,239680.23
V8-A,236,2024-05-07,DEVELOPMENT,BANKNIFTY,PE,239680.23,45,3,227.1,10219.5,178.09,261.16,2205.45,4.26,1532.92,46.1,1486.82,241167.05
V8-A,237,2024-05-07,DEVELOPMENT,BANKNIFTY,PE,241167.05,45,3,215.21,9684.45,169.22,247.49,2069.55,4.02,1452.67,43.67,1409.0,242576.05
V8-A,238,2024-05-07,DEVELOPMENT,NIFTY50,PE,242576.05,100,4,110.52,11052.0,87.15,127.1,2337.0,4.56,-36.0,45.11,-81.11,242494.94
V8-A,239,2024-05-08,DEVELOPMENT,BANKNIFTY,PE,242494.94,60,4,154.5,9270.0,121.19,177.67,1998.6,3.82,-1998.6,32.38,-2030.98,240463.96
V8-A,240,2024-05-08,DEVELOPMENT,BANKNIFTY,PE,240463.96,90,6,121.03,10892.7,94.97,139.18,2345.4,4.53,1633.9,49.12,1584.78,242048.74
V8-A,241,2024-05-08,DEVELOPMENT,NIFTY50,CE,242048.74,125,5,89.53,11191.25,70.68,102.96,2356.25,4.62,1678.69,50.47,1628.22,243676.96
V8-A,242,2024-05-09,DEVELOPMENT,NIFTY50,PE,243676.96,200,8,54.88,10976.0,43.14,63.11,2348.0,4.5,1646.4,49.49,1596.91,245273.87
V8-A,243,2024-05-09,DEVELOPMENT,NIFTY50,PE,245273.87,225,9,49.2,11070.0,38.82,56.58,2335.5,4.51,1660.5,49.92,1610.58,246884.45
V8-A,244,2024-05-09,DEVELOPMENT,BANKNIFTY,PE,246884.45,30,2,382.8,11484.0,300.77,440.22,2460.9,4.65,1722.6,51.79,1670.81,248555.26
V8-A,245,2024-05-10,DEVELOPMENT,BANKNIFTY,CE,248555.26,30,2,371.52,11145.6,290.24,427.25,2438.4,4.48,1671.84,50.26,1621.58,250176.84
V8-A,246,2024-05-10,DEVELOPMENT,NIFTY50,CE,250176.84,50,2,176.32,8816.0,138.73,202.77,1879.5,3.52,1322.4,39.77,1282.63,251459.47
V8-A,247,2024-05-10,DEVELOPMENT,BANKNIFTY,CE,251459.47,30,2,377.34,11320.2,295.36,433.94,2459.4,4.5,1698.03,51.05,1646.98,253106.45
V8-A,248,2024-05-13,DEVELOPMENT,NIFTY50,PE,253106.45,75,3,128.41,9630.75,100.94,147.67,2060.25,3.81,1444.61,43.42,1401.19,254507.64
V8-A,249,2024-05-13,DEVELOPMENT,BANKNIFTY,PE,254507.64,30,2,281.99,8459.7,221.57,324.29,1812.6,3.32,-1812.5,29.57,-1842.07,252665.57
V8-A,250,2024-05-13,DEVELOPMENT,NIFTY50,PE,252665.57,75,3,129.01,9675.75,101.61,148.36,2055.0,3.83,-399.75,38.5,-438.25,252227.32
V8-A,251,2024-05-14,DEVELOPMENT,NIFTY50,CE,252227.32,100,4,110.09,11009.0,87.08,126.6,2301.0,4.36,1651.35,49.63,1601.72,253829.04
V8-A,252,2024-05-14,DEVELOPMENT,NIFTY50,CE,253829.04,100,4,112.54,11254.0,89.16,129.42,2338.0,4.43,-244.0,45.38,-289.38,253539.66
V8-A,253,2024-05-14,DEVELOPMENT,BANKNIFTY,CE,253539.66,60,4,183.94,11036.4,145.17,211.53,2326.2,4.35,9.0,45.19,-36.19,253503.47
V8-A,254,2024-05-15,DEVELOPMENT,NIFTY50,CE,253503.47,125,5,85.34,10667.5,67.29,98.14,2256.25,4.21,1600.12,48.1,1552.02,255055.49
V8-A,255,2024-05-15,DEVELOPMENT,NIFTY50,PE,255055.49,100,4,107.43,10743.0,84.78,123.54,2265.0,4.21,1611.45,48.44,1563.01,256618.5
V8-A,256,2024-05-15,DEVELOPMENT,BANKNIFTY,PE,256618.5,105,7,105.74,11102.7,83.29,121.6,2357.25,4.33,1665.4,50.07,1615.33,258233.83
V8-A,257,2024-05-16,DEVELOPMENT,NIFTY50,PE,258233.83,200,8,58.26,11652.0,45.75,67.0,2502.0,4.51,1747.8,52.57,1695.23,259929.06
V8-A,258,2024-05-16,DEVELOPMENT,NIFTY50,PE,259929.06,200,8,59.41,11882.0,46.66,68.32,2550.0,4.57,1782.3,53.58,1728.72,261657.78
V8-A,259,2024-05-16,DEVELOPMENT,BANKNIFTY,PE,261657.78,30,2,398.63,11958.9,312.39,458.42,2587.2,4.57,1793.83,53.94,1739.89,263397.67
V8-A,260,2024-05-17,DEVELOPMENT,BANKNIFTY,CE,263397.67,30,2,353.44,10603.2,276.16,406.46,2318.4,4.03,1590.48,47.82,1542.66,264940.33
V8-A,261,2024-05-17,DEVELOPMENT,BANKNIFTY,CE,264940.33,30,2,363.37,10901.1,284.98,417.88,2351.7,4.11,1635.16,49.15,1586.01,266526.34
V8-A,262,2024-05-17,DEVELOPMENT,BANKNIFTY,CE,266526.34,30,2,374.42,11232.6,294.78,430.58,2389.2,4.21,1684.89,50.67,1634.22,268160.56
V8-A,263,2024-05-21,DEVELOPMENT,NIFTY50,CE,268160.56,100,4,118.95,11895.0,94.42,136.79,2453.0,4.44,1784.25,53.66,1730.59,269891.15
V8-A,264,2024-05-21,DEVELOPMENT,NIFTY50,CE,269891.15,100,4,111.93,11193.0,88.86,128.72,2307.0,4.15,1678.95,50.48,1628.47,271519.62
V8-A,265,2024-05-21,DEVELOPMENT,NIFTY50,CE,271519.62,75,3,135.05,10128.75,107.24,155.31,2085.75,3.73,-1746.0,36.6,-1782.6,269737.02
V8-A,266,2024-05-22,DEVELOPMENT,NIFTY50,PE,269737.02,125,5,93.11,11638.75,73.5,107.08,2451.25,4.31,1745.81,52.48,1693.33,271430.35
V8-A,267,2024-05-22,DEVELOPMENT,BANKNIFTY,PE,271430.35,105,7,105.96,11125.8,83.28,121.85,2381.4,4.1,1668.87,50.16,1618.71,273049.06
V8-A,268,2024-05-22,DEVELOPMENT,BANKNIFTY,PE,273049.06,105,7,121.33,12739.65,95.62,139.53,2699.55,4.67,1910.95,57.47,1853.48,274902.54
V8-A,269,2024-05-23,DEVELOPMENT,NIFTY50,CE,274902.54,175,7,74.31,13004.25,58.66,85.46,2738.75,4.73,1950.64,58.65,1891.99,276794.53
V8-A,270,2024-05-23,DEVELOPMENT,BANKNIFTY,CE,276794.53,30,2,386.37,11591.1,303.3,444.33,2492.1,4.19,1738.66,52.26,1686.4,278480.93
V8-A,271,2024-05-23,DEVELOPMENT,NIFTY50,CE,278480.93,175,7,75.52,13216.0,59.72,86.85,2765.0,4.75,1982.4,59.61,1922.79,280403.72
V8-A,272,2024-05-24,DEVELOPMENT,NIFTY50,CE,280403.72,50,2,186.93,9346.5,148.19,214.97,1937.0,3.33,-190.0,37.71,-227.71,280176.01
V8-A,273,2024-05-24,DEVELOPMENT,BANKNIFTY,CE,280176.01,30,2,360.03,10800.9,284.93,414.03,2253.0,3.86,1620.13,48.69,1571.44,281747.45
V8-A,274,2024-05-24,DEVELOPMENT,BANKNIFTY,CE,281747.45,30,2,367.84,11035.2,290.97,423.02,2306.1,3.92,-212.4,44.57,-256.97,281490.48
V8-A,275,2024-05-27,DEVELOPMENT,BANKNIFTY,CE,281490.48,45,3,244.28,10992.6,192.12,280.92,2347.2,3.91,1648.89,49.57,1599.32,283089.8
V8-A,276,2024-05-27,DEVELOPMENT,NIFTY50,PE,283089.8,75,3,140.15,10511.25,110.72,161.17,2207.25,3.71,1576.69,47.4,1529.29,284619.09
V8-A,277,2024-05-27,DEVELOPMENT,BANKNIFTY,CE,284619.09,45,3,263.42,11853.9,207.89,302.93,2498.85,4.16,1778.08,53.46,1724.62,286343.71
V8-A,278,2024-05-28,DEVELOPMENT,BANKNIFTY,PE,286343.71,60,4,211.01,12660.6,164.81,242.66,2772.0,4.42,1899.09,57.09,1842.0,288185.71
V8-A,279,2024-05-28,DEVELOPMENT,NIFTY50,PE,288185.71,100,4,127.56,12756.0,100.68,146.69,2688.0,4.43,1913.4,57.51,1855.89,290041.6
V8-A,280,2024-05-28,DEVELOPMENT,NIFTY50,PE,290041.6,100,4,114.51,11451.0,90.76,131.69,2375.0,3.95,1717.65,51.63,1666.02,291707.62
V8-A,281,2024-05-29,DEVELOPMENT,NIFTY50,PE,291707.62,125,5,94.62,11827.5,74.75,108.81,2483.75,4.05,1774.12,53.32,1720.81,293428.43
V8-A,282,2024-05-29,DEVELOPMENT,NIFTY50,PE,293428.43,125,5,111.43,13928.75,88.26,128.14,2896.25,4.75,-2896.49,48.96,-2945.45,290482.98
V8-A,283,2024-05-29,DEVELOPMENT,BANKNIFTY,PE,290482.98,120,8,107.94,12952.8,85.31,124.13,2715.6,4.46,1942.92,58.4,1884.52,292367.5
V8-A,284,2024-05-30,DEVELOPMENT,BANKNIFTY,CE,292367.5,30,2,390.35,11710.5,305.31,448.9,2551.2,4.01,1756.57,52.82,1703.75,294071.25
V8-A,285,2024-05-30,DEVELOPMENT,NIFTY50,PE,294071.25,200,8,69.12,13824.0,54.51,79.49,2922.0,4.7,-2922.62,48.42,-2971.04,291100.21
V8-A,286,2024-05-30,DEVELOPMENT,NIFTY50,PE,291100.21,250,10,52.57,13142.5,41.6,60.46,2742.5,4.51,1971.37,59.27,1912.1,293012.31
V8-A,287,2024-05-31,DEVELOPMENT,NIFTY50,PE,293012.31,75,3,180.18,13513.5,141.71,207.21,2885.25,4.61,2027.02,60.96,1966.06,294978.37
V8-A,288,2024-05-31,DEVELOPMENT,BANKNIFTY,PE,294978.37,30,2,358.79,10763.7,280.14,412.61,2359.5,3.65,1614.55,48.53,1566.02,296544.39
V8-A,289,2024-05-31,DEVELOPMENT,BANKNIFTY,PE,296544.39,30,2,358.76,10762.8,281.36,412.57,2322.0,3.63,-451.2,42.8,-494.0,296050.39
V8-A,290,2024-06-04,DEVELOPMENT,BANKNIFTY,PE,296050.39,45,3,226.19,10178.55,168.86,260.12,2579.85,3.44,1526.78,45.9,1480.88,297531.27
V8-A,291,2024-06-04,DEVELOPMENT,NIFTY50,PE,297531.27,100,4,106.52,10652.0,77.28,122.5,2924.0,3.58,-2924.45,35.46,-2959.91,294571.36
V8-A,292,2024-06-04,DEVELOPMENT,BANKNIFTY,PE,294571.36,45,3,178.49,8032.05,127.11,205.26,2312.1,2.73,-2312.14,26.45,-2338.59,292232.77
V8-A,293,2024-06-05,DEVELOPMENT,BANKNIFTY,PE,292232.77,105,7,103.95,10914.75,76.63,119.54,2868.6,3.73,1637.21,49.22,1587.99,293820.76
V8-A,294,2024-06-05,DEVELOPMENT,BANKNIFTY,PE,293820.76,90,6,125.26,11273.4,93.4,144.05,2867.4,3.84,1691.01,50.84,1640.17,295460.93
V8-A,295,2024-06-05,DEVELOPMENT,BANKNIFTY,CE,295460.93,105,7,105.84,11113.2,79.81,121.72,2733.15,3.76,1666.98,50.12,1616.86,297077.79
V8-A,296,2024-06-06,DEVELOPMENT,NIFTY50,CE,297077.79,250,10,50.8,12700.0,39.61,58.42,2797.5,4.27,1905.0,57.27,1847.73,298925.52
V8-A,297,2024-06-06,DEVELOPMENT,NIFTY50,CE,298925.52,250,10,50.85,12712.5,39.76,58.48,2772.5,4.25,-80.0,51.8,-131.8,298793.72
V8-A,298,2024-06-06,DEVELOPMENT,BANKNIFTY,CE,298793.72,30,2,402.78,12083.4,312.81,463.2,2699.1,4.04,-493.5,48.08,-541.58,298252.14
V8-A,299,2024-06-07,DEVELOPMENT,BANKNIFTY,CE,298252.14,30,2,404.16,12124.8,313.76,464.78,2712.0,4.07,1818.72,54.68,1764.04,300016.18
V8-A,300,2024-06-07,DEVELOPMENT,NIFTY50,CE,300016.18,50,2,184.05,9202.5,143.81,211.66,2012.0,3.07,1380.37,41.49,1338.88,301355.06
V8-A,301,2024-06-07,DEVELOPMENT,BANKNIFTY,CE,301355.06,30,2,411.15,12334.5,321.23,472.82,2697.6,4.09,1850.17,55.63,1794.54,303149.6
V8-A,302,2024-06-10,DEVELOPMENT,BANKNIFTY,PE,303149.6,45,3,247.86,11153.7,192.31,285.04,2499.75,3.68,1673.05,50.29,1622.76,304772.36
V8-A,303,2024-06-10,DEVELOPMENT,NIFTY50,PE,304772.36,100,4,137.2,13720.0,108.68,157.78,2852.0,4.5,2058.0,61.88,1996.12,306768.48
V8-A,304,2024-06-10,DEVELOPMENT,NIFTY50,PE,306768.48,100,4,136.62,13662.0,107.76,157.11,2886.0,4.45,1302.0,59.53,1242.47,308010.95
V8-A,305,2024-06-11,DEVELOPMENT,BANKNIFTY,CE,308010.95,60,4,191.93,11515.8,150.28,220.72,2499.0,3.74,1727.37,51.93,1675.44,309686.39
V8-A,306,2024-06-11,DEVELOPMENT,BANKNIFTY,CE,309686.39,60,4,191.9,11514.0,150.56,220.69,2480.4,3.72,1727.1,51.93,1675.17,311361.56
V8-A,307,2024-06-11,DEVELOPMENT,NIFTY50,PE,311361.56,125,5,115.73,14466.25,91.74,133.09,2998.75,4.65,2169.94,65.22,2104.72,313466.28
V8-A,308,2024-06-12,DEVELOPMENT,NIFTY50,CE,313466.28,125,5,108.13,13516.25,85.51,124.35,2827.5,4.31,2027.44,60.97,1966.47,315432.75
V8-A,309,2024-06-12,DEVELOPMENT,BANKNIFTY,CE,315432.75,105,7,127.16,13351.8,100.04,146.23,2847.6,4.23,2002.77,60.2,1942.57,317375.32
V8-A,310,2024-06-12,DEVELOPMENT,BANKNIFTY,CE,317375.32,120,8,111.16,13339.2,87.53,127.83,2835.6,4.2,-223.2,53.98,-277.18,317098.14
V8-A,311,2024-06-13,DEVELOPMENT,BANKNIFTY,PE,317098.14,30,2,399.63,11988.9,314.23,459.57,2562.0,3.78,1798.33,54.08,1744.25,318842.39
V8-A,312,2024-06-13,DEVELOPMENT,NIFTY50,PE,318842.39,275,11,51.87,14264.25,41.06,59.65,2972.75,4.47,-35.75,58.29,-94.04,318748.35
V8-A,313,2024-06-13,DEVELOPMENT,BANKNIFTY,PE,318748.35,30,2,406.83,12204.9,321.1,467.85,2571.9,3.83,1830.73,55.04,1775.69,320524.04
V8-A,314,2024-06-14,DEVELOPMENT,BANKNIFTY,PE,320524.04,30,2,368.37,11051.1,289.68,423.63,2360.7,3.45,1657.66,49.83,1607.83,322131.87
V8-A,315,2024-06-18,DEVELOPMENT,BANKNIFTY,CE,322131.87,60,4,220.66,13239.6,173.43,253.76,2833.8,4.11,1985.94,59.71,1926.23,324058.1
V8-A,316,2024-06-18,DEVELOPMENT,BANKNIFTY,CE,324058.1,75,5,198.79,14909.25,157.35,228.61,3108.0,4.6,2236.39,67.25,2169.14,326227.24
V8-A,317,2024-06-18,DEVELOPMENT,BANKNIFTY,CE,326227.24,60,4,214.53,12871.8,170.11,246.71,2665.2,3.95,1930.77,58.06,1872.71,328099.95
V8-A,318,2024-06-19,DEVELOPMENT,BANKNIFTY,CE,328099.95,120,8,112.8,13536.0,87.59,129.72,3025.2,4.13,2030.4,61.04,1969.36,330069.31
V8-A,319,2024-06-19,DEVELOPMENT,NIFTY50,PE,330069.31,150,6,90.4,13560.0,71.13,103.96,2890.5,4.11,2034.0,61.16,1972.84,332042.15
V8-A,320,2024-06-19,DEVELOPMENT,BANKNIFTY,CE,332042.15,120,8,113.21,13585.2,87.91,130.19,3036.0,4.09,2037.78,61.25,1976.53,334018.68
V8-A,321,2024-06-20,DEVELOPMENT,BANKNIFTY,PE,334018.68,30,2,411.68,12350.4,319.63,473.43,2761.5,3.7,-488.4,49.18,-537.58,333481.1
V8-A,322,2024-06-20,DEVELOPMENT,NIFTY50,CE,333481.1,250,10,59.21,14802.5,46.76,68.09,3112.5,4.44,2220.37,66.73,2153.64,335634.74
V8-A,323,2024-06-20,DEVELOPMENT,NIFTY50,CE,335634.74,225,9,67.46,15178.5,53.27,77.58,3192.75,4.52,-3193.87,53.24,-3247.11,332387.63
V8-A,324,2024-06-21,DEVELOPMENT,BANKNIFTY,PE,332387.63,30,2,398.02,11940.6,311.79,457.72,2586.9,3.59,1791.09,53.87,1737.22,334124.85
V8-A,325,2024-06-21,DEVELOPMENT,BANKNIFTY,PE,334124.85,30,2,384.72,11541.6,302.02,442.43,2481.0,3.45,1731.24,52.05,1679.19,335804.04
V8-A,326,2024-06-21,DEVELOPMENT,BANKNIFTY,PE,335804.04,30,2,378.6,11358.0,297.62,435.39,2429.4,3.38,1703.7,51.21,1652.49,337456.53
V8-A,327,2024-06-24,DEVELOPMENT,BANKNIFTY,PE,337456.53,45,3,270.89,12190.05,211.48,311.52,2673.45,3.61,-1300.95,46.27,-1347.22,336109.31
V8-A,328,2024-06-24,DEVELOPMENT,NIFTY50,CE,336109.31,100,4,147.26,14726.0,116.08,169.35,3118.0,4.38,2208.9,66.4,2142.5,338251.81
V8-A,329,2024-06-24,DEVELOPMENT,NIFTY50,CE,338251.81,100,4,160.6,16060.0,126.99,184.69,3361.0,4.75,2409.0,72.4,2336.6,340588.41
V8-A,330,2024-06-25,DEVELOPMENT,NIFTY50,CE,340588.41,125,5,117.14,14642.5,92.66,134.71,3060.0,4.3,2196.37,66.03,2130.34,342718.75
V8-A,331,2024-06-25,DEVELOPMENT,BANKNIFTY,CE,342718.75,75,5,200.33,15024.75,158.1,230.38,3167.25,4.38,2253.71,67.75,2185.96,344904.71
V8-A,332,2024-06-25,DEVELOPMENT,NIFTY50,CE,344904.71,100,4,139.07,13907.0,110.12,159.93,2895.0,4.03,2086.05,62.72,2023.33,346928.04
V8-A,333,2024-06-26,DEVELOPMENT,BANKNIFTY,PE,346928.04,135,9,116.61,15742.35,91.19,134.1,3431.7,4.54,2361.35,70.98,2290.37,349218.41
V8-A,334,2024-06-26,DEVELOPMENT,BANKNIFTY,PE,349218.41,120,8,133.69,16042.8,104.7,153.74,3478.8,4.59,-2280.0,59.3,-2339.3,346879.11
V8-A,335,2024-06-26,DEVELOPMENT,NIFTY50,CE,346879.11,175,7,91.73,16052.75,72.63,105.49,3342.5,4.63,2407.91,72.39,2335.52,349214.63
V8-A,336,2024-06-27,DEVELOPMENT,BANKNIFTY,CE,349214.63,30,2,424.88,12746.4,332.49,488.61,2771.7,3.65,-361.8,51.17,-412.97,348801.66
V8-A,337,2024-06-27,DEVELOPMENT,NIFTY50,CE,348801.66,225,9,65.88,14823.0,51.77,75.76,3174.75,4.25,2223.45,66.83,2156.62,350958.28
V8-A,338,2024-06-27,DEVELOPMENT,NIFTY50,CE,350958.28,300,12,53.08,15924.0,41.73,61.04,3405.0,4.54,2388.6,71.81,2316.79,353275.07
V8-A,339,2024-06-28,DEVELOPMENT,BANKNIFTY,CE,353275.07,30,2,389.76,11692.8,306.14,448.22,2508.6,3.31,-1636.5,43.28,-1679.78,351595.29
V8-A,340,2024-06-28,DEVELOPMENT,NIFTY50,CE,351595.29,75,3,193.34,14500.5,152.95,222.34,3029.25,4.12,-495.75,57.97,-553.72,351041.57
V8-A,341,2024-07-01,VALIDATION,BANKNIFTY,CE,351041.57,45,3,276.0,12420.0,216.04,317.4,2698.2,3.54,1863.0,56.0,1807.0,352848.57
V8-A,342,2024-07-01,VALIDATION,NIFTY50,CE,352848.57,100,4,141.42,14142.0,111.85,162.63,2957.0,4.01,2121.3,63.76,2057.54,354906.11
V8-A,343,2024-07-01,VALIDATION,NIFTY50,CE,354906.11,100,4,160.94,16094.0,127.73,185.08,3321.0,4.53,2414.1,72.56,2341.54,357247.65
V8-A,344,2024-07-02,VALIDATION,NIFTY50,PE,357247.65,125,5,119.69,14961.25,94.39,137.64,3162.5,4.19,2244.19,67.46,2176.73,359424.38
V8-A,345,2024-07-02,VALIDATION,BANKNIFTY,PE,359424.38,60,4,226.13,13567.8,177.08,260.05,2943.0,3.77,2035.17,61.2,1973.97,361398.35
V8-A,346,2024-07-02,VALIDATION,BANKNIFTY,PE,361398.35,75,5,200.45,15033.75,157.72,230.52,3204.75,4.16,-12.75,61.5,-74.25,361324.1
V8-A,347,2024-07-03,VALIDATION,NIFTY50,CE,361324.1,175,7,93.35,16336.25,73.71,107.35,3437.0,4.52,17.5,66.89,-49.39,361274.71
V8-A,348,2024-07-03,VALIDATION,BANKNIFTY,CE,361274.71,90,6,166.88,15019.2,130.89,191.91,3239.1,4.16,2252.88,67.74,2185.14,363459.85
V8-A,349,2024-07-03,VALIDATION,BANKNIFTY,CE,363459.85,135,9,117.88,15913.8,92.62,135.56,3410.1,4.38,2387.07,71.77,2315.3,365775.15
V8-A,350,2024-07-04,VALIDATION,NIFTY50,CE,365775.15,300,12,54.03,16209.0,42.73,62.13,3390.0,4.43,-51.0,66.19,-117.19,365657.96
V8-A,351,2024-07-04,VALIDATION,BANKNIFTY,PE,365657.96,30,2,431.14,12934.2,339.82,495.81,2739.6,3.54,-334.2,52.01,-386.21,365271.75
V8-A,352,2024-07-05,VALIDATION,NIFTY50,PE,365271.75,75,3,193.82,14536.5,153.15,222.89,3050.25,3.98,-292.5,58.69,-351.19,364920.56
V8-A,353,2024-07-05,VALIDATION,BANKNIFTY,PE,364920.56,30,2,388.16,11644.8,304.81,446.38,2500.5,3.19,1746.72,52.51,1694.21,366614.77
V8-A,354,2024-07-05,VALIDATION,BANKNIFTY,PE,366614.77,30,2,427.77,12833.1,338.71,491.94,2671.8,3.5,1924.96,57.88,1867.09,368481.86
V8-A,355,2024-07-08,VALIDATION,BANKNIFTY,CE,368481.86,60,4,260.9,15654.0,204.24,300.03,3399.6,4.25,-82.2,63.83,-146.03,368335.83
V8-A,356,2024-07-08,VALIDATION,NIFTY50,PE,368335.83,100,4,158.14,15814.0,125.16,181.86,3298.0,4.29,2372.1,71.31,2300.79,370636.62
V8-A,357,2024-07-08,VALIDATION,NIFTY50,PE,370636.62,100,4,163.47,16347.0,129.44,187.99,3403.0,4.41,-2077.0,61.12,-2138.12,368498.5
V8-A,358,2024-07-09,VALIDATION,NIFTY50,CE,368498.5,125,5,138.95,17368.75,110.07,159.79,3610.0,4.71,2605.31,78.32,2526.99,371025.49
V8-A,359,2024-07-09,VALIDATION,NIFTY50,CE,371025.49,125,5,121.07,15133.75,96.16,139.23,3113.75,4.08,2270.06,68.24,2201.82,373227.31
V8-A,360,2024-07-09,VALIDATION,BANKNIFTY,CE,373227.31,75,5,202.12,15159.0,160.32,232.44,3135.0,4.06,-19.5,61.98,-81.48,373145.83
V8-A,361,2024-07-10,VALIDATION,BANKNIFTY,PE,373145.83,150,10,115.73,17359.5,91.19,133.09,3681.0,4.65,2603.92,78.28,2525.64,375671.47
V8-A,362,2024-07-10,VALIDATION,NIFTY50,PE,375671.47,175,7,93.11,16294.25,73.39,107.08,3451.0,4.34,-255.5,65.98,-321.48,375349.99
V8-A,363,2024-07-10,VALIDATION,BANKNIFTY,PE,375349.99,150,10,115.73,17359.5,91.37,133.09,3654.0,4.62,2603.92,78.28,2525.64,377875.63
V8-A,364,2024-07-11,VALIDATION,NIFTY50,PE,377875.63,325,13,53.87,17507.75,42.63,61.95,3653.0,4.63,2626.16,78.95,2547.21,380422.84
V8-A,365,2024-07-11,VALIDATION,BANKNIFTY,PE,380422.84,30,2,414.88,12446.4,326.49,477.11,2651.7,3.27,-826.2,48.63,-874.83,379548.01
V8-A,366,2024-07-11,VALIDATION,NIFTY50,PE,379548.01,325,13,53.87,17507.75,42.58,61.95,3669.25,4.61,-149.5,71.23,-220.73,379327.28
V8-A,367,2024-07-12,VALIDATION,BANKNIFTY,CE,379327.28,45,3,389.23,17515.35,305.09,447.61,3786.3,4.62,2627.3,79.0,2548.3,381875.58
V8-A,368,2024-07-12,VALIDATION,NIFTY50,CE,381875.58,75,3,196.08,14706.0,153.95,225.49,3159.75,3.85,2205.9,66.32,2139.58,384015.16
V8-A,369,2024-07-12,VALIDATION,BANKNIFTY,CE,384015.16,30,2,413.94,12418.2,325.1,476.03,2665.2,3.23,1862.73,56.0,1806.73,385821.89
V8-A,370,2024-07-15,VALIDATION,BANKNIFTY,PE,385821.89,60,4,296.81,17808.6,232.98,341.33,3829.8,4.62,2671.29,80.3,2590.99,388412.88
V8-A,371,2024-07-15,VALIDATION,NIFTY50,CE,388412.88,125,5,144.47,18058.75,114.52,166.14,3743.75,4.65,2708.81,81.42,2627.39,391040.27
V8-A,372,2024-07-15,VALIDATION,NIFTY50,CE,391040.27,100,4,159.18,15918.0,126.47,183.06,3271.0,4.07,-1477.0,61.04,-1538.04,389502.23
V8-A,373,2024-07-16,VALIDATION,NIFTY50,CE,389502.23,125,5,126.82,15852.5,100.76,145.84,3257.5,4.07,-600.0,63.2,-663.2,388839.03
V8-A,374,2024-07-16,VALIDATION,BANKNIFTY,PE,388839.03,75,5,212.88,15966.0,168.03,244.81,3363.75,4.11,2394.9,71.98,2322.92,391161.95
V8-A,375,2024-07-16,VALIDATION,BANKNIFTY,PE,391161.95,90,6,201.61,18144.9,159.67,231.85,3774.6,4.64,2721.73,81.83,2639.9,393801.85
V8-A,376,2024-07-18,VALIDATION,NIFTY50,PE,393801.85,275,11,66.7,18342.5,52.67,76.7,3858.25,4.66,2751.37,82.72,2668.66,396470.51
V8-A,377,2024-07-18,VALIDATION,BANKNIFTY,CE,396470.51,30,2,440.07,13202.1,346.31,506.08,2812.8,3.33,1980.31,59.53,1920.78,398391.29
V8-A,378,2024-07-18,VALIDATION,NIFTY50,CE,398391.29,325,13,54.62,17751.5,43.16,62.81,3724.5,4.46,2662.72,80.05,2582.67,400973.96
V8-A,379,2024-07-19,VALIDATION,NIFTY50,PE,400973.96,75,3,197.83,14837.25,156.17,227.5,3124.5,3.7,2225.59,66.91,2158.68,403132.64
V8-A,380,2024-07-19,VALIDATION,NIFTY50,PE,403132.64,75,3,197.42,14806.5,156.45,227.03,3072.75,3.67,2220.97,66.77,2154.21,405286.85
V8-A,381,2024-07-19,VALIDATION,BANKNIFTY,PE,405286.85,45,3,385.32,17339.4,304.08,443.12,3655.8,4.28,2600.91,78.2,2522.71,407809.56
V8-A,382,2024-07-22,VALIDATION,BANKNIFTY,CE,407809.56,60,4,260.18,15610.8,204.74,299.21,3326.4,3.83,-79.8,63.66,-143.46,407666.1
V8-A,383,2024-07-22,VALIDATION,NIFTY50,CE,407666.1,125,5,149.37,18671.25,117.84,171.78,3941.25,4.58,-702.5,74.45,-776.95,406889.15
V8-A,384,2024-07-23,VALIDATION,NIFTY50,PE,406889.15,125,5,135.8,16975.0,107.25,156.17,3568.75,4.17,2546.25,76.56,2469.69,409358.84
V8-A,385,2024-07-23,VALIDATION,BANKNIFTY,PE,409358.84,75,5,224.11,16808.25,175.95,257.73,3612.0,4.11,2521.24,75.79,2445.45,411804.29
V8-A,386,2024-07-23,VALIDATION,NIFTY50,PE,411804.29,150,6,121.42,18213.0,95.81,139.63,3841.5,4.42,2731.95,82.15,2649.8,414454.09
V8-A,387,2024-07-24,VALIDATION,NIFTY50,CE,414454.09,200,8,93.91,18782.0,73.28,108.0,4126.0,4.53,2817.3,84.7,2732.6,417186.69
V8-A,388,2024-07-24,VALIDATION,BANKNIFTY,PE,417186.69,135,9,129.57,17491.95,99.37,149.01,4077.0,4.19,2623.79,78.86,2544.93,419731.62
V8-A,389,2024-07-24,VALIDATION,NIFTY50,PE,419731.62,175,7,104.34,18259.5,81.71,119.99,3960.25,4.35,2738.92,82.35,2656.57,422388.19
V8-A,390,2024-07-25,VALIDATION,BANKNIFTY,PE,422388.19,30,2,426.77,12803.1,332.89,490.79,2816.4,3.03,-714.6,50.41,-765.01,421623.18
V8-A,391,2024-07-25,VALIDATION,NIFTY50,CE,421623.18,375,15,54.12,20295.0,42.88,62.24,4215.0,4.81,3044.25,91.52,2952.73,424575.91
V8-A,392,2024-07-25,VALIDATION,NIFTY50,CE,424575.91,275,11,72.85,20033.75,57.78,83.78,4144.25,4.72,-4145.46,70.45,-4215.91,420360.0
V8-A,393,2024-07-26,VALIDATION,NIFTY50,CE,420360.0,100,4,197.2,19720.0,156.35,226.78,4085.0,4.69,2958.0,88.93,2869.07,423229.07
V8-A,394,2024-07-26,VALIDATION,NIFTY50,CE,423229.07,100,4,198.45,19845.0,156.95,228.22,4150.0,4.69,2976.75,89.49,2887.26,426116.33
V8-A,395,2024-07-26,VALIDATION,BANKNIFTY,CE,426116.33,45,3,401.01,18045.45,315.87,461.16,3831.3,4.23,2706.82,81.38,2625.44,428741.77
V8-A,396,2024-07-29,VALIDATION,BANKNIFTY,CE,428741.77,75,5,257.51,19313.25,200.95,296.14,4242.0,4.5,2896.99,87.09,2809.9,431551.67
V8-A,397,2024-07-29,VALIDATION,NIFTY50,CE,431551.67,125,5,146.16,18270.0,114.87,168.08,3911.25,4.23,-110.0,74.45,-184.45,431367.22
V8-A,398,2024-07-29,VALIDATION,BANKNIFTY,CE,431367.22,60,4,294.4,17664.0,226.87,338.56,4051.8,4.09,-2965.8,64.04,-3029.84,428337.38
V8-A,399,2024-07-30,VALIDATION,NIFTY50,CE,428337.38,125,5,136.68,17085.0,107.69,157.18,3623.75,3.99,2562.75,77.05,2485.7,430823.08
V8-A,400,2024-07-30,VALIDATION,NIFTY50,CE,430823.08,150,6,123.8,18570.0,98.09,142.37,3856.5,4.31,2785.5,83.73,2701.77,433524.85
V8-A,401,2024-07-30,VALIDATION,BANKNIFTY,CE,433524.85,90,6,198.82,17893.8,156.36,228.64,3821.4,4.13,2684.07,80.71,2603.36,436128.21
V8-A,402,2024-07-31,VALIDATION,NIFTY50,CE,436128.21,200,8,95.93,19186.0,75.87,110.32,4012.0,4.4,2877.9,86.51,2791.39,438919.6
V8-A,403,2024-07-31,VALIDATION,BANKNIFTY,CE,438919.6,180,12,114.42,20595.6,90.11,131.58,4375.8,4.69,3089.34,92.88,2996.46,441916.06
V8-A,404,2024-07-31,VALIDATION,NIFTY50,CE,441916.06,200,8,96.92,19384.0,76.92,111.46,4000.0,4.39,2164.0,85.35,2078.65,443994.71
V8-A,405,2024-08-01,VALIDATION,NIFTY50,PE,443994.71,250,10,78.38,19595.0,62.19,90.14,4047.5,4.41,2939.25,88.35,2850.9,446845.61
V8-A,406,2024-08-01,VALIDATION,NIFTY50,PE,446845.61,275,11,75.1,20652.5,59.62,86.36,4257.0,4.62,-4257.99,72.66,-4330.65,442514.96
V8-A,407,2024-08-01,VALIDATION,BANKNIFTY,PE,442514.96,45,3,438.23,19720.35,347.1,503.96,4100.85,4.46,2958.05,88.93,2869.12,445384.08
V8-A,408,2024-08-02,VALIDATION,NIFTY50,PE,445384.08,75,3,221.54,16615.5,174.54,254.77,3525.0,3.73,2492.32,74.93,2417.39,447801.47
V8-A,409,2024-08-02,VALIDATION,BANKNIFTY,CE,447801.47,45,3,379.24,17065.8,298.42,436.13,3636.9,3.81,2559.87,76.97,2482.9,450284.37
V8-A,410,2024-08-02,VALIDATION,BANKNIFTY,CE,450284.37,45,3,394.96,17773.2,311.73,454.2,3745.35,3.95,2665.98,80.16,2585.82,452870.19
V8-A,411,2024-08-05,VALIDATION,BANKNIFTY,PE,452870.19,75,5,250.72,18804.0,195.12,288.33,4170.0,4.15,2820.6,84.78,2735.82,455606.01
V8-A,412,2024-08-05,VALIDATION,NIFTY50,PE,455606.01,125,5,150.54,18817.5,117.09,173.12,4181.25,4.13,2822.62,84.86,2737.76,458343.77
V8-A,413,2024-08-05,VALIDATION,BANKNIFTY,PE,458343.77,75,5,247.36,18552.0,194.16,284.46,3990.0,4.05,-324.75,75.03,-399.78,457943.99
V8-A,414,2024-08-06,VALIDATION,NIFTY50,PE,457943.99,175,7,120.2,21035.0,94.4,138.23,4515.0,4.59,3155.25,94.86,3060.39,461004.38
V8-A,415,2024-08-06,VALIDATION,BANKNIFTY,PE,461004.38,105,7,192.75,20238.75,150.9,221.66,4394.25,4.39,3035.81,91.27,2944.54,463948.92
V8-A,416,2024-08-06,VALIDATION,NIFTY50,PE,463948.92,175,7,119.95,20991.25,94.58,137.94,4439.75,4.52,3148.69,94.67,3054.02,467002.94
V8-A,417,2024-08-07,VALIDATION,BANKNIFTY,PE,467002.94,180,12,111.07,19992.6,86.47,127.73,4428.0,4.28,2998.89,90.15,2908.74,469911.68
V8-A,418,2024-08-07,VALIDATION,NIFTY50,CE,469911.68,225,9,93.26,20983.5,73.22,107.25,4509.0,4.47,3147.52,94.64,3052.88,472964.56
V8-A,419,2024-08-07,VALIDATION,BANKNIFTY,PE,472964.56,165,11,121.34,20021.1,94.83,139.54,4374.15,4.23,3003.16,90.27,2912.89,475877.45
V8-A,420,2024-08-08,VALIDATION,BANKNIFTY,PE,475877.45,45,3,427.93,19256.85,333.52,492.12,4248.45,4.05,2888.53,86.84,2801.69,478679.14
V8-A,421,2024-08-08,VALIDATION,NIFTY50,PE,478679.14,400,16,54.68,21872.0,42.79,62.88,4756.0,4.57,3280.8,98.63,3182.17,481861.31
V8-A,422,2024-08-08,VALIDATION,BANKNIFTY,CE,481861.31,45,3,402.33,18104.85,315.04,462.68,3928.05,3.76,2715.73,81.63,2634.1,484495.41
V8-A,423,2024-08-09,VALIDATION,NIFTY50,CE,484495.41,100,4,207.02,20702.0,162.57,238.07,4445.0,4.27,1164.0,87.95,1076.05,485571.46
V8-A,424,2024-08-09,VALIDATION,BANKNIFTY,CE,485571.46,60,4,371.93,22315.8,292.11,427.72,4789.2,4.6,3347.37,100.64,3246.73,488818.19
V8-A,425,2024-08-12,VALIDATION,NIFTY50,PE,488818.19,150,6,147.64,22146.0,116.47,169.79,4675.5,4.53,-778.5,88.46,-866.96,487951.23
V8-A,426,2024-08-12,VALIDATION,BANKNIFTY,PE,487951.23,75,5,299.58,22468.5,235.02,344.52,4842.0,4.6,3370.27,101.31,3268.96,491220.19
V8-A,427,2024-08-12,VALIDATION,BANKNIFTY,CE,491220.19,90,6,251.53,22637.7,197.71,289.26,4843.8,4.61,3395.66,102.1,3293.55,494513.74
V8-A,428,2024-08-13,VALIDATION,BANKNIFTY,PE,494513.74,105,7,212.08,22268.4,166.68,243.89,4767.0,4.5,3340.26,100.43,3239.83,497753.57
V8-A,429,2024-08-13,VALIDATION,NIFTY50,PE,497753.57,175,7,120.7,21122.5,95.59,138.8,4394.25,4.24,3168.37,95.26,3073.11,500826.68
V8-A,430,2024-08-13,VALIDATION,BANKNIFTY,PE,500826.68,105,7,204.77,21500.85,161.34,235.49,4560.15,4.29,3225.13,96.96,3128.17,503954.85
V8-A,431,2024-08-14,VALIDATION,NIFTY50,PE,503954.85,250,10,92.72,23180.0,73.31,106.63,4852.5,4.6,-40.0,94.76,-134.76,503820.09
V8-A,432,2024-08-16,VALIDATION,NIFTY50,PE,503820.09,100,4,194.62,19462.0,153.32,223.81,4130.0,3.86,-1302.0,76.02,-1378.02,502442.07
V8-A,433,2024-08-16,VALIDATION,BANKNIFTY,CE,502442.07,60,4,370.7,22242.0,291.82,426.3,4732.8,4.43,3336.3,100.31,3235.99,505678.06
V8-A,434,2024-08-16,VALIDATION,BANKNIFTY,CE,505678.06,60,4,371.62,22297.2,292.95,427.36,4720.2,4.41,3344.58,100.55,3244.03,508922.09
V8-A,435,2024-08-19,VALIDATION,BANKNIFTY,PE,508922.09,75,5,285.1,21382.5,224.19,327.87,4568.25,4.2,3207.37,96.43,3110.95,512033.04
V8-A,436,2024-08-19,VALIDATION,BANKNIFTY,PE,512033.04,90,6,250.33,22529.7,197.09,287.88,4791.6,4.4,3379.45,101.6,3277.85,515310.89
V8-A,437,2024-08-19,VALIDATION,NIFTY50,PE,515310.89,150,6,158.66,23799.0,125.48,182.46,4977.0,4.62,3569.85,107.31,3462.54,518773.43
V8-A,438,2024-08-20,VALIDATION,NIFTY50,CE,518773.43,175,7,129.68,22694.0,102.72,149.13,4718.0,4.37,3404.1,102.35,3301.75,522075.18
V8-A,439,2024-08-20,VALIDATION,BANKNIFTY,CE,522075.18,120,8,195.33,23439.6,154.02,224.63,4957.2,4.49,3515.94,105.7,3410.24,525485.42
V8-A,440,2024-08-20,VALIDATION,BANKNIFTY,CE,525485.42,90,6,243.23,21890.7,192.41,279.71,4573.8,4.17,3283.6,98.72,3184.88,528670.3
V8-A,441,2024-08-21,VALIDATION,BANKNIFTY,PE,528670.3,195,13,125.88,24546.6,99.07,144.76,5227.95,4.64,3681.99,110.7,3571.29,532241.59
V8-A,442,2024-08-21,VALIDATION,NIFTY50,CE,532241.59,250,10,94.98,23745.0,75.3,109.23,4920.0,4.46,3561.75,107.09,3454.66,535696.25
V8-A,443,2024-08-21,VALIDATION,NIFTY50,CE,535696.25,225,9,111.28,25038.0,88.23,127.97,5186.25,4.67,3755.7,112.91,3642.79,539339.04
V8-A,444,2024-08-22,VALIDATION,BANKNIFTY,CE,539339.04,45,3,426.4,19188.0,335.16,490.36,4105.8,3.56,2878.2,86.54,2791.66,542130.7
V8-A,445,2024-08-22,VALIDATION,BANKNIFTY,CE,542130.7,60,4,420.93,25255.8,332.47,484.07,5307.6,4.66,3788.37,113.89,3674.48,545805.18
V8-A,446,2024-08-22,VALIDATION,BANKNIFTY,CE,545805.18,60,4,432.72,25963.2,342.98,497.63,5384.4,4.76,-1470.6,102.17,-1572.77,544232.41
V8-A,447,2024-08-23,VALIDATION,NIFTY50,PE,544232.41,125,5,198.62,24827.5,157.16,228.41,5182.5,4.56,-7.5,101.56,-109.06,544123.35
V8-A,448,2024-08-26,VALIDATION,NIFTY50,CE,544123.35,150,6,155.97,23395.5,123.43,179.37,4881.0,4.3,3509.32,105.5,3403.83,547527.18
V8-A,449,2024-08-26,VALIDATION,BANKNIFTY,CE,547527.18,75,5,297.46,22309.5,235.07,342.08,4679.25,4.07,-3265.5,82.23,-3347.73,544179.45
V8-A,450,2024-08-26,VALIDATION,NIFTY50,CE,544179.45,150,6,164.33,24649.5,130.59,188.98,5061.0,4.53,-1479.0,96.77,-1575.77,542603.68
V8-A,451,2024-08-27,VALIDATION,NIFTY50,PE,542603.68,200,8,124.17,24834.0,98.42,142.8,5150.0,4.58,2.0,101.65,-99.65,542504.03
V8-A,452,2024-08-27,VALIDATION,BANKNIFTY,PE,542504.03,120,8,196.22,23546.4,154.23,225.65,5038.8,4.34,-360.0,95.37,-455.37,542048.66
V8-A,453,2024-08-28,VALIDATION,NIFTY50,PE,542048.66,250,10,96.19,24047.5,76.17,110.62,5005.0,4.44,-22.5,98.36,-120.86,541927.8
V8-A,454,2024-08-28,VALIDATION,BANKNIFTY,PE,541927.8,225,15,113.51,25539.75,89.62,130.54,5375.25,4.71,3830.96,115.19,3715.77,545643.57
V8-A,455,2024-08-29,VALIDATION,BANKNIFTY,CE,545643.57,60,4,410.26,24615.6,324.25,471.8,5160.6,4.51,3692.34,111.0,3581.34,549224.91
V8-A,456,2024-08-29,VALIDATION,NIFTY50,CE,549224.91,475,19,55.71,26462.25,44.2,64.07,5467.25,4.82,3969.34,119.34,3850.0,553074.91
V8-A,457,2024-08-29,VALIDATION,NIFTY50,CE,553074.91,450,18,57.15,25717.5,45.35,65.72,5310.0,4.65,3857.62,115.98,3741.64,556816.55
V8-A,458,2024-08-30,VALIDATION,BANKNIFTY,CE,556816.55,60,4,395.26,23715.6,313.22,454.55,4922.4,4.26,-1064.4,94.09,-1158.49,555658.06
V8-A,459,2024-09-02,VALIDATION,BANKNIFTY,PE,555658.06,90,6,289.12,26020.8,228.97,332.49,5413.5,4.68,3903.12,117.34,3785.78,559443.84
V8-A,460,2024-09-02,VALIDATION,NIFTY50,PE,559443.84,175,7,152.97,26769.75,121.58,175.92,5493.25,4.79,4015.46,120.73,3894.73,563338.57
V8-A,461,2024-09-02,VALIDATION,BANKNIFTY,PE,563338.57,105,7,254.81,26755.05,201.84,293.03,5561.85,4.75,-67.2,109.29,-176.49,563162.08
V8-A,462,2024-09-03,VALIDATION,NIFTY50,PE,563162.08,200,8,125.41,25082.0,99.59,144.22,5164.0,4.45,0.0,102.64,-102.64,563059.44
V8-A,463,2024-09-03,VALIDATION,BANKNIFTY,PE,563059.44,105,7,246.82,25916.1,194.95,283.84,5446.35,4.6,3887.41,116.88,3770.53,566829.97
V8-A,464,2024-09-03,VALIDATION,BANKNIFTY,PE,566829.97,105,7,238.89,25083.45,189.2,274.72,5217.45,4.43,3762.52,113.1,3649.42,570479.39
V8-A,465,2024-09-04,VALIDATION,BANKNIFTY,PE,570479.39,165,11,156.04,25746.6,123.2,179.45,5418.6,4.51,3861.99,116.11,3745.88,574225.27
V8-A,466,2024-09-04,VALIDATION,NIFTY50,CE,574225.27,275,11,96.66,26581.5,76.89,111.16,5436.75,4.63,3987.22,119.89,3867.33,578092.6
V8-A,467,2024-09-04,VALIDATION,NIFTY50,CE,578092.6,275,11,96.89,26644.75,76.98,111.42,5475.25,4.61,1570.25,113.4,1456.85,579549.45
V8-A,468,2024-09-05,VALIDATION,NIFTY50,PE,579549.45,325,13,80.22,26071.5,63.6,92.25,5401.5,4.5,-5401.49,91.67,-5493.16,574056.29
V8-A,469,2024-09-05,VALIDATION,NIFTY50,PE,574056.29,350,14,75.09,26281.5,59.58,86.35,5428.5,4.58,3942.22,118.52,3823.7,577879.99
V8-A,470,2024-09-05,VALIDATION,BANKNIFTY,PE,577879.99,60,4,460.86,27651.6,365.44,529.99,5725.2,4.79,-2146.8,107.2,-2254.0,575625.99
V8-A,471,2024-09-06,VALIDATION,BANKNIFTY,PE,575625.99,60,4,383.31,22998.6,300.42,440.81,4973.4,4.0,3449.79,103.7,3346.09,578972.08
V8-A,472,2024-09-06,VALIDATION,NIFTY50,PE,578972.08,125,5,199.42,24927.5,156.78,229.33,5330.0,4.31,3739.12,112.42,3626.7,582598.78
V8-A,473,2024-09-06,VALIDATION,BANKNIFTY,PE,582598.78,60,4,376.68,22600.8,297.17,433.18,4770.6,3.88,3390.12,101.94,3288.18,585886.96
V8-A,474,2024-09-09,VALIDATION,NIFTY50,CE,585886.96,175,7,146.05,25558.75,115.53,167.96,5341.0,4.36,3833.81,115.28,3718.53,589605.49
V8-A,475,2024-09-09,VALIDATION,BANKNIFTY,CE,589605.49,105,7,252.06,26466.3,198.57,289.87,5616.45,4.49,3969.94,119.34,3850.6,593456.09
V8-A,476,2024-09-09,VALIDATION,BANKNIFTY,CE,593456.09,90,6,302.96,27266.4,238.55,348.4,5796.9,4.59,4089.96,122.95,3967.01,597423.1
V8-A,477,2024-09-10,VALIDATION,NIFTY50,PE,597423.1,200,8,141.55,28310.0,112.06,162.78,5898.0,4.74,-3514.0,106.07,-3620.07,593803.03
V8-A,478,2024-09-10,VALIDATION,BANKNIFTY,CE,593803.03,120,8,227.08,27249.6,179.64,261.14,5692.8,4.59,-3571.2,101.57,-3672.77,590130.26
V8-A,479,2024-09-11,VALIDATION,BANKNIFTY,CE,590130.26,240,16,113.75,27300.0,89.58,130.81,5800.8,4.63,4095.0,123.12,3971.88,594102.14
V8-A,480,2024-09-11,VALIDATION,NIFTY50,CE,594102.14,275,11,96.39,26507.25,76.33,110.85,5516.5,4.46,-1069.75,105.5,-1175.25,592926.89
V8-A,481,2024-09-11,VALIDATION,BANKNIFTY,CE,592926.89,240,16,113.87,27328.8,89.64,130.95,5815.2,4.61,4099.32,123.25,3976.07,596902.96
V8-A,482,2024-09-12,VALIDATION,BANKNIFTY,PE,596902.96,60,4,409.27,24556.2,322.2,470.66,5224.2,4.11,3683.43,110.74,3572.69,600475.65
V8-A,483,2024-09-12,VALIDATION,NIFTY50,PE,600475.65,475,19,58.16,27626.0,45.86,66.88,5842.5,4.6,4143.9,124.58,4019.32,604494.97
V8-A,484,2024-09-12,VALIDATION,NIFTY50,PE,604494.97,425,17,64.34,27344.5,50.78,73.99,5763.0,4.52,4101.67,123.32,3978.35,608473.32
V8-A,485,2024-09-13,VALIDATION,BANKNIFTY,CE,608473.32,75,5,381.7,28627.5,301.57,438.95,6009.75,4.7,4294.12,129.08,4165.04,612638.36
V8-A,486,2024-09-13,VALIDATION,BANKNIFTY,CE,612638.36,60,4,432.04,25922.4,341.82,496.85,5413.2,4.23,-1444.2,102.07,-1546.27,611092.09
V8-A,487,2024-09-16,VALIDATION,BANKNIFTY,CE,611092.09,90,6,285.69,25712.1,225.72,328.54,5397.3,4.21,3856.81,115.95,3740.87,614832.96
V8-A,488,2024-09-16,VALIDATION,NIFTY50,CE,614832.96,175,7,162.23,28390.25,128.54,186.56,5895.75,4.62,-2289.0,109.82,-2398.82,612434.14
V8-A,489,2024-09-16,VALIDATION,BANKNIFTY,CE,612434.14,105,7,258.87,27181.35,205.49,297.7,5604.9,4.44,7.35,111.27,-103.92,612330.22
V8-A,490,2024-09-17,VALIDATION,NIFTY50,CE,612330.22,200,8,140.22,28044.0,111.52,161.25,5740.0,4.58,4206.6,126.47,4080.13,616410.35
V8-A,491,2024-09-17,VALIDATION,NIFTY50,CE,616410.35,225,9,126.21,28397.25,100.46,145.14,5793.75,4.61,-74.25,116.0,-190.25,616220.1
V8-A,492,2024-09-17,VALIDATION,BANKNIFTY,CE,616220.1,135,9,200.91,27122.85,159.63,231.05,5572.8,4.4,-251.1,110.3,-361.4,615858.7
V8-A,493,2024-09-18,VALIDATION,NIFTY50,CE,615858.7,300,12,97.77,29331.0,77.6,112.44,6051.0,4.76,4399.65,132.27,4267.38,620126.08
V8-A,494,2024-09-18,VALIDATION,NIFTY50,CE,620126.08,275,11,108.27,29774.25,85.94,124.51,6140.75,4.8,4466.14,134.27,4331.87,624457.95
V8-A,495,2024-09-18,VALIDATION,BANKNIFTY,CE,624457.95,240,16,117.23,28135.2,92.57,134.81,5918.4,4.51,4220.28,126.88,4093.4,628551.35
V8-A,496,2024-09-19,VALIDATION,NIFTY50,CE,628551.35,500,20,56.69,28345.0,44.56,65.19,6065.0,4.51,-530.0,114.53,-644.53,627906.82
V8-A,497,2024-09-19,VALIDATION,BANKNIFTY,PE,627906.82,60,4,458.49,27509.4,360.31,527.26,5890.8,4.38,4126.41,124.05,4002.36,631909.18
V8-A,498,2024-09-20,VALIDATION,NIFTY50,CE,631909.18,125,5,207.59,25948.75,163.22,238.73,5546.25,4.11,3892.31,117.01,3775.3,635684.48
V8-A,499,2024-09-20,VALIDATION,BANKNIFTY,CE,635684.48,75,5,394.19,29564.25,310.89,453.32,6247.5,4.65,4434.64,133.32,4301.32,639985.8
V8-A,500,2024-09-20,VALIDATION,NIFTY50,CE,639985.8,125,5,216.23,27028.75,170.42,248.66,5726.25,4.22,4054.31,121.89,3932.42,643918.22
V8-A,501,2024-09-23,VALIDATION,BANKNIFTY,CE,643918.22,105,7,267.6,28098.0,208.12,307.74,6245.4,4.36,4214.7,126.72,4087.98,648006.2
V8-A,502,2024-09-23,VALIDATION,NIFTY50,CE,648006.2,175,7,152.12,26621.0,119.64,174.94,5684.0,4.11,3993.15,120.05,3873.1,651879.3
V8-A,503,2024-09-23,VALIDATION,BANKNIFTY,CE,651879.3,90,6,297.83,26804.7,232.75,342.5,5857.2,4.11,4020.7,120.89,3899.81,655779.11
V8-A,504,2024-09-24,VALIDATION,NIFTY50,CE,655779.11,225,9,139.64,31419.0,110.85,160.59,6477.75,4.79,4712.85,141.7,4571.15,660350.26
V8-A,505,2024-09-24,VALIDATION,NIFTY50,CE,660350.26,225,9,129.04,29034.0,102.6,148.4,5949.0,4.4,-135.0,118.45,-253.45,660096.81
V8-A,506,2024-09-24,VALIDATION,BANKNIFTY,PE,660096.81,150,10,207.71,31156.5,163.86,238.87,6577.5,4.72,4673.47,140.49,4532.98,664629.79
V8-A,507,2024-09-25,VALIDATION,BANKNIFTY,CE,664629.79,225,15,134.04,30159.0,106.14,154.15,6277.5,4.54,4523.85,135.98,4387.87,669017.66
V8-A,508,2024-09-25,VALIDATION,BANKNIFTY,CE,669017.66,210,14,151.21,31754.1,119.94,173.89,6566.7,4.75,-6566.29,111.68,-6677.97,662339.69
V8-A,509,2024-09-25,VALIDATION,NIFTY50,PE,662339.69,275,11,111.86,30761.5,88.84,128.64,6330.5,4.64,-3685.0,115.63,-3800.63,658539.06
V8-A,510,2024-09-26,VALIDATION,NIFTY50,CE,658539.06,375,15,80.86,30322.5,64.09,92.99,6288.75,4.6,4548.37,136.76,4411.61,662950.67
V8-A,511,2024-09-26,VALIDATION,NIFTY50,CE,662950.67,400,16,79.57,31828.0,63.09,91.51,6592.0,4.8,-6590.73,111.92,-6702.65,656248.02
V8-A,512,2024-09-26,VALIDATION,BANKNIFTY,CE,656248.02,60,4,433.38,26002.8,343.01,498.39,5422.2,3.96,3900.42,117.25,3783.17,660031.19
V8-A,513,2024-09-27,VALIDATION,NIFTY50,CE,660031.19,125,5,227.74,28467.5,180.56,261.9,5897.5,4.31,-2307.5,110.06,-2417.56,657613.63
V8-A,514,2024-09-27,VALIDATION,BANKNIFTY,PE,657613.63,75,5,398.23,29867.25,314.45,457.96,6283.5,4.54,4480.09,134.69,4345.4,661959.03
V8-A,515,2024-09-30,VALIDATION,BANKNIFTY,PE,661959.03,105,7,264.24,27745.2,207.6,303.88,5947.2,4.19,4161.78,125.13,4036.65,665995.68
V8-A,516,2024-09-30,VALIDATION,NIFTY50,PE,665995.68,200,8,152.19,30438.0,120.6,175.02,6318.0,4.57,4565.7,137.26,4428.44,670424.12
V8-A,517,2024-09-30,VALIDATION,BANKNIFTY,PE,670424.12,105,7,301.33,31639.65,238.27,346.53,6621.3,4.72,4745.95,142.68,4603.27,675027.39
V8-A,518,2024-10-01,VALIDATION,NIFTY50,PE,675027.39,250,10,127.9,31975.0,100.98,147.09,6730.0,4.74,-50.0,130.71,-180.71,674846.68
V8-A,519,2024-10-03,VALIDATION,BANKNIFTY,PE,674846.68,75,5,418.86,31414.5,329.56,481.69,6697.5,4.66,4712.17,141.66,4570.51,679417.19
V8-A,520,2024-10-03,VALIDATION,NIFTY50,PE,679417.19,575,23,56.08,32246.0,44.27,64.49,6790.75,4.75,4836.9,145.4,4691.5,684108.69
V8-A,521,2024-10-03,VALIDATION,BANKNIFTY,PE,684108.69,60,4,452.14,27128.4,355.37,519.96,5806.2,3.97,1852.8,116.16,1736.64,685845.33
V8-A,522,2024-10-04,VALIDATION,BANKNIFTY,CE,685845.33,75,5,403.66,30274.5,315.23,464.21,6632.25,4.41,4541.17,136.54,4404.63,690249.96
V8-A,523,2024-10-04,VALIDATION,BANKNIFTY,CE,690249.96,75,5,384.36,28827.0,299.41,442.01,6371.25,4.18,4324.05,130.0,4194.05,694444.01
V8-A,524,2024-10-04,VALIDATION,NIFTY50,CE,694444.01,125,5,220.39,27548.75,172.78,253.45,5951.25,3.97,4132.31,124.22,4008.09,698452.1
V8-A,525,2024-10-07,VALIDATION,BANKNIFTY,PE,698452.1,105,7,294.42,30914.1,229.86,338.58,6778.8,4.43,4637.11,139.41,4497.7,702949.8
V8-A,526,2024-10-07,VALIDATION,NIFTY50,PE,702949.8,200,8,147.22,29444.0,115.6,169.3,6324.0,4.19,4416.6,132.77,4283.83,707233.63
V8-A,527,2024-10-07,VALIDATION,NIFTY50,PE,707233.63,200,8,155.42,31084.0,121.37,178.73,6810.0,4.4,4662.6,140.18,4522.42,711756.05
V8-A,528,2024-10-08,VALIDATION,BANKNIFTY,CE,711756.05,150,10,195.62,29343.0,149.45,224.96,6925.5,4.12,4401.45,132.32,4269.13,716025.18
V8-A,529,2024-10-08,VALIDATION,NIFTY50,CE,716025.18,250,10,123.21,30802.5,96.21,141.69,6750.0,4.3,4620.37,138.89,4481.48,720506.66
V8-A,530,2024-10-08,VALIDATION,NIFTY50,CE,720506.66,250,10,123.61,30902.5,96.94,142.15,6667.5,4.29,4635.38,139.36,4496.02,725002.68
V8-A,531,2024-10-09,VALIDATION,NIFTY50,CE,725002.68,325,13,96.79,31456.75,75.98,111.31,6763.25,4.34,4718.51,141.86,4576.65,729579.33
V8-A,532,2024-10-09,VALIDATION,BANKNIFTY,CE,729579.33,270,18,117.72,31784.4,91.42,135.38,7101.0,4.36,-2945.7,121.87,-3067.57,726511.76
V8-A,533,2024-10-09,VALIDATION,NIFTY50,CE,726511.76,350,14,96.53,33785.5,76.28,111.01,7087.5,4.65,5067.82,152.35,4915.47,731427.23
V8-A,534,2024-10-10,VALIDATION,NIFTY50,PE,731427.23,600,24,55.53,33318.0,43.76,63.86,7062.0,4.56,4997.7,150.25,4847.45,736274.68
V8-A,535,2024-10-10,VALIDATION,BANKNIFTY,CE,736274.68,75,5,456.35,34226.25,359.13,524.8,7291.5,4.65,5133.94,154.34,4979.6,741254.28
V8-A,536,2024-10-10,VALIDATION,BANKNIFTY,CE,741254.28,75,5,417.14,31285.5,328.82,479.71,6624.0,4.22,4692.82,141.09,4551.73,745806.01
V8-A,537,2024-10-11,VALIDATION,NIFTY50,CE,745806.01,175,7,200.01,35001.75,158.24,230.01,7309.75,4.69,-28.0,143.17,-171.17,745634.84
V8-A,538,2024-10-11,VALIDATION,BANKNIFTY,PE,745634.84,90,6,389.99,35099.1,307.31,448.49,7441.2,4.71,-1233.9,140.21,-1374.11,744260.73
V8-A,539,2024-10-14,VALIDATION,NIFTY50,CE,744260.73,225,9,150.69,33905.25,119.12,173.29,7103.25,4.56,5085.79,152.91,4932.88,749193.61
V8-A,540,2024-10-14,VALIDATION,BANKNIFTY,CE,749193.61,135,9,256.77,34663.95,202.95,295.29,7265.7,4.63,5199.59,156.31,5043.28,754236.89
V8-A,541,2024-10-14,VALIDATION,NIFTY50,CE,754236.89,225,9,150.28,33813.0,119.2,172.82,6993.0,4.48,-591.75,136.73,-728.48,753508.41
V8-A,542,2024-10-15,VALIDATION,NIFTY50,PE,753508.41,225,9,147.19,33117.75,116.24,169.27,6963.75,4.4,4967.66,149.34,4818.32,758326.73
V8-A,543,2024-10-15,VALIDATION,BANKNIFTY,PE,758326.73,165,11,198.92,32821.8,156.74,228.76,6959.7,4.33,-457.05,133.04,-590.09,757736.64
V8-A,544,2024-10-15,VALIDATION,NIFTY50,PE,757736.64,275,11,124.42,34215.5,98.57,143.08,7108.75,4.52,5132.32,154.29,4978.03,762714.67
V8-A,545,2024-10-16,VALIDATION,NIFTY50,CE,762714.67,300,12,114.53,34359.0,90.6,131.71,7179.0,4.5,-5859.0,124.32,-5983.32,756731.35
V8-A,546,2024-10-16,VALIDATION,BANKNIFTY,CE,756731.35,210,14,161.93,34005.3,127.54,186.22,7221.9,4.49,-7220.85,119.07,-7339.92,749391.43
V8-A,547,2024-10-17,VALIDATION,NIFTY50,PE,749391.43,600,24,57.98,34788.0,45.78,66.68,7320.0,4.64,5218.2,156.87,5061.33,754452.76
V8-A,548,2024-10-17,VALIDATION,BANKNIFTY,PE,754452.76,75,5,410.83,30812.25,323.41,472.45,6556.5,4.08,4621.84,138.94,4482.9,758935.66
V8-A,549,2024-10-17,VALIDATION,BANKNIFTY,PE,758935.66,75,5,455.14,34135.5,359.07,523.41,7205.25,4.5,5120.32,153.94,4966.38,763902.04
V8-A,550,2024-10-18,VALIDATION,NIFTY50,CE,763902.04,175,7,201.6,35280.0,158.74,231.84,7500.5,4.62,5292.0,158.78,5133.22,769035.26
V8-A,551,2024-10-18,VALIDATION,BANKNIFTY,CE,769035.26,75,5,413.03,30977.25,324.0,474.98,6677.25,4.03,4646.59,139.7,4506.89,773542.15
V8-A,552,2024-10-18,VALIDATION,NIFTY50,CE,773542.15,175,7,198.95,34816.25,157.21,228.79,7304.5,4.5,5222.44,156.98,5065.46,778607.61
V8-A,553,2024-10-21,VALIDATION,NIFTY50,PE,778607.61,225,9,145.73,32789.25,114.11,167.59,7114.5,4.21,4918.39,147.86,4770.53,783378.14
V8-A,554,2024-10-21,VALIDATION,BANKNIFTY,PE,783378.14,120,8,279.92,33590.4,220.23,321.91,7162.8,4.29,5038.56,151.47,4887.09,788265.23
V8-A,555,2024-10-21,VALIDATION,NIFTY50,PE,788265.23,225,9,163.59,36807.75,129.16,188.13,7746.75,4.67,-4079.25,139.28,-4218.53,784046.7
V8-A,556,2024-10-22,VALIDATION,BANKNIFTY,CE,784046.7,135,9,243.08,32815.8,189.91,279.54,7177.95,4.19,4922.37,147.99,4774.38,788821.08
V8-A,557,2024-10-22,VALIDATION,NIFTY50,CE,788821.08,250,10,141.34,35335.0,110.77,162.54,7642.5,4.48,5300.25,158.98,5141.27,793962.35
V8-A,558,2024-10-22,VALIDATION,NIFTY50,PE,793962.35,300,12,122.44,36732.0,96.16,140.81,7884.0,4.63,5509.8,164.33,5345.47,799307.82
V8-A,559,2024-10-23,VALIDATION,NIFTY50,CE,799307.82,375,15,94.21,35328.75,73.66,108.34,7706.25,4.42,5299.31,158.95,5140.36,804448.18
V8-A,560,2024-10-23,VALIDATION,NIFTY50,CE,804448.18,375,15,94.32,35370.0,73.93,108.47,7646.25,4.4,5305.5,159.1,5146.4,809594.58
V8-A,561,2024-10-23,VALIDATION,NIFTY50,CE,809594.58,325,13,115.5,37537.5,90.73,132.82,8050.25,4.64,5630.62,167.41,5463.21,815057.79
V8-A,562,2024-10-24,VALIDATION,NIFTY50,PE,815057.79,525,21,72.73,38183.25,57.28,83.64,8111.25,4.68,5727.49,169.89,5557.6,820615.39
V8-A,563,2024-10-24,VALIDATION,NIFTY50,PE,820615.39,725,29,54.2,39295.0,43.06,62.33,8076.5,4.79,5894.25,174.14,5720.11,826335.5
V8-A,564,2024-10-24,VALIDATION,BANKNIFTY,CE,826335.5,90,6,414.21,37278.9,327.0,476.34,7848.9,4.51,-139.5,152.17,-291.67,826043.83
V8-A,565,2024-10-25,VALIDATION,NIFTY50,PE,826043.83,175,7,194.59,34053.25,153.26,223.78,7232.75,4.12,5107.99,153.56,4954.43,830998.26
V8-A,566,2024-10-25,VALIDATION,BANKNIFTY,PE,830998.26,90,6,372.03,33482.7,289.41,427.83,7435.8,4.03,5022.4,150.98,4871.42,835869.68
V8-A,567,2024-10-25,VALIDATION,NIFTY50,PE,835869.68,175,7,206.07,36062.25,161.88,236.98,7733.25,4.31,5409.34,161.76,5247.58,841117.26
V8-A,568,2024-10-28,VALIDATION,BANKNIFTY,CE,841117.26,135,9,255.61,34507.35,198.82,293.95,7666.65,4.1,5176.1,155.63,5020.47,846137.73
V8-A,569,2024-10-28,VALIDATION,NIFTY50,CE,846137.73,250,10,143.36,35840.0,112.55,164.86,7702.5,4.24,5376.0,160.91,5215.09,851352.82
V8-A,570,2024-10-28,VALIDATION,BANKNIFTY,CE,851352.82,150,10,255.07,38260.5,198.68,293.33,8458.5,4.49,5739.07,170.18,5568.89,856921.71
V8-A,571,2024-10-29,VALIDATION,NIFTY50,PE,856921.71,275,11,141.24,38841.0,111.08,162.43,8294.0,4.53,-8293.89,135.88,-8429.77,848491.94
V8-A,572,2024-10-29,VALIDATION,BANKNIFTY,CE,848491.94,165,11,232.37,38341.05,181.19,267.23,8444.7,4.52,5751.16,170.49,5580.67,854072.61
V8-A,573,2024-10-29,VALIDATION,BANKNIFTY,CE,854072.61,165,11,238.19,39301.35,186.56,273.92,8518.95,4.6,5895.2,174.16,5721.04,859793.65
V8-A,574,2024-10-30,VALIDATION,BANKNIFTY,PE,859793.65,255,17,154.49,39394.95,120.78,177.66,8596.05,4.58,5909.24,174.52,5734.72,865528.37
V8-A,575,2024-10-30,VALIDATION,BANKNIFTY,PE,865528.37,315,21,125.4,39501.0,98.23,144.21,8558.55,4.56,5925.15,174.92,5750.23,871278.6
V8-A,576,2024-10-30,VALIDATION,NIFTY50,CE,871278.6,425,17,94.0,39950.0,74.27,108.1,8385.25,4.59,5992.5,176.66,5815.84,877094.44
V8-A,577,2024-10-31,VALIDATION,NIFTY50,PE,877094.44,650,26,62.24,40456.0,49.11,71.58,8534.5,4.61,6068.4,178.32,5890.08,882984.52
V8-A,578,2024-10-31,VALIDATION,BANKNIFTY,CE,882984.52,90,6,449.73,40475.7,353.33,517.19,8676.0,4.58,-4068.9,154.04,-4222.94,878761.58
V8-A,579,2024-10-31,VALIDATION,NIFTY50,PE,878761.58,775,31,53.87,41749.25,42.57,61.95,8757.5,4.75,6262.39,182.51,6079.88,884841.46
V8-A,580,2024-11-04,VALIDATION,BANKNIFTY,PE,884841.46,150,10,254.8,38220.0,199.84,293.02,8244.0,4.32,5733.0,170.03,5562.97,890404.43
V8-A,581,2024-11-04,VALIDATION,NIFTY50,PE,890404.43,275,11,140.17,38546.75,110.17,161.2,8250.0,4.33,-1020.25,154.93,-1175.18,889229.25
V8-A,582,2024-11-04,VALIDATION,BANKNIFTY,PE,889229.25,150,10,257.33,38599.5,203.25,295.93,8112.0,4.34,-688.5,156.07,-844.57,888384.68
V8-A,583,2024-11-05,VALIDATION,BANKNIFTY,CE,888384.68,195,13,196.83,38381.85,153.65,226.35,8420.1,4.32,5757.28,170.64,5586.64,893971.32
V8-A,584,2024-11-05,VALIDATION,BANKNIFTY,PE,893971.32,195,13,196.23,38264.85,152.68,225.66,8492.25,4.28,5739.73,170.19,5569.54,899540.86
V8-A,585,2024-11-05,VALIDATION,NIFTY50,PE,899540.86,350,14,118.46,41461.0,93.11,136.23,8872.5,4.61,-6055.0,151.97,-6206.97,893333.89
V8-B,1,2024-01-01,DEVELOPMENT,NIFTY50,CE,100000.0,25,1,164.86,4121.5,130.93,189.59,848.25,4.12,618.22,18.59,599.64,100599.64
V8-B,2,2024-01-01,DEVELOPMENT,BANKNIFTY,CE,100599.64,15,1,357.43,5361.45,283.3,411.04,1111.95,5.33,804.22,24.17,780.05,101379.69
V8-B,3,2024-01-01,DEVELOPMENT,NIFTY50,CE,101379.69,25,1,193.54,4838.5,153.61,222.57,998.25,4.77,-998.3,17.03,-1015.33,100364.36
V8-B,4,2024-01-02,DEVELOPMENT,NIFTY50,PE,100364.36,25,1,149.81,3745.25,118.0,172.28,795.25,3.73,561.79,16.9,544.89,100909.25
V8-B,5,2024-01-02,DEVELOPMENT,BANKNIFTY,PE,100909.25,15,1,313.63,4704.45,247.13,360.67,997.5,4.66,705.67,21.22,684.45,101593.7
V8-B,6,2024-01-02,DEVELOPMENT,NIFTY50,PE,101593.7,25,1,143.38,3584.5,113.37,164.89,750.25,3.53,-750.29,12.59,-762.88,100830.82
V8-B,7,2024-01-03,DEVELOPMENT,BANKNIFTY,PE,100830.82,15,1,238.71,3580.65,187.61,274.52,766.5,3.55,-766.49,12.53,-779.02,100051.8
V8-B,8,2024-01-03,DEVELOPMENT,NIFTY50,PE,100051.8,25,1,146.64,3666.0,115.78,168.64,771.5,3.66,549.9,16.53,533.37,100585.17
V8-B,9,2024-01-03,DEVELOPMENT,NIFTY50,PE,100585.17,25,1,109.08,2727.0,86.34,125.44,568.5,2.71,409.05,12.3,396.75,100981.92
V8-B,10,2024-01-04,DEVELOPMENT,BANKNIFTY,CE,100981.92,15,1,450.66,6759.9,356.06,518.26,1419.0,6.69,1013.98,30.48,983.5,101965.42
V8-B,11,2024-01-04,DEVELOPMENT,NIFTY50,CE,101965.42,50,2,82.6,4130.0,65.54,94.99,853.0,4.05,619.5,18.62,600.88,102566.3
V8-B,12,2024-01-04,DEVELOPMENT,NIFTY50,CE,102566.3,50,2,89.17,4458.5,70.82,102.55,917.5,4.35,668.77,20.1,648.67,103214.97
V8-B,13,2024-01-05,DEVELOPMENT,BANKNIFTY,PE,103214.97,15,1,455.32,6829.8,359.52,523.62,1437.0,6.62,1024.47,30.79,993.68,104208.65
V8-B,14,2024-01-05,DEVELOPMENT,NIFTY50,PE,104208.65,25,1,236.48,5912.0,187.6,271.95,1222.0,5.67,886.8,26.67,860.13,105068.78
V8-B,15,2024-01-05,DEVELOPMENT,BANKNIFTY,PE,105068.78,15,1,454.92,6823.8,360.3,523.16,1419.3,6.49,1023.57,30.78,992.79,106061.57
V8-B,16,2024-01-08,DEVELOPMENT,NIFTY50,PE,106061.57,25,1,200.9,5022.5,158.47,231.03,1060.75,4.74,-1060.76,17.6,-1078.36,104983.21
V8-B,17,2024-01-08,DEVELOPMENT,BANKNIFTY,PE,104983.21,15,1,319.93,4798.95,251.86,367.92,1021.05,4.57,719.84,21.64,698.2,105681.41
V8-B,18,2024-01-08,DEVELOPMENT,NIFTY50,PE,105681.41,25,1,190.57,4764.25,150.61,219.16,999.0,4.51,714.64,21.48,693.16,106374.57
V8-B,19,2024-01-09,DEVELOPMENT,BANKNIFTY,CE,106374.57,15,1,303.89,4558.35,239.4,349.47,967.35,4.29,-967.32,15.96,-983.28,105391.29
V8-B,20,2024-01-09,DEVELOPMENT,NIFTY50,CE,105391.29,25,1,144.98,3624.5,114.75,166.73,755.75,3.44,543.67,16.36,527.31,105918.6
V8-B,21,2024-01-09,DEVELOPMENT,BANKNIFTY,CE,105918.6,15,1,236.38,3545.7,187.13,271.84,738.75,3.35,-738.77,12.48,-751.25,105167.35
V8-B,22,2024-01-10,DEVELOPMENT,BANKNIFTY,CE,105167.35,15,1,218.38,3275.7,172.18,251.14,693.0,3.11,-692.95,11.49,-704.44,104462.91
V8-B,23,2024-01-10,DEVELOPMENT,BANKNIFTY,CE,104462.91,15,1,209.04,3135.6,164.84,240.4,663.0,3.0,470.34,14.13,456.21,104919.12
V8-B,24,2024-01-10,DEVELOPMENT,BANKNIFTY,CE,104919.12,15,1,169.43,2541.45,133.49,194.84,539.1,2.42,48.6,10.56,38.04,104957.16
V8-B,25,2024-01-11,DEVELOPMENT,NIFTY50,PE,104957.16,50,2,83.66,4183.0,66.49,96.21,858.5,3.99,627.45,18.88,608.57,105565.73
V8-B,26,2024-01-11,DEVELOPMENT,NIFTY50,PE,105565.73,50,2,97.28,4864.0,77.02,111.87,1013.0,4.61,729.6,21.94,707.66,106273.39
V8-B,27,2024-01-11,DEVELOPMENT,BANKNIFTY,PE,106273.39,15,1,472.86,7092.9,372.21,543.79,1509.75,6.67,-619.05,27.29,-646.34,105627.05
V8-B,28,2024-01-12,DEVELOPMENT,NIFTY50,CE,105627.05,25,1,207.4,5185.0,164.31,238.51,1077.25,4.91,777.75,23.37,754.38,106381.43
V8-B,29,2024-01-12,DEVELOPMENT,BANKNIFTY,CE,106381.43,15,1,480.24,7203.6,379.57,552.28,1510.05,6.77,-1510.09,25.28,-1535.37,104846.06
V8-B,30,2024-01-12,DEVELOPMENT,BANKNIFTY,CE,104846.06,15,1,410.78,6161.7,325.05,472.4,1285.95,5.88,924.25,27.77,896.48,105742.54
V8-B,31,2024-01-15,DEVELOPMENT,BANKNIFTY,CE,105742.54,15,1,346.66,5199.9,271.88,398.66,1121.7,4.92,779.98,23.45,756.53,106499.07
V8-B,32,2024-01-15,DEVELOPMENT,BANKNIFTY,CE,106499.07,15,1,371.98,5579.7,294.14,427.78,1167.6,5.24,-1167.66,19.6,-1187.26,105311.81
V8-B,33,2024-01-15,DEVELOPMENT,BANKNIFTY,CE,105311.81,15,1,329.96,4949.4,260.97,379.45,1034.85,4.7,-1034.84,17.38,-1052.22,104259.59
V8-B,34,2024-01-16,DEVELOPMENT,NIFTY50,CE,104259.59,25,1,145.04,3626.0,114.55,166.8,762.25,3.48,543.9,16.36,527.54,104787.13
V8-B,35,2024-01-16,DEVELOPMENT,NIFTY50,CE,104787.13,25,1,176.56,4414.0,139.71,203.04,921.25,4.21,-921.17,15.49,-936.66,103850.47
V8-B,36,2024-01-16,DEVELOPMENT,BANKNIFTY,CE,103850.47,15,1,262.76,3941.4,207.37,302.17,830.85,3.8,-830.85,13.84,-844.69,103005.78
V8-B,37,2024-01-17,DEVELOPMENT,BANKNIFTY,PE,103005.78,15,1,168.83,2532.45,132.56,194.15,544.05,2.46,379.87,11.42,368.45,103374.23
V8-B,38,2024-01-17,DEVELOPMENT,BANKNIFTY,PE,103374.23,15,1,232.35,3485.25,182.4,267.2,749.25,3.37,522.79,15.72,507.07,103881.3
V8-B,39,2024-01-18,DEVELOPMENT,NIFTY50,PE,103881.3,25,1,101.67,2541.75,79.42,116.92,556.25,2.45,-556.23,8.84,-565.07,103316.23
V8-B,40,2024-01-18,DEVELOPMENT,NIFTY50,CE,103316.23,50,2,81.22,4061.0,63.67,93.4,877.5,3.93,609.15,18.32,590.83,103907.06
V8-B,41,2024-01-18,DEVELOPMENT,BANKNIFTY,CE,103907.06,15,1,470.7,7060.5,366.17,541.3,1567.95,6.8,1059.07,31.85,1027.22,104934.28
V8-B,42,2024-01-19,DEVELOPMENT,NIFTY50,CE,104934.28,25,1,198.36,4959.0,156.67,228.11,1042.25,4.73,242.5,20.97,221.53,105155.81
V8-B,43,2024-01-19,DEVELOPMENT,BANKNIFTY,CE,105155.81,15,1,405.33,6079.95,317.58,466.13,1316.25,5.78,911.99,27.43,884.56,106040.37
V8-B,44,2024-01-19,DEVELOPMENT,BANKNIFTY,PE,106040.37,15,1,478.97,7184.55,376.48,550.82,1537.35,6.78,1077.68,32.39,1045.29,107085.66
V8-B,45,2024-01-20,DEVELOPMENT,NIFTY50,PE,107085.66,25,1,215.96,5399.0,171.33,248.35,1115.75,5.04,809.85,24.33,785.52,107871.18
V8-B,46,2024-01-20,DEVELOPMENT,BANKNIFTY,PE,107871.18,15,1,383.66,5754.9,300.05,441.21,1254.15,5.33,863.23,25.96,837.27,108708.45
V8-B,47,2024-01-20,DEVELOPMENT,NIFTY50,PE,108708.45,25,1,208.68,5217.0,165.18,239.98,1087.5,4.8,782.55,23.53,759.02,109467.47
V8-B,48,2024-01-23,DEVELOPMENT,NIFTY50,PE,109467.47,25,1,150.1,3752.5,117.92,172.61,804.5,3.43,562.87,16.91,545.96,110013.43
V8-B,49,2024-01-23,DEVELOPMENT,BANKNIFTY,PE,110013.43,15,1,250.99,3764.85,195.55,288.64,831.6,3.42,564.73,16.98,547.75,110561.18
V8-B,50,2024-01-23,DEVELOPMENT,NIFTY50,PE,110561.18,25,1,169.22,4230.5,133.01,194.6,905.25,3.83,634.57,19.09,615.48,111176.66
V8-B,51,2024-01-24,DEVELOPMENT,NIFTY50,CE,111176.66,25,1,116.93,2923.25,91.47,134.47,636.5,2.63,-636.56,10.19,-646.75,110529.91
V8-B,52,2024-01-24,DEVELOPMENT,BANKNIFTY,CE,110529.91,15,1,239.0,3585.0,184.47,274.85,817.95,3.24,537.75,16.16,521.59,111051.5
V8-B,53,2024-01-24,DEVELOPMENT,NIFTY50,CE,111051.5,25,1,136.07,3401.75,106.35,156.48,743.0,3.06,-742.88,11.86,-754.74,110296.76
V8-B,54,2024-01-25,DEVELOPMENT,BANKNIFTY,PE,110296.76,15,1,500.78,7511.7,388.74,575.9,1680.6,6.81,1126.75,33.9,1092.85,111389.61
V8-B,55,2024-01-25,DEVELOPMENT,BANKNIFTY,PE,111389.61,15,1,453.31,6799.65,353.16,521.31,1502.25,6.1,1019.95,30.65,989.3,112378.91
V8-B,56,2024-01-25,DEVELOPMENT,NIFTY50,PE,112378.91,50,2,98.68,4934.0,77.57,113.48,1055.5,4.39,-1055.33,17.27,-1072.6,111306.31
V8-B,57,2024-01-29,DEVELOPMENT,NIFTY50,CE,111306.31,25,1,160.51,4012.75,126.43,184.59,852.0,3.61,601.91,18.08,583.83,111890.14
V8-B,58,2024-01-29,DEVELOPMENT,BANKNIFTY,CE,111890.14,15,1,304.93,4573.95,238.08,350.67,1002.75,4.09,686.09,20.63,665.46,112555.6
V8-B,59,2024-01-29,DEVELOPMENT,BANKNIFTY,CE,112555.6,15,1,319.88,4798.2,250.28,367.86,1044.0,4.26,-1044.04,16.74,-1060.78,111494.82
V8-B,60,2024-01-30,DEVELOPMENT,BANKNIFTY,PE,111494.82,15,1,270.85,4062.75,212.04,311.48,882.15,3.64,609.41,18.32,591.09,112085.91
V8-B,61,2024-01-30,DEVELOPMENT,NIFTY50,PE,112085.91,25,1,150.11,3752.75,118.49,172.63,790.5,3.35,562.91,16.91,546.0,112631.91
V8-B,62,2024-01-30,DEVELOPMENT,NIFTY50,PE,112631.91,25,1,167.44,4186.0,132.41,192.56,875.75,3.72,627.9,18.88,609.02,113240.93
V8-B,63,2024-01-31,DEVELOPMENT,BANKNIFTY,CE,113240.93,15,1,251.15,3767.25,196.9,288.82,813.75,3.33,-813.73,13.15,-826.88,112414.05
V8-B,64,2024-01-31,DEVELOPMENT,BANKNIFTY,CE,112414.05,15,1,219.78,3296.7,172.06,252.75,715.8,2.93,494.5,14.87,479.64,112893.69
V8-B,65,2024-01-31,DEVELOPMENT,NIFTY50,CE,112893.69,25,1,149.46,3736.5,118.01,171.88,786.25,3.31,560.47,16.86,543.61,113437.3
V8-B,66,2024-02-01,DEVELOPMENT,BANKNIFTY,PE,113437.3,15,1,471.85,7077.75,367.58,542.63,1564.05,6.24,-1564.09,24.62,-1588.71,111848.59
V8-B,67,2024-02-01,DEVELOPMENT,NIFTY50,CE,111848.59,50,2,99.85,4992.5,78.72,114.83,1056.5,4.46,-1056.33,17.48,-1073.81,110774.78
V8-B,68,2024-02-02,DEVELOPMENT,NIFTY50,CE,110774.78,25,1,209.09,5227.25,164.67,240.45,1110.5,4.72,784.09,23.58,760.51,111535.29
V8-B,69,2024-02-02,DEVELOPMENT,NIFTY50,CE,111535.29,25,1,235.15,5878.75,185.5,270.42,1241.25,5.27,-1241.32,20.62,-1261.94,110273.35
V8-B,70,2024-02-02,DEVELOPMENT,BANKNIFTY,CE,110273.35,15,1,441.76,6626.4,344.54,508.02,1458.3,6.01,-1458.34,23.07,-1481.41,108791.94
V8-B,71,2024-02-05,DEVELOPMENT,NIFTY50,CE,108791.94,25,1,155.18,3879.5,121.59,178.46,839.75,3.57,581.92,17.49,564.44,109356.38
V8-B,72,2024-02-05,DEVELOPMENT,NIFTY50,CE,109356.38,25,1,158.85,3971.25,125.37,182.68,837.0,3.63,-837.12,13.92,-851.04,108505.34
V8-B,73,2024-02-05,DEVELOPMENT,BANKNIFTY,CE,108505.34,15,1,293.08,4396.2,230.54,337.04,938.1,4.05,-938.17,15.4,-953.57,107551.77
V8-B,74,2024-02-06,DEVELOPMENT,BANKNIFTY,PE,107551.77,15,1,264.79,3971.85,207.93,304.51,852.9,3.69,-852.89,13.9,-866.79,106684.98
V8-B,75,2024-02-06,DEVELOPMENT,NIFTY50,CE,106684.98,25,1,178.26,4456.5,141.14,205.0,928.0,4.18,595.0,19.88,575.12,107260.1
V8-B,76,2024-02-07,DEVELOPMENT,NIFTY50,PE,107260.1,25,1,146.73,3668.25,115.72,168.74,775.25,3.42,-775.3,12.86,-788.16,106471.94
V8-B,77,2024-02-07,DEVELOPMENT,BANKNIFTY,PE,106471.94,15,1,190.95,2864.25,150.33,219.59,609.3,2.69,-609.33,10.03,-619.36,105852.58
V8-B,78,2024-02-07,DEVELOPMENT,BANKNIFTY,PE,105852.58,15,1,216.68,3250.2,170.89,249.18,686.85,3.07,-686.81,11.41,-698.22,105154.36
V8-B,79,2024-02-08,DEVELOPMENT,BANKNIFTY,CE,105154.36,15,1,489.45,7341.75,383.2,562.87,1593.75,6.98,-1593.78,25.6,-1619.38,103534.98
V8-B,80,2024-02-08,DEVELOPMENT,NIFTY50,PE,103534.98,50,2,92.25,4612.5,72.6,106.09,982.5,4.46,691.87,20.81,671.07,104206.05
V8-B,81,2024-02-08,DEVELOPMENT,BANKNIFTY,PE,104206.05,15,1,413.71,6205.65,322.07,475.77,1374.6,5.96,930.85,27.97,902.88,105108.93
V8-B,82,2024-02-09,DEVELOPMENT,BANKNIFTY,CE,105108.93,15,1,390.35,5855.25,304.48,448.9,1288.05,5.57,878.29,26.4,851.89,105960.82
V8-B,83,2024-02-09,DEVELOPMENT,NIFTY50,PE,105960.82,25,1,205.69,5142.25,161.9,236.54,1094.75,4.85,-789.25,18.85,-808.1,105152.72
V8-B,84,2024-02-09,DEVELOPMENT,BANKNIFTY,CE,105152.72,15,1,417.35,6260.25,327.19,479.95,1352.4,5.95,939.04,28.24,910.8,106063.52
V8-B,85,2024-02-12,DEVELOPMENT,BANKNIFTY,PE,106063.52,15,1,304.52,4567.8,238.71,350.2,987.15,4.31,-987.21,15.94,-1003.15,105060.37
V8-B,86,2024-02-12,DEVELOPMENT,BANKNIFTY,PE,105060.37,15,1,311.05,4665.75,243.83,357.71,1008.3,4.44,699.86,21.05,678.81,105739.18
V8-B,87,2024-02-12,DEVELOPMENT,NIFTY50,PE,105739.18,25,1,166.57,4164.25,131.22,191.56,883.75,3.94,624.64,18.78,605.86,106345.04
V8-B,88,2024-02-13,DEVELOPMENT,NIFTY50,CE,106345.04,25,1,172.06,4301.5,135.08,197.87,924.5,4.04,645.22,19.38,625.85,106970.89
V8-B,89,2024-02-13,DEVELOPMENT,BANKNIFTY,CE,106970.89,15,1,264.14,3962.1,206.76,303.76,860.7,3.7,-860.72,13.82,-874.54,106096.35
V8-B,90,2024-02-13,DEVELOPMENT,NIFTY50,CE,106096.35,25,1,141.86,3546.5,111.7,163.14,754.0,3.34,-754.0,12.42,-766.42,105329.93
V8-B,91,2024-02-14,DEVELOPMENT,BANKNIFTY,CE,105329.93,15,1,175.05,2625.75,136.65,201.31,576.0,2.49,-575.99,9.14,-585.13,104744.8
V8-B,92,2024-02-14,DEVELOPMENT,BANKNIFTY,CE,104744.8,15,1,215.66,3234.9,168.58,248.01,706.2,3.09,485.23,14.6,470.63,105215.43
V8-B,93,2024-02-14,DEVELOPMENT,BANKNIFTY,CE,105215.43,15,1,238.93,3583.95,187.04,274.77,778.35,3.41,537.59,16.16,521.43,105736.86
V8-B,94,2024-02-15,DEVELOPMENT,BANKNIFTY,PE,105736.86,15,1,443.43,6651.45,342.89,509.94,1508.1,6.29,997.72,29.99,967.73,106704.59
V8-B,95,2024-02-15,DEVELOPMENT,BANKNIFTY,PE,106704.59,15,1,417.89,6268.35,323.97,480.57,1408.8,5.87,-982.95,22.93,-1005.88,105698.71
V8-B,96,2024-02-15,DEVELOPMENT,NIFTY50,PE,105698.71,50,2,89.85,4492.5,70.99,103.33,943.0,4.25,673.87,20.26,653.61,106352.32
V8-B,97,2024-02-16,DEVELOPMENT,NIFTY50,CE,106352.32,25,1,213.15,5328.75,168.59,245.12,1114.0,5.01,-201.5,21.25,-222.75,106129.57
V8-B,98,2024-02-16,DEVELOPMENT,BANKNIFTY,CE,106129.57,15,1,478.4,7176.0,375.09,550.16,1549.65,6.76,1076.4,32.36,1044.04,107173.61
V8-B,99,2024-02-19,DEVELOPMENT,NIFTY50,PE,107173.61,25,1,187.18,4679.5,147.94,215.26,981.0,4.37,-981.11,16.43,-997.54,106176.07
V8-B,100,2024-02-19,DEVELOPMENT,BANKNIFTY,PE,106176.07,15,1,332.59,4988.85,260.8,382.48,1076.85,4.7,-1076.8,17.42,-1094.22,105081.85
V8-B,101,2024-02-19,DEVELOPMENT,NIFTY50,CE,105081.85,25,1,198.63,4965.75,157.18,228.42,1036.25,4.73,744.86,22.4,722.46,105804.31
V8-B,102,2024-02-20,DEVELOPMENT,BANKNIFTY,CE,105804.31,15,1,251.01,3765.15,196.54,288.66,817.05,3.56,564.77,16.98,547.79,106352.1
V8-B,103,2024-02-20,DEVELOPMENT,NIFTY50,CE,106352.1,25,1,157.86,3946.5,124.81,181.54,826.25,3.71,591.98,17.8,574.17,106926.27
V8-B,104,2024-02-20,DEVELOPMENT,BANKNIFTY,CE,106926.27,15,1,235.97,3539.55,185.57,271.37,756.0,3.31,530.93,15.98,514.95,107441.22
V8-B,105,2024-02-21,DEVELOPMENT,NIFTY50,PE,107441.22,25,1,127.42,3185.5,100.68,146.53,668.5,2.96,477.82,14.35,463.47,107904.69
V8-B,106,2024-02-21,DEVELOPMENT,BANKNIFTY,PE,107904.69,15,1,182.04,2730.6,142.59,209.35,591.75,2.53,409.59,12.33,397.26,108301.95
V8-B,107,2024-02-21,DEVELOPMENT,NIFTY50,PE,108301.95,25,1,121.71,3042.75,96.35,139.97,634.0,2.81,-634.0,10.7,-644.7,107657.25
V8-B,108,2024-02-22,DEVELOPMENT,NIFTY50,PE,107657.25,50,2,75.68,3784.0,59.36,87.03,816.0,3.51,567.6,17.07,550.53,108207.78
V8-B,109,2024-02-22,DEVELOPMENT,NIFTY50,PE,108207.78,25,1,122.3,3057.5,96.02,140.64,657.0,2.83,458.62,13.8,444.82,108652.6
V8-B,110,2024-02-22,DEVELOPMENT,NIFTY50,PE,108652.6,50,2,83.88,4194.0,66.12,96.46,888.0,3.86,629.1,18.92,610.18,109262.78
V8-B,111,2024-02-23,DEVELOPMENT,BANKNIFTY,CE,109262.78,15,1,450.02,6750.3,352.48,517.52,1463.1,6.18,1012.54,30.44,982.1,110244.88
V8-B,112,2024-02-23,DEVELOPMENT,BANKNIFTY,CE,110244.88,15,1,430.99,6464.85,336.09,495.64,1423.5,5.86,969.73,29.14,940.59,111185.47
V8-B,113,2024-02-23,DEVELOPMENT,NIFTY50,PE,111185.47,25,1,204.38,5109.5,161.86,235.04,1063.0,4.6,766.42,23.03,743.39,111928.86
V8-B,114,2024-02-26,DEVELOPMENT,NIFTY50,PE,111928.86,25,1,166.19,4154.75,131.52,191.12,866.75,3.71,623.21,18.74,604.47,112533.33
V8-B,115,2024-02-26,DEVELOPMENT,BANKNIFTY,PE,112533.33,15,1,310.56,4658.4,244.8,357.14,986.4,4.14,698.76,21.02,677.74,113211.07
V8-B,116,2024-02-26,DEVELOPMENT,BANKNIFTY,PE,113211.07,15,1,328.54,4928.1,258.96,377.82,1043.7,4.35,739.21,22.23,716.98,113928.05
V8-B,117,2024-02-27,DEVELOPMENT,NIFTY50,CE,113928.05,25,1,183.47,4586.75,145.05,210.99,960.5,4.03,688.01,20.69,667.32,114595.37
V8-B,118,2024-02-27,DEVELOPMENT,BANKNIFTY,PE,114595.37,15,1,316.92,4753.8,249.81,364.46,1006.65,4.15,713.07,21.43,691.64,115287.01
V8-B,119,2024-02-27,DEVELOPMENT,NIFTY50,CE,115287.01,25,1,146.33,3658.25,115.99,168.28,758.5,3.17,548.74,16.5,532.24,115819.25
V8-B,120,2024-02-28,DEVELOPMENT,BANKNIFTY,CE,115819.25,30,2,169.82,5094.6,132.59,195.29,1116.9,4.4,-1116.9,17.76,-1134.66,114684.59
V8-B,121,2024-02-28,DEVELOPMENT,BANKNIFTY,PE,114684.59,15,1,227.78,3416.7,178.25,261.95,742.95,2.98,-742.9,11.93,-754.83,113929.76
V8-B,122,2024-02-28,DEVELOPMENT,BANKNIFTY,PE,113929.76,30,2,172.62,5178.6,135.38,198.51,1117.2,4.55,776.79,23.36,753.43,114683.19
V8-B,123,2024-02-29,DEVELOPMENT,BANKNIFTY,PE,114683.19,15,1,485.5,7282.5,377.66,558.32,1617.6,6.35,-1617.65,25.29,-1642.94,113040.25
V8-B,124,2024-02-29,DEVELOPMENT,NIFTY50,CE,113040.25,25,1,111.14,2778.5,87.18,127.81,599.0,2.46,416.77,12.54,404.23,113444.48
V8-B,125,2024-02-29,DEVELOPMENT,NIFTY50,CE,113444.48,50,2,99.39,4969.5,78.23,114.3,1058.0,4.38,-1057.86,17.4,-1075.26,112369.22
V8-B,126,2024-03-01,DEVELOPMENT,NIFTY50,CE,112369.22,25,1,218.49,5462.25,172.64,251.26,1146.25,4.86,819.34,24.62,794.72,113163.94
V8-B,127,2024-03-01,DEVELOPMENT,NIFTY50,CE,113163.94,25,1,213.08,5327.0,168.41,245.04,1116.75,4.71,799.05,24.03,775.02,113938.96
V8-B,128,2024-03-01,DEVELOPMENT,BANKNIFTY,CE,113938.96,15,1,473.34,7100.1,372.96,544.34,1505.7,6.23,1065.01,32.02,1032.99,114971.95
V8-B,129,2024-03-04,DEVELOPMENT,NIFTY50,PE,114971.95,25,1,182.98,4574.5,144.76,210.43,955.5,3.98,-4.75,18.7,-23.45,114948.5
V8-B,130,2024-03-04,DEVELOPMENT,BANKNIFTY,CE,114948.5,15,1,360.51,5407.65,283.11,414.59,1161.0,4.7,811.15,24.37,786.78,115735.28
V8-B,131,2024-03-04,DEVELOPMENT,BANKNIFTY,CE,115735.28,15,1,336.56,5048.4,265.96,387.04,1059.0,4.36,757.26,22.78,734.48,116469.76
V8-B,132,2024-03-05,DEVELOPMENT,BANKNIFTY,CE,116469.76,15,1,238.69,3580.35,188.54,274.49,752.25,3.07,537.05,16.16,520.89,116990.65
V8-B,133,2024-03-05,DEVELOPMENT,BANKNIFTY,CE,116990.65,15,1,281.57,4223.55,222.67,323.81,883.5,3.61,633.53,19.06,614.47,117605.12
V8-B,134,2024-03-05,DEVELOPMENT,NIFTY50,PE,117605.12,25,1,145.54,3638.5,115.36,167.37,754.5,3.09,-754.4,12.79,-767.19,116837.93
V8-B,135,2024-03-06,DEVELOPMENT,NIFTY50,PE,116837.93,25,1,125.99,3149.75,98.97,144.89,675.5,2.7,472.46,14.21,458.25,117296.18
V8-B,136,2024-03-06,DEVELOPMENT,NIFTY50,PE,117296.18,25,1,154.53,3863.25,121.46,177.71,826.75,3.29,579.49,17.42,562.07,117858.25
V8-B,137,2024-03-06,DEVELOPMENT,BANKNIFTY,CE,117858.25,30,2,171.21,5136.3,133.44,196.89,1133.1,4.36,770.44,23.15,747.29,118605.54
V8-B,138,2024-03-07,DEVELOPMENT,BANKNIFTY,PE,118605.54,15,1,500.29,7504.35,393.99,575.33,1594.5,6.33,1125.65,33.86,1091.79,119697.33
V8-B,139,2024-03-07,DEVELOPMENT,BANKNIFTY,PE,119697.33,15,1,443.74,6656.1,351.12,510.3,1389.3,5.56,998.41,30.02,968.39,120665.72
V8-B,140,2024-03-11,DEVELOPMENT,NIFTY50,PE,120665.72,25,1,182.06,4551.5,144.02,209.37,951.0,3.77,682.72,20.52,662.21,121327.93
V8-B,141,2024-03-11,DEVELOPMENT,BANKNIFTY,PE,121327.93,15,1,373.62,5604.3,294.88,429.66,1181.1,4.62,840.64,25.26,815.38,122143.31
V8-B,142,2024-03-11,DEVELOPMENT,BANKNIFTY,PE,122143.31,15,1,311.07,4666.05,245.87,357.73,978.0,3.82,699.91,21.05,678.86,122822.17
V8-B,143,2024-03-12,DEVELOPMENT,NIFTY50,CE,122822.17,25,1,173.74,4343.5,137.11,199.8,915.75,3.54,-915.68,15.24,-930.92,121891.25
V8-B,144,2024-03-12,DEVELOPMENT,NIFTY50,PE,121891.25,25,1,154.18,3854.5,120.94,177.31,831.0,3.16,578.17,17.38,560.79,122452.04
V8-B,145,2024-03-12,DEVELOPMENT,BANKNIFTY,CE,122452.04,15,1,281.43,4221.45,218.07,323.64,950.4,3.45,-950.43,14.65,-965.08,121486.96
V8-B,146,2024-03-13,DEVELOPMENT,NIFTY50,PE,121486.96,25,1,121.01,3025.25,95.15,139.16,646.5,2.49,453.79,13.64,440.15,121927.11
V8-B,147,2024-03-13,DEVELOPMENT,NIFTY50,PE,121927.11,25,1,136.07,3401.75,107.05,156.48,725.5,2.79,510.26,15.35,494.91,122422.02
V8-B,148,2024-03-13,DEVELOPMENT,BANKNIFTY,PE,122422.02,15,1,190.25,2853.75,149.24,218.79,615.15,2.33,428.06,12.88,415.18,122837.2
V8-B,149,2024-03-14,DEVELOPMENT,NIFTY50,CE,122837.2,50,2,104.93,5246.5,82.23,120.67,1135.0,4.27,786.97,23.66,763.32,123600.52
V8-B,150,2024-03-14,DEVELOPMENT,BANKNIFTY,CE,123600.52,15,1,462.43,6936.45,360.62,531.79,1527.15,5.61,1040.47,31.29,1009.18,124609.7
V8-B,151,2024-03-14,DEVELOPMENT,BANKNIFTY,CE,124609.7,15,1,503.61,7554.15,394.8,579.15,1632.15,6.06,-1632.08,26.38,-1658.46,122951.24
V8-B,152,2024-03-15,DEVELOPMENT,NIFTY50,PE,122951.24,25,1,234.07,5851.75,183.92,269.18,1253.75,4.76,877.76,26.39,851.37,123802.61
V8-B,153,2024-03-15,DEVELOPMENT,NIFTY50,PE,123802.61,25,1,233.95,5848.75,184.32,269.04,1240.75,4.72,-1240.77,20.49,-1261.26,122541.35
V8-B,154,2024-03-15,DEVELOPMENT,BANKNIFTY,PE,122541.35,15,1,430.74,6461.1,337.15,495.35,1403.85,5.27,969.16,29.14,940.02,123481.37
V8-B,155,2024-03-18,DEVELOPMENT,BANKNIFTY,PE,123481.37,15,1,283.5,4252.5,220.68,326.02,942.3,3.44,637.87,19.18,618.7,124100.07
V8-B,156,2024-03-18,DEVELOPMENT,NIFTY50,PE,124100.07,25,1,165.94,4148.5,130.5,190.83,886.0,3.34,-886.08,14.52,-900.6,123199.47
V8-B,157,2024-03-18,DEVELOPMENT,BANKNIFTY,PE,123199.47,15,1,321.42,4821.3,251.32,369.63,1051.5,3.91,723.19,21.74,701.45,123900.92
V8-B,158,2024-03-19,DEVELOPMENT,NIFTY50,PE,123900.92,25,1,132.77,3319.25,104.48,152.69,707.25,2.68,497.89,14.98,482.91,124383.83
V8-B,159,2024-03-19,DEVELOPMENT,BANKNIFTY,PE,124383.83,15,1,320.15,4802.25,250.71,368.17,1041.6,3.86,720.34,21.64,698.7,125082.53
V8-B,160,2024-03-19,DEVELOPMENT,BANKNIFTY,PE,125082.53,15,1,299.74,4496.1,235.26,344.7,967.2,3.59,-967.27,15.7,-982.97,124099.56
V8-B,161,2024-03-20,DEVELOPMENT,BANKNIFTY,CE,124099.56,15,1,207.01,3105.15,162.34,238.06,670.05,2.5,-670.02,10.84,-680.86,123418.7
V8-B,162,2024-03-20,DEVELOPMENT,NIFTY50,PE,123418.7,25,1,142.42,3560.5,112.0,163.78,760.5,2.88,534.08,16.07,518.01,123936.71
V8-B,163,2024-03-20,DEVELOPMENT,BANKNIFTY,PE,123936.71,15,1,233.93,3508.95,182.5,269.02,771.45,2.83,-771.42,12.21,-783.63,123153.08
V8-B,164,2024-03-21,DEVELOPMENT,NIFTY50,CE,123153.08,50,2,88.47,4423.5,70.02,101.74,922.5,3.59,-922.29,15.53,-937.82,122215.26
V8-B,165,2024-03-21,DEVELOPMENT,BANKNIFTY,CE,122215.26,15,1,515.76,7736.4,405.55,593.12,1653.15,6.33,-1653.16,27.05,-1680.21,120535.05
V8-B,166,2024-03-22,DEVELOPMENT,BANKNIFTY,CE,120535.05,15,1,426.16,6392.4,333.47,490.08,1390.35,5.3,958.86,28.82,930.04,121465.09
V8-B,167,2024-03-22,DEVELOPMENT,BANKNIFTY,CE,121465.09,15,1,427.78,6416.7,334.7,491.95,1396.2,5.28,962.5,28.94,933.56,122398.65
V8-B,168,2024-03-22,DEVELOPMENT,NIFTY50,CE,122398.65,25,1,212.21,5305.25,166.86,244.04,1133.75,4.33,795.79,23.91,771.88,123170.53
V8-B,169,2024-03-27,DEVELOPMENT,NIFTY50,CE,123170.53,25,1,134.36,3359.0,106.43,154.51,698.25,2.73,503.85,15.14,488.71,123659.24
V8-B,170,2024-03-27,DEVELOPMENT,BANKNIFTY,CE,123659.24,15,1,204.67,3070.05,161.39,235.37,649.2,2.48,460.51,13.85,446.66,124105.9
V8-B,171,2024-03-27,DEVELOPMENT,BANKNIFTY,CE,124105.9,15,1,243.87,3658.05,192.3,280.45,773.55,2.95,-773.48,12.82,-786.3,123319.6
V8-B,172,2024-03-28,DEVELOPMENT,NIFTY50,CE,123319.6,50,2,93.55,4677.5,73.93,107.58,981.0,3.79,701.62,21.1,680.52,124000.12
V8-B,173,2024-03-28,DEVELOPMENT,NIFTY50,CE,124000.12,50,2,110.81,5540.5,87.79,127.43,1151.0,4.47,-1151.01,19.46,-1170.47,122829.65
V8-B,174,2024-03-28,DEVELOPMENT,BANKNIFTY,CE,122829.65,15,1,483.92,7258.8,382.51,556.51,1521.15,5.91,1088.82,32.73,1056.09,123885.74
V8-B,175,2024-04-01,DEVELOPMENT,NIFTY50,CE,123885.74,25,1,189.49,4737.25,149.15,217.91,1008.5,3.82,-1008.46,16.57,-1025.03,122860.71
V8-B,176,2024-04-01,DEVELOPMENT,NIFTY50,PE,122860.71,25,1,172.9,4322.5,137.35,198.83,888.75,3.52,-28.25,17.61,-45.86,122814.85
V8-B,177,2024-04-02,DEVELOPMENT,NIFTY50,CE,122814.85,25,1,159.8,3995.0,126.39,183.77,835.25,3.25,-835.25,14.04,-849.29,121965.56
V8-B,178,2024-04-02,DEVELOPMENT,BANKNIFTY,CE,121965.56,15,1,269.1,4036.5,212.06,309.46,855.6,3.31,605.47,18.2,587.27,122552.83
V8-B,179,2024-04-02,DEVELOPMENT,NIFTY50,PE,122552.83,25,1,136.64,3416.0,108.23,157.14,710.25,2.79,512.4,15.39,497.01,123049.84
V8-B,180,2024-04-03,DEVELOPMENT,BANKNIFTY,CE,123049.84,30,2,190.33,5709.9,150.2,218.88,1203.9,4.64,-1203.76,20.02,-1223.78,121826.06
V8-B,181,2024-04-03,DEVELOPMENT,NIFTY50,CE,121826.06,50,2,113.76,5688.0,90.03,130.82,1186.5,4.67,853.2,25.63,827.57,122653.63
V8-B,182,2024-04-03,DEVELOPMENT,BANKNIFTY,CE,122653.63,15,1,227.62,3414.3,179.92,261.76,715.5,2.78,512.14,15.39,496.75,123150.38
V8-B,183,2024-04-04,DEVELOPMENT,NIFTY50,PE,123150.38,50,2,82.2,4110.0,64.42,94.53,889.0,3.34,616.5,18.53,597.97,123748.35
V8-B,184,2024-04-04,DEVELOPMENT,NIFTY50,PE,123748.35,50,2,81.7,4085.0,64.02,93.95,884.0,3.3,-883.9,14.25,-898.15,122850.2
V8-B,185,2024-04-04,DEVELOPMENT,NIFTY50,PE,122850.2,50,2,84.06,4203.0,65.78,96.67,914.0,3.42,-914.04,14.67,-928.71,121921.49
V8-B,186,2024-04-05,DEVELOPMENT,BANKNIFTY,CE,121921.49,15,1,419.73,6295.95,330.0,482.69,1345.95,5.16,944.39,28.39,916.0,122837.49
V8-B,187,2024-04-05,DEVELOPMENT,BANKNIFTY,CE,122837.49,15,1,449.21,6738.15,354.09,516.59,1426.8,5.49,1010.72,30.37,980.35,123817.84
V8-B,188,2024-04-05,DEVELOPMENT,NIFTY50,CE,123817.84,25,1,226.35,5658.75,179.27,260.3,1177.0,4.57,848.81,25.51,823.3,124641.14
V8-B,189,2024-04-08,DEVELOPMENT,NIFTY50,CE,124641.14,25,1,196.95,4923.75,155.67,226.49,1032.0,3.95,738.56,22.2,716.36,125357.5
V8-B,190,2024-04-08,DEVELOPMENT,NIFTY50,CE,125357.5,25,1,184.63,4615.75,146.66,212.32,949.25,3.68,692.36,20.81,671.55,126029.05
V8-B,191,2024-04-08,DEVELOPMENT,NIFTY50,CE,126029.05,25,1,202.53,5063.25,160.69,232.91,1046.0,4.02,-1.25,20.7,-21.95,126007.1
V8-B,192,2024-04-09,DEVELOPMENT,BANKNIFTY,CE,126007.1,15,1,264.28,3964.2,209.08,303.92,828.0,3.15,594.63,17.88,576.75,126583.85
V8-B,193,2024-04-09,DEVELOPMENT,BANKNIFTY,CE,126583.85,15,1,294.79,4421.85,233.36,339.01,921.45,3.49,-921.45,15.53,-936.98,125646.87
V8-B,194,2024-04-09,DEVELOPMENT,NIFTY50,PE,125646.87,25,1,160.91,4022.75,127.56,185.05,833.75,3.2,603.41,18.13,585.28,126232.15
V8-B,195,2024-04-10,DEVELOPMENT,BANKNIFTY,CE,126232.15,15,1,228.74,3431.1,179.79,263.05,734.25,2.72,514.66,15.48,499.18,126731.33
V8-B,196,2024-04-10,DEVELOPMENT,BANKNIFTY,CE,126731.33,15,1,214.7,3220.5,169.26,246.9,681.6,2.54,483.07,14.53,468.54,127199.87
V8-B,197,2024-04-10,DEVELOPMENT,BANKNIFTY,CE,127199.87,30,2,180.34,5410.2,142.68,207.39,1129.8,4.25,-1129.77,19.01,-1148.78,126051.09
V8-B,198,2024-04-12,DEVELOPMENT,BANKNIFTY,PE,126051.09,15,1,498.09,7471.35,392.54,572.8,1583.25,5.93,-1583.18,26.17,-1609.35,124441.74
V8-B,199,2024-04-12,DEVELOPMENT,NIFTY50,PE,124441.74,25,1,242.29,6057.25,192.29,278.63,1250.0,4.87,908.59,27.31,881.28,125323.02
V8-B,200,2024-04-12,DEVELOPMENT,BANKNIFTY,PE,125323.02,15,1,430.75,6461.25,339.62,495.36,1366.95,5.16,969.19,29.14,940.05,126263.07
V8-B,201,2024-04-15,DEVELOPMENT,NIFTY50,PE,126263.07,25,1,162.67,4066.75,127.99,187.07,867.0,3.22,610.01,18.33,591.68,126854.75
V8-B,202,2024-04-15,DEVELOPMENT,BANKNIFTY,PE,126854.75,15,1,294.7,4420.5,232.58,338.9,931.8,3.48,663.07,19.93,643.14,127497.89
V8-B,203,2024-04-15,DEVELOPMENT,BANKNIFTY,PE,127497.89,15,1,359.16,5387.4,284.49,413.03,1120.05,4.23,808.11,24.29,783.82,128281.71
V8-B,204,2024-04-16,DEVELOPMENT,NIFTY50,PE,128281.71,25,1,169.2,4230.0,134.06,194.58,878.5,3.3,634.5,19.09,615.41,128897.12
V8-B,205,2024-04-18,DEVELOPMENT,BANKNIFTY,PE,128897.12,15,1,488.54,7328.1,384.56,561.82,1559.7,5.69,1099.22,33.06,1066.16,129963.28
V8-B,206,2024-04-18,DEVELOPMENT,NIFTY50,CE,129963.28,50,2,109.11,5455.5,86.35,125.48,1138.0,4.2,-1137.87,19.17,-1157.04,128806.24
V8-B,207,2024-04-18,DEVELOPMENT,NIFTY50,CE,128806.24,50,2,88.34,4417.0,68.67,101.59,983.5,3.43,662.55,19.92,642.63,129448.87
V8-B,208,2024-04-19,DEVELOPMENT,NIFTY50,CE,129448.87,25,1,240.6,6015.0,189.65,276.69,1273.75,4.65,902.25,27.13,875.12,130323.99
V8-B,209,2024-04-19,DEVELOPMENT,NIFTY50,CE,130323.99,25,1,231.79,5794.75,182.48,266.56,1232.75,4.45,869.21,26.14,843.07,131167.06
V8-B,210,2024-04-19,DEVELOPMENT,BANKNIFTY,CE,131167.06,15,1,452.97,6794.55,354.54,520.92,1476.45,5.18,1019.18,30.62,988.56,132155.62
V8-B,211,2024-04-22,DEVELOPMENT,BANKNIFTY,PE,132155.62,15,1,347.33,5209.95,274.76,399.43,1088.55,3.94,-1088.53,18.3,-1106.83,131048.79
V8-B,212,2024-04-23,DEVELOPMENT,BANKNIFTY,PE,131048.79,15,1,284.62,4269.3,225.05,327.31,893.55,3.26,-893.58,14.98,-908.56,130140.23
V8-B,213,2024-04-23,DEVELOPMENT,NIFTY50,PE,130140.23,25,1,175.21,4380.25,139.07,201.49,903.5,3.37,657.04,19.76,637.28,130777.51
V8-B,214,2024-04-23,DEVELOPMENT,BANKNIFTY,PE,130777.51,15,1,302.74,4541.1,239.46,348.15,949.2,3.47,681.16,20.48,660.68,131438.19
V8-B,215,2024-04-24,DEVELOPMENT,BANKNIFTY,CE,131438.19,15,1,220.44,3306.6,174.36,253.51,691.2,2.52,-691.22,11.61,-702.83,130735.36
V8-B,216,2024-04-24,DEVELOPMENT,NIFTY50,CE,130735.36,25,1,146.34,3658.5,116.21,168.29,753.25,2.8,-753.23,12.88,-766.11,129969.25
V8-B,217,2024-04-24,DEVELOPMENT,BANKNIFTY,CE,129969.25,30,2,204.88,6146.4,162.45,235.61,1272.9,4.73,-1272.94,21.61,-1294.55,128674.7
V8-B,218,2024-04-25,DEVELOPMENT,BANKNIFTY,CE,128674.7,15,1,446.78,6701.7,350.85,513.8,1438.95,5.21,1005.25,30.2,975.05,129649.75
V8-B,219,2024-04-25,DEVELOPMENT,NIFTY50,CE,129649.75,50,2,113.5,5675.0,89.46,130.52,1202.0,4.38,-1202.07,19.87,-1221.94,128427.81
V8-B,220,2024-04-25,DEVELOPMENT,BANKNIFTY,CE,128427.81,15,1,443.16,6647.4,349.43,509.63,1405.95,5.18,997.11,29.99,967.12,129394.93
V8-B,221,2024-04-26,DEVELOPMENT,NIFTY50,PE,129394.93,25,1,248.1,6202.5,196.01,285.31,1302.25,4.79,930.38,27.97,902.4,130297.33
V8-B,222,2024-04-26,DEVELOPMENT,BANKNIFTY,PE,130297.33,15,1,454.49,6817.35,357.62,522.66,1453.05,5.23,-1452.98,23.85,-1476.83,128820.5
V8-B,223,2024-04-26,DEVELOPMENT,NIFTY50,PE,128820.5,25,1,230.87,5771.75,182.87,265.5,1200.0,4.48,865.76,26.01,839.75,129660.25
V8-B,224,2024-04-29,DEVELOPMENT,NIFTY50,CE,129660.25,25,1,205.25,5131.25,162.2,236.04,1076.25,3.96,769.69,23.14,746.55,130406.8
V8-B,225,2024-04-29,DEVELOPMENT,BANKNIFTY,CE,130406.8,15,1,303.87,4558.05,239.17,349.45,970.5,3.5,683.71,20.56,663.15,131069.95
V8-B,226,2024-04-29,DEVELOPMENT,NIFTY50,CE,131069.95,25,1,190.33,4758.25,150.93,218.88,985.0,3.63,713.74,21.47,692.27,131762.22
V8-B,227,2024-04-30,DEVELOPMENT,NIFTY50,CE,131762.22,25,1,149.71,3742.75,118.44,172.17,781.75,2.84,561.41,16.87,544.54,132306.76
V8-B,228,2024-04-30,DEVELOPMENT,BANKNIFTY,CE,132306.76,15,1,251.35,3770.25,196.86,289.05,817.35,2.85,565.54,16.99,548.55,132855.31
V8-B,229,2024-04-30,DEVELOPMENT,NIFTY50,CE,132855.31,25,1,147.93,3698.25,117.09,170.12,771.0,2.78,554.74,16.69,538.05,133393.36
V8-B,230,2024-05-02,DEVELOPMENT,NIFTY50,CE,133393.36,75,3,83.69,6276.75,66.03,96.24,1324.5,4.71,-1324.18,21.99,-1346.17,132047.19
V8-B,231,2024-05-02,DEVELOPMENT,NIFTY50,CE,132047.19,50,2,83.59,4179.5,65.97,96.13,881.0,3.17,626.92,18.85,608.08,132655.27
V8-B,232,2024-05-02,DEVELOPMENT,BANKNIFTY,PE,132655.27,15,1,484.85,7272.75,380.91,557.58,1559.1,5.48,-530.4,28.29,-558.69,132096.58
V8-B,233,2024-05-03,DEVELOPMENT,NIFTY50,PE,132096.58,25,1,245.93,6148.25,193.41,282.82,1313.0,4.65,-1312.94,21.5,-1334.44,130762.14
V8-B,234,2024-05-03,DEVELOPMENT,BANKNIFTY,PE,130762.14,15,1,453.48,6802.2,355.81,521.5,1465.05,5.2,1020.33,30.65,989.68,131751.82
V8-B,235,2024-05-03,DEVELOPMENT,BANKNIFTY,PE,131751.82,15,1,496.43,7446.45,389.08,570.89,1610.25,5.65,-1610.24,25.98,-1636.22,130115.6
V8-B,236,2024-05-06,DEVELOPMENT,NIFTY50,PE,130115.6,25,1,186.49,4662.25,146.18,214.46,1007.75,3.58,-1007.71,16.28,-1023.99,129091.61
V8-B,237,2024-05-06,DEVELOPMENT,BANKNIFTY,CE,129091.61,15,1,311.78,4676.7,244.48,358.55,1009.5,3.62,-1009.44,16.32,-1025.76,128065.85
V8-B,238,2024-05-06,DEVELOPMENT,NIFTY50,PE,128065.85,25,1,170.8,4270.0,134.8,196.42,900.0,3.33,640.5,19.26,621.24,128687.09
V8-B,239,2024-05-07,DEVELOPMENT,BANKNIFTY,PE,128687.09,15,1,325.97,4889.55,255.63,374.87,1055.1,3.8,733.43,22.06,711.37,129398.46
V8-B,240,2024-05-07,DEVELOPMENT,BANKNIFTY,PE,129398.46,15,1,314.2,4713.0,247.06,361.33,1007.1,3.64,-1007.12,16.49,-1023.61,128374.85
V8-B,241,2024-05-07,DEVELOPMENT,NIFTY50,PE,128374.85,25,1,145.64,3641.0,114.84,167.49,770.0,2.84,-770.01,12.77,-782.78,127592.07
V8-B,242,2024-05-08,DEVELOPMENT,BANKNIFTY,PE,127592.07,15,1,253.78,3806.7,199.07,291.85,820.65,2.98,-820.72,13.31,-834.03,126758.04
V8-B,243,2024-05-08,DEVELOPMENT,BANKNIFTY,PE,126758.04,15,1,220.55,3308.25,173.07,253.63,712.2,2.61,-712.21,11.55,-723.76,126034.28
V8-B,244,2024-05-08,DEVELOPMENT,NIFTY50,CE,126034.28,25,1,139.14,3478.5,109.85,160.01,732.25,2.76,-732.25,12.19,-744.44,125289.84
V8-B,245,2024-05-09,DEVELOPMENT,NIFTY50,PE,125289.84,50,2,104.64,5232.0,82.26,120.34,1119.0,4.18,784.8,23.59,761.21,126051.05
V8-B,246,2024-05-09,DEVELOPMENT,NIFTY50,PE,126051.05,50,2,93.29,4664.5,73.62,107.28,983.5,3.7,-983.71,16.34,-1000.05,125051.0
V8-B,247,2024-05-09,DEVELOPMENT,BANKNIFTY,PE,125051.0,15,1,469.88,7048.2,369.19,540.36,1510.35,5.64,1057.23,31.8,1025.43,126076.43
V8-B,248,2024-05-10,DEVELOPMENT,BANKNIFTY,CE,126076.43,15,1,469.79,7046.85,367.01,540.26,1541.7,5.59,-1541.74,24.56,-1566.3,124510.13
V8-B,249,2024-05-10,DEVELOPMENT,NIFTY50,CE,124510.13,25,1,208.6,5215.0,164.12,239.89,1112.0,4.19,782.25,23.53,758.72,125268.85
V8-B,250,2024-05-10,DEVELOPMENT,BANKNIFTY,CE,125268.85,15,1,475.45,7131.75,372.16,546.77,1549.35,5.69,1069.76,32.16,1037.6,126306.45
V8-B,251,2024-05-13,DEVELOPMENT,NIFTY50,PE,126306.45,25,1,170.83,4270.75,134.29,196.45,913.5,3.38,640.61,19.26,621.35,126927.8
V8-B,252,2024-05-13,DEVELOPMENT,BANKNIFTY,PE,126927.8,15,1,380.35,5705.25,298.86,437.4,1222.35,4.49,-1222.36,19.93,-1242.29,125685.51
V8-B,253,2024-05-13,DEVELOPMENT,NIFTY50,PE,125685.51,25,1,166.04,4151.0,130.78,190.95,881.5,3.3,-881.55,14.53,-896.08,124789.43
V8-B,254,2024-05-14,DEVELOPMENT,NIFTY50,CE,124789.43,25,1,141.87,3546.75,112.21,163.15,741.5,2.84,532.01,15.99,516.02,125305.45
V8-B,255,2024-05-14,DEVELOPMENT,NIFTY50,CE,125305.45,25,1,162.06,4051.5,128.39,186.37,841.75,3.23,-841.85,14.24,-856.09,124449.36
V8-B,256,2024-05-14,DEVELOPMENT,BANKNIFTY,CE,124449.36,15,1,239.52,3592.8,189.03,275.45,757.35,2.89,538.92,16.2,522.72,124972.08
V8-B,257,2024-05-15,DEVELOPMENT,NIFTY50,CE,124972.08,25,1,125.53,3138.25,98.98,144.36,663.75,2.51,-663.71,11.0,-674.71,124297.37
V8-B,258,2024-05-15,DEVELOPMENT,NIFTY50,PE,124297.37,25,1,156.78,3919.5,123.73,180.3,826.25,3.15,587.92,17.67,570.26,124867.63
V8-B,259,2024-05-15,DEVELOPMENT,BANKNIFTY,PE,124867.63,30,2,184.32,5529.6,145.18,211.97,1174.2,4.43,829.44,24.93,804.51,125672.14
V8-B,260,2024-05-16,DEVELOPMENT,NIFTY50,PE,125672.14,50,2,107.99,5399.5,84.8,124.19,1159.5,4.3,809.92,24.33,785.59,126457.73
V8-B,261,2024-05-16,DEVELOPMENT,NIFTY50,PE,126457.73,50,2,109.13,5456.5,85.72,125.5,1170.5,4.31,-1170.68,19.06,-1189.74,125267.99
V8-B,262,2024-05-16,DEVELOPMENT,BANKNIFTY,PE,125267.99,15,1,496.79,7451.85,389.32,571.31,1612.05,5.95,-1612.1,26.02,-1638.12,123629.87
V8-B,263,2024-05-17,DEVELOPMENT,BANKNIFTY,CE,123629.87,15,1,441.77,6626.55,345.18,508.04,1448.85,5.36,993.98,29.87,964.11,124593.98
V8-B,264,2024-05-17,DEVELOPMENT,BANKNIFTY,CE,124593.98,15,1,461.93,6928.95,362.28,531.22,1494.75,5.56,1039.34,31.24,1008.1,125602.08
V8-B,265,2024-05-17,DEVELOPMENT,BANKNIFTY,CE,125602.08,15,1,472.7,7090.5,372.16,543.6,1508.1,5.65,-1508.16,24.82,-1532.98,124069.1
V8-B,266,2024-05-21,DEVELOPMENT,NIFTY50,CE,124069.1,25,1,168.39,4209.75,133.66,193.65,868.25,3.39,631.46,19.0,612.46,124681.56
V8-B,267,2024-05-21,DEVELOPMENT,NIFTY50,CE,124681.56,25,1,154.71,3867.75,122.82,177.92,797.25,3.1,580.16,17.45,562.71,125244.27
V8-B,268,2024-05-21,DEVELOPMENT,NIFTY50,CE,125244.27,25,1,184.2,4605.0,146.27,211.83,948.25,3.68,-948.33,16.22,-964.55,124279.72
V8-B,269,2024-05-22,DEVELOPMENT,NIFTY50,PE,124279.72,25,1,142.68,3567.0,112.63,164.08,751.25,2.87,-751.13,12.51,-763.64,123516.08
V8-B,270,2024-05-22,DEVELOPMENT,BANKNIFTY,PE,123516.08,30,2,167.62,5028.6,131.74,192.76,1076.4,4.07,754.29,22.68,731.61,124247.69
V8-B,271,2024-05-22,DEVELOPMENT,BANKNIFTY,PE,124247.69,15,1,220.85,3312.75,174.05,253.98,702.0,2.67,496.91,14.93,481.98,124729.67
V8-B,272,2024-05-23,DEVELOPMENT,NIFTY50,CE,124729.67,25,1,123.92,3098.0,97.82,142.51,652.5,2.48,464.7,13.97,450.73,125180.4
V8-B,273,2024-05-23,DEVELOPMENT,BANKNIFTY,CE,125180.4,15,1,455.94,6839.1,357.92,524.33,1470.3,5.46,1025.86,30.84,995.02,126175.42
V8-B,274,2024-05-23,DEVELOPMENT,NIFTY50,CE,126175.42,25,1,125.13,3128.25,98.95,143.9,654.5,2.48,469.24,14.1,455.14,126630.56
V8-B,275,2024-05-24,DEVELOPMENT,NIFTY50,CE,126630.56,25,1,236.16,5904.0,187.22,271.58,1223.5,4.66,-1223.54,20.76,-1244.3,125386.26
V8-B,276,2024-05-24,DEVELOPMENT,BANKNIFTY,CE,125386.26,15,1,444.67,6670.05,351.91,511.37,1391.4,5.32,1000.51,30.07,970.44,126356.7
V8-B,277,2024-05-24,DEVELOPMENT,BANKNIFTY,CE,126356.7,15,1,466.48,6997.2,368.99,536.45,1462.35,5.54,-1462.34,24.57,-1486.91,124869.79
V8-B,278,2024-05-27,DEVELOPMENT,BANKNIFTY,CE,124869.79,15,1,337.96,5069.4,265.79,388.65,1082.55,4.06,760.41,22.85,737.56,125607.35
V8-B,279,2024-05-27,DEVELOPMENT,NIFTY50,PE,125607.35,25,1,189.54,4738.5,149.74,217.97,995.0,3.77,-995.08,16.63,-1011.71,124595.64
V8-B,280,2024-05-27,DEVELOPMENT,BANKNIFTY,CE,124595.64,15,1,362.32,5434.8,285.95,416.67,1145.55,4.36,815.22,24.5,790.72,125386.36
V8-B,281,2024-05-28,DEVELOPMENT,BANKNIFTY,PE,125386.36,15,1,310.12,4651.8,242.21,356.64,1018.65,3.71,-1018.58,16.2,-1034.78,124351.58
V8-B,282,2024-05-28,DEVELOPMENT,NIFTY50,PE,124351.58,25,1,176.9,4422.5,139.62,203.44,932.0,3.56,663.37,19.93,643.45,124995.03
V8-B,283,2024-05-28,DEVELOPMENT,BANKNIFTY,PE,124995.03,15,1,285.85,4287.75,224.93,328.73,913.8,3.43,643.16,19.34,623.82,125618.85
V8-B,284,2024-05-29,DEVELOPMENT,NIFTY50,PE,125618.85,25,1,144.19,3604.75,113.91,165.82,757.0,2.87,540.71,16.28,524.43,126143.28
V8-B,285,2024-05-29,DEVELOPMENT,NIFTY50,PE,126143.28,25,1,160.77,4019.25,127.34,184.89,835.75,3.19,-835.81,14.13,-849.94,125293.34
V8-B,286,2024-05-29,DEVELOPMENT,BANKNIFTY,PE,125293.34,15,1,201.47,3022.05,159.23,231.69,633.6,2.41,453.31,13.63,439.68,125733.02
V8-B,287,2024-05-30,DEVELOPMENT,BANKNIFTY,CE,125733.02,15,1,458.12,6871.8,358.32,526.84,1497.0,5.47,1030.77,30.99,999.78,126732.8
V8-B,288,2024-05-30,DEVELOPMENT,NIFTY50,PE,126732.8,50,2,118.77,5938.5,93.66,136.59,1255.5,4.69,890.77,26.77,864.0,127596.8
V8-B,289,2024-05-30,DEVELOPMENT,NIFTY50,PE,127596.8,50,2,102.35,5117.5,80.99,117.7,1068.0,4.01,-1068.22,17.96,-1086.18,126510.62
V8-B,290,2024-05-31,DEVELOPMENT,NIFTY50,PE,126510.62,25,1,204.93,5123.25,161.17,235.67,1094.0,4.05,768.49,23.11,745.38,127256.0
V8-B,291,2024-05-31,DEVELOPMENT,BANKNIFTY,PE,127256.0,15,1,436.99,6554.85,341.2,502.54,1436.85,5.15,983.23,29.57,953.66,128209.66
V8-B,292,2024-05-31,DEVELOPMENT,BANKNIFTY,PE,128209.66,15,1,409.78,6146.7,321.38,471.25,1326.0,4.79,922.0,27.71,894.29,129103.95
V8-B,293,2024-06-04,DEVELOPMENT,BANKNIFTY,PE,129103.95,15,1,325.11,4876.65,242.7,373.88,1236.15,3.78,731.5,21.99,709.51,129813.46
V8-B,294,2024-06-04,DEVELOPMENT,NIFTY50,PE,129813.46,25,1,131.37,3284.25,95.3,151.08,901.75,2.53,-901.67,10.93,-912.6,128900.86
V8-B,295,2024-06-04,DEVELOPMENT,BANKNIFTY,PE,128900.86,15,1,227.41,3411.15,161.95,261.52,981.9,2.65,-981.95,11.22,-993.17,127907.69
V8-B,296,2024-06-05,DEVELOPMENT,BANKNIFTY,PE,127907.69,30,2,159.51,4785.3,117.59,183.44,1257.6,3.74,717.79,21.56,696.24,128603.93
V8-B,297,2024-06-05,DEVELOPMENT,BANKNIFTY,PE,128603.93,15,1,224.72,3370.8,167.56,258.43,857.4,2.62,-857.34,11.41,-868.75,127735.18
V8-B,298,2024-06-05,DEVELOPMENT,BANKNIFTY,CE,127735.18,15,1,178.57,2678.55,134.66,205.36,658.65,2.1,401.78,12.09,389.69,128124.87
V8-B,299,2024-06-06,DEVELOPMENT,NIFTY50,CE,128124.87,50,2,85.18,4259.0,66.41,97.96,938.5,3.32,638.85,19.22,619.63,128744.5
V8-B,300,2024-06-06,DEVELOPMENT,NIFTY50,CE,128744.5,50,2,99.22,4961.0,77.58,114.1,1082.0,3.85,-1082.12,17.29,-1099.41,127645.09
V8-B,301,2024-06-06,DEVELOPMENT,BANKNIFTY,CE,127645.09,15,1,501.35,7520.25,389.36,576.55,1679.85,5.89,-1679.88,26.11,-1705.99,125939.1
V8-B,302,2024-06-07,DEVELOPMENT,BANKNIFTY,CE,125939.1,15,1,501.99,7529.85,389.7,577.29,1684.35,5.98,1129.48,33.96,1095.52,127034.62
V8-B,303,2024-06-07,DEVELOPMENT,NIFTY50,CE,127034.62,25,1,224.03,5600.75,175.05,257.63,1224.5,4.41,840.11,25.25,814.86,127849.48
V8-B,304,2024-06-07,DEVELOPMENT,BANKNIFTY,CE,127849.48,15,1,508.89,7633.35,397.6,585.22,1669.35,5.97,1145.0,34.44,1110.56,128960.04
V8-B,305,2024-06-10,DEVELOPMENT,BANKNIFTY,PE,128960.04,15,1,314.64,4719.6,244.12,361.84,1057.8,3.66,707.94,21.27,686.67,129646.71
V8-B,306,2024-06-10,DEVELOPMENT,NIFTY50,PE,129646.71,25,1,185.18,4629.5,146.69,212.96,962.25,3.57,694.42,20.89,673.54,130320.25
V8-B,307,2024-06-10,DEVELOPMENT,NIFTY50,PE,130320.25,25,1,160.74,4018.5,126.79,184.85,848.75,3.08,602.77,18.12,584.65,130904.9
V8-B,308,2024-06-11,DEVELOPMENT,BANKNIFTY,CE,130904.9,15,1,290.43,4356.45,227.4,333.99,945.45,3.33,-945.43,15.2,-960.63,129944.27
V8-B,309,2024-06-11,DEVELOPMENT,BANKNIFTY,CE,129944.27,15,1,313.51,4702.65,247.07,360.54,996.6,3.62,-996.59,16.46,-1013.05,128931.22
V8-B,310,2024-06-11,DEVELOPMENT,NIFTY50,PE,128931.22,25,1,146.24,3656.0,115.93,168.18,757.75,2.84,-757.82,12.87,-770.69,128160.53
V8-B,311,2024-06-12,DEVELOPMENT,NIFTY50,CE,128160.53,25,1,157.57,3939.25,124.61,181.21,824.0,3.07,-824.09,13.84,-837.93,127322.6
V8-B,312,2024-06-12,DEVELOPMENT,BANKNIFTY,CE,127322.6,15,1,226.69,3400.35,178.34,260.69,725.25,2.67,510.05,15.35,494.7,127817.3
V8-B,313,2024-06-12,DEVELOPMENT,BANKNIFTY,CE,127817.3,30,2,182.36,5470.8,143.59,209.71,1163.1,4.28,820.62,24.67,795.95,128613.25
V8-B,314,2024-06-13,DEVELOPMENT,BANKNIFTY,PE,128613.25,15,1,452.02,6780.3,355.42,519.82,1449.0,5.27,1017.04,30.58,986.47,129599.72
V8-B,315,2024-06-13,DEVELOPMENT,NIFTY50,PE,129599.72,75,3,82.13,6159.75,65.01,94.45,1284.0,4.75,-1284.11,21.63,-1305.74,128293.98
V8-B,316,2024-06-13,DEVELOPMENT,NIFTY50,PE,128293.98,50,2,108.46,5423.0,85.91,124.73,1127.5,4.23,-1127.27,19.05,-1146.32,127147.66
V8-B,317,2024-06-14,DEVELOPMENT,BANKNIFTY,PE,127147.66,15,1,444.78,6671.7,349.77,511.5,1425.15,5.25,1000.75,30.07,970.68,128118.34
V8-B,318,2024-06-18,DEVELOPMENT,BANKNIFTY,CE,128118.34,15,1,319.71,4795.65,251.28,367.67,1026.45,3.74,719.35,21.63,697.72,128816.06
V8-B,319,2024-06-18,DEVELOPMENT,BANKNIFTY,CE,128816.06,15,1,298.12,4471.8,235.98,342.84,932.1,3.47,670.77,20.16,650.61,129466.67
V8-B,320,2024-06-18,DEVELOPMENT,BANKNIFTY,CE,129466.67,15,1,290.12,4351.8,230.18,333.64,899.1,3.36,652.77,19.64,633.13,130099.8
V8-B,321,2024-06-19,DEVELOPMENT,BANKNIFTY,CE,130099.8,15,1,208.33,3124.95,161.76,239.58,698.55,2.4,-698.53,10.86,-709.39,129390.41
V8-B,322,2024-06-19,DEVELOPMENT,NIFTY50,PE,129390.41,25,1,138.19,3454.75,108.73,158.92,736.5,2.67,518.21,15.57,502.64,129893.05
V8-B,323,2024-06-19,DEVELOPMENT,BANKNIFTY,CE,129893.05,15,1,196.03,2940.45,152.23,225.43,657.0,2.26,441.07,13.26,427.81,130320.86
V8-B,324,2024-06-20,DEVELOPMENT,BANKNIFTY,PE,130320.86,15,1,472.6,7089.0,366.93,543.49,1585.05,5.44,-1032.75,26.12,-1058.87,129261.99
V8-B,325,2024-06-20,DEVELOPMENT,NIFTY50,CE,129261.99,50,2,108.97,5448.5,86.05,125.32,1146.0,4.22,817.27,24.57,792.7,130054.69
V8-B,326,2024-06-20,DEVELOPMENT,NIFTY50,CE,130054.69,50,2,117.16,5858.0,92.51,134.73,1232.5,4.5,-1232.64,20.55,-1253.19,128801.5
V8-B,327,2024-06-21,DEVELOPMENT,BANKNIFTY,PE,128801.5,15,1,496.47,7447.05,388.91,570.94,1613.4,5.78,1117.06,33.6,1083.46,129884.96
V8-B,328,2024-06-21,DEVELOPMENT,BANKNIFTY,PE,129884.96,15,1,483.45,7251.75,379.52,555.97,1558.95,5.58,1087.76,32.72,1055.04,130940.0
V8-B,329,2024-06-21,DEVELOPMENT,BANKNIFTY,PE,130940.0,15,1,474.23,7113.45,372.8,545.36,1521.45,5.43,1067.02,32.09,1034.93,131974.93
V8-B,330,2024-06-24,DEVELOPMENT,BANKNIFTY,PE,131974.93,15,1,369.86,5547.9,288.75,425.34,1216.65,4.2,-1216.72,19.33,-1236.05,130738.88
V8-B,331,2024-06-24,DEVELOPMENT,BANKNIFTY,CE,130738.88,15,1,314.91,4723.65,246.39,362.15,1027.8,3.61,708.55,21.31,687.24,131426.12
V8-B,332,2024-06-24,DEVELOPMENT,NIFTY50,CE,131426.12,25,1,196.58,4914.5,154.96,226.07,1040.5,3.74,737.17,22.16,715.02,132141.14
V8-B,333,2024-06-25,DEVELOPMENT,NIFTY50,CE,132141.14,25,1,159.5,3987.5,126.17,183.42,833.25,3.02,598.12,18.0,580.12,132721.26
V8-B,334,2024-06-25,DEVELOPMENT,BANKNIFTY,CE,132721.26,15,1,285.81,4287.15,225.56,328.68,903.75,3.23,643.07,19.34,623.73,133344.99
V8-B,335,2024-06-25,DEVELOPMENT,NIFTY50,CE,133344.99,25,1,188.29,4707.25,149.1,216.53,979.75,3.53,706.09,21.22,684.87,134029.86
V8-B,336,2024-06-26,DEVELOPMENT,BANKNIFTY,PE,134029.86,30,2,200.28,6008.4,156.62,230.32,1309.8,4.48,901.26,27.09,874.17,134904.03
V8-B,337,2024-06-26,DEVELOPMENT,BANKNIFTY,PE,134904.03,15,1,233.24,3498.6,182.67,268.23,758.55,2.59,-758.59,12.2,-770.79,134133.24
V8-B,338,2024-06-26,DEVELOPMENT,NIFTY50,CE,134133.24,25,1,139.28,3482.0,110.28,160.17,725.0,2.6,-724.93,12.23,-737.16,133396.08
V8-B,339,2024-06-27,DEVELOPMENT,BANKNIFTY,CE,133396.08,15,1,498.49,7477.35,390.09,573.26,1626.0,5.61,-1199.4,27.27,-1226.67,132169.41
V8-B,340,2024-06-27,DEVELOPMENT,NIFTY50,CE,132169.41,50,2,115.6,5780.0,90.84,132.94,1238.0,4.37,867.0,26.05,840.95,133010.36
V8-B,341,2024-06-27,DEVELOPMENT,NIFTY50,CE,133010.36,75,3,77.53,5814.75,60.95,89.16,1243.5,4.37,-1243.7,20.33,-1264.03,131746.33
V8-B,342,2024-06-28,DEVELOPMENT,BANKNIFTY,CE,131746.33,15,1,442.6,6639.0,347.64,508.99,1424.4,5.04,-1424.39,23.22,-1447.61,130298.72
V8-B,343,2024-06-28,DEVELOPMENT,NIFTY50,CE,130298.72,25,1,240.35,6008.75,190.14,276.4,1255.25,4.61,-1255.2,21.1,-1276.3,129022.42
V8-B,344,2024-07-01,VALIDATION,BANKNIFTY,CE,129022.42,15,1,375.02,5625.3,293.54,431.27,1222.2,4.36,-1222.14,19.61,-1241.75,127780.67
V8-B,345,2024-07-01,VALIDATION,BANKNIFTY,CE,127780.67,15,1,395.28,5929.2,309.93,454.57,1280.25,4.64,-1280.18,20.71,-1300.89,126479.78
V8-B,346,2024-07-02,VALIDATION,NIFTY50,PE,126479.78,25,1,165.2,4130.0,130.27,189.98,873.25,3.27,-873.15,14.47,-887.62,125592.16
V8-B,347,2024-07-02,VALIDATION,BANKNIFTY,PE,125592.16,15,1,325.25,4878.75,254.71,374.04,1058.1,3.88,-1058.16,17.03,-1075.19,124516.97
V8-B,348,2024-07-02,VALIDATION,NIFTY50,PE,124516.97,25,1,181.91,4547.75,143.66,209.2,956.25,3.65,-956.18,15.96,-972.14,123544.83
V8-B,349,2024-07-03,VALIDATION,NIFTY50,CE,123544.83,25,1,124.42,3110.5,98.25,143.08,654.25,2.52,-654.29,10.9,-665.19,122879.64
V8-B,350,2024-07-03,VALIDATION,BANKNIFTY,CE,122879.64,15,1,266.21,3993.15,208.8,306.14,861.15,3.25,598.97,18.01,580.96,123460.6
V8-B,351,2024-07-03,VALIDATION,BANKNIFTY,CE,123460.6,15,1,202.64,3039.6,159.22,233.04,651.3,2.46,455.94,13.71,442.23,123902.83
V8-B,352,2024-07-04,VALIDATION,NIFTY50,CE,123902.83,50,2,89.15,4457.5,70.51,102.52,932.0,3.6,668.62,20.1,648.52,124551.35
V8-B,353,2024-07-04,VALIDATION,BANKNIFTY,PE,124551.35,15,1,529.75,7946.25,417.54,609.21,1683.15,6.38,-1589.25,28.1,-1617.35,122934.0
V8-B,354,2024-07-05,VALIDATION,NIFTY50,PE,122934.0,25,1,224.03,5600.75,177.02,257.63,1175.25,4.56,-779.75,20.75,-800.5,122133.5
V8-B,355,2024-07-05,VALIDATION,BANKNIFTY,PE,122133.5,15,1,487.02,7305.3,382.44,560.07,1568.7,5.98,1095.8,32.94,1062.86,123196.36
V8-B,356,2024-07-05,VALIDATION,BANKNIFTY,PE,123196.36,15,1,525.74,7886.1,416.29,604.6,1641.75,6.4,1182.91,35.58,1147.33,124343.69
V8-B,357,2024-07-08,VALIDATION,BANKNIFTY,CE,124343.69,15,1,323.26,4848.9,253.06,371.75,1053.0,3.9,-940.35,17.24,-957.59,123386.1
V8-B,358,2024-07-08,VALIDATION,NIFTY50,PE,123386.1,25,1,207.35,5183.75,164.11,238.45,1081.0,4.2,777.56,23.37,754.19,124140.29
V8-B,359,2024-07-08,VALIDATION,NIFTY50,PE,124140.29,25,1,212.58,5314.5,168.33,244.47,1106.25,4.28,-1106.26,18.67,-1124.93,123015.36
V8-B,360,2024-07-09,VALIDATION,NIFTY50,CE,123015.36,25,1,188.25,4706.25,149.13,216.49,978.0,3.83,705.94,21.22,684.72,123700.08
V8-B,361,2024-07-09,VALIDATION,NIFTY50,CE,123700.08,25,1,163.78,4094.5,130.13,188.35,841.25,3.31,614.17,18.46,595.71,124295.79
V8-B,362,2024-07-09,VALIDATION,BANKNIFTY,CE,124295.79,15,1,267.88,4018.2,212.48,308.06,831.0,3.23,-831.03,14.13,-845.16,123450.63
V8-B,363,2024-07-10,VALIDATION,BANKNIFTY,PE,123450.63,30,2,187.73,5631.9,147.92,215.89,1194.3,4.56,844.78,25.39,819.39,124270.02
V8-B,364,2024-07-10,VALIDATION,NIFTY50,PE,124270.02,25,1,126.21,3155.25,99.48,145.14,668.25,2.54,-668.19,11.05,-679.24,123590.78
V8-B,365,2024-07-10,VALIDATION,BANKNIFTY,PE,123590.78,30,2,180.73,5421.9,142.69,207.84,1141.2,4.39,-1141.32,19.01,-1160.33,122430.45
V8-B,366,2024-07-11,VALIDATION,NIFTY50,PE,122430.45,50,2,94.75,4737.5,74.98,108.96,988.5,3.87,-988.25,16.63,-1004.88,121425.57
V8-B,367,2024-07-11,VALIDATION,BANKNIFTY,PE,121425.57,15,1,478.24,7173.6,376.36,549.98,1528.2,5.91,-1202.55,26.01,-1228.56,120197.01
V8-B,368,2024-07-11,VALIDATION,NIFTY50,PE,120197.01,50,2,89.14,4457.0,70.64,102.51,925.0,3.71,668.55,20.1,648.45,120845.46
V8-B,369,2024-07-12,VALIDATION,BANKNIFTY,CE,120845.46,15,1,488.01,7320.15,382.51,561.21,1582.5,6.06,1098.02,33.02,1065.0,121910.46
V8-B,370,2024-07-12,VALIDATION,NIFTY50,CE,121910.46,25,1,237.35,5933.75,186.35,272.95,1275.0,4.87,890.06,26.77,863.29,122773.75
V8-B,371,2024-07-12,VALIDATION,BANKNIFTY,CE,122773.75,15,1,512.22,7683.3,402.28,589.05,1649.1,6.26,1152.49,34.65,1117.84,123891.59
V8-B,372,2024-07-15,VALIDATION,BANKNIFTY,PE,123891.59,15,1,395.49,5932.35,310.44,454.81,1275.75,4.79,-1275.74,20.72,-1296.46,122595.13
V8-B,373,2024-07-15,VALIDATION,BANKNIFTY,CE,122595.13,15,1,367.75,5516.25,290.16,422.91,1163.85,4.5,-1163.78,19.34,-1183.12,121412.01
V8-B,374,2024-07-16,VALIDATION,NIFTY50,CE,121412.01,25,1,176.35,4408.75,140.11,202.8,906.0,3.63,-906.11,15.53,-921.64,120490.37
V8-B,375,2024-07-16,VALIDATION,BANKNIFTY,PE,120490.37,15,1,312.17,4682.55,246.4,359.0,986.55,3.89,702.38,21.11,681.27,121171.64
V8-B,376,2024-07-16,VALIDATION,BANKNIFTY,PE,121171.64,15,1,264.56,3968.4,209.53,304.24,825.45,3.28,-825.49,13.95,-839.44,120332.2
V8-B,377,2024-07-18,VALIDATION,NIFTY50,PE,120332.2,25,1,116.44,2911.0,91.95,133.91,612.25,2.42,-612.16,10.21,-622.37,119709.83
V8-B,378,2024-07-18,VALIDATION,NIFTY50,CE,119709.83,50,2,99.04,4952.0,78.27,113.9,1038.5,4.14,-1038.26,17.38,-1055.64,118654.19
V8-B,379,2024-07-18,VALIDATION,BANKNIFTY,CE,118654.19,15,1,538.38,8075.7,423.67,619.14,1720.65,6.81,-1720.63,28.26,-1748.89,116905.3
V8-B,380,2024-07-19,VALIDATION,NIFTY50,PE,116905.3,25,1,231.06,5776.5,182.4,265.72,1216.5,4.94,866.47,26.04,840.43,117745.73
V8-B,381,2024-07-19,VALIDATION,NIFTY50,PE,117745.73,25,1,238.73,5968.25,189.19,274.54,1238.5,5.07,895.24,26.92,868.32,118614.05
V8-B,382,2024-07-19,VALIDATION,BANKNIFTY,PE,118614.05,15,1,458.83,6882.45,362.09,527.65,1451.1,5.8,1032.37,31.04,1001.33,119615.38
V8-B,383,2024-07-22,VALIDATION,BANKNIFTY,CE,119615.38,15,1,355.23,5328.45,279.53,408.51,1135.5,4.45,-1135.44,18.65,-1154.09,118461.29
V8-B,384,2024-07-22,VALIDATION,NIFTY50,CE,118461.29,25,1,198.79,4969.75,156.83,228.61,1049.0,4.2,-1049.06,17.43,-1066.49,117394.8
V8-B,385,2024-07-22,VALIDATION,BANKNIFTY,CE,117394.8,15,1,355.33,5329.95,279.92,408.63,1131.15,4.54,-1131.14,18.66,-1149.8,116245.0
V8-B,386,2024-07-23,VALIDATION,NIFTY50,PE,116245.0,25,1,185.17,4629.25,146.24,212.95,973.25,3.98,694.39,20.89,673.5,116918.5
V8-B,387,2024-07-23,VALIDATION,BANKNIFTY,PE,116918.5,15,1,323.24,4848.6,253.78,371.73,1041.9,4.15,-1041.91,16.96,-1058.87,115859.63
V8-B,388,2024-07-23,VALIDATION,NIFTY50,PE,115859.63,25,1,169.44,4236.0,133.7,194.86,893.5,3.66,-893.5,14.86,-908.36,114951.27
V8-B,389,2024-07-24,VALIDATION,NIFTY50,CE,114951.27,25,1,122.71,3067.75,95.76,141.12,673.75,2.67,460.16,13.84,446.32,115397.59
V8-B,390,2024-07-24,VALIDATION,BANKNIFTY,PE,115397.59,15,1,229.13,3436.95,175.73,263.5,801.0,2.98,-801.0,11.85,-812.85,114584.74
V8-B,391,2024-07-24,VALIDATION,NIFTY50,PE,114584.74,25,1,153.9,3847.5,120.52,176.98,834.5,3.36,-834.58,13.44,-848.02,113736.72
V8-B,392,2024-07-25,VALIDATION,BANKNIFTY,PE,113736.72,15,1,524.98,7874.7,409.49,603.73,1732.35,6.92,-1732.34,27.41,-1759.75,111976.97
V8-B,393,2024-07-25,VALIDATION,NIFTY50,CE,111976.97,50,2,85.97,4298.5,68.12,98.87,892.5,3.84,644.77,19.37,625.4,112602.37
V8-B,394,2024-07-25,VALIDATION,NIFTY50,CE,112602.37,25,1,122.53,3063.25,97.18,140.91,633.75,2.72,-633.86,10.78,-644.64,111957.73
V8-B,395,2024-07-26,VALIDATION,NIFTY50,CE,111957.73,25,1,232.52,5813.0,184.35,267.4,1204.25,5.19,871.95,26.21,845.74,112803.47
V8-B,396,2024-07-26,VALIDATION,NIFTY50,CE,112803.47,25,1,236.94,5923.5,187.39,272.48,1238.75,5.25,888.52,26.72,861.8,113665.27
V8-B,397,2024-07-26,VALIDATION,BANKNIFTY,CE,113665.27,15,1,499.32,7489.8,393.31,574.22,1590.15,6.59,1123.47,33.77,1089.7,114754.97
V8-B,398,2024-07-29,VALIDATION,BANKNIFTY,CE,114754.97,15,1,328.09,4921.35,256.03,377.3,1080.9,4.29,738.2,22.2,716.0,115470.97
V8-B,399,2024-07-29,VALIDATION,NIFTY50,CE,115470.97,25,1,180.58,4514.5,141.93,207.67,966.25,3.91,-866.25,16.07,-882.32,114588.65
V8-B,400,2024-07-29,VALIDATION,BANKNIFTY,CE,114588.65,15,1,393.06,5895.9,302.89,452.02,1352.55,5.15,-1352.49,20.37,-1372.86,113215.79
V8-B,401,2024-07-30,VALIDATION,NIFTY50,CE,113215.79,25,1,186.07,4651.75,146.6,213.98,986.75,4.11,-986.65,16.3,-1002.95,112212.84
V8-B,402,2024-07-30,VALIDATION,NIFTY50,CE,112212.84,25,1,159.96,3999.0,126.74,183.95,830.5,3.56,599.85,18.04,581.81,112794.65
V8-B,403,2024-07-30,VALIDATION,BANKNIFTY,CE,112794.65,15,1,288.93,4333.95,227.23,332.27,925.5,3.84,650.09,19.55,630.54,113425.19
V8-B,404,2024-07-31,VALIDATION,NIFTY50,CE,113425.19,25,1,138.56,3464.0,109.58,159.34,724.5,3.05,-724.52,12.16,-736.68,112688.51
V8-B,405,2024-07-31,VALIDATION,BANKNIFTY,CE,112688.51,30,2,169.83,5094.9,133.74,195.3,1082.7,4.52,-1082.63,17.83,-1100.46,111588.05
V8-B,406,2024-07-31,VALIDATION,NIFTY50,CE,111588.05,25,1,128.02,3200.5,101.38,147.22,666.0,2.87,-665.94,11.25,-677.19,110910.86
V8-B,407,2024-08-01,VALIDATION,NIFTY50,PE,110910.86,25,1,128.04,3201.0,101.6,147.25,661.0,2.89,-661.0,11.26,-672.26,110238.6
V8-B,408,2024-08-01,VALIDATION,NIFTY50,PE,110238.6,25,1,124.78,3119.5,99.05,143.5,643.25,2.83,467.92,14.06,453.86,110692.46
V8-B,409,2024-08-01,VALIDATION,BANKNIFTY,PE,110692.46,15,1,536.39,8045.85,424.84,616.85,1673.25,7.27,1206.88,36.29,1170.59,111863.05
V8-B,410,2024-08-02,VALIDATION,NIFTY50,PE,111863.05,25,1,270.3,6757.5,212.96,310.84,1433.5,6.04,1013.62,30.46,983.16,112846.21
V8-B,411,2024-08-02,VALIDATION,BANKNIFTY,CE,112846.21,15,1,470.33,7054.95,370.1,540.88,1503.45,6.25,1058.24,31.81,1026.43,113872.64
V8-B,412,2024-08-02,VALIDATION,BANKNIFTY,CE,113872.64,15,1,493.45,7401.75,389.46,567.47,1559.85,6.5,1110.26,33.39,1076.87,114949.51
V8-B,413,2024-08-05,VALIDATION,BANKNIFTY,PE,114949.51,15,1,349.88,5248.2,272.29,402.36,1163.85,4.57,-1163.88,18.25,-1182.13,113767.38
V8-B,414,2024-08-05,VALIDATION,NIFTY50,PE,113767.38,25,1,199.86,4996.5,155.45,229.84,1110.25,4.39,-1110.14,17.36,-1127.5,112639.88
V8-B,415,2024-08-06,VALIDATION,NIFTY50,PE,112639.88,25,1,150.42,3760.5,118.13,172.98,807.25,3.34,564.07,16.96,547.12,113187.0
V8-B,416,2024-08-06,VALIDATION,BANKNIFTY,PE,113187.0,15,1,249.03,3735.45,194.96,286.38,811.05,3.3,-811.03,13.04,-824.07,112362.93
V8-B,417,2024-08-06,VALIDATION,BANKNIFTY,PE,112362.93,15,1,336.19,5042.85,264.39,386.62,1077.0,4.49,756.43,22.73,733.7,113096.63
V8-B,418,2024-08-07,VALIDATION,BANKNIFTY,PE,113096.63,15,1,183.41,2751.15,142.79,210.92,609.3,2.43,412.67,12.42,400.25,113496.88
V8-B,419,2024-08-07,VALIDATION,NIFTY50,CE,113496.88,25,1,140.33,3508.25,110.18,161.38,753.75,3.09,-753.7,12.27,-765.97,112730.91
V8-B,420,2024-08-07,VALIDATION,BANKNIFTY,PE,112730.91,15,1,220.91,3313.65,172.65,254.05,723.9,2.94,-723.89,11.54,-735.43,111995.48
V8-B,421,2024-08-08,VALIDATION,BANKNIFTY,PE,111995.48,15,1,525.96,7889.4,409.93,604.85,1740.45,7.04,1183.41,35.59,1147.82,113143.3
V8-B,422,2024-08-08,VALIDATION,NIFTY50,PE,113143.3,25,1,104.49,2612.25,81.76,120.16,568.25,2.31,-568.24,9.12,-577.36,112565.94
V8-B,423,2024-08-08,VALIDATION,NIFTY50,PE,112565.94,25,1,111.18,2779.5,87.18,127.86,600.0,2.47,-599.88,9.71,-609.59,111956.35
V8-B,424,2024-08-09,VALIDATION,NIFTY50,CE,111956.35,25,1,256.05,6401.25,201.08,294.46,1374.25,5.72,283.5,26.98,256.52,112212.87
V8-B,425,2024-08-09,VALIDATION,BANKNIFTY,CE,112212.87,15,1,468.66,7029.9,368.08,538.96,1508.7,6.26,1054.48,31.71,1022.77,113235.64
V8-B,426,2024-08-12,VALIDATION,NIFTY50,PE,113235.64,25,1,197.06,4926.5,155.46,226.62,1040.0,4.35,-1039.99,17.28,-1057.27,112178.37
V8-B,427,2024-08-12,VALIDATION,BANKNIFTY,PE,112178.37,15,1,398.02,5970.3,312.24,457.72,1286.7,5.32,-1286.68,20.87,-1307.55,110870.82
V8-B,428,2024-08-13,VALIDATION,BANKNIFTY,PE,110870.82,15,1,311.24,4668.6,244.61,357.93,999.45,4.21,700.29,21.05,679.24,111550.06
V8-B,429,2024-08-13,VALIDATION,NIFTY50,PE,111550.06,25,1,159.52,3988.0,126.34,183.45,829.5,3.58,598.2,18.0,580.2,112130.26
V8-B,430,2024-08-13,VALIDATION,BANKNIFTY,PE,112130.26,15,1,304.02,4560.3,239.55,349.62,967.05,4.07,684.04,20.57,663.48,112793.74
V8-B,431,2024-08-14,VALIDATION,NIFTY50,PE,112793.74,25,1,119.5,2987.5,94.48,137.42,625.5,2.65,-625.5,10.47,-635.97,112157.77
V8-B,432,2024-08-16,VALIDATION,NIFTY50,PE,112157.77,25,1,232.62,5815.5,183.25,267.51,1234.25,5.19,-1141.5,20.61,-1162.11,110995.66
V8-B,433,2024-08-16,VALIDATION,BANKNIFTY,CE,110995.66,15,1,428.85,6432.75,337.59,493.18,1368.9,5.8,964.91,29.01,935.9,111931.56
V8-B,434,2024-08-16,VALIDATION,BANKNIFTY,CE,111931.56,15,1,488.4,7326.0,384.98,561.66,1551.3,6.55,1098.9,33.06,1065.84,112997.4
V8-B,435,2024-08-19,VALIDATION,BANKNIFTY,PE,112997.4,15,1,383.77,5756.55,301.78,441.34,1229.85,5.09,863.48,25.96,837.52,113834.92
V8-B,436,2024-08-19,VALIDATION,NIFTY50,PE,113834.92,25,1,207.91,5197.75,164.43,239.1,1087.0,4.57,779.66,23.45,756.21,114591.13
V8-B,437,2024-08-19,VALIDATION,BANKNIFTY,PE,114591.13,15,1,308.27,4624.05,242.74,354.51,982.95,4.04,693.61,20.85,672.76,115263.89
V8-B,438,2024-08-20,VALIDATION,NIFTY50,CE,115263.89,25,1,179.16,4479.0,141.92,206.03,931.0,3.89,-430.25,17.12,-447.37,114816.52
V8-B,439,2024-08-20,VALIDATION,BANKNIFTY,CE,114816.52,15,1,280.4,4206.0,221.11,322.46,889.35,3.66,630.9,18.97,611.93,115428.45
V8-B,440,2024-08-20,VALIDATION,BANKNIFTY,CE,115428.45,15,1,342.05,5130.75,270.58,393.36,1072.05,4.44,769.61,23.14,746.47,116174.92
V8-B,441,2024-08-21,VALIDATION,BANKNIFTY,PE,116174.92,15,1,225.44,3381.6,177.43,259.26,720.15,2.91,507.24,15.26,491.98,116666.9
V8-B,442,2024-08-21,VALIDATION,NIFTY50,CE,116666.9,25,1,138.29,3457.25,109.64,159.03,716.25,2.96,518.59,15.59,503.0,117169.9
V8-B,443,2024-08-21,VALIDATION,NIFTY50,CE,117169.9,25,1,160.77,4019.25,127.47,184.89,832.5,3.43,602.89,18.12,584.77,117754.67
V8-B,444,2024-08-22,VALIDATION,BANKNIFTY,CE,117754.67,15,1,524.68,7870.2,412.42,603.38,1683.9,6.68,1180.53,35.5,1145.03,118899.7
V8-B,445,2024-08-22,VALIDATION,BANKNIFTY,CE,118899.7,15,1,530.86,7962.9,420.76,610.49,1651.5,6.7,-1651.45,28.0,-1679.45,117220.25
V8-B,446,2024-08-23,VALIDATION,NIFTY50,PE,117220.25,25,1,240.57,6014.25,190.35,276.66,1255.5,5.13,-588.25,22.97,-611.22,116609.03
V8-B,447,2024-08-26,VALIDATION,NIFTY50,CE,116609.03,25,1,205.33,5133.25,162.5,236.13,1070.75,4.4,-36.75,20.88,-57.63,116551.4
V8-B,448,2024-08-26,VALIDATION,BANKNIFTY,CE,116551.4,15,1,396.02,5940.3,312.96,455.42,1245.9,5.1,-1245.88,20.85,-1266.73,115284.67
V8-B,449,2024-08-26,VALIDATION,BANKNIFTY,CE,115284.67,15,1,373.32,5599.8,296.01,429.32,1159.65,4.86,839.97,25.25,814.72,116099.39
V8-B,450,2024-08-27,VALIDATION,NIFTY50,PE,116099.39,25,1,150.74,3768.5,119.48,173.35,781.5,3.25,565.27,16.99,548.28,116647.67
V8-B,451,2024-08-27,VALIDATION,BANKNIFTY,PE,116647.67,15,1,270.63,4059.45,212.72,311.22,868.65,3.48,608.92,18.29,590.63,117238.3
V8-B,452,2024-08-27,VALIDATION,NIFTY50,CE,117238.3,25,1,171.82,4295.5,136.28,197.59,888.5,3.66,-888.6,15.11,-903.71,116334.59
V8-B,453,2024-08-28,VALIDATION,NIFTY50,PE,116334.59,25,1,135.41,3385.25,107.23,155.72,704.5,2.91,-704.52,11.89,-716.41,115618.18
V8-B,454,2024-08-28,VALIDATION,BANKNIFTY,PE,115618.18,15,1,192.51,2887.65,151.99,221.39,607.8,2.5,-607.73,10.13,-617.86,115000.32
V8-B,455,2024-08-28,VALIDATION,NIFTY50,CE,115000.32,25,1,132.98,3324.5,105.49,152.93,687.25,2.89,498.67,14.98,483.69,115484.01
V8-B,456,2024-08-29,VALIDATION,BANKNIFTY,CE,115484.01,15,1,471.72,7075.8,372.82,542.48,1483.5,6.13,1061.37,31.92,1029.45,116513.46
V8-B,457,2024-08-29,VALIDATION,NIFTY50,CE,116513.46,50,2,95.36,4768.0,75.65,109.66,985.5,4.09,715.2,21.51,693.69,117207.15
V8-B,458,2024-08-29,VALIDATION,NIFTY50,CE,117207.15,50,2,105.66,5283.0,83.88,121.51,1089.0,4.51,-1088.92,18.6,-1107.52,116099.63
V8-B,459,2024-08-30,VALIDATION,BANKNIFTY,CE,116099.63,15,1,493.74,7406.1,391.25,567.8,1537.35,6.38,-1537.29,26.03,-1563.32,114536.31
V8-B,460,2024-08-30,VALIDATION,BANKNIFTY,PE,114536.31,15,1,437.28,6559.2,345.72,502.87,1373.4,5.73,135.6,27.23,108.37,114644.68
V8-B,461,2024-09-02,VALIDATION,BANKNIFTY,PE,114644.68,15,1,387.83,5817.45,307.14,446.0,1210.35,5.07,872.62,26.22,846.4,115491.08
V8-B,462,2024-09-02,VALIDATION,NIFTY50,PE,115491.08,25,1,202.42,5060.5,160.89,232.78,1038.25,4.38,759.07,22.82,736.25,116227.33
V8-B,463,2024-09-02,VALIDATION,BANKNIFTY,PE,116227.33,15,1,311.7,4675.5,246.9,358.45,972.0,4.02,-845.85,16.77,-862.62,115364.71
V8-B,464,2024-09-03,VALIDATION,NIFTY50,PE,115364.71,25,1,166.02,4150.5,131.83,190.92,854.75,3.6,-854.67,14.59,-869.26,114495.45
V8-B,465,2024-09-03,VALIDATION,BANKNIFTY,PE,114495.45,15,1,345.63,5184.45,272.99,397.47,1089.6,4.53,777.67,23.37,754.3,115249.75
V8-B,466,2024-09-04,VALIDATION,BANKNIFTY,PE,115249.75,15,1,255.4,3831.0,201.65,293.71,806.25,3.32,574.65,17.27,557.38,115807.13
V8-B,467,2024-09-04,VALIDATION,NIFTY50,CE,115807.13,25,1,132.92,3323.0,105.74,152.86,679.5,2.87,498.45,14.98,483.47,116290.6
V8-B,468,2024-09-04,VALIDATION,NIFTY50,CE,116290.6,25,1,139.53,3488.25,110.85,160.46,717.0,3.0,317.25,15.17,302.08,116592.68
V8-B,469,2024-09-05,VALIDATION,NIFTY50,PE,116592.68,25,1,129.87,3246.75,102.96,149.35,672.75,2.78,487.01,14.65,472.36,117065.04
V8-B,470,2024-09-05,VALIDATION,BANKNIFTY,PE,117065.04,15,1,558.4,8376.0,442.78,642.16,1734.3,7.15,-523.2,32.81,-556.01,116509.03
V8-B,471,2024-09-06,VALIDATION,BANKNIFTY,PE,116509.03,15,1,481.98,7229.7,377.76,554.28,1563.3,6.21,1084.45,32.6,1051.85,117560.88
V8-B,472,2024-09-06,VALIDATION,NIFTY50,PE,117560.88,25,1,228.03,5700.75,179.28,262.23,1218.75,4.85,855.11,25.71,829.4,118390.28
V8-B,473,2024-09-06,VALIDATION,BANKNIFTY,PE,118390.28,15,1,475.48,7132.2,375.11,546.8,1505.55,6.02,1069.83,32.16,1037.67,119427.95
V8-B,474,2024-09-09,VALIDATION,NIFTY50,CE,119427.95,25,1,172.08,4302.0,136.12,197.89,899.0,3.6,645.3,19.38,625.92,120053.87
V8-B,475,2024-09-09,VALIDATION,BANKNIFTY,CE,120053.87,15,1,324.01,4860.15,255.25,372.61,1031.4,4.05,-1031.34,17.01,-1048.35,119005.52
V8-B,476,2024-09-09,VALIDATION,BANKNIFTY,CE,119005.52,15,1,401.37,6020.55,316.04,461.58,1279.95,5.06,903.08,27.14,875.94,119881.46
V8-B,477,2024-09-10,VALIDATION,NIFTY50,PE,119881.46,25,1,190.88,4772.0,151.11,219.51,994.25,3.98,-994.31,16.75,-1011.06,118870.4
V8-B,478,2024-09-10,VALIDATION,BANKNIFTY,CE,118870.4,15,1,326.13,4891.95,258.0,375.05,1021.95,4.12,-1022.0,17.18,-1039.18,117831.22
V8-B,479,2024-09-10,VALIDATION,NIFTY50,CE,117831.22,25,1,180.81,4520.25,143.42,207.93,934.75,3.84,-934.7,15.9,-950.6,116880.62
V8-B,480,2024-09-11,VALIDATION,BANKNIFTY,CE,116880.62,30,2,168.37,5051.1,132.6,193.63,1073.1,4.32,757.66,22.78,734.88,117615.5
V8-B,481,2024-09-11,VALIDATION,NIFTY50,CE,117615.5,25,1,122.92,3073.0,97.34,141.36,639.5,2.61,-639.38,10.79,-650.17,116965.33
V8-B,482,2024-09-11,VALIDATION,BANKNIFTY,CE,116965.33,15,1,196.55,2948.25,154.73,226.03,627.3,2.52,442.24,13.3,428.94,117394.27
V8-B,483,2024-09-12,VALIDATION,BANKNIFTY,PE,117394.27,15,1,470.48,7057.2,370.38,541.05,1501.5,6.01,1058.58,31.84,1026.74,118421.01
V8-B,484,2024-09-12,VALIDATION,NIFTY50,PE,118421.01,50,2,107.96,5398.0,85.12,124.15,1142.0,4.56,809.7,24.33,785.37,119206.38
V8-B,485,2024-09-12,VALIDATION,NIFTY50,PE,119206.38,25,1,114.1,2852.5,90.05,131.21,601.25,2.39,-601.35,10.01,-611.36,118595.02
V8-B,486,2024-09-13,VALIDATION,BANKNIFTY,CE,118595.02,15,1,436.88,6553.2,345.16,502.41,1375.8,5.53,982.98,29.54,953.44,119548.46
V8-B,487,2024-09-13,VALIDATION,BANKNIFTY,CE,119548.46,15,1,529.79,7946.85,419.16,609.26,1659.45,6.65,-352.95,31.54,-384.49,119163.97
V8-B,488,2024-09-16,VALIDATION,BANKNIFTY,CE,119163.97,15,1,384.52,5767.8,303.8,442.2,1210.8,4.84,-1210.75,20.23,-1230.98,117932.99
V8-B,489,2024-09-16,VALIDATION,NIFTY50,CE,117932.99,25,1,211.53,5288.25,167.6,243.26,1098.25,4.48,-1098.23,18.6,-1116.83,116816.16
V8-B,490,2024-09-17,VALIDATION,NIFTY50,CE,116816.16,25,1,189.61,4740.25,150.8,218.05,970.25,4.06,-170.25,18.94,-189.19,116626.97
V8-B,491,2024-09-17,VALIDATION,BANKNIFTY,CE,116626.97,15,1,260.5,3907.5,206.98,299.57,802.8,3.35,-802.81,13.77,-816.58,115810.39
V8-B,492,2024-09-18,VALIDATION,NIFTY50,CE,115810.39,25,1,128.55,3213.75,102.04,147.83,662.75,2.78,482.06,14.48,467.58,116277.97
V8-B,493,2024-09-18,VALIDATION,NIFTY50,CE,116277.97,25,1,157.84,3946.0,125.29,181.52,813.75,3.39,-813.86,13.9,-827.76,115450.21
V8-B,494,2024-09-18,VALIDATION,BANKNIFTY,CE,115450.21,15,1,207.51,3112.65,163.86,238.64,654.75,2.7,-654.76,10.94,-665.7,114784.51
V8-B,495,2024-09-19,VALIDATION,NIFTY50,CE,114784.51,50,2,91.07,4553.5,71.58,104.73,974.5,3.97,-974.29,15.94,-990.23,113794.28
V8-B,496,2024-09-19,VALIDATION,NIFTY50,PE,113794.28,25,1,113.86,2846.5,89.8,130.94,601.5,2.5,-601.45,10.0,-611.45,113182.83
V8-B,497,2024-09-19,VALIDATION,NIFTY50,PE,113182.83,25,1,114.07,2851.75,89.92,131.18,603.75,2.52,-603.82,10.0,-613.82,112569.01
V8-B,498,2024-09-20,VALIDATION,NIFTY50,CE,112569.01,25,1,256.91,6422.75,202.0,295.45,1372.75,5.71,963.41,28.95,934.46,113503.47
V8-B,499,2024-09-20,VALIDATION,BANKNIFTY,CE,113503.47,15,1,447.42,6711.3,352.87,514.53,1418.25,5.91,1006.69,30.25,976.44,114479.91
V8-B,500,2024-09-20,VALIDATION,NIFTY50,CE,114479.91,25,1,265.35,6633.75,209.14,305.15,1405.25,5.79,995.06,29.91,965.15,115445.06
V8-B,501,2024-09-23,VALIDATION,BANKNIFTY,CE,115445.06,15,1,358.54,5378.1,278.85,412.32,1195.35,4.66,806.71,24.25,782.46,116227.52
V8-B,502,2024-09-23,VALIDATION,NIFTY50,CE,116227.52,25,1,193.86,4846.5,152.46,222.94,1035.0,4.17,-1034.95,16.97,-1051.92,115175.6
V8-B,503,2024-09-23,VALIDATION,BANKNIFTY,CE,115175.6,15,1,396.65,5949.75,309.98,456.15,1300.05,5.17,892.46,26.84,865.62,116041.22
V8-B,504,2024-09-24,VALIDATION,NIFTY50,CE,116041.22,25,1,189.1,4727.5,150.12,217.46,974.5,4.07,-974.53,16.64,-991.17,115050.05
V8-B,505,2024-09-24,VALIDATION,NIFTY50,CE,115050.05,25,1,192.89,4822.25,153.43,221.82,986.5,4.19,723.34,21.74,701.6,115751.65
V8-B,506,2024-09-24,VALIDATION,NIFTY50,CE,115751.65,25,1,172.33,4308.25,136.7,198.18,890.75,3.72,107.75,17.92,89.83,115841.48
V8-B,507,2024-09-25,VALIDATION,BANKNIFTY,CE,115841.48,15,1,233.62,3504.3,185.0,268.66,729.3,3.03,525.65,15.81,509.83,116351.31
V8-B,508,2024-09-25,VALIDATION,BANKNIFTY,CE,116351.31,15,1,250.67,3760.05,198.84,288.27,777.45,3.23,564.01,16.96,547.05,116898.36
V8-B,509,2024-09-25,VALIDATION,NIFTY50,PE,116898.36,25,1,161.41,4035.25,128.19,185.62,830.5,3.45,-830.52,14.2,-844.72,116053.64
V8-B,510,2024-09-26,VALIDATION,NIFTY50,CE,116053.64,25,1,130.54,3263.5,103.47,150.12,676.75,2.81,489.52,14.72,474.8,116528.44
V8-B,511,2024-09-26,VALIDATION,BANKNIFTY,CE,116528.44,15,1,488.9,7333.5,386.95,562.23,1529.25,6.29,1100.02,33.07,1066.95,117595.39
V8-B,512,2024-09-26,VALIDATION,BANKNIFTY,CE,117595.39,15,1,521.26,7818.9,413.42,599.45,1617.6,6.65,1172.83,35.27,1137.56,118732.95
V8-B,513,2024-09-27,VALIDATION,NIFTY50,CE,118732.95,25,1,276.7,6917.5,219.38,318.2,1433.0,5.83,-1433.08,24.32,-1457.4,117275.55
V8-B,514,2024-09-27,VALIDATION,BANKNIFTY,PE,117275.55,15,1,497.11,7456.65,392.52,571.68,1568.85,6.36,1118.5,33.63,1084.87,118360.42
V8-B,515,2024-09-30,VALIDATION,BANKNIFTY,PE,118360.42,15,1,315.42,4731.3,247.81,362.73,1014.15,4.0,709.69,21.34,688.35,119048.77
V8-B,516,2024-09-30,VALIDATION,NIFTY50,PE,119048.77,25,1,197.96,4949.0,156.87,227.65,1027.25,4.16,742.35,22.32,720.03,119768.8
V8-B,517,2024-09-30,VALIDATION,BANKNIFTY,PE,119768.8,15,1,400.02,6000.3,316.3,460.02,1255.8,5.01,900.04,27.05,873.0,120641.8
V8-B,518,2024-10-01,VALIDATION,NIFTY50,PE,120641.8,25,1,165.46,4136.5,130.64,190.28,870.5,3.43,-870.51,14.5,-885.01,119756.79
V8-B,519,2024-10-01,VALIDATION,NIFTY50,PE,119756.79,25,1,179.64,4491.0,142.24,206.59,935.0,3.75,673.65,20.26,653.39,120410.18
V8-B,520,2024-10-03,VALIDATION,BANKNIFTY,PE,120410.18,15,1,500.13,7501.95,393.5,575.15,1599.45,6.23,1125.29,33.82,1091.47,121501.65
V8-B,521,2024-10-03,VALIDATION,NIFTY50,PE,121501.65,50,2,101.44,5072.0,80.08,116.66,1068.0,4.17,760.8,22.86,737.94,122239.59
V8-B,522,2024-10-03,VALIDATION,BANKNIFTY,PE,122239.59,15,1,550.0,8250.0,432.28,632.5,1765.8,6.75,451.65,35.04,416.61,122656.2
V8-B,523,2024-10-04,VALIDATION,BANKNIFTY,CE,122656.2,15,1,502.05,7530.75,392.06,577.36,1649.85,6.14,1129.61,33.98,1095.63,123751.83
V8-B,524,2024-10-04,VALIDATION,BANKNIFTY,CE,123751.83,15,1,471.5,7072.5,367.29,542.22,1563.15,5.72,1060.87,31.89,1028.98,124780.81
V8-B,525,2024-10-04,VALIDATION,NIFTY50,CE,124780.81,25,1,269.31,6732.75,211.13,309.71,1454.5,5.4,1009.91,30.36,979.55,125760.36
V8-B,526,2024-10-07,VALIDATION,BANKNIFTY,PE,125760.36,15,1,393.05,5895.75,306.87,452.01,1292.7,4.69,-1292.72,20.53,-1313.25,124447.11
V8-B,527,2024-10-07,VALIDATION,NIFTY50,PE,124447.11,25,1,187.92,4698.0,147.56,216.11,1009.0,3.78,704.7,21.18,683.52,125130.63
V8-B,528,2024-10-07,VALIDATION,BANKNIFTY,PE,125130.63,15,1,307.17,4607.55,239.87,353.25,1009.5,3.68,691.13,20.77,670.36,125800.99
V8-B,529,2024-10-08,VALIDATION,BANKNIFTY,CE,125800.99,15,1,267.26,4008.9,204.18,307.35,946.2,3.19,-946.18,13.79,-959.97,124841.02
V8-B,530,2024-10-08,VALIDATION,NIFTY50,CE,124841.02,25,1,151.46,3786.5,118.27,174.18,829.75,3.03,567.97,17.07,550.91,125391.93
V8-B,531,2024-10-08,VALIDATION,NIFTY50,CE,125391.93,25,1,168.05,4201.25,131.8,193.26,906.25,3.35,630.19,18.96,611.23,126003.16
V8-B,532,2024-10-09,VALIDATION,NIFTY50,CE,126003.16,25,1,124.85,3121.25,98.0,143.58,671.25,2.48,-671.17,10.93,-682.1,125321.06
V8-B,533,2024-10-09,VALIDATION,BANKNIFTY,CE,125321.06,15,1,217.36,3260.4,168.79,249.96,728.55,2.6,-728.5,11.34,-739.84,124581.22
V8-B,534,2024-10-09,VALIDATION,BANKNIFTY,CE,124581.22,15,1,222.83,3342.45,173.07,256.25,746.4,2.68,501.37,15.07,486.3,125067.52
V8-B,535,2024-10-10,VALIDATION,NIFTY50,PE,125067.52,50,2,96.62,4831.0,76.15,111.11,1023.5,3.86,-1023.72,16.92,-1040.64,124026.88
V8-B,536,2024-10-10,VALIDATION,NIFTY50,CE,124026.88,50,2,113.41,5670.5,89.3,130.42,1205.5,4.57,-1205.64,19.86,-1225.5,122801.38
V8-B,537,2024-10-10,VALIDATION,BANKNIFTY,CE,122801.38,15,1,553.95,8309.25,435.94,637.04,1770.15,6.77,1246.39,37.47,1208.92,124010.3
V8-B,538,2024-10-11,VALIDATION,NIFTY50,CE,124010.3,25,1,235.78,5894.5,186.54,271.15,1231.0,4.75,-230.75,23.49,-254.24,123756.06
V8-B,539,2024-10-11,VALIDATION,BANKNIFTY,PE,123756.06,15,1,488.52,7327.8,384.95,561.8,1553.55,5.92,-1553.5,25.66,-1579.16,122176.9
V8-B,540,2024-10-11,VALIDATION,BANKNIFTY,PE,122176.9,15,1,432.08,6481.2,341.79,496.89,1354.35,5.3,-430.65,25.33,-455.98,121720.92
V8-B,541,2024-10-14,VALIDATION,NIFTY50,CE,121720.92,25,1,200.16,5004.0,158.23,230.18,1048.25,4.11,750.6,22.57,728.03,122448.95
V8-B,542,2024-10-14,VALIDATION,BANKNIFTY,CE,122448.95,15,1,306.28,4594.2,242.08,352.22,963.0,3.75,689.13,20.72,668.41,123117.36
V8-B,543,2024-10-14,VALIDATION,NIFTY50,CE,123117.36,25,1,199.77,4994.25,158.46,229.74,1032.75,4.06,-1032.74,17.57,-1050.31,122067.05
V8-B,544,2024-10-15,VALIDATION,NIFTY50,PE,122067.05,25,1,196.44,4911.0,155.13,225.91,1032.75,4.02,736.65,22.15,714.5,122781.55
V8-B,545,2024-10-15,VALIDATION,BANKNIFTY,PE,122781.55,15,1,273.92,4108.8,215.83,315.01,871.35,3.35,-871.3,14.38,-885.68,121895.87
V8-B,546,2024-10-15,VALIDATION,NIFTY50,PE,121895.87,25,1,153.06,3826.5,121.26,176.02,795.0,3.14,573.97,17.24,556.73,122452.6
V8-B,547,2024-10-16,VALIDATION,NIFTY50,CE,122452.6,25,1,164.0,4100.0,129.74,188.6,856.5,3.35,-856.61,14.39,-871.0,121581.6
V8-B,548,2024-10-16,VALIDATION,BANKNIFTY,CE,121581.6,15,1,261.27,3919.05,205.79,300.46,832.2,3.22,-832.19,13.72,-845.91,120735.69
V8-B,549,2024-10-16,VALIDATION,NIFTY50,PE,120735.69,25,1,156.91,3922.75,124.38,180.45,813.25,3.25,-813.13,13.8,-826.93,119908.76
V8-B,550,2024-10-17,VALIDATION,NIFTY50,PE,119908.76,50,2,107.78,5389.0,85.1,123.95,1134.0,4.49,808.35,24.3,784.05,120692.81
V8-B,551,2024-10-17,VALIDATION,BANKNIFTY,PE,120692.81,15,1,497.69,7465.35,391.79,572.34,1588.5,6.19,1119.8,33.68,1086.12,121778.93
V8-B,552,2024-10-17,VALIDATION,BANKNIFTY,PE,121778.93,15,1,552.77,8291.55,436.09,635.69,1750.2,6.81,-671.4,32.08,-703.48,121075.45
V8-B,553,2024-10-18,VALIDATION,NIFTY50,CE,121075.45,25,1,250.85,6271.25,197.51,288.48,1333.5,5.18,940.69,28.28,912.41,121987.86
V8-B,554,2024-10-18,VALIDATION,BANKNIFTY,CE,121987.86,15,1,511.12,7666.8,400.94,587.79,1652.7,6.28,1150.02,34.58,1115.44,123103.3
V8-B,555,2024-10-18,VALIDATION,NIFTY50,CE,123103.3,25,1,246.21,6155.25,194.55,283.14,1291.5,5.0,923.29,27.76,895.53,123998.83
V8-B,556,2024-10-21,VALIDATION,NIFTY50,PE,123998.83,25,1,192.41,4810.25,150.66,221.27,1043.75,3.88,721.54,21.68,699.86,124698.69
V8-B,557,2024-10-21,VALIDATION,BANKNIFTY,PE,124698.69,15,1,378.82,5682.3,298.04,435.64,1211.7,4.56,852.34,25.62,826.72,125525.41
V8-B,558,2024-10-21,VALIDATION,NIFTY50,PE,125525.41,25,1,212.77,5319.25,167.99,244.69,1119.5,4.24,-1119.54,18.66,-1138.2,124387.21
V8-B,559,2024-10-22,VALIDATION,BANKNIFTY,CE,124387.21,15,1,341.98,5129.7,267.18,393.28,1122.0,4.12,-1121.99,17.87,-1139.86,123247.35
V8-B,560,2024-10-22,VALIDATION,NIFTY50,CE,123247.35,25,1,190.64,4766.0,149.41,219.24,1030.75,3.87,-1030.66,16.63,-1047.29,122200.06
V8-B,561,2024-10-22,VALIDATION,NIFTY50,PE,122200.06,25,1,152.26,3806.5,119.57,175.1,817.25,3.11,570.97,17.16,553.81,122753.87
V8-B,562,2024-10-23,VALIDATION,NIFTY50,CE,122753.87,25,1,138.96,3474.0,108.65,159.8,757.75,2.83,521.1,15.65,505.45,123259.32
V8-B,563,2024-10-23,VALIDATION,NIFTY50,CE,123259.32,25,1,126.78,3169.5,99.37,145.8,685.25,2.57,475.42,14.31,461.11,123720.43
V8-B,564,2024-10-23,VALIDATION,NIFTY50,CE,123720.43,25,1,164.93,4123.25,129.55,189.67,884.5,3.33,618.49,18.59,599.9,124320.33
V8-B,565,2024-10-24,VALIDATION,NIFTY50,PE,124320.33,25,1,122.41,3060.25,96.41,140.77,650.0,2.46,459.04,13.81,445.23,124765.56
V8-B,566,2024-10-24,VALIDATION,NIFTY50,PE,124765.56,50,2,97.96,4898.0,77.83,112.65,1006.5,3.93,734.7,22.1,712.6,125478.16
V8-B,567,2024-10-24,VALIDATION,BANKNIFTY,CE,125478.16,15,1,512.95,7694.25,404.95,589.89,1620.0,6.13,-586.05,29.85,-615.9,124862.26
V8-B,568,2024-10-25,VALIDATION,NIFTY50,PE,124862.26,25,1,240.28,6007.0,189.25,276.32,1275.75,4.81,901.05,27.09,873.96,125736.22
V8-B,569,2024-10-25,VALIDATION,BANKNIFTY,PE,125736.22,15,1,455.82,6837.3,354.6,524.19,1518.3,5.44,1025.59,30.83,994.76,126730.98
V8-B,570,2024-10-25,VALIDATION,NIFTY50,PE,126730.98,25,1,255.09,6377.25,200.38,293.35,1367.75,5.03,956.59,28.76,927.83,127658.81
V8-B,571,2024-10-28,VALIDATION,BANKNIFTY,CE,127658.81,15,1,336.38,5045.7,261.65,386.84,1120.95,3.95,756.85,22.73,734.13,128392.94
V8-B,572,2024-10-28,VALIDATION,NIFTY50,CE,128392.94,25,1,192.48,4812.0,151.11,221.35,1034.25,3.75,721.8,21.68,700.12,129093.06
V8-B,573,2024-10-28,VALIDATION,BANKNIFTY,CE,129093.06,15,1,330.92,4963.8,257.76,380.56,1097.4,3.85,744.57,22.39,722.18,129815.24
V8-B,574,2024-10-29,VALIDATION,NIFTY50,PE,129815.24,25,1,190.48,4762.0,149.81,219.05,1016.75,3.67,-1016.85,16.65,-1033.5,128781.74
V8-B,575,2024-10-29,VALIDATION,NIFTY50,PE,128781.74,25,1,182.51,4562.75,143.72,209.89,969.75,3.54,-969.85,15.99,-985.84,127795.9
V8-B,576,2024-10-29,VALIDATION,BANKNIFTY,CE,127795.9,15,1,331.38,4970.7,258.39,381.09,1094.85,3.89,745.6,22.4,723.21,128519.11
V8-B,577,2024-10-30,VALIDATION,BANKNIFTY,PE,128519.11,15,1,253.88,3808.2,198.48,291.96,831.0,2.96,571.23,17.16,554.07,129073.18
V8-B,578,2024-10-30,VALIDATION,BANKNIFTY,PE,129073.18,15,1,224.99,3374.85,176.24,258.74,731.25,2.61,506.23,15.23,491.0,129564.18
V8-B,579,2024-10-30,VALIDATION,NIFTY50,CE,129564.18,25,1,134.2,3355.0,106.03,154.33,704.25,2.59,503.25,15.14,488.11,130052.29
V8-B,580,2024-10-31,VALIDATION,NIFTY50,PE,130052.29,50,2,112.0,5600.0,88.38,128.8,1181.0,4.31,840.0,25.25,814.75,130867.04
V8-B,581,2024-10-31,VALIDATION,BANKNIFTY,CE,130867.04,15,1,547.64,8214.6,430.25,629.79,1760.85,6.28,-1760.82,28.71,-1789.53,129077.51
V8-B,582,2024-10-31,VALIDATION,NIFTY50,PE,129077.51,50,2,90.68,4534.0,71.65,104.28,951.5,3.51,680.1,20.43,659.67,129737.18
V8-B,583,2024-11-04,VALIDATION,BANKNIFTY,PE,129737.18,15,1,306.22,4593.3,240.17,352.15,990.75,3.54,688.99,20.72,668.27,130405.45
V8-B,584,2024-11-04,VALIDATION,BANKNIFTY,PE,130405.45,15,1,369.08,5536.2,290.43,424.44,1179.75,4.25,830.43,24.96,805.47,131210.92
V8-B,585,2024-11-04,VALIDATION,NIFTY50,PE,131210.92,25,1,176.49,4412.25,138.72,202.96,944.25,3.36,-944.35,15.43,-959.78,130251.14
V8-B,586,2024-11-05,VALIDATION,BANKNIFTY,CE,130251.14,15,1,275.73,4135.95,215.25,317.09,907.2,3.18,620.39,18.65,601.74,130852.88
V8-B,587,2024-11-05,VALIDATION,BANKNIFTY,PE,130852.88,15,1,265.44,3981.6,206.53,305.26,883.65,3.04,-883.66,13.85,-897.51,129955.37
V8-B,588,2024-11-05,VALIDATION,NIFTY50,PE,129955.37,25,1,161.06,4026.5,126.59,185.22,861.75,3.1,-861.77,14.1,-875.87,129079.5
V8-C,1,2024-01-01,DEVELOPMENT,NIFTY50,CE,100000.0,25,1,213.52,5338.0,169.57,245.55,1098.75,5.34,800.7,24.08,776.62,100776.62
V8-C,2,2024-01-01,DEVELOPMENT,BANKNIFTY,CE,100776.62,15,1,454.68,6820.2,360.37,522.88,1414.65,6.77,1023.03,30.74,992.29,101768.91
V8-C,3,2024-01-01,DEVELOPMENT,NIFTY50,CE,101768.91,25,1,241.6,6040.0,191.75,277.84,1246.25,5.94,-1246.2,21.25,-1267.45,100501.46
V8-C,4,2024-01-02,DEVELOPMENT,NIFTY50,PE,100501.46,25,1,198.57,4964.25,156.41,228.36,1054.0,4.94,744.64,22.39,722.25,101223.71
V8-C,5,2024-01-02,DEVELOPMENT,BANKNIFTY,PE,101223.71,15,1,411.34,6170.1,324.12,473.04,1308.3,6.1,925.51,27.82,897.69,102121.4
V8-C,6,2024-01-02,DEVELOPMENT,NIFTY50,PE,102121.4,25,1,192.27,4806.75,152.03,221.11,1006.0,4.71,-1006.12,16.86,-1022.98,101098.42
V8-C,7,2024-01-03,DEVELOPMENT,BANKNIFTY,PE,101098.42,15,1,337.36,5060.4,265.14,387.96,1083.3,5.01,-1083.25,17.7,-1100.95,99997.47
V8-C,8,2024-01-03,DEVELOPMENT,NIFTY50,PE,99997.47,25,1,195.39,4884.75,154.26,224.7,1028.25,4.88,732.71,22.03,710.68,100708.15
V8-C,9,2024-01-03,DEVELOPMENT,NIFTY50,PE,100708.15,25,1,158.36,3959.0,125.35,182.11,825.25,3.93,593.85,17.87,575.98,101284.13
V8-C,10,2024-01-04,DEVELOPMENT,BANKNIFTY,CE,101284.13,15,1,547.55,8213.25,432.62,629.68,1723.95,8.11,1231.99,37.05,1194.94,102479.07
V8-C,11,2024-01-04,DEVELOPMENT,NIFTY50,CE,102479.07,25,1,132.11,3302.75,104.83,151.93,682.0,3.22,495.41,14.9,480.51,102959.58
V8-C,12,2024-01-04,DEVELOPMENT,NIFTY50,CE,102959.58,25,1,138.63,3465.75,110.1,159.42,713.25,3.37,519.86,15.64,504.22,103463.8
V8-C,13,2024-01-05,DEVELOPMENT,BANKNIFTY,PE,103463.8,15,1,551.62,8274.3,435.56,634.36,1740.9,8.0,1241.14,37.3,1203.85,104667.65
V8-C,14,2024-01-05,DEVELOPMENT,NIFTY50,PE,104667.65,25,1,283.89,7097.25,225.21,326.47,1467.0,6.78,1064.59,32.01,1032.58,105700.23
V8-C,15,2024-01-05,DEVELOPMENT,BANKNIFTY,PE,105700.23,15,1,551.2,8268.0,436.55,633.88,1719.75,7.82,1240.2,37.29,1202.91,106903.14
V8-C,16,2024-01-08,DEVELOPMENT,NIFTY50,PE,106903.14,25,1,248.77,6219.25,196.23,286.09,1313.5,5.82,932.89,28.06,904.83,107807.97
V8-C,17,2024-01-08,DEVELOPMENT,BANKNIFTY,PE,107807.97,15,1,417.76,6266.4,328.87,480.42,1333.35,5.81,939.96,28.27,911.69,108719.66
V8-C,18,2024-01-08,DEVELOPMENT,NIFTY50,PE,108719.66,25,1,238.64,5966.0,188.6,274.44,1251.0,5.49,894.9,26.89,868.01,109587.67
V8-C,19,2024-01-09,DEVELOPMENT,BANKNIFTY,CE,109587.67,15,1,401.72,6025.8,316.47,461.98,1278.75,5.5,-1278.72,21.11,-1299.83,108287.84
V8-C,20,2024-01-09,DEVELOPMENT,NIFTY50,CE,108287.84,25,1,193.85,4846.25,153.43,222.93,1010.5,4.48,726.94,21.86,705.08,108992.92
V8-C,21,2024-01-09,DEVELOPMENT,BANKNIFTY,CE,108992.92,15,1,335.07,5026.05,265.26,385.33,1047.15,4.61,-1047.21,17.65,-1064.86,107928.06
V8-C,22,2024-01-10,DEVELOPMENT,BANKNIFTY,CE,107928.06,15,1,317.17,4757.55,250.07,364.75,1006.5,4.41,-1006.43,16.66,-1023.09,106904.97
V8-C,23,2024-01-10,DEVELOPMENT,BANKNIFTY,CE,106904.97,15,1,307.89,4618.35,242.79,354.07,976.5,4.32,692.75,20.82,671.93,107576.9
V8-C,24,2024-01-10,DEVELOPMENT,BANKNIFTY,CE,107576.9,15,1,268.57,4028.55,211.6,308.86,854.55,3.74,48.3,16.62,31.68,107608.58
V8-C,25,2024-01-11,DEVELOPMENT,NIFTY50,PE,107608.58,25,1,133.16,3329.0,105.84,153.13,683.0,3.09,499.35,15.02,484.33,108092.91
V8-C,26,2024-01-11,DEVELOPMENT,NIFTY50,PE,108092.91,25,1,146.68,3667.0,116.14,168.68,763.5,3.39,76.0,15.23,60.77,108153.68
V8-C,27,2024-01-11,DEVELOPMENT,BANKNIFTY,PE,108153.68,15,1,568.99,8534.85,447.88,654.34,1816.65,7.89,-602.1,33.26,-635.36,107518.32
V8-C,28,2024-01-12,DEVELOPMENT,NIFTY50,CE,107518.32,25,1,255.71,6392.75,202.59,294.07,1328.0,5.95,958.91,28.82,930.09,108448.41
V8-C,29,2024-01-12,DEVELOPMENT,BANKNIFTY,CE,108448.41,15,1,575.83,8637.45,455.12,662.2,1810.65,7.96,1295.62,38.97,1256.65,109705.06
V8-C,30,2024-01-12,DEVELOPMENT,NIFTY50,CE,109705.06,25,1,252.89,6322.25,200.63,290.82,1306.5,5.76,948.34,28.52,919.82,110624.88
V8-C,31,2024-01-15,DEVELOPMENT,BANKNIFTY,CE,110624.88,15,1,444.03,6660.45,348.25,510.63,1436.7,6.02,999.07,30.03,969.04,111593.92
V8-C,32,2024-01-15,DEVELOPMENT,BANKNIFTY,CE,111593.92,15,1,468.97,7034.55,370.83,539.32,1472.1,6.3,-1472.12,24.69,-1496.81,110097.11
V8-C,33,2024-01-15,DEVELOPMENT,BANKNIFTY,CE,110097.11,15,1,427.64,6414.6,338.23,491.79,1341.15,5.83,962.19,28.94,933.25,111030.36
V8-C,34,2024-01-16,DEVELOPMENT,NIFTY50,CE,111030.36,25,1,193.96,4849.0,153.18,223.05,1019.5,4.37,727.35,21.86,705.49,111735.85
V8-C,35,2024-01-16,DEVELOPMENT,BANKNIFTY,CE,111735.85,15,1,361.15,5417.25,285.02,415.32,1141.95,4.85,-1141.96,19.0,-1160.96,110574.89
V8-C,36,2024-01-16,DEVELOPMENT,NIFTY50,CE,110574.89,25,1,217.44,5436.0,172.35,250.06,1127.25,4.92,-1127.27,19.09,-1146.36,109428.53
V8-C,37,2024-01-17,DEVELOPMENT,BANKNIFTY,PE,109428.53,15,1,267.94,4019.1,210.37,308.13,863.55,3.67,602.86,18.12,584.74,110013.27
V8-C,38,2024-01-17,DEVELOPMENT,BANKNIFTY,PE,110013.27,15,1,330.99,4964.85,259.84,380.64,1067.25,4.51,744.73,22.39,722.34,110735.61
V8-C,39,2024-01-18,DEVELOPMENT,NIFTY50,PE,110735.61,25,1,151.02,3775.5,117.97,173.67,826.25,3.41,-826.23,13.14,-839.37,109896.24
V8-C,40,2024-01-18,DEVELOPMENT,NIFTY50,CE,109896.24,25,1,130.73,3268.25,102.48,150.34,706.25,2.97,-706.14,11.42,-717.56,109178.68
V8-C,41,2024-01-18,DEVELOPMENT,BANKNIFTY,CE,109178.68,15,1,566.45,8496.75,440.66,651.42,1886.85,7.78,1274.51,38.31,1236.2,110414.88
V8-C,42,2024-01-19,DEVELOPMENT,NIFTY50,CE,110414.88,25,1,246.88,6172.0,195.0,283.91,1297.0,5.59,235.25,25.92,209.33,110624.21
V8-C,43,2024-01-19,DEVELOPMENT,BANKNIFTY,CE,110624.21,15,1,502.34,7535.1,393.59,577.69,1631.25,6.81,1130.26,33.99,1096.27,111720.48
V8-C,44,2024-01-19,DEVELOPMENT,BANKNIFTY,PE,111720.48,15,1,574.09,8611.35,451.24,660.2,1842.75,7.71,1291.7,38.84,1252.86,112973.34
V8-C,45,2024-01-20,DEVELOPMENT,NIFTY50,PE,112973.34,25,1,263.74,6593.5,209.24,303.3,1362.5,5.84,989.02,29.73,959.29,113932.63
V8-C,46,2024-01-20,DEVELOPMENT,BANKNIFTY,PE,113932.63,15,1,480.72,7210.8,375.95,552.83,1571.55,6.33,-1571.52,25.16,-1596.68,112335.95
V8-C,47,2024-01-20,DEVELOPMENT,NIFTY50,PE,112335.95,25,1,256.66,6416.5,203.16,295.16,1337.5,5.71,962.47,28.94,933.53,113269.48
V8-C,48,2024-01-23,DEVELOPMENT,NIFTY50,PE,113269.48,25,1,198.85,4971.25,156.21,228.68,1066.0,4.39,745.69,22.41,723.28,113992.76
V8-C,49,2024-01-23,DEVELOPMENT,BANKNIFTY,PE,113992.76,15,1,349.31,5239.65,272.15,401.71,1157.4,4.6,785.95,23.63,762.32,114755.08
V8-C,50,2024-01-23,DEVELOPMENT,BANKNIFTY,PE,114755.08,15,1,404.16,6062.4,315.07,464.78,1336.35,5.28,909.36,27.34,882.02,115637.1
V8-C,51,2024-01-24,DEVELOPMENT,NIFTY50,CE,115637.1,25,1,166.07,4151.75,129.91,190.98,904.0,3.59,-904.08,14.47,-918.55,114718.55
V8-C,52,2024-01-24,DEVELOPMENT,BANKNIFTY,CE,114718.55,15,1,337.53,5062.95,260.52,388.16,1155.15,4.41,-1155.22,17.52,-1172.74,113545.81
V8-C,53,2024-01-24,DEVELOPMENT,NIFTY50,CE,113545.81,25,1,159.6,3990.0,125.02,183.54,864.5,3.51,-864.38,13.93,-878.31,112667.5
V8-C,54,2024-01-25,DEVELOPMENT,BANKNIFTY,PE,112667.5,15,1,595.24,8928.6,462.07,684.53,1997.55,7.92,1339.29,40.27,1299.02,113966.52
V8-C,55,2024-01-25,DEVELOPMENT,BANKNIFTY,PE,113966.52,15,1,549.11,8236.65,427.79,631.48,1819.8,7.23,-1819.73,28.66,-1848.39,112118.13
V8-C,56,2024-01-25,DEVELOPMENT,NIFTY50,PE,112118.13,25,1,148.04,3701.0,116.38,170.25,791.5,3.3,-791.61,12.95,-804.56,111313.57
V8-C,57,2024-01-29,DEVELOPMENT,NIFTY50,CE,111313.57,25,1,209.25,5231.25,164.82,240.64,1110.75,4.7,784.69,23.58,761.11,112074.68
V8-C,58,2024-01-29,DEVELOPMENT,BANKNIFTY,CE,112074.68,15,1,402.68,6040.2,314.39,463.08,1324.35,5.39,906.03,27.23,878.8,112953.48
V8-C,59,2024-01-29,DEVELOPMENT,BANKNIFTY,CE,112953.48,15,1,417.37,6260.55,326.55,479.98,1362.3,5.54,-1362.23,21.84,-1384.07,111569.41
V8-C,60,2024-01-30,DEVELOPMENT,BANKNIFTY,PE,111569.41,15,1,368.88,5533.2,288.78,424.21,1201.5,4.96,829.98,24.95,805.03,112374.44
V8-C,61,2024-01-30,DEVELOPMENT,NIFTY50,PE,112374.44,25,1,198.88,4972.0,156.98,228.71,1047.5,4.42,745.8,22.41,723.39,113097.83
V8-C,62,2024-01-30,DEVELOPMENT,NIFTY50,PE,113097.83,25,1,215.89,5397.25,170.72,248.27,1129.25,4.77,809.59,24.33,785.26,113883.09
V8-C,63,2024-01-31,DEVELOPMENT,BANKNIFTY,CE,113883.09,15,1,349.63,5244.45,274.11,402.07,1132.8,4.61,-1132.81,18.33,-1151.14,112731.95
V8-C,64,2024-01-31,DEVELOPMENT,BANKNIFTY,CE,112731.95,15,1,318.49,4777.35,249.34,366.26,1037.25,4.24,716.6,21.55,695.05,113427.0
V8-C,65,2024-01-31,DEVELOPMENT,NIFTY50,CE,113427.0,25,1,198.17,4954.25,156.47,227.9,1042.5,4.37,743.14,22.36,720.78,114147.78
V8-C,66,2024-02-01,DEVELOPMENT,BANKNIFTY,PE,114147.78,15,1,567.54,8513.1,442.12,652.67,1881.3,7.46,-1881.28,29.61,-1910.89,112236.89
V8-C,67,2024-02-01,DEVELOPMENT,NIFTY50,CE,112236.89,25,1,149.23,3730.75,117.66,171.61,789.25,3.32,559.61,16.83,542.78,112779.67
V8-C,68,2024-02-01,DEVELOPMENT,NIFTY50,CE,112779.67,25,1,147.0,3675.0,115.3,169.05,792.5,3.26,551.25,16.57,534.68,113314.35
V8-C,69,2024-02-02,DEVELOPMENT,NIFTY50,CE,113314.35,25,1,257.38,6434.5,202.71,295.99,1366.75,5.68,965.17,29.01,936.16,114250.51
V8-C,70,2024-02-02,DEVELOPMENT,NIFTY50,CE,114250.51,25,1,282.73,7068.25,223.03,325.14,1492.5,6.19,-1492.49,24.76,-1517.25,112733.26
V8-C,71,2024-02-02,DEVELOPMENT,BANKNIFTY,CE,112733.26,15,1,537.98,8069.7,419.58,618.68,1776.0,7.16,-1775.99,28.08,-1804.07,110929.19
V8-C,72,2024-02-05,DEVELOPMENT,NIFTY50,CE,110929.19,25,1,204.07,5101.75,159.9,234.68,1104.25,4.6,765.26,22.99,742.27,111671.46
V8-C,73,2024-02-05,DEVELOPMENT,NIFTY50,CE,111671.46,25,1,207.68,5192.0,163.9,238.83,1094.5,4.65,-1094.45,18.2,-1112.65,110558.81
V8-C,74,2024-02-05,DEVELOPMENT,BANKNIFTY,CE,110558.81,15,1,391.1,5866.5,307.64,449.76,1251.9,5.31,-1251.94,20.53,-1272.47,109286.34
V8-C,75,2024-02-06,DEVELOPMENT,BANKNIFTY,PE,109286.34,15,1,362.92,5443.8,284.99,417.36,1168.95,4.98,-1168.97,19.02,-1187.99,108098.35
V8-C,76,2024-02-06,DEVELOPMENT,NIFTY50,CE,108098.35,25,1,226.56,5664.0,179.38,260.54,1179.5,5.24,584.5,24.81,559.69,108658.04
V8-C,77,2024-02-07,DEVELOPMENT,NIFTY50,PE,108658.04,25,1,195.51,4887.75,154.19,224.84,1033.0,4.5,-1033.05,17.12,-1050.17,107607.87
V8-C,78,2024-02-07,DEVELOPMENT,BANKNIFTY,PE,107607.87,15,1,289.87,4348.05,228.2,333.35,925.05,4.04,-924.98,15.23,-940.21,106667.66
V8-C,79,2024-02-08,DEVELOPMENT,BANKNIFTY,CE,106667.66,15,1,584.69,8770.35,457.76,672.39,1903.95,8.22,-1903.91,30.6,-1934.51,104733.15
V8-C,80,2024-02-08,DEVELOPMENT,NIFTY50,PE,104733.15,25,1,141.7,3542.5,111.52,162.95,754.5,3.38,531.37,15.98,515.39,105248.54
V8-C,81,2024-02-08,DEVELOPMENT,BANKNIFTY,PE,105248.54,15,1,510.9,7663.5,397.73,587.53,1697.55,7.28,1149.52,34.57,1114.95,106363.49
V8-C,82,2024-02-09,DEVELOPMENT,BANKNIFTY,CE,106363.49,15,1,487.57,7313.55,380.32,560.71,1608.75,6.88,-1608.81,25.46,-1634.27,104729.22
V8-C,83,2024-02-09,DEVELOPMENT,NIFTY50,PE,104729.22,25,1,254.02,6350.5,199.94,292.12,1352.0,6.06,-1352.11,22.21,-1374.32,103354.9
V8-C,84,2024-02-12,DEVELOPMENT,BANKNIFTY,PE,103354.9,15,1,402.25,6033.75,315.31,462.59,1304.1,5.84,-1304.04,21.06,-1325.1,102029.8
V8-C,85,2024-02-12,DEVELOPMENT,BANKNIFTY,PE,102029.8,15,1,408.67,6130.05,320.35,469.97,1324.8,6.01,919.51,27.63,891.88,102921.68
V8-C,86,2024-02-12,DEVELOPMENT,NIFTY50,PE,102921.68,25,1,215.19,5379.75,169.52,247.47,1141.75,5.23,806.96,24.25,782.71,103704.39
V8-C,87,2024-02-13,DEVELOPMENT,NIFTY50,CE,103704.39,25,1,220.44,5511.0,173.06,253.51,1184.5,5.31,826.65,24.84,801.81,104506.2
V8-C,88,2024-02-13,DEVELOPMENT,BANKNIFTY,CE,104506.2,15,1,362.25,5433.75,283.56,416.59,1180.35,5.2,-1180.41,18.94,-1199.35,103306.85
V8-C,89,2024-02-13,DEVELOPMENT,NIFTY50,CE,103306.85,25,1,190.79,4769.75,150.23,219.41,1014.0,4.62,-1014.06,16.69,-1030.75,102276.1
V8-C,90,2024-02-14,DEVELOPMENT,BANKNIFTY,CE,102276.1,15,1,274.08,4111.2,213.96,315.19,901.8,4.02,-901.85,14.31,-916.16,101359.94
V8-C,91,2024-02-14,DEVELOPMENT,BANKNIFTY,CE,101359.94,15,1,314.38,4715.7,245.75,361.54,1029.45,4.65,707.35,21.26,686.09,102046.03
V8-C,92,2024-02-14,DEVELOPMENT,BANKNIFTY,CE,102046.03,15,1,337.48,5062.2,264.18,388.1,1099.5,4.96,759.33,22.82,736.51,102782.54
V8-C,93,2024-02-15,DEVELOPMENT,BANKNIFTY,PE,102782.54,15,1,539.87,8098.05,417.46,620.85,1836.15,7.88,1214.71,36.53,1178.18,103960.72
V8-C,94,2024-02-15,DEVELOPMENT,BANKNIFTY,PE,103960.72,15,1,515.08,7726.2,399.31,592.34,1736.55,7.43,-1736.48,26.78,-1763.26,102197.46
V8-C,95,2024-02-15,DEVELOPMENT,NIFTY50,PE,102197.46,25,1,139.32,3483.0,110.07,160.22,731.25,3.41,-731.29,12.22,-743.51,101453.95
V8-C,96,2024-02-16,DEVELOPMENT,NIFTY50,CE,101453.95,25,1,261.36,6534.0,206.72,300.56,1366.0,6.44,-195.75,26.21,-221.96,101231.99
V8-C,97,2024-02-16,DEVELOPMENT,BANKNIFTY,CE,101231.99,15,1,573.67,8605.05,449.79,659.72,1858.2,8.5,1290.76,38.8,1251.96,102483.95
V8-C,98,2024-02-19,DEVELOPMENT,NIFTY50,PE,102483.95,25,1,235.44,5886.0,186.08,270.76,1234.0,5.74,-1234.07,20.66,-1254.73,101229.22
V8-C,99,2024-02-19,DEVELOPMENT,BANKNIFTY,PE,101229.22,15,1,430.01,6450.15,337.2,494.51,1392.15,6.37,-1392.2,22.51,-1414.71,99814.51
V8-C,100,2024-02-20,DEVELOPMENT,BANKNIFTY,CE,99814.51,15,1,349.43,5241.45,273.61,401.84,1137.3,5.25,786.22,23.63,762.59,100577.1
V8-C,101,2024-02-20,DEVELOPMENT,NIFTY50,CE,100577.1,25,1,206.55,5163.75,163.31,237.53,1081.0,5.13,774.56,23.28,751.28,101328.38
V8-C,102,2024-02-20,DEVELOPMENT,BANKNIFTY,CE,101328.38,15,1,334.58,5018.7,263.12,384.77,1071.9,4.95,752.8,22.65,730.15,102058.53
V8-C,103,2024-02-21,DEVELOPMENT,NIFTY50,PE,102058.53,25,1,176.5,4412.5,139.46,202.97,926.0,4.32,661.87,19.89,641.99,102700.52
V8-C,104,2024-02-21,DEVELOPMENT,BANKNIFTY,PE,102700.52,15,1,281.08,4216.2,220.16,323.24,913.8,4.11,-913.77,14.71,-928.48,101772.04
V8-C,105,2024-02-21,DEVELOPMENT,NIFTY50,PE,101772.04,25,1,170.86,4271.5,135.26,196.49,890.0,4.2,640.72,19.26,621.47,102393.51
V8-C,106,2024-02-22,DEVELOPMENT,NIFTY50,PE,102393.51,25,1,125.26,3131.5,98.25,144.05,675.25,3.06,469.73,14.12,455.61,102849.12
V8-C,107,2024-02-22,DEVELOPMENT,NIFTY50,PE,102849.12,25,1,171.51,4287.75,134.66,197.24,921.25,4.17,-921.19,15.0,-936.19,101912.93
V8-C,108,2024-02-22,DEVELOPMENT,NIFTY50,PE,101912.93,25,1,133.39,3334.75,105.14,153.4,706.25,3.27,500.21,15.03,485.18,102398.11
V8-C,109,2024-02-23,DEVELOPMENT,BANKNIFTY,CE,102398.11,15,1,546.2,8193.0,427.82,628.13,1775.7,8.0,1228.95,36.95,1192.0,103590.11
V8-C,110,2024-02-23,DEVELOPMENT,BANKNIFTY,PE,103590.11,15,1,505.79,7586.85,394.79,581.66,1665.0,7.32,1138.03,34.23,1103.8,104693.91
V8-C,111,2024-02-23,DEVELOPMENT,NIFTY50,PE,104693.91,25,1,252.9,6322.5,200.28,290.83,1315.5,6.04,189.25,26.4,162.85,104856.76
V8-C,112,2024-02-26,DEVELOPMENT,NIFTY50,PE,104856.76,25,1,214.89,5372.25,170.05,247.12,1121.0,5.12,805.84,24.24,781.6,105638.36
V8-C,113,2024-02-26,DEVELOPMENT,BANKNIFTY,PE,105638.36,15,1,408.37,6125.55,321.9,469.63,1297.05,5.8,918.83,27.61,891.22,106529.58
V8-C,114,2024-02-26,DEVELOPMENT,BANKNIFTY,PE,106529.58,15,1,446.11,6691.65,352.03,513.03,1411.2,6.28,-1411.27,23.47,-1434.74,105094.84
V8-C,115,2024-02-27,DEVELOPMENT,NIFTY50,CE,105094.84,25,1,231.71,5792.75,183.19,266.47,1213.0,5.51,868.91,26.13,842.78,105937.62
V8-C,116,2024-02-27,DEVELOPMENT,BANKNIFTY,PE,105937.62,15,1,414.45,6216.75,326.69,476.62,1316.4,5.87,-1316.45,21.78,-1338.23,104599.39
V8-C,117,2024-02-27,DEVELOPMENT,NIFTY50,CE,104599.39,25,1,195.23,4880.75,154.75,224.51,1012.0,4.67,732.11,22.02,710.09,105309.48
V8-C,118,2024-02-28,DEVELOPMENT,BANKNIFTY,CE,105309.48,15,1,268.93,4033.95,209.97,309.27,884.4,3.83,-884.37,14.04,-898.41,104411.07
V8-C,119,2024-02-28,DEVELOPMENT,BANKNIFTY,PE,104411.07,15,1,326.45,4896.75,255.47,375.42,1064.7,4.69,-1064.71,17.07,-1081.78,103329.29
V8-C,120,2024-02-28,DEVELOPMENT,BANKNIFTY,PE,103329.29,15,1,271.71,4075.65,213.1,312.47,879.15,3.94,611.35,18.38,592.97,103922.26
V8-C,121,2024-02-29,DEVELOPMENT,BANKNIFTY,PE,103922.26,15,1,580.77,8711.55,451.76,667.89,1935.15,8.38,-1935.09,30.26,-1965.35,101956.91
V8-C,122,2024-02-29,DEVELOPMENT,NIFTY50,CE,101956.91,25,1,160.44,4011.0,125.85,184.51,864.75,3.93,601.65,18.08,583.57,102540.48
V8-C,123,2024-02-29,DEVELOPMENT,NIFTY50,CE,102540.48,25,1,148.78,3719.5,117.11,171.1,791.75,3.63,-791.77,13.01,-804.78,101735.7
V8-C,124,2024-03-01,DEVELOPMENT,NIFTY50,CE,101735.7,25,1,266.59,6664.75,210.65,306.58,1398.5,6.55,999.71,30.04,969.67,102705.37
V8-C,125,2024-03-01,DEVELOPMENT,NIFTY50,CE,102705.37,25,1,261.37,6534.25,206.58,300.58,1369.75,6.36,980.14,29.45,950.69,103656.06
V8-C,126,2024-03-01,DEVELOPMENT,BANKNIFTY,CE,103656.06,15,1,568.88,8533.2,448.23,654.21,1809.75,8.23,1279.98,38.47,1241.51,104897.57
V8-C,127,2024-03-04,DEVELOPMENT,NIFTY50,PE,104897.57,25,1,231.38,5784.5,183.05,266.09,1208.25,5.51,-4.75,23.65,-28.4,104869.17
V8-C,128,2024-03-04,DEVELOPMENT,BANKNIFTY,CE,104869.17,15,1,457.58,6863.7,359.33,526.22,1473.75,6.55,1029.56,30.96,998.6,105867.77
V8-C,129,2024-03-04,DEVELOPMENT,BANKNIFTY,CE,105867.77,15,1,434.03,6510.45,342.98,499.13,1365.75,6.15,976.57,29.36,947.21,106814.98
V8-C,130,2024-03-05,DEVELOPMENT,BANKNIFTY,CE,106814.98,15,1,337.31,5059.65,266.44,387.91,1063.05,4.74,758.95,22.82,736.13,107551.11
V8-C,131,2024-03-05,DEVELOPMENT,BANKNIFTY,CE,107551.11,15,1,379.64,5694.6,300.22,436.59,1191.3,5.29,854.19,25.67,828.52,108379.63
V8-C,132,2024-03-05,DEVELOPMENT,NIFTY50,PE,108379.63,25,1,194.48,4862.0,154.16,223.65,1008.0,4.49,-1008.08,17.1,-1025.18,107354.45
V8-C,133,2024-03-06,DEVELOPMENT,NIFTY50,PE,107354.45,25,1,175.09,4377.25,137.53,201.35,939.0,4.08,656.59,19.75,636.84,107991.29
V8-C,134,2024-03-06,DEVELOPMENT,NIFTY50,PE,107991.29,25,1,203.25,5081.25,159.76,233.74,1087.25,4.71,762.19,22.91,739.28,108730.57
V8-C,135,2024-03-06,DEVELOPMENT,BANKNIFTY,CE,108730.57,15,1,270.36,4055.4,210.72,310.91,894.6,3.73,608.31,18.29,590.02,109320.59
V8-C,136,2024-03-07,DEVELOPMENT,BANKNIFTY,PE,109320.59,15,1,595.83,8937.45,469.23,685.2,1899.0,8.18,1340.62,40.31,1300.31,110620.9
V8-C,137,2024-03-07,DEVELOPMENT,BANKNIFTY,PE,110620.9,15,1,540.77,8111.55,427.9,621.89,1693.05,7.33,-1693.05,28.49,-1721.54,108899.36
V8-C,138,2024-03-11,DEVELOPMENT,NIFTY50,PE,108899.36,25,1,230.49,5762.25,182.33,265.06,1204.0,5.29,864.34,25.97,838.37,109737.73
V8-C,139,2024-03-11,DEVELOPMENT,BANKNIFTY,PE,109737.73,15,1,470.52,7057.8,371.35,541.1,1487.55,6.43,1058.67,31.84,1026.83,110764.56
V8-C,140,2024-03-11,DEVELOPMENT,BANKNIFTY,PE,110764.56,15,1,409.0,6135.0,323.28,470.35,1285.8,5.54,920.25,27.67,892.58,111657.14
V8-C,141,2024-03-12,DEVELOPMENT,NIFTY50,CE,111657.14,25,1,222.2,5555.0,175.36,255.53,1171.0,4.98,-1171.08,19.48,-1190.56,110466.58
V8-C,142,2024-03-12,DEVELOPMENT,NIFTY50,PE,110466.58,25,1,202.97,5074.25,159.22,233.42,1093.75,4.59,761.14,22.86,738.28,111204.86
V8-C,143,2024-03-12,DEVELOPMENT,BANKNIFTY,CE,111204.86,15,1,379.5,5692.5,294.06,436.42,1281.6,5.12,-1281.63,19.73,-1301.36,109903.5
V8-C,144,2024-03-13,DEVELOPMENT,NIFTY50,PE,109903.5,25,1,170.18,4254.5,133.81,195.71,909.25,3.87,638.17,19.18,619.0,110522.5
V8-C,145,2024-03-13,DEVELOPMENT,NIFTY50,PE,110522.5,25,1,185.03,4625.75,145.57,212.78,986.5,4.19,693.86,20.85,673.01,111195.51
V8-C,146,2024-03-13,DEVELOPMENT,BANKNIFTY,PE,111195.51,15,1,289.24,4338.6,226.89,332.63,935.25,3.9,650.79,19.55,631.24,111826.75
V8-C,147,2024-03-14,DEVELOPMENT,NIFTY50,CE,111826.75,25,1,154.28,3857.0,120.9,177.42,834.5,3.45,578.55,17.41,561.14,112387.89
V8-C,148,2024-03-14,DEVELOPMENT,BANKNIFTY,CE,112387.89,15,1,558.72,8380.8,435.72,642.53,1845.0,7.46,1257.12,37.8,1219.32,113607.21
V8-C,149,2024-03-14,DEVELOPMENT,BANKNIFTY,CE,113607.21,15,1,598.82,8982.3,469.44,688.64,1940.7,7.91,-1940.63,31.36,-1971.99,111635.22
V8-C,150,2024-03-15,DEVELOPMENT,NIFTY50,PE,111635.22,25,1,281.65,7041.25,221.3,323.9,1508.75,6.31,1056.19,31.76,1024.43,112659.65
V8-C,151,2024-03-15,DEVELOPMENT,NIFTY50,PE,112659.65,25,1,281.52,7038.0,221.8,323.75,1493.0,6.25,-1493.05,24.65,-1517.7,111141.95
V8-C,152,2024-03-15,DEVELOPMENT,BANKNIFTY,PE,111141.95,15,1,527.22,7908.3,412.67,606.3,1718.25,7.12,-1718.21,27.59,-1745.8,109396.15
V8-C,153,2024-03-18,DEVELOPMENT,BANKNIFTY,PE,109396.15,15,1,381.74,5726.1,297.15,439.0,1268.85,5.23,858.91,25.83,833.08,110229.23
V8-C,154,2024-03-18,DEVELOPMENT,NIFTY50,PE,110229.23,25,1,214.62,5365.5,168.78,246.81,1146.0,4.87,-1146.02,18.77,-1164.79,109064.44
V8-C,155,2024-03-18,DEVELOPMENT,BANKNIFTY,PE,109064.44,15,1,419.0,6285.0,327.62,481.85,1370.7,5.76,-1370.7,21.91,-1392.61,107671.83
V8-C,156,2024-03-19,DEVELOPMENT,NIFTY50,PE,107671.83,25,1,181.88,4547.0,143.13,209.16,968.75,4.22,682.05,20.51,661.54,108333.37
V8-C,157,2024-03-19,DEVELOPMENT,BANKNIFTY,PE,108333.37,15,1,417.63,6264.45,327.04,480.27,1358.85,5.78,939.67,28.25,911.42,109244.79
V8-C,158,2024-03-19,DEVELOPMENT,NIFTY50,PE,109244.79,25,1,203.87,5096.75,161.05,234.45,1070.5,4.67,764.51,22.98,741.53,109986.32
V8-C,159,2024-03-20,DEVELOPMENT,BANKNIFTY,CE,109986.32,15,1,305.83,4587.45,239.84,351.7,989.85,4.17,-989.87,16.02,-1005.89,108980.43
V8-C,160,2024-03-20,DEVELOPMENT,NIFTY50,PE,108980.43,25,1,191.25,4781.25,150.41,219.94,1021.0,4.39,717.19,21.56,695.63,109676.06
V8-C,161,2024-03-20,DEVELOPMENT,BANKNIFTY,PE,109676.06,15,1,332.54,4988.1,259.43,382.42,1096.65,4.55,-1096.6,17.37,-1113.97,108562.09
V8-C,162,2024-03-21,DEVELOPMENT,NIFTY50,CE,108562.09,25,1,137.95,3448.75,109.19,158.64,719.0,3.18,-719.06,12.11,-731.17,107830.92
V8-C,163,2024-03-21,DEVELOPMENT,BANKNIFTY,CE,107830.92,15,1,610.55,9158.25,480.08,702.13,1957.05,8.49,-1956.99,32.04,-1989.03,105841.89
V8-C,164,2024-03-22,DEVELOPMENT,BANKNIFTY,CE,105841.89,15,1,522.85,7842.75,409.13,601.28,1705.8,7.41,1176.41,35.38,1141.03,106982.92
V8-C,165,2024-03-22,DEVELOPMENT,BANKNIFTY,CE,106982.92,15,1,524.46,7866.9,410.34,603.13,1711.8,7.35,1180.03,35.49,1144.54,108127.46
V8-C,166,2024-03-22,DEVELOPMENT,NIFTY50,CE,108127.46,25,1,260.45,6511.25,204.8,299.52,1391.25,6.02,976.69,29.36,947.33,109074.79
V8-C,167,2024-03-27,DEVELOPMENT,NIFTY50,CE,109074.79,25,1,183.33,4583.25,145.22,210.83,952.75,4.2,687.49,20.69,666.8,109741.59
V8-C,168,2024-03-27,DEVELOPMENT,BANKNIFTY,CE,109741.59,15,1,303.54,4553.1,239.36,349.07,962.7,4.15,-962.71,15.96,-978.67,108762.92
V8-C,169,2024-03-27,DEVELOPMENT,BANKNIFTY,CE,108762.92,15,1,342.45,5136.75,270.04,393.82,1086.15,4.72,-1086.15,17.99,-1104.14,107658.78
V8-C,170,2024-03-28,DEVELOPMENT,NIFTY50,CE,107658.78,25,1,143.01,3575.25,113.01,164.46,750.0,3.32,536.29,16.12,520.17,108178.95
V8-C,171,2024-03-28,DEVELOPMENT,NIFTY50,CE,108178.95,25,1,160.13,4003.25,126.86,184.15,831.75,3.7,-831.65,14.08,-845.73,107333.22
V8-C,172,2024-03-28,DEVELOPMENT,BANKNIFTY,CE,107333.22,15,1,579.69,8695.35,458.21,666.64,1822.2,8.1,1304.3,39.22,1265.08,108598.3
V8-C,173,2024-04-01,DEVELOPMENT,NIFTY50,CE,108598.3,25,1,237.78,5944.5,187.16,273.45,1265.5,5.47,-1265.46,20.8,-1286.26,107312.04
V8-C,174,2024-04-01,DEVELOPMENT,NIFTY50,PE,107312.04,25,1,221.52,5538.0,175.97,254.75,1138.75,5.16,-27.5,22.58,-50.08,107261.96
V8-C,175,2024-04-02,DEVELOPMENT,NIFTY50,CE,107261.96,25,1,208.51,5212.75,164.92,239.79,1089.75,4.86,-1089.85,18.3,-1108.15,106153.81
V8-C,176,2024-04-02,DEVELOPMENT,BANKNIFTY,CE,106153.81,15,1,367.35,5510.25,289.48,422.45,1168.05,5.19,826.54,24.84,801.7,106955.51
V8-C,177,2024-04-02,DEVELOPMENT,NIFTY50,PE,106955.51,25,1,185.75,4643.75,147.13,213.61,965.5,4.34,696.56,20.94,675.62,107631.13
V8-C,178,2024-04-03,DEVELOPMENT,BANKNIFTY,CE,107631.13,15,1,289.33,4339.95,228.33,332.73,915.0,4.03,650.99,19.58,631.41,108262.54
V8-C,179,2024-04-03,DEVELOPMENT,NIFTY50,CE,108262.54,25,1,163.04,4076.0,129.03,187.5,850.25,3.76,611.4,18.38,593.02,108855.56
V8-C,180,2024-04-03,DEVELOPMENT,BANKNIFTY,CE,108855.56,15,1,326.35,4895.25,257.96,375.3,1025.85,4.5,734.29,22.07,712.22,109567.78
V8-C,181,2024-04-04,DEVELOPMENT,NIFTY50,PE,109567.78,25,1,131.75,3293.75,103.25,151.51,712.5,3.01,494.06,14.86,479.2,110046.98
V8-C,182,2024-04-04,DEVELOPMENT,NIFTY50,PE,110046.98,25,1,131.25,3281.25,102.85,150.94,710.0,2.98,492.19,14.81,477.38,110524.36
V8-C,183,2024-04-04,DEVELOPMENT,NIFTY50,PE,110524.36,25,1,133.46,3336.5,104.46,153.48,725.0,3.02,-724.89,11.63,-736.52,109787.84
V8-C,184,2024-04-05,DEVELOPMENT,BANKNIFTY,CE,109787.84,15,1,516.91,7753.65,406.41,594.45,1657.5,7.06,1163.05,34.99,1128.06,110915.9
V8-C,185,2024-04-05,DEVELOPMENT,BANKNIFTY,CE,110915.9,15,1,545.68,8185.2,430.13,627.53,1733.25,7.38,1227.78,36.92,1190.86,112106.76
V8-C,186,2024-04-05,DEVELOPMENT,NIFTY50,CE,112106.76,25,1,274.33,6858.25,217.27,315.48,1426.5,6.12,924.5,30.63,893.87,113000.63
V8-C,187,2024-04-08,DEVELOPMENT,NIFTY50,CE,113000.63,25,1,245.1,6127.5,193.73,281.86,1284.25,5.42,919.12,27.63,891.49,113892.12
V8-C,188,2024-04-08,DEVELOPMENT,NIFTY50,CE,113892.12,25,1,250.58,6264.5,198.81,288.17,1294.25,5.5,-1.25,25.62,-26.87,113865.25
V8-C,189,2024-04-08,DEVELOPMENT,BANKNIFTY,CE,113865.25,15,1,407.95,6119.25,322.44,469.14,1282.65,5.37,265.05,25.77,239.28,114104.53
V8-C,190,2024-04-09,DEVELOPMENT,BANKNIFTY,CE,114104.53,15,1,362.69,5440.35,286.93,417.09,1136.4,4.77,816.05,24.53,791.52,114896.05
V8-C,191,2024-04-09,DEVELOPMENT,BANKNIFTY,CE,114896.05,15,1,392.83,5892.45,310.97,451.75,1227.9,5.13,-1227.9,20.71,-1248.61,113647.44
V8-C,192,2024-04-09,DEVELOPMENT,NIFTY50,PE,113647.44,25,1,209.63,5240.75,166.18,241.07,1086.25,4.61,786.11,23.63,762.48,114409.92
V8-C,193,2024-04-10,DEVELOPMENT,BANKNIFTY,CE,114409.92,15,1,327.51,4912.65,257.43,376.64,1051.2,4.29,736.9,22.15,714.75,115124.67
V8-C,194,2024-04-10,DEVELOPMENT,BANKNIFTY,CE,115124.67,15,1,313.57,4703.55,247.21,360.61,995.4,4.09,705.53,21.21,684.32,115808.99
V8-C,195,2024-04-10,DEVELOPMENT,BANKNIFTY,CE,115808.99,15,1,279.46,4191.9,221.1,321.38,875.4,3.62,-875.36,14.71,-890.07,114918.92
V8-C,196,2024-04-12,DEVELOPMENT,BANKNIFTY,PE,114918.92,15,1,593.5,8902.5,467.74,682.52,1886.4,7.75,-1886.44,31.19,-1917.63,113001.29
V8-C,197,2024-04-12,DEVELOPMENT,NIFTY50,PE,113001.29,25,1,289.87,7246.75,230.05,333.35,1495.5,6.41,1087.01,32.69,1054.32,114055.61
V8-C,198,2024-04-12,DEVELOPMENT,BANKNIFTY,PE,114055.61,15,1,527.78,7916.7,416.12,606.95,1674.9,6.94,1187.5,35.71,1151.79,115207.4
V8-C,199,2024-04-15,DEVELOPMENT,NIFTY50,PE,115207.4,25,1,211.49,5287.25,166.4,243.21,1127.25,4.59,-1127.14,18.49,-1145.63,114061.77
V8-C,200,2024-04-15,DEVELOPMENT,BANKNIFTY,PE,114061.77,15,1,392.95,5894.25,310.12,451.89,1242.45,5.17,884.14,26.59,857.55,114919.32
V8-C,201,2024-04-15,DEVELOPMENT,NIFTY50,CE,114919.32,25,1,222.18,5554.5,175.9,255.51,1157.0,4.83,-1157.02,19.53,-1176.55,113742.77
V8-C,202,2024-04-16,DEVELOPMENT,NIFTY50,PE,113742.77,25,1,217.69,5442.25,172.48,250.34,1130.25,4.78,-544.75,20.75,-565.5,113177.27
V8-C,203,2024-04-18,DEVELOPMENT,BANKNIFTY,PE,113177.27,15,1,584.33,8764.95,459.96,671.98,1865.55,7.74,1314.74,39.51,1275.23,114452.5
V8-C,204,2024-04-18,DEVELOPMENT,NIFTY50,CE,114452.5,25,1,158.44,3961.0,125.39,182.21,826.25,3.46,-826.16,13.92,-840.08,113612.42
V8-C,205,2024-04-19,DEVELOPMENT,NIFTY50,CE,113612.42,25,1,287.97,7199.25,226.98,331.17,1524.75,6.34,1079.89,32.48,1047.41,114659.83
V8-C,206,2024-04-19,DEVELOPMENT,NIFTY50,CE,114659.83,25,1,279.46,6986.5,220.01,321.38,1486.25,6.09,1047.97,31.51,1016.47,115676.3
V8-C,207,2024-04-19,DEVELOPMENT,BANKNIFTY,CE,115676.3,15,1,549.13,8236.95,429.81,631.5,1789.8,7.12,1235.54,37.14,1198.4,116874.7
V8-C,208,2024-04-22,DEVELOPMENT,BANKNIFTY,PE,116874.7,15,1,444.68,6670.2,351.77,511.38,1393.65,5.71,-1393.62,23.4,-1417.02,115457.68
V8-C,209,2024-04-23,DEVELOPMENT,BANKNIFTY,PE,115457.68,15,1,382.71,5740.65,302.61,440.12,1201.5,4.97,-1201.54,20.15,-1221.69,114235.99
V8-C,210,2024-04-23,DEVELOPMENT,NIFTY50,PE,114235.99,25,1,223.64,5591.0,177.51,257.19,1153.25,4.89,590.75,24.53,566.22,114802.21
V8-C,211,2024-04-23,DEVELOPMENT,BANKNIFTY,PE,114802.21,15,1,400.6,6009.0,316.86,460.69,1256.1,5.23,340.8,25.54,315.26,115117.47
V8-C,212,2024-04-24,DEVELOPMENT,BANKNIFTY,CE,115117.47,15,1,319.25,4788.75,252.51,367.14,1001.1,4.16,-1001.05,16.82,-1017.87,114099.6
V8-C,213,2024-04-24,DEVELOPMENT,NIFTY50,CE,114099.6,25,1,195.19,4879.75,155.0,224.47,1004.75,4.28,-1004.67,17.19,-1021.86,113077.74
V8-C,214,2024-04-25,DEVELOPMENT,BANKNIFTY,CE,113077.74,15,1,543.85,8157.75,427.07,625.43,1751.7,7.21,-1751.63,28.5,-1780.13,111297.61
V8-C,215,2024-04-25,DEVELOPMENT,BANKNIFTY,CE,111297.61,15,1,560.91,8413.65,440.11,645.05,1812.0,7.56,1262.05,37.93,1224.12,112521.73
V8-C,216,2024-04-25,DEVELOPMENT,NIFTY50,CE,112521.73,25,1,162.8,4070.0,128.32,187.22,862.0,3.62,610.5,18.37,592.13,113113.86
V8-C,217,2024-04-26,DEVELOPMENT,NIFTY50,PE,113113.86,25,1,295.47,7386.75,233.44,339.79,1550.75,6.53,1108.01,33.31,1074.7,114188.56
V8-C,218,2024-04-26,DEVELOPMENT,BANKNIFTY,PE,114188.56,15,1,550.88,8263.2,433.47,633.51,1761.15,7.24,1239.48,37.26,1202.22,115390.78
V8-C,219,2024-04-26,DEVELOPMENT,NIFTY50,PE,115390.78,25,1,278.7,6967.5,220.75,320.5,1448.75,6.04,1045.12,31.43,1013.69,116404.47
V8-C,220,2024-04-29,DEVELOPMENT,NIFTY50,CE,116404.47,25,1,253.22,6330.5,200.11,291.2,1327.75,5.44,949.57,28.55,921.02,117325.49
V8-C,221,2024-04-29,DEVELOPMENT,BANKNIFTY,CE,117325.49,15,1,402.07,6031.05,316.46,462.38,1284.15,5.14,904.66,27.19,877.47,118202.96
V8-C,222,2024-04-29,DEVELOPMENT,NIFTY50,CE,118202.96,25,1,238.61,5965.25,189.21,274.4,1235.0,5.05,894.79,26.89,867.9,119070.86
V8-C,223,2024-04-30,DEVELOPMENT,NIFTY50,CE,119070.86,25,1,198.64,4966.0,157.16,228.44,1037.0,4.17,744.9,22.4,722.5,119793.36
V8-C,224,2024-04-30,DEVELOPMENT,BANKNIFTY,CE,119793.36,15,1,349.98,5249.7,274.1,402.48,1138.2,4.38,787.45,23.67,763.78,120557.14
V8-C,225,2024-04-30,DEVELOPMENT,NIFTY50,CE,120557.14,25,1,196.88,4922.0,155.84,226.41,1026.0,4.08,738.3,22.2,716.1,121273.24
V8-C,226,2024-05-02,DEVELOPMENT,NIFTY50,CE,121273.24,25,1,133.23,3330.75,105.12,153.21,702.75,2.75,-702.68,11.68,-714.36,120558.88
V8-C,227,2024-05-02,DEVELOPMENT,NIFTY50,CE,120558.88,25,1,133.13,3328.25,105.06,153.1,701.75,2.76,499.24,15.02,484.22,121043.1
V8-C,228,2024-05-02,DEVELOPMENT,BANKNIFTY,PE,121043.1,15,1,581.18,8717.7,456.59,668.36,1868.85,7.2,-1868.87,30.47,-1899.34,119143.76
V8-C,229,2024-05-03,DEVELOPMENT,NIFTY50,PE,119143.76,25,1,293.35,7333.75,230.71,337.35,1566.0,6.16,1100.06,33.07,1066.99,120210.75
V8-C,230,2024-05-03,DEVELOPMENT,BANKNIFTY,PE,120210.75,15,1,550.03,8250.45,431.57,632.53,1776.9,6.86,-1776.88,28.81,-1805.69,118405.06
V8-C,231,2024-05-03,DEVELOPMENT,BANKNIFTY,PE,118405.06,15,1,591.91,8878.65,463.91,680.7,1920.0,7.5,-1919.95,31.0,-1950.95,116454.11
V8-C,232,2024-05-06,DEVELOPMENT,NIFTY50,PE,116454.11,25,1,234.84,5871.0,184.08,270.07,1269.0,5.04,880.65,26.47,854.18,117308.29
V8-C,233,2024-05-06,DEVELOPMENT,BANKNIFTY,CE,117308.29,15,1,409.87,6148.05,321.4,471.35,1327.05,5.24,-1327.02,21.45,-1348.47,115959.82
V8-C,234,2024-05-06,DEVELOPMENT,BANKNIFTY,PE,115959.82,15,1,422.91,6343.65,333.3,486.35,1344.15,5.47,951.55,28.6,922.95,116882.77
V8-C,235,2024-05-07,DEVELOPMENT,BANKNIFTY,PE,116882.77,15,1,423.61,6354.15,332.2,487.15,1371.15,5.44,953.12,28.65,924.47,117807.24
V8-C,236,2024-05-07,DEVELOPMENT,BANKNIFTY,PE,117807.24,15,1,411.94,6179.1,323.91,473.73,1320.45,5.25,-1320.41,21.62,-1342.03,116465.21
V8-C,237,2024-05-07,DEVELOPMENT,NIFTY50,PE,116465.21,25,1,194.57,4864.25,153.42,223.76,1028.75,4.18,-1028.7,17.05,-1045.75,115419.46
V8-C,238,2024-05-08,DEVELOPMENT,BANKNIFTY,PE,115419.46,15,1,352.33,5284.95,276.37,405.18,1139.4,4.58,-1139.43,18.47,-1157.9,114261.56
V8-C,239,2024-05-08,DEVELOPMENT,BANKNIFTY,PE,114261.56,15,1,319.35,4790.25,250.6,367.25,1031.25,4.19,-1031.26,16.72,-1047.98,113213.58
V8-C,240,2024-05-08,DEVELOPMENT,NIFTY50,CE,113213.58,25,1,188.07,4701.75,148.48,216.28,989.75,4.15,-989.75,16.5,-1006.25,112207.33
V8-C,241,2024-05-09,DEVELOPMENT,NIFTY50,PE,112207.33,25,1,154.0,3850.0,121.07,177.1,823.25,3.43,577.5,17.37,560.13,112767.46
V8-C,242,2024-05-09,DEVELOPMENT,NIFTY50,PE,112767.46,25,1,142.74,3568.5,112.64,164.15,752.5,3.16,535.28,16.11,519.17,113286.63
V8-C,243,2024-05-09,DEVELOPMENT,BANKNIFTY,PE,113286.63,15,1,566.21,8493.15,444.88,651.14,1819.95,7.5,1273.97,38.3,1235.67,114522.3
V8-C,244,2024-05-10,DEVELOPMENT,BANKNIFTY,CE,114522.3,15,1,565.64,8484.6,441.89,650.49,1856.25,7.41,-1856.29,29.56,-1885.85,112636.45
V8-C,245,2024-05-10,DEVELOPMENT,NIFTY50,CE,112636.45,25,1,256.94,6423.5,202.16,295.48,1369.5,5.7,963.52,28.97,934.55,113571.0
V8-C,246,2024-05-10,DEVELOPMENT,BANKNIFTY,CE,113571.0,15,1,571.13,8566.95,447.05,656.8,1861.2,7.54,1285.04,38.64,1246.4,114817.4
V8-C,247,2024-05-13,DEVELOPMENT,NIFTY50,PE,114817.4,25,1,219.38,5484.5,172.46,252.29,1173.0,4.78,822.67,24.74,797.93,115615.33
V8-C,248,2024-05-13,DEVELOPMENT,BANKNIFTY,PE,115615.33,15,1,477.06,7155.9,374.85,548.62,1533.15,6.19,-1533.16,25.01,-1558.17,114057.16
V8-C,249,2024-05-13,DEVELOPMENT,NIFTY50,PE,114057.16,25,1,214.72,5368.0,169.12,246.93,1140.0,4.71,-1140.0,18.8,-1158.8,112898.36
V8-C,250,2024-05-14,DEVELOPMENT,NIFTY50,CE,112898.36,25,1,190.85,4771.25,150.95,219.48,997.5,4.23,715.69,21.52,694.17,113592.53
V8-C,251,2024-05-14,DEVELOPMENT,NIFTY50,CE,113592.53,25,1,210.7,5267.5,166.92,242.3,1094.5,4.64,-1094.52,18.51,-1113.03,112479.5
V8-C,252,2024-05-14,DEVELOPMENT,BANKNIFTY,CE,112479.5,15,1,338.17,5072.55,266.88,388.9,1069.35,4.51,760.88,22.86,738.02,113217.52
V8-C,253,2024-05-15,DEVELOPMENT,NIFTY50,CE,113217.52,25,1,174.63,4365.75,137.7,200.82,923.25,3.86,-923.32,15.29,-938.61,112278.91
V8-C,254,2024-05-15,DEVELOPMENT,NIFTY50,PE,112278.91,25,1,205.46,5136.5,162.14,236.28,1083.0,4.57,770.47,23.15,747.33,113026.24
V8-C,255,2024-05-15,DEVELOPMENT,BANKNIFTY,PE,113026.24,15,1,283.37,4250.55,223.2,325.88,902.55,3.76,-902.61,14.89,-917.5,112108.74
V8-C,256,2024-05-16,DEVELOPMENT,NIFTY50,PE,112108.74,25,1,157.32,3933.0,123.53,180.92,844.75,3.51,589.95,17.74,572.21,112680.95
V8-C,257,2024-05-16,DEVELOPMENT,NIFTY50,PE,112680.95,25,1,158.45,3961.25,124.46,182.22,849.75,3.52,-849.87,13.87,-863.74,111817.21
V8-C,258,2024-05-16,DEVELOPMENT,BANKNIFTY,PE,111817.21,15,1,592.29,8884.35,464.16,681.13,1921.95,7.95,-1922.0,31.0,-1953.0,109864.21
V8-C,259,2024-05-17,DEVELOPMENT,BANKNIFTY,CE,109864.21,15,1,538.38,8075.7,420.67,619.14,1765.65,7.35,1211.35,36.42,1174.93,111039.14
V8-C,260,2024-05-17,DEVELOPMENT,BANKNIFTY,CE,111039.14,15,1,558.07,8371.05,437.68,641.78,1805.85,7.54,906.75,36.77,869.98,111909.12
V8-C,261,2024-05-17,DEVELOPMENT,NIFTY50,CE,111909.12,25,1,258.37,6459.25,204.59,297.13,1344.5,5.77,-208.75,25.84,-234.59,111674.53
V8-C,262,2024-05-21,DEVELOPMENT,NIFTY50,CE,111674.53,25,1,216.95,5423.75,172.2,249.49,1118.75,4.86,813.56,24.46,789.1,112463.63
V8-C,263,2024-05-21,DEVELOPMENT,NIFTY50,CE,112463.63,25,1,203.52,5088.0,161.57,234.05,1048.75,4.52,763.2,22.94,740.26,113203.89
V8-C,264,2024-05-21,DEVELOPMENT,NIFTY50,CE,113203.89,25,1,232.51,5812.75,184.63,267.39,1197.0,5.13,-1197.05,20.44,-1217.49,111986.4
V8-C,265,2024-05-22,DEVELOPMENT,NIFTY50,PE,111986.4,25,1,191.58,4789.5,151.24,220.32,1008.5,4.28,-1008.55,16.81,-1025.36,110961.04
V8-C,266,2024-05-22,DEVELOPMENT,BANKNIFTY,PE,110961.04,15,1,266.79,4001.85,209.68,306.81,856.65,3.61,600.28,18.04,582.24,111543.28
V8-C,267,2024-05-22,DEVELOPMENT,BANKNIFTY,PE,111543.28,15,1,319.63,4794.45,251.9,367.57,1015.95,4.3,-1015.92,16.81,-1032.73,110510.55
V8-C,268,2024-05-23,DEVELOPMENT,NIFTY50,CE,110510.55,25,1,173.16,4329.0,136.69,199.13,911.75,3.92,649.35,19.52,629.83,111140.38
V8-C,269,2024-05-23,DEVELOPMENT,BANKNIFTY,CE,111140.38,15,1,552.77,8291.55,433.93,635.69,1782.6,7.46,1243.73,37.38,1206.35,112346.73
V8-C,270,2024-05-23,DEVELOPMENT,NIFTY50,CE,112346.73,25,1,174.36,4359.0,137.88,200.51,912.0,3.88,653.85,19.67,634.18,112980.91
V8-C,271,2024-05-24,DEVELOPMENT,NIFTY50,CE,112980.91,25,1,284.01,7100.25,225.15,326.61,1471.5,6.28,-1471.45,24.94,-1496.39,111484.52
V8-C,272,2024-05-24,DEVELOPMENT,BANKNIFTY,CE,111484.52,15,1,541.43,8121.45,428.49,622.64,1694.1,7.28,1218.22,36.63,1181.59,112666.11
V8-C,273,2024-05-24,DEVELOPMENT,BANKNIFTY,CE,112666.11,15,1,562.74,8441.1,445.13,647.15,1764.15,7.49,-1764.1,29.64,-1793.74,110872.37
V8-C,274,2024-05-27,DEVELOPMENT,BANKNIFTY,CE,110872.37,15,1,435.65,6534.75,342.62,501.0,1395.45,5.89,980.21,29.45,950.76,111823.13
V8-C,275,2024-05-27,DEVELOPMENT,NIFTY50,PE,111823.13,25,1,237.92,5948.0,187.96,273.61,1249.0,5.32,-1249.08,20.86,-1269.94,110553.19
V8-C,276,2024-05-27,DEVELOPMENT,BANKNIFTY,CE,110553.19,15,1,459.63,6894.45,362.75,528.57,1453.2,6.24,1034.17,31.08,1003.09,111556.28
V8-C,277,2024-05-28,DEVELOPMENT,BANKNIFTY,PE,111556.28,15,1,408.0,6120.0,318.66,469.2,1340.1,5.49,-1340.06,21.31,-1361.37,110194.91
V8-C,278,2024-05-28,DEVELOPMENT,NIFTY50,PE,110194.91,25,1,225.39,5634.75,177.89,259.2,1187.5,5.11,845.21,25.41,819.8,111014.71
V8-C,279,2024-05-28,DEVELOPMENT,BANKNIFTY,PE,111014.71,15,1,384.04,5760.6,302.2,441.65,1227.6,5.19,864.09,25.97,838.12,111852.83
V8-C,280,2024-05-29,DEVELOPMENT,NIFTY50,PE,111852.83,25,1,193.09,4827.25,152.54,222.05,1013.75,4.32,724.09,21.77,702.32,112555.15
V8-C,281,2024-05-29,DEVELOPMENT,NIFTY50,PE,112555.15,25,1,209.45,5236.25,165.89,240.87,1089.0,4.65,-1088.88,18.4,-1107.28,111447.87
V8-C,282,2024-05-29,DEVELOPMENT,BANKNIFTY,PE,111447.87,15,1,300.42,4506.3,237.43,345.48,944.85,4.04,-944.83,15.81,-960.64,110487.23
V8-C,283,2024-05-30,DEVELOPMENT,BANKNIFTY,CE,110487.23,15,1,555.03,8325.45,434.12,638.28,1813.65,7.54,-1813.66,29.02,-1842.68,108644.55
V8-C,284,2024-05-30,DEVELOPMENT,NIFTY50,PE,108644.55,25,1,168.04,4201.0,132.51,193.25,888.25,3.87,630.15,18.96,611.19,109255.74
V8-C,285,2024-05-30,DEVELOPMENT,NIFTY50,PE,109255.74,25,1,151.75,3793.75,120.07,174.51,792.0,3.47,-791.9,13.33,-805.23,108450.51
V8-C,286,2024-05-31,DEVELOPMENT,NIFTY50,PE,108450.51,25,1,253.52,6338.0,199.39,291.55,1353.25,5.84,-1353.27,22.17,-1375.44,107075.07
V8-C,287,2024-05-31,DEVELOPMENT,BANKNIFTY,PE,107075.07,15,1,533.89,8008.35,416.86,613.97,1755.45,7.48,1201.25,36.11,1165.14,108240.21
V8-C,288,2024-05-31,DEVELOPMENT,BANKNIFTY,PE,108240.21,15,1,507.35,7610.25,397.9,583.45,1641.75,7.03,-1641.81,26.58,-1668.39,106571.82
V8-C,289,2024-06-04,DEVELOPMENT,BANKNIFTY,PE,106571.82,15,1,422.82,6342.3,315.65,486.24,1607.55,5.95,951.34,28.6,922.74,107494.56
V8-C,290,2024-06-04,DEVELOPMENT,NIFTY50,PE,107494.56,25,1,180.46,4511.5,130.92,207.53,1238.5,4.2,-1238.61,15.02,-1253.63,106240.93
V8-C,291,2024-06-04,DEVELOPMENT,BANKNIFTY,PE,106240.93,15,1,326.11,4891.65,232.23,375.03,1408.2,4.6,-1408.13,16.12,-1424.25,104816.68
V8-C,292,2024-06-05,DEVELOPMENT,BANKNIFTY,PE,104816.68,15,1,258.71,3880.65,190.72,297.52,1019.85,3.7,582.1,17.49,564.61,105381.29
V8-C,293,2024-06-05,DEVELOPMENT,BANKNIFTY,PE,105381.29,15,1,323.45,4851.75,241.18,371.97,1234.05,4.6,-1234.01,16.42,-1250.43,104130.86
V8-C,294,2024-06-05,DEVELOPMENT,BANKNIFTY,CE,104130.86,15,1,277.66,4164.9,209.38,319.31,1024.2,4.0,624.74,18.78,605.95,104736.81
V8-C,295,2024-06-06,DEVELOPMENT,NIFTY50,CE,104736.81,25,1,134.72,3368.0,105.04,154.93,742.0,3.22,505.2,15.18,490.02,105226.83
V8-C,296,2024-06-06,DEVELOPMENT,NIFTY50,CE,105226.83,25,1,148.65,3716.25,116.23,170.95,810.5,3.53,-810.61,12.95,-823.56,104403.27
V8-C,297,2024-06-06,DEVELOPMENT,BANKNIFTY,CE,104403.27,15,1,597.36,8960.4,463.92,686.96,2001.6,8.58,-2001.58,31.11,-2032.69,102370.58
V8-C,298,2024-06-07,DEVELOPMENT,BANKNIFTY,CE,102370.58,15,1,597.49,8962.35,463.84,687.11,2004.75,8.75,1344.35,40.41,1303.94,103674.52
V8-C,299,2024-06-07,DEVELOPMENT,NIFTY50,CE,103674.52,25,1,272.22,6805.5,212.71,313.05,1487.75,6.56,1020.82,30.69,990.13,104664.65
V8-C,300,2024-06-07,DEVELOPMENT,BANKNIFTY,CE,104664.65,15,1,604.3,9064.5,472.14,694.94,1982.4,8.66,1359.67,40.87,1318.8,105983.45
V8-C,301,2024-06-10,DEVELOPMENT,BANKNIFTY,PE,105983.45,15,1,412.79,6191.85,320.27,474.71,1387.8,5.84,928.78,27.93,900.85,106884.3
V8-C,302,2024-06-10,DEVELOPMENT,NIFTY50,PE,106884.3,25,1,233.71,5842.75,185.13,268.77,1214.5,5.47,876.41,26.35,850.06,107734.36
V8-C,303,2024-06-10,DEVELOPMENT,NIFTY50,PE,107734.36,25,1,209.75,5243.75,165.45,241.21,1107.5,4.87,786.56,23.66,762.9,108497.26
V8-C,304,2024-06-11,DEVELOPMENT,BANKNIFTY,CE,108497.26,15,1,388.6,5829.0,304.27,446.89,1264.95,5.37,-1265.0,20.34,-1285.34,107211.92
V8-C,305,2024-06-11,DEVELOPMENT,BANKNIFTY,CE,107211.92,15,1,411.4,6171.0,324.22,473.11,1307.7,5.76,925.65,27.82,897.83,108109.75
V8-C,306,2024-06-11,DEVELOPMENT,NIFTY50,PE,108109.75,25,1,195.29,4882.25,154.81,224.58,1012.0,4.52,-1012.0,17.19,-1029.19,107080.56
V8-C,307,2024-06-12,DEVELOPMENT,NIFTY50,CE,107080.56,25,1,206.36,5159.0,163.19,237.31,1079.25,4.82,-1079.26,18.1,-1097.36,105983.2
V8-C,308,2024-06-12,DEVELOPMENT,BANKNIFTY,CE,105983.2,15,1,325.52,4882.8,256.08,374.35,1041.6,4.61,732.42,22.02,710.4,106693.6
V8-C,309,2024-06-12,DEVELOPMENT,BANKNIFTY,CE,106693.6,15,1,339.49,5092.35,267.62,390.41,1078.05,4.77,-1078.05,17.83,-1095.88,105597.72
V8-C,310,2024-06-13,DEVELOPMENT,BANKNIFTY,PE,105597.72,15,1,549.4,8241.0,431.99,631.81,1761.15,7.8,1236.15,37.17,1198.98,106796.7
V8-C,311,2024-06-13,DEVELOPMENT,NIFTY50,PE,106796.7,25,1,131.71,3292.75,104.25,151.47,686.5,3.08,-686.43,11.57,-698.0,106098.7
V8-C,312,2024-06-13,DEVELOPMENT,BANKNIFTY,PE,106098.7,15,1,601.41,9021.15,474.68,691.62,1900.95,8.5,1353.17,40.69,1312.48,107411.18
V8-C,313,2024-06-14,DEVELOPMENT,BANKNIFTY,PE,107411.18,15,1,541.81,8127.15,426.08,623.08,1735.95,7.57,1219.07,36.66,1182.41,108593.59
V8-C,314,2024-06-18,DEVELOPMENT,BANKNIFTY,CE,108593.59,15,1,417.55,6263.25,328.18,480.18,1340.55,5.77,939.49,28.24,911.25,109504.84
V8-C,315,2024-06-18,DEVELOPMENT,BANKNIFTY,CE,109504.84,15,1,396.23,5943.45,313.64,455.66,1238.85,5.43,891.52,26.8,864.72,110369.56
V8-C,316,2024-06-18,DEVELOPMENT,BANKNIFTY,CE,110369.56,15,1,388.34,5825.1,308.1,446.59,1203.6,5.28,873.76,26.26,847.5,111217.06
V8-C,317,2024-06-19,DEVELOPMENT,BANKNIFTY,CE,111217.06,15,1,307.32,4609.8,238.62,353.42,1030.5,4.14,-1030.44,15.99,-1046.43,110170.63
V8-C,318,2024-06-19,DEVELOPMENT,NIFTY50,PE,110170.63,25,1,187.25,4681.25,147.33,215.34,998.0,4.25,-998.07,16.38,-1014.45,109156.18
V8-C,319,2024-06-19,DEVELOPMENT,BANKNIFTY,CE,109156.18,15,1,295.11,4426.65,229.17,339.38,989.1,4.06,664.0,19.97,644.03,109800.21
V8-C,320,2024-06-20,DEVELOPMENT,BANKNIFTY,PE,109800.21,15,1,569.84,8547.6,442.43,655.32,1911.15,7.78,-1911.11,29.67,-1940.78,107859.43
V8-C,321,2024-06-20,DEVELOPMENT,NIFTY50,CE,107859.43,25,1,158.36,3959.0,125.05,182.11,832.75,3.67,593.85,17.87,575.98,108435.41
V8-C,322,2024-06-20,DEVELOPMENT,BANKNIFTY,CE,108435.41,15,1,578.97,8684.55,455.26,665.82,1855.65,8.01,468.75,36.84,431.91,108867.32
V8-C,323,2024-06-21,DEVELOPMENT,BANKNIFTY,PE,108867.32,15,1,592.66,8889.9,464.26,681.56,1926.0,8.17,1333.48,40.11,1293.37,110160.69
V8-C,324,2024-06-21,DEVELOPMENT,BANKNIFTY,PE,110160.69,15,1,579.92,8698.8,455.25,666.91,1870.05,7.9,1304.82,39.23,1265.59,111426.28
V8-C,325,2024-06-21,DEVELOPMENT,BANKNIFTY,PE,111426.28,15,1,570.89,8563.35,448.79,656.52,1831.5,7.69,-1831.54,29.97,-1861.51,109564.77
V8-C,326,2024-06-24,DEVELOPMENT,BANKNIFTY,PE,109564.77,15,1,467.31,7009.65,364.82,537.41,1537.35,6.4,-1537.3,24.41,-1561.71,108003.06
V8-C,327,2024-06-24,DEVELOPMENT,BANKNIFTY,CE,108003.06,15,1,413.22,6198.3,323.31,475.2,1348.65,5.74,929.74,27.94,901.8,108904.86
V8-C,328,2024-06-24,DEVELOPMENT,NIFTY50,CE,108904.86,25,1,244.91,6122.75,193.06,281.65,1296.25,5.62,918.41,27.6,890.81,109795.67
V8-C,329,2024-06-25,DEVELOPMENT,NIFTY50,CE,109795.67,25,1,208.37,5209.25,164.83,239.63,1088.5,4.74,781.39,23.5,757.89,110553.56
V8-C,330,2024-06-25,DEVELOPMENT,BANKNIFTY,CE,110553.56,15,1,384.21,5763.15,303.22,441.84,1214.85,5.21,864.47,25.99,838.48,111392.04
V8-C,331,2024-06-25,DEVELOPMENT,NIFTY50,CE,111392.04,25,1,236.69,5917.25,187.42,272.19,1231.75,5.31,887.59,26.68,860.91,112252.95
V8-C,332,2024-06-26,DEVELOPMENT,BANKNIFTY,PE,112252.95,15,1,299.38,4490.7,234.11,344.29,979.05,4.0,673.6,20.26,653.34,112906.29
V8-C,333,2024-06-26,DEVELOPMENT,BANKNIFTY,PE,112906.29,15,1,332.11,4981.65,260.1,381.93,1080.15,4.41,-1080.16,17.38,-1097.54,111808.75
V8-C,334,2024-06-26,DEVELOPMENT,NIFTY50,CE,111808.75,25,1,188.35,4708.75,149.14,216.6,980.25,4.21,-980.33,16.54,-996.87,110811.88
V8-C,335,2024-06-27,DEVELOPMENT,BANKNIFTY,CE,110811.88,15,1,595.51,8932.65,466.01,684.84,1942.5,8.06,-1942.47,31.16,-1973.63,108838.25
V8-C,336,2024-06-27,DEVELOPMENT,NIFTY50,CE,108838.25,25,1,164.95,4123.75,129.62,189.69,883.25,3.79,618.56,18.59,599.97,109438.22
V8-C,337,2024-06-27,DEVELOPMENT,NIFTY50,CE,109438.22,25,1,127.17,3179.25,99.97,146.25,680.0,2.91,476.89,14.34,462.55,109900.77
V8-C,338,2024-06-28,DEVELOPMENT,BANKNIFTY,CE,109900.77,15,1,540.32,8104.8,424.39,621.37,1738.95,7.37,-1738.88,28.34,-1767.22,108133.55
V8-C,339,2024-06-28,DEVELOPMENT,NIFTY50,CE,108133.55,25,1,288.44,7211.0,228.19,331.71,1506.25,6.67,-1506.34,25.33,-1531.67,106601.88
V8-C,340,2024-07-01,VALIDATION,BANKNIFTY,CE,106601.88,15,1,472.54,7088.1,369.88,543.42,1539.9,6.65,-1539.94,24.72,-1564.66,105037.22
V8-C,341,2024-07-01,VALIDATION,BANKNIFTY,CE,105037.22,15,1,492.48,7387.2,386.15,566.35,1594.95,7.03,1108.08,33.31,1074.77,106111.99
V8-C,342,2024-07-01,VALIDATION,NIFTY50,CE,106111.99,25,1,221.55,5538.75,175.22,254.78,1158.25,5.22,830.81,24.96,805.85,106917.84
V8-C,343,2024-07-02,VALIDATION,NIFTY50,PE,106917.84,25,1,214.04,5351.0,168.79,246.15,1131.25,5.0,-1131.29,18.77,-1150.06,105767.78
V8-C,344,2024-07-02,VALIDATION,BANKNIFTY,PE,105767.78,15,1,423.21,6348.15,331.42,486.69,1376.85,6.0,-1376.86,22.15,-1399.01,104368.77
V8-C,345,2024-07-03,VALIDATION,NIFTY50,CE,104368.77,25,1,173.71,4342.75,137.17,199.77,913.5,4.16,-913.5,15.24,-928.74,103440.03
V8-C,346,2024-07-03,VALIDATION,BANKNIFTY,CE,103440.03,15,1,364.9,5473.5,286.2,419.63,1180.5,5.29,821.02,24.67,796.35,104236.38
V8-C,347,2024-07-03,VALIDATION,BANKNIFTY,CE,104236.38,15,1,301.75,4526.25,237.09,347.01,969.9,4.34,678.94,20.42,658.52,104894.9
V8-C,348,2024-07-04,VALIDATION,NIFTY50,CE,104894.9,25,1,138.71,3467.75,109.7,159.52,725.25,3.31,520.16,15.64,504.52,105399.42
V8-C,349,2024-07-04,VALIDATION,BANKNIFTY,PE,105399.42,15,1,625.96,9389.4,493.37,719.85,1988.85,8.91,-1988.83,32.88,-2021.71,103377.71
V8-C,350,2024-07-05,VALIDATION,NIFTY50,PE,103377.71,25,1,272.57,6814.25,215.37,313.46,1430.0,6.59,-1430.02,23.91,-1453.93,101923.78
V8-C,351,2024-07-05,VALIDATION,BANKNIFTY,PE,101923.78,15,1,583.67,8755.05,458.33,671.22,1880.1,8.59,1313.26,39.47,1273.79,103197.57
V8-C,352,2024-07-05,VALIDATION,NIFTY50,CE,103197.57,25,1,277.07,6926.75,219.96,318.63,1427.75,6.71,-1427.65,24.37,-1452.02,101745.55
V8-C,353,2024-07-08,VALIDATION,BANKNIFTY,CE,101745.55,15,1,421.57,6323.55,330.02,484.81,1373.25,6.22,-1373.21,22.07,-1395.28,100350.27
V8-C,354,2024-07-08,VALIDATION,NIFTY50,PE,100350.27,25,1,255.62,6390.5,202.31,293.96,1332.75,6.37,958.57,28.81,929.76,101280.03
V8-C,355,2024-07-08,VALIDATION,NIFTY50,PE,101280.03,25,1,260.75,6518.75,206.47,299.86,1357.0,6.44,-1356.94,22.9,-1379.84,99900.19
V8-C,356,2024-07-09,VALIDATION,NIFTY50,CE,99900.19,25,1,236.75,5918.75,187.55,272.26,1230.0,5.92,887.81,26.68,861.13,100761.32
V8-C,357,2024-07-09,VALIDATION,BANKNIFTY,CE,100761.32,15,1,366.53,5497.95,290.73,421.51,1137.0,5.46,-401.55,21.38,-422.93,100338.39
V8-C,358,2024-07-09,VALIDATION,NIFTY50,CE,100338.39,25,1,236.81,5920.25,188.32,272.33,1212.25,5.9,219.75,24.84,194.91,100533.3
V8-C,359,2024-07-10,VALIDATION,BANKNIFTY,PE,100533.3,15,1,286.9,4303.5,226.06,329.93,912.6,4.28,645.52,19.42,626.1,101159.4
V8-C,360,2024-07-10,VALIDATION,NIFTY50,PE,101159.4,25,1,175.47,4386.75,138.31,201.79,929.0,4.34,-928.99,15.36,-944.35,100215.05
V8-C,361,2024-07-10,VALIDATION,BANKNIFTY,PE,100215.05,15,1,279.95,4199.25,221.02,321.94,883.95,4.19,629.89,18.93,610.96,100826.01
V8-C,362,2024-07-11,VALIDATION,NIFTY50,PE,100826.01,25,1,144.27,3606.75,114.18,165.91,752.25,3.58,541.01,16.28,524.73,101350.74
V8-C,363,2024-07-11,VALIDATION,BANKNIFTY,PE,101350.74,15,1,575.45,8631.75,452.86,661.77,1838.85,8.52,-1838.9,30.21,-1869.11,99481.63
V8-C,364,2024-07-11,VALIDATION,NIFTY50,PE,99481.63,25,1,132.99,3324.75,105.11,152.94,697.0,3.34,-696.91,11.68,-708.59,98773.04
V8-C,365,2024-07-12,VALIDATION,BANKNIFTY,CE,98773.04,15,1,584.57,8768.55,458.2,672.26,1895.55,8.88,1315.28,39.56,1275.72,100048.76
V8-C,366,2024-07-12,VALIDATION,NIFTY50,CE,100048.76,25,1,285.61,7140.25,224.24,328.45,1534.25,7.14,1071.04,32.22,1038.82,101087.58
V8-C,367,2024-07-12,VALIDATION,BANKNIFTY,CE,101087.58,15,1,608.28,9124.2,477.73,699.52,1958.25,9.03,1368.63,41.15,1327.48,102415.06
V8-C,368,2024-07-15,VALIDATION,BANKNIFTY,PE,102415.06,15,1,492.67,7390.05,386.72,566.57,1589.25,7.22,-1589.21,25.83,-1615.04,100800.02
V8-C,369,2024-07-15,VALIDATION,BANKNIFTY,CE,100800.02,15,1,465.37,6980.55,367.19,535.18,1472.7,6.93,-1472.7,24.46,-1497.16,99302.86
V8-C,370,2024-07-16,VALIDATION,NIFTY50,CE,99302.86,25,1,225.08,5627.0,178.82,258.84,1156.5,5.67,-1156.49,19.82,-1176.31,98126.55
V8-C,371,2024-07-16,VALIDATION,BANKNIFTY,PE,98126.55,15,1,410.3,6154.5,323.85,471.84,1296.75,6.27,923.17,27.76,895.41,99021.96
V8-C,372,2024-07-16,VALIDATION,BANKNIFTY,PE,99021.96,15,1,447.58,6713.7,354.81,514.72,1391.55,6.78,1007.06,30.27,976.79,99998.75
V8-C,373,2024-07-18,VALIDATION,NIFTY50,PE,99998.75,25,1,165.82,4145.5,130.95,190.69,871.75,4.15,-871.77,14.54,-886.31,99112.44
V8-C,374,2024-07-18,VALIDATION,NIFTY50,CE,99112.44,25,1,148.54,3713.5,117.4,170.82,778.5,3.75,-778.59,13.02,-791.61,98320.83
V8-C,375,2024-07-18,VALIDATION,BANKNIFTY,CE,98320.83,15,1,634.28,9514.2,499.14,729.42,2027.1,9.68,-2027.13,33.3,-2060.43,96260.4
V8-C,376,2024-07-19,VALIDATION,NIFTY50,PE,96260.4,25,1,279.56,6989.0,220.68,321.49,1472.0,7.26,1048.35,31.52,1016.83,97277.23
V8-C,377,2024-07-19,VALIDATION,NIFTY50,PE,97277.23,25,1,287.01,7175.25,227.45,330.06,1489.0,7.38,1076.29,32.36,1043.93,98321.16
V8-C,378,2024-07-19,VALIDATION,BANKNIFTY,PE,98321.16,15,1,556.05,8340.75,438.81,639.46,1758.6,8.48,1251.11,37.62,1213.49,99534.65
V8-C,379,2024-07-22,VALIDATION,BANKNIFTY,CE,99534.65,15,1,453.04,6795.6,356.5,521.0,1448.1,6.83,-1448.08,23.77,-1471.85,98062.8
V8-C,380,2024-07-22,VALIDATION,NIFTY50,CE,98062.8,25,1,247.27,6181.75,195.07,284.36,1305.0,6.3,-1304.9,21.68,-1326.58,96736.22
V8-C,381,2024-07-23,VALIDATION,NIFTY50,PE,96736.22,25,1,233.74,5843.5,184.6,268.8,1228.5,6.04,876.52,26.35,850.17,97586.39
V8-C,382,2024-07-23,VALIDATION,BANKNIFTY,PE,97586.39,15,1,421.22,6318.3,330.7,484.4,1357.8,6.47,-1357.73,22.08,-1379.81,96206.58
V8-C,383,2024-07-23,VALIDATION,NIFTY50,PE,96206.58,25,1,218.25,5456.25,172.21,250.99,1151.0,5.67,-1150.88,19.13,-1170.01,95036.57
V8-C,384,2024-07-24,VALIDATION,NIFTY50,CE,95036.57,25,1,172.03,4300.75,134.24,197.83,944.75,4.53,645.11,19.38,625.73,95662.3
V8-C,385,2024-07-24,VALIDATION,BANKNIFTY,PE,95662.3,15,1,328.0,4920.0,251.56,377.2,1146.6,5.14,-1146.63,16.96,-1163.59,94498.71
V8-C,386,2024-07-24,VALIDATION,NIFTY50,PE,94498.71,25,1,202.83,5070.75,158.83,233.25,1100.0,5.37,-1099.93,17.69,-1117.62,93381.09
V8-C,387,2024-07-25,VALIDATION,BANKNIFTY,PE,93381.09,15,1,620.7,9310.5,484.15,713.8,2048.25,9.97,-2048.2,32.42,-2080.62,91300.47
V8-C,388,2024-07-26,VALIDATION,NIFTY50,CE,91300.47,25,1,280.96,7024.0,222.76,323.1,1455.0,7.69,1053.6,31.68,1021.92,92322.39
V8-C,389,2024-07-26,VALIDATION,NIFTY50,CE,92322.39,25,1,285.3,7132.5,225.64,328.09,1491.5,7.73,1069.87,32.16,1037.71,93360.1
V8-C,390,2024-07-26,VALIDATION,BANKNIFTY,CE,93360.1,15,1,595.36,8930.4,468.96,684.66,1896.0,9.57,1339.56,40.27,1299.29,94659.39
V8-C,391,2024-07-29,VALIDATION,BANKNIFTY,CE,94659.39,15,1,426.24,6393.6,332.62,490.18,1404.3,6.75,-1404.25,22.25,-1426.5,93232.89
V8-C,392,2024-07-29,VALIDATION,NIFTY50,CE,93232.89,25,1,229.46,5736.5,180.34,263.88,1228.0,6.15,-1227.89,20.05,-1247.94,91984.95
V8-C,393,2024-07-30,VALIDATION,NIFTY50,CE,91984.95,25,1,234.68,5867.0,184.9,269.88,1244.5,6.38,880.05,26.46,853.59,92838.54
V8-C,394,2024-07-30,VALIDATION,NIFTY50,CE,92838.54,25,1,208.99,5224.75,165.59,240.34,1085.0,5.63,783.71,23.57,760.14,93598.68
V8-C,395,2024-07-30,VALIDATION,BANKNIFTY,CE,93598.68,15,1,387.27,5809.05,304.57,445.36,1240.5,6.21,871.36,26.18,845.18,94443.86
V8-C,396,2024-07-31,VALIDATION,NIFTY50,CE,94443.86,25,1,187.73,4693.25,148.46,215.89,981.75,4.97,-981.63,16.47,-998.1,93445.76
V8-C,397,2024-07-31,VALIDATION,BANKNIFTY,CE,93445.76,15,1,269.11,4036.65,211.93,309.48,857.7,4.32,-857.76,14.14,-871.9,92573.86
V8-C,398,2024-08-01,VALIDATION,NIFTY50,PE,92573.86,25,1,177.35,4433.75,140.73,203.95,915.5,4.79,-915.56,15.61,-931.17,91642.69
V8-C,399,2024-08-01,VALIDATION,BANKNIFTY,PE,91642.69,15,1,632.1,9481.5,500.65,726.91,1971.75,10.35,1422.22,42.75,1379.47,93022.16
V8-C,400,2024-08-01,VALIDATION,BANKNIFTY,PE,93022.16,15,1,568.79,8531.85,449.58,654.11,1788.15,9.17,-1074.15,31.93,-1106.08,91916.08
V8-C,401,2024-08-02,VALIDATION,NIFTY50,PE,91916.08,25,1,317.79,7944.75,250.37,365.46,1685.5,8.64,1191.71,35.83,1155.88,93071.96
V8-C,402,2024-08-02,VALIDATION,BANKNIFTY,CE,93071.96,15,1,567.1,8506.5,446.24,652.16,1812.9,9.14,-1812.85,29.78,-1842.63,91229.33
V8-C,403,2024-08-05,VALIDATION,BANKNIFTY,PE,91229.33,15,1,447.46,6711.9,348.23,514.58,1488.45,7.36,-1488.49,23.33,-1511.82,89717.51
V8-C,404,2024-08-05,VALIDATION,NIFTY50,PE,89717.51,25,1,248.22,6205.5,193.07,285.45,1378.75,6.92,-1378.76,21.57,-1400.33,88317.18
V8-C,405,2024-08-06,VALIDATION,NIFTY50,PE,88317.18,25,1,199.51,4987.75,156.69,229.44,1070.5,5.65,748.16,22.48,725.68,89042.86
V8-C,406,2024-08-06,VALIDATION,BANKNIFTY,PE,89042.86,15,1,347.73,5215.95,272.23,399.89,1132.5,5.86,782.39,23.53,758.86,89801.72
V8-C,407,2024-08-06,VALIDATION,NIFTY50,PE,89801.72,25,1,195.48,4887.0,154.14,224.8,1033.5,5.44,733.05,22.03,711.02,90512.74
V8-C,408,2024-08-07,VALIDATION,BANKNIFTY,PE,90512.74,15,1,282.54,4238.1,219.97,324.92,938.55,4.68,635.71,19.12,616.59,91129.33
V8-C,409,2024-08-07,VALIDATION,NIFTY50,CE,91129.33,25,1,189.42,4735.5,148.73,217.83,1017.25,5.2,710.32,21.35,688.97,91818.3
V8-C,410,2024-08-07,VALIDATION,BANKNIFTY,PE,91818.3,15,1,319.77,4796.55,249.91,367.74,1047.9,5.22,-1047.84,16.7,-1064.54,90753.76
V8-C,411,2024-08-08,VALIDATION,BANKNIFTY,PE,90753.76,15,1,621.48,9322.2,484.37,714.7,2056.65,10.27,-2056.62,32.43,-2089.05,88664.71
V8-C,412,2024-08-09,VALIDATION,NIFTY50,CE,88664.71,25,1,303.79,7594.75,238.57,349.36,1630.5,8.57,276.0,31.86,244.14,88908.85
V8-C,413,2024-08-09,VALIDATION,BANKNIFTY,CE,88908.85,15,1,565.24,8478.6,443.93,650.03,1819.65,9.54,1271.79,38.22,1233.57,90142.42
V8-C,414,2024-08-12,VALIDATION,NIFTY50,PE,90142.42,25,1,245.53,6138.25,193.7,282.36,1295.75,6.81,-1295.8,21.51,-1317.31,88825.11
V8-C,415,2024-08-12,VALIDATION,BANKNIFTY,PE,88825.11,15,1,494.93,7423.95,388.27,569.17,1599.9,8.36,-1599.96,25.92,-1625.88,87199.23
V8-C,416,2024-08-13,VALIDATION,BANKNIFTY,PE,87199.23,15,1,409.2,6138.0,321.6,470.58,1314.0,7.04,920.7,27.68,893.02,88092.25
V8-C,417,2024-08-13,VALIDATION,NIFTY50,PE,88092.25,25,1,208.48,5212.0,165.11,239.75,1084.25,5.92,781.8,23.5,758.3,88850.55
V8-C,418,2024-08-13,VALIDATION,BANKNIFTY,PE,88850.55,15,1,408.66,6129.9,322.46,469.96,1293.0,6.9,919.48,27.63,891.85,89742.4
V8-C,419,2024-08-14,VALIDATION,NIFTY50,PE,89742.4,25,1,168.84,4221.0,133.49,194.17,883.75,4.7,-883.76,14.83,-898.59,88843.81
V8-C,420,2024-08-16,VALIDATION,NIFTY50,PE,88843.81,25,1,280.96,7024.0,221.33,323.1,1490.75,7.91,-1490.63,24.6,-1515.23,87328.58
V8-C,421,2024-08-16,VALIDATION,BANKNIFTY,CE,87328.58,15,1,526.33,7894.95,414.33,605.28,1680.0,9.04,1184.24,35.62,1148.62,88477.2
V8-C,422,2024-08-16,VALIDATION,NIFTY50,CE,88477.2,25,1,288.76,7219.0,228.22,332.07,1513.5,8.16,1082.85,32.56,1050.29,89527.49
V8-C,423,2024-08-19,VALIDATION,BANKNIFTY,PE,89527.49,15,1,480.9,7213.5,378.16,553.03,1541.1,8.06,1082.02,32.52,1049.5,90576.99
V8-C,424,2024-08-19,VALIDATION,NIFTY50,PE,90576.99,25,1,256.23,6405.75,202.64,294.66,1339.75,7.07,960.86,28.89,931.97,91508.96
V8-C,425,2024-08-19,VALIDATION,BANKNIFTY,PE,91508.96,15,1,406.58,6098.7,320.15,467.57,1296.45,6.66,914.8,27.5,887.3,92396.26
V8-C,426,2024-08-20,VALIDATION,NIFTY50,CE,92396.26,25,1,227.86,5696.5,180.5,262.04,1184.0,6.17,-423.75,22.12,-445.87,91950.39
V8-C,427,2024-08-20,VALIDATION,BANKNIFTY,CE,91950.39,15,1,378.77,5681.55,298.67,435.59,1201.5,6.18,852.23,25.62,826.61,92777.0
V8-C,428,2024-08-20,VALIDATION,BANKNIFTY,CE,92777.0,15,1,439.7,6595.5,347.83,505.65,1378.05,7.11,989.32,29.74,959.58,93736.58
V8-C,429,2024-08-21,VALIDATION,BANKNIFTY,PE,93736.58,15,1,324.3,4864.5,255.24,372.94,1035.9,5.19,729.67,21.94,707.74,94444.32
V8-C,430,2024-08-21,VALIDATION,NIFTY50,CE,94444.32,25,1,187.45,4686.25,148.61,215.57,971.0,4.96,702.94,21.14,681.8,95126.12
V8-C,431,2024-08-21,VALIDATION,NIFTY50,CE,95126.12,25,1,209.65,5241.25,166.23,241.1,1085.5,5.51,786.19,23.63,762.56,95888.68
V8-C,432,2024-08-22,VALIDATION,BANKNIFTY,CE,95888.68,15,1,620.47,9307.05,487.71,713.54,1991.4,9.71,1396.06,41.98,1354.08,97242.76
V8-C,433,2024-08-22,VALIDATION,BANKNIFTY,CE,97242.76,15,1,626.53,9397.95,496.59,720.51,1949.1,9.66,-557.85,36.91,-594.76,96648.0
V8-C,434,2024-08-23,VALIDATION,NIFTY50,PE,96648.0,25,1,288.84,7221.0,228.55,332.17,1507.25,7.47,-573.0,27.95,-600.95,96047.05
V8-C,435,2024-08-26,VALIDATION,NIFTY50,CE,96047.05,25,1,253.77,6344.25,200.83,291.84,1323.5,6.61,-36.25,25.87,-62.12,95984.93
V8-C,436,2024-08-26,VALIDATION,BANKNIFTY,CE,95984.93,15,1,493.06,7395.9,389.65,567.02,1551.15,7.71,-1551.17,25.95,-1577.12,94407.81
V8-C,437,2024-08-27,VALIDATION,NIFTY50,PE,94407.81,25,1,199.93,4998.25,158.47,229.92,1036.5,5.29,749.74,22.53,727.21,95135.02
V8-C,438,2024-08-27,VALIDATION,BANKNIFTY,PE,95135.02,15,1,369.13,5536.95,290.14,424.5,1184.85,5.82,-1184.86,19.36,-1204.22,93930.8
V8-C,439,2024-08-27,VALIDATION,NIFTY50,CE,93930.8,25,1,220.67,5516.75,175.02,253.77,1141.25,5.87,-1141.24,19.41,-1160.65,92770.15
V8-C,440,2024-08-28,VALIDATION,NIFTY50,PE,92770.15,25,1,184.62,4615.5,146.2,212.31,960.5,4.98,-960.56,16.23,-976.79,91793.36
V8-C,441,2024-08-28,VALIDATION,BANKNIFTY,PE,91793.36,15,1,291.61,4374.15,230.24,335.35,920.55,4.77,-920.58,15.33,-935.91,90857.45
V8-C,442,2024-08-29,VALIDATION,BANKNIFTY,CE,90857.45,15,1,568.94,8534.1,449.66,654.28,1789.2,9.39,1280.12,38.47,1241.64,92099.09
V8-C,443,2024-08-29,VALIDATION,NIFTY50,CE,92099.09,25,1,144.9,3622.5,114.96,166.63,748.5,3.93,543.37,16.33,527.04,92626.13
V8-C,444,2024-08-29,VALIDATION,NIFTY50,CE,92626.13,25,1,156.43,3910.75,124.12,179.89,807.75,4.22,-807.75,13.76,-821.51,91804.62
V8-C,445,2024-08-30,VALIDATION,BANKNIFTY,CE,91804.62,15,1,589.96,8849.4,467.5,678.45,1836.9,9.64,-1239.9,32.78,-1272.68,90531.94
V8-C,446,2024-09-02,VALIDATION,BANKNIFTY,PE,90531.94,15,1,485.01,7275.15,384.1,557.76,1513.65,8.04,-1513.68,25.56,-1539.24,88992.7
V8-C,447,2024-09-02,VALIDATION,NIFTY50,PE,88992.7,25,1,250.96,6274.0,199.47,288.6,1287.25,7.05,941.1,28.28,912.82,89905.52
V8-C,448,2024-09-02,VALIDATION,NIFTY50,PE,89905.52,25,1,240.95,6023.75,191.37,277.09,1239.5,6.7,-532.5,23.18,-555.68,89349.84
V8-C,449,2024-09-03,VALIDATION,NIFTY50,PE,89349.84,25,1,214.99,5374.75,170.72,247.24,1106.75,6.02,-403.5,20.86,-424.36,88925.48
V8-C,450,2024-09-03,VALIDATION,BANKNIFTY,PE,88925.48,15,1,443.27,6649.05,350.12,509.76,1397.25,7.48,-1397.32,23.32,-1420.64,87504.84
V8-C,451,2024-09-04,VALIDATION,BANKNIFTY,PE,87504.84,15,1,354.09,5311.35,279.57,407.2,1117.8,6.07,-1117.82,18.62,-1136.44,86368.4
V8-C,452,2024-09-04,VALIDATION,NIFTY50,CE,86368.4,25,1,182.17,4554.25,144.91,209.5,931.5,5.27,683.14,20.56,662.58,87030.98
V8-C,453,2024-09-04,VALIDATION,NIFTY50,CE,87030.98,25,1,188.7,4717.5,149.92,217.0,969.5,5.42,313.75,20.16,293.59,87324.57
V8-C,454,2024-09-05,VALIDATION,NIFTY50,PE,87324.57,25,1,179.18,4479.5,142.06,206.06,928.0,5.13,671.92,20.21,651.71,87976.28
V8-C,455,2024-09-05,VALIDATION,BANKNIFTY,PE,87976.28,15,1,653.5,9802.5,518.19,751.52,2029.65,11.14,-510.0,38.7,-548.7,87427.58
V8-C,456,2024-09-06,VALIDATION,BANKNIFTY,PE,87427.58,15,1,578.37,8675.55,453.3,665.13,1876.05,9.92,1301.33,39.14,1262.19,88689.77
V8-C,457,2024-09-06,VALIDATION,NIFTY50,PE,88689.77,25,1,276.66,6916.5,217.51,318.16,1478.75,7.8,1037.47,31.2,1006.27,89696.04
V8-C,458,2024-09-06,VALIDATION,BANKNIFTY,PE,89696.04,15,1,571.99,8579.85,451.25,657.79,1811.1,9.57,1286.98,38.68,1248.3,90944.34
V8-C,459,2024-09-09,VALIDATION,NIFTY50,CE,90944.34,25,1,221.12,5528.0,174.91,254.29,1155.25,6.08,829.2,24.93,804.27,91748.61
V8-C,460,2024-09-09,VALIDATION,BANKNIFTY,CE,91748.61,15,1,422.1,6331.5,332.53,485.41,1343.55,6.9,949.72,28.55,921.17,92669.78
V8-C,461,2024-09-09,VALIDATION,BANKNIFTY,CE,92669.78,15,1,498.25,7473.75,392.32,572.99,1588.95,8.06,1121.06,33.69,1087.37,93757.15
V8-C,462,2024-09-10,VALIDATION,NIFTY50,PE,93757.15,25,1,239.43,5985.75,189.54,275.34,1247.25,6.38,-1247.21,21.02,-1268.23,92488.92
V8-C,463,2024-09-10,VALIDATION,BANKNIFTY,CE,92488.92,15,1,423.99,6359.85,335.41,487.59,1328.7,6.88,-1328.67,22.34,-1351.01,91137.91
V8-C,464,2024-09-11,VALIDATION,BANKNIFTY,CE,91137.91,15,1,267.65,4014.75,210.78,307.8,853.05,4.41,602.21,18.12,584.09,91722.0
V8-C,465,2024-09-11,VALIDATION,NIFTY50,CE,91722.0,25,1,172.29,4307.25,136.44,198.13,896.25,4.7,-896.18,15.14,-911.32,90810.68
V8-C,466,2024-09-11,VALIDATION,BANKNIFTY,CE,90810.68,15,1,295.63,4434.45,232.73,339.97,943.5,4.88,-943.53,15.52,-959.05,89851.63
V8-C,467,2024-09-12,VALIDATION,BANKNIFTY,PE,89851.63,15,1,567.7,8515.5,446.92,652.86,1811.7,9.48,1277.32,38.4,1238.93,91090.56
V8-C,468,2024-09-12,VALIDATION,NIFTY50,PE,91090.56,25,1,157.42,3935.5,124.12,181.03,832.5,4.32,590.32,17.75,572.57,91663.13
V8-C,469,2024-09-12,VALIDATION,NIFTY50,PE,91663.13,25,1,163.51,4087.75,129.04,188.04,861.75,4.46,-861.76,14.34,-876.1,90787.03
V8-C,470,2024-09-13,VALIDATION,BANKNIFTY,CE,90787.03,15,1,534.5,8017.5,422.29,614.67,1683.15,8.83,1202.62,36.16,1166.46,91953.49
V8-C,471,2024-09-13,VALIDATION,BANKNIFTY,CE,91953.49,15,1,625.31,9379.65,494.74,719.11,1958.55,10.2,-345.0,37.43,-382.43,91571.06
V8-C,472,2024-09-16,VALIDATION,BANKNIFTY,CE,91571.06,15,1,481.85,7227.75,380.7,554.13,1517.25,7.89,-1517.22,25.36,-1542.58,90028.48
V8-C,473,2024-09-16,VALIDATION,NIFTY50,CE,90028.48,25,1,259.92,6498.0,205.94,298.91,1349.5,7.22,-1349.46,22.82,-1372.28,88656.2
V8-C,474,2024-09-17,VALIDATION,NIFTY50,CE,88656.2,25,1,238.23,5955.75,189.47,273.96,1219.0,6.72,-167.5,23.9,-191.4,88464.8
V8-C,475,2024-09-17,VALIDATION,BANKNIFTY,CE,88464.8,15,1,359.21,5388.15,285.41,413.09,1107.0,6.09,-1107.02,18.96,-1125.98,87338.82
V8-C,476,2024-09-18,VALIDATION,NIFTY50,CE,87338.82,25,1,177.88,4447.0,141.19,204.56,917.25,5.09,667.05,20.05,647.0,87985.82
V8-C,477,2024-09-18,VALIDATION,NIFTY50,CE,87985.82,25,1,206.82,5170.5,164.16,237.84,1066.5,5.88,-1066.42,18.21,-1084.63,86901.19
V8-C,478,2024-09-18,VALIDATION,BANKNIFTY,CE,86901.19,15,1,306.57,4598.55,242.08,352.56,967.35,5.29,-967.32,16.12,-983.44,85917.75
V8-C,479,2024-09-19,VALIDATION,NIFTY50,CE,85917.75,25,1,140.66,3516.5,110.56,161.76,752.5,4.09,-752.41,12.31,-764.72,85153.03
V8-C,480,2024-09-19,VALIDATION,NIFTY50,PE,85153.03,25,1,163.28,4082.0,128.78,187.77,862.5,4.79,-862.5,14.31,-876.81,84276.22
V8-C,481,2024-09-19,VALIDATION,NIFTY50,PE,84276.22,25,1,163.49,4087.25,128.87,188.01,865.5,4.85,613.09,18.42,594.67,84870.89
V8-C,482,2024-09-20,VALIDATION,NIFTY50,CE,84870.89,25,1,305.0,7625.0,239.81,350.75,1629.75,8.98,1143.75,34.39,1109.36,85980.25
V8-C,483,2024-09-20,VALIDATION,BANKNIFTY,CE,85980.25,15,1,545.16,8177.4,429.96,626.93,1728.0,9.51,1226.61,36.89,1189.72,87169.97
V8-C,484,2024-09-20,VALIDATION,NIFTY50,CE,87169.97,25,1,313.24,7831.0,246.88,360.23,1659.0,8.98,1174.65,35.31,1139.34,88309.31
V8-C,485,2024-09-23,VALIDATION,BANKNIFTY,CE,88309.31,15,1,456.46,6846.9,355.0,524.93,1521.9,7.75,1027.03,30.87,996.16,89305.47
V8-C,486,2024-09-23,VALIDATION,NIFTY50,CE,89305.47,25,1,242.65,6066.25,190.83,279.05,1295.5,6.79,909.94,27.34,882.6,90188.07
V8-C,487,2024-09-23,VALIDATION,BANKNIFTY,CE,90188.07,15,1,494.03,7410.45,386.08,568.13,1619.25,8.22,1111.57,33.42,1078.15,91266.22
V8-C,488,2024-09-24,VALIDATION,NIFTY50,CE,91266.22,25,1,237.8,5945.0,188.78,273.47,1225.5,6.51,-1225.51,20.92,-1246.43,90019.79
V8-C,489,2024-09-24,VALIDATION,NIFTY50,CE,90019.79,25,1,241.54,6038.5,192.13,277.77,1235.25,6.71,905.77,27.23,878.54,90898.33
V8-C,490,2024-09-24,VALIDATION,NIFTY50,CE,90898.33,25,1,221.29,5532.25,175.54,254.48,1143.75,6.09,106.0,22.95,83.05,90981.38
V8-C,491,2024-09-25,VALIDATION,BANKNIFTY,CE,90981.38,15,1,332.55,4988.25,263.34,382.43,1038.15,5.48,748.24,22.48,725.76,91707.14
V8-C,492,2024-09-25,VALIDATION,NIFTY50,PE,91707.14,25,1,210.39,5259.75,167.09,241.95,1082.5,5.74,-1082.54,18.52,-1101.06,90606.08
V8-C,493,2024-09-25,VALIDATION,BANKNIFTY,CE,90606.08,15,1,367.2,5508.0,291.74,422.28,1131.9,6.08,826.2,24.83,801.37,91407.45
V8-C,494,2024-09-26,VALIDATION,NIFTY50,CE,91407.45,25,1,179.88,4497.0,142.58,206.86,932.5,4.92,674.55,20.27,654.28,92061.73
V8-C,495,2024-09-26,VALIDATION,BANKNIFTY,CE,92061.73,15,1,586.41,8796.15,464.12,674.37,1834.35,9.55,1319.42,39.67,1279.75,93341.48
V8-C,496,2024-09-26,VALIDATION,BANKNIFTY,CE,93341.48,15,1,618.01,9270.15,490.15,710.71,1917.9,9.93,1390.52,41.81,1348.71,94690.19
V8-C,497,2024-09-27,VALIDATION,NIFTY50,CE,94690.19,25,1,324.45,8111.25,257.23,373.12,1680.5,8.57,-1196.5,29.86,-1226.36,93463.83
V8-C,498,2024-09-27,VALIDATION,BANKNIFTY,PE,93463.83,15,1,593.82,8907.3,468.89,682.89,1873.95,9.53,1336.09,40.19,1295.9,94759.73
V8-C,499,2024-09-30,VALIDATION,BANKNIFTY,PE,94759.73,15,1,413.91,6208.65,325.19,476.0,1330.8,6.55,-1330.82,21.71,-1352.53,93407.2
V8-C,500,2024-09-30,VALIDATION,NIFTY50,PE,93407.2,25,1,246.68,6167.0,195.48,283.68,1280.0,6.6,925.05,27.82,897.23,94304.43
V8-C,501,2024-09-30,VALIDATION,BANKNIFTY,PE,94304.43,15,1,497.23,7458.45,393.17,571.81,1560.9,7.91,1118.77,33.64,1085.13,95389.56
V8-C,502,2024-10-01,VALIDATION,NIFTY50,PE,95389.56,25,1,214.49,5362.25,169.35,246.66,1128.5,5.62,-1128.46,18.81,-1147.27,94242.29
V8-C,503,2024-10-01,VALIDATION,NIFTY50,PE,94242.29,25,1,228.46,5711.5,180.9,262.73,1189.0,6.06,856.72,25.75,830.97,95073.26
V8-C,504,2024-10-03,VALIDATION,BANKNIFTY,PE,95073.26,15,1,596.91,8953.65,469.65,686.45,1908.9,9.42,1343.05,40.4,1302.65,96375.91
V8-C,505,2024-10-03,VALIDATION,NIFTY50,PE,96375.91,25,1,150.94,3773.5,119.16,173.58,794.5,3.92,566.02,17.02,549.0,96924.91
V8-C,506,2024-10-03,VALIDATION,BANKNIFTY,PE,96924.91,15,1,645.43,9681.45,507.29,742.24,2072.1,9.99,440.4,40.84,399.56,97324.47
V8-C,507,2024-10-04,VALIDATION,BANKNIFTY,CE,97324.47,15,1,598.19,8972.85,467.14,687.92,1965.75,9.22,1345.93,40.48,1305.45,98629.92
V8-C,508,2024-10-04,VALIDATION,BANKNIFTY,CE,98629.92,15,1,568.41,8526.15,442.79,653.67,1884.3,8.64,-1884.37,29.65,-1914.02,96715.9
V8-C,509,2024-10-04,VALIDATION,NIFTY50,CE,96715.9,25,1,316.99,7924.75,248.51,364.54,1712.0,8.19,1188.71,35.74,1152.97,97868.87
V8-C,510,2024-10-07,VALIDATION,BANKNIFTY,PE,97868.87,15,1,490.16,7352.4,382.69,563.68,1612.05,7.51,-1612.1,25.61,-1637.71,96231.16
V8-C,511,2024-10-07,VALIDATION,NIFTY50,PE,96231.16,25,1,236.69,5917.25,185.85,272.19,1271.0,6.15,887.59,26.68,860.91,97092.07
V8-C,512,2024-10-07,VALIDATION,BANKNIFTY,PE,97092.07,15,1,405.61,6084.15,316.74,466.45,1333.05,6.27,912.62,27.44,885.18,97977.25
V8-C,513,2024-10-08,VALIDATION,BANKNIFTY,CE,97977.25,15,1,365.79,5486.85,279.46,420.66,1294.95,5.6,-1295.0,18.85,-1313.85,96663.4
V8-C,514,2024-10-08,VALIDATION,NIFTY50,CE,96663.4,25,1,200.61,5015.25,156.65,230.7,1099.0,5.19,752.29,22.61,729.68,97393.08
V8-C,515,2024-10-08,VALIDATION,NIFTY50,CE,97393.08,25,1,216.94,5423.5,170.14,249.48,1170.0,5.57,813.52,24.46,789.06,98182.14
V8-C,516,2024-10-09,VALIDATION,NIFTY50,CE,98182.14,25,1,174.2,4355.0,136.74,200.33,936.5,4.44,-936.47,15.23,-951.7,97230.44
V8-C,517,2024-10-09,VALIDATION,BANKNIFTY,CE,97230.44,15,1,316.31,4744.65,245.63,363.76,1060.2,4.88,-1060.14,16.46,-1076.6,96153.84
V8-C,518,2024-10-10,VALIDATION,NIFTY50,PE,96153.84,25,1,146.15,3653.75,115.18,168.07,774.25,3.8,-774.25,12.81,-787.06,95366.78
V8-C,519,2024-10-10,VALIDATION,NIFTY50,CE,95366.78,25,1,162.83,4070.75,128.21,187.25,865.5,4.27,-865.5,14.26,-879.76,94487.02
V8-C,520,2024-10-10,VALIDATION,BANKNIFTY,CE,94487.02,15,1,649.11,9736.65,510.82,746.48,2074.35,10.3,1460.5,43.91,1416.59,95903.61
V8-C,521,2024-10-11,VALIDATION,NIFTY50,CE,95903.61,25,1,284.22,7105.5,224.87,326.85,1483.75,7.41,-1483.86,24.93,-1508.79,94394.82
V8-C,522,2024-10-11,VALIDATION,BANKNIFTY,PE,94394.82,15,1,584.78,8771.7,460.81,672.5,1859.55,9.29,-1859.61,30.73,-1890.34,92504.48
V8-C,523,2024-10-14,VALIDATION,NIFTY50,CE,92504.48,25,1,248.71,6217.75,196.6,286.02,1302.75,6.72,932.66,28.04,904.62,93409.1
V8-C,524,2024-10-14,VALIDATION,BANKNIFTY,CE,93409.1,15,1,404.76,6071.4,319.92,465.47,1272.6,6.5,910.71,27.38,883.33,94292.43
V8-C,525,2024-10-14,VALIDATION,NIFTY50,CE,94292.43,25,1,248.33,6208.25,196.98,285.58,1283.75,6.58,-1283.78,21.85,-1305.63,92986.8
V8-C,526,2024-10-15,VALIDATION,NIFTY50,PE,92986.8,25,1,244.91,6122.75,193.41,281.65,1287.5,6.58,918.41,27.6,890.81,93877.61
V8-C,527,2024-10-15,VALIDATION,BANKNIFTY,PE,93877.61,15,1,372.43,5586.45,293.45,428.29,1184.7,5.95,-1184.65,19.56,-1204.21,92673.4
V8-C,528,2024-10-15,VALIDATION,NIFTY50,PE,92673.4,25,1,202.22,5055.5,160.2,232.55,1050.5,5.46,758.32,22.79,735.53,93408.93
V8-C,529,2024-10-16,VALIDATION,NIFTY50,CE,93408.93,25,1,212.87,5321.75,168.4,244.8,1111.75,5.7,-1111.87,18.69,-1130.56,92278.37
V8-C,530,2024-10-16,VALIDATION,BANKNIFTY,CE,92278.37,15,1,359.95,5399.25,283.52,413.94,1146.45,5.85,-1146.5,18.92,-1165.42,91112.95
V8-C,531,2024-10-17,VALIDATION,NIFTY50,PE,91112.95,25,1,157.23,3930.75,124.14,180.81,827.25,4.31,589.61,17.74,571.87,91684.82
V8-C,532,2024-10-17,VALIDATION,BANKNIFTY,PE,91684.82,15,1,594.27,8914.05,467.82,683.41,1896.75,9.72,1337.11,40.2,1296.91,92981.73
V8-C,533,2024-10-17,VALIDATION,BANKNIFTY,PE,92981.73,15,1,647.96,9719.4,511.19,745.15,2051.55,10.45,-654.45,37.95,-692.4,92289.33
V8-C,534,2024-10-18,VALIDATION,NIFTY50,CE,92289.33,25,1,298.83,7470.75,235.29,343.65,1588.5,8.09,1120.61,33.69,1086.92,93376.25
V8-C,535,2024-10-18,VALIDATION,BANKNIFTY,CE,93376.25,15,1,606.97,9104.55,476.13,698.02,1962.6,9.75,1365.68,41.07,1324.61,94700.86
V8-C,536,2024-10-18,VALIDATION,NIFTY50,CE,94700.86,25,1,294.35,7358.75,232.59,338.5,1544.0,7.77,649.5,31.92,617.58,95318.44
V8-C,537,2024-10-21,VALIDATION,NIFTY50,PE,95318.44,25,1,241.05,6026.25,188.75,277.21,1307.5,6.32,903.94,27.19,876.75,96195.19
V8-C,538,2024-10-21,VALIDATION,BANKNIFTY,PE,96195.19,15,1,476.22,7143.3,374.68,547.65,1523.1,7.43,1071.49,32.22,1039.27,97234.46
V8-C,539,2024-10-21,VALIDATION,NIFTY50,PE,97234.46,25,1,261.02,6525.5,206.08,300.17,1373.5,6.71,-1373.42,22.89,-1396.31,95838.15
V8-C,540,2024-10-22,VALIDATION,BANKNIFTY,CE,95838.15,15,1,439.71,6595.65,343.53,505.67,1442.7,6.88,-1442.63,22.97,-1465.6,94372.55
V8-C,541,2024-10-22,VALIDATION,NIFTY50,CE,94372.55,25,1,239.15,5978.75,187.43,275.02,1293.0,6.34,-1292.92,20.87,-1313.79,93058.76
V8-C,542,2024-10-23,VALIDATION,NIFTY50,CE,93058.76,25,1,188.09,4702.25,147.07,216.3,1025.5,5.05,705.34,21.19,684.15,93742.91
V8-C,543,2024-10-23,VALIDATION,NIFTY50,CE,93742.91,25,1,176.06,4401.5,138.0,202.47,951.5,4.7,660.22,19.84,640.38,94383.29
V8-C,544,2024-10-23,VALIDATION,NIFTY50,CE,94383.29,25,1,213.74,5343.5,167.89,245.8,1146.25,5.66,801.52,24.09,777.43,95160.72
V8-C,545,2024-10-24,VALIDATION,NIFTY50,PE,95160.72,25,1,171.74,4293.5,135.26,197.5,912.0,4.51,644.02,19.37,624.66,95785.38
V8-C,546,2024-10-24,VALIDATION,NIFTY50,PE,95785.38,25,1,147.46,3686.5,117.16,169.58,757.5,3.85,552.98,16.62,536.36,96321.74
V8-C,547,2024-10-24,VALIDATION,BANKNIFTY,CE,96321.74,15,1,609.22,9138.3,480.95,700.6,1924.05,9.49,-1923.99,32.06,-1956.05,94365.69
V8-C,548,2024-10-25,VALIDATION,NIFTY50,PE,94365.69,25,1,288.42,7210.5,227.16,331.68,1531.5,7.64,1081.57,32.52,1049.06,95414.75
V8-C,549,2024-10-25,VALIDATION,BANKNIFTY,PE,95414.75,15,1,552.7,8290.5,429.96,635.61,1841.1,8.69,-1841.09,28.8,-1869.89,93544.86
V8-C,550,2024-10-25,VALIDATION,NIFTY50,PE,93544.86,25,1,302.8,7570.0,237.86,348.22,1623.5,8.09,1135.5,34.15,1101.35,94646.21
V8-C,551,2024-10-28,VALIDATION,BANKNIFTY,CE,94646.21,15,1,434.36,6515.4,337.86,499.51,1447.5,6.88,-1447.55,22.64,-1470.19,93176.02
V8-C,552,2024-10-28,VALIDATION,NIFTY50,CE,93176.02,25,1,241.06,6026.5,189.25,277.22,1295.25,6.47,903.97,27.19,876.78,94052.8
V8-C,553,2024-10-28,VALIDATION,BANKNIFTY,CE,94052.8,15,1,401.19,6017.85,313.24,461.37,1319.25,6.4,902.68,27.13,875.55,94928.35
V8-C,554,2024-10-29,VALIDATION,NIFTY50,PE,94928.35,25,1,238.92,5973.0,187.9,274.76,1275.5,6.29,-1275.44,20.91,-1296.35,93632.0
V8-C,555,2024-10-29,VALIDATION,NIFTY50,PE,93632.0,25,1,231.09,5777.25,181.97,265.75,1228.0,6.17,-1228.0,20.21,-1248.21,92383.79
V8-C,556,2024-10-30,VALIDATION,BANKNIFTY,PE,92383.79,15,1,352.6,5289.0,275.65,405.49,1154.25,5.73,793.35,23.86,769.49,93153.28
V8-C,557,2024-10-30,VALIDATION,BANKNIFTY,PE,93153.28,15,1,323.91,4858.65,253.72,372.5,1052.85,5.22,728.8,21.9,706.9,93860.18
V8-C,558,2024-10-30,VALIDATION,NIFTY50,CE,93860.18,25,1,183.38,4584.5,144.88,210.89,962.5,4.88,687.67,20.69,666.98,94527.16
V8-C,559,2024-10-31,VALIDATION,NIFTY50,PE,94527.16,25,1,161.39,4034.75,127.36,185.6,850.75,4.27,605.21,18.2,587.01,95114.17
V8-C,560,2024-10-31,VALIDATION,BANKNIFTY,CE,95114.17,15,1,643.12,9646.8,505.27,739.59,2067.75,10.14,-2067.82,33.72,-2101.54,93012.63
V8-C,561,2024-10-31,VALIDATION,NIFTY50,PE,93012.63,25,1,140.23,3505.75,110.8,161.26,735.75,3.77,525.86,15.82,510.04,93522.67
V8-C,562,2024-11-04,VALIDATION,BANKNIFTY,PE,93522.67,15,1,404.66,6069.9,317.38,465.36,1309.2,6.49,910.48,27.38,883.1,94405.77
V8-C,563,2024-11-04,VALIDATION,BANKNIFTY,PE,94405.77,15,1,466.54,6998.1,367.12,536.52,1491.3,7.41,1049.71,31.55,1018.16,95423.93
V8-C,564,2024-11-04,VALIDATION,NIFTY50,PE,95423.93,25,1,225.29,5632.25,177.07,259.08,1205.5,5.9,-1205.47,19.7,-1225.17,94198.76
V8-C,565,2024-11-05,VALIDATION,BANKNIFTY,CE,94198.76,15,1,374.18,5612.7,292.1,430.31,1231.2,5.96,841.9,25.3,816.6,95015.36
V8-C,566,2024-11-05,VALIDATION,BANKNIFTY,PE,95015.36,15,1,364.01,5460.15,283.22,418.61,1211.85,5.75,819.02,24.62,794.4,95809.76
V8-C,567,2024-11-05,VALIDATION,NIFTY50,PE,95809.76,25,1,209.94,5248.5,165.01,241.43,1123.25,5.48,-1123.31,18.37,-1141.68,94668.08
V8-D,1,2024-01-01,DEVELOPMENT,NIFTY50,CE,100000.0,25,1,127.68,3192.0,102.14,146.83,638.5,3.19,478.8,14.41,464.39,100464.39
V8-D,2,2024-01-01,DEVELOPMENT,BANKNIFTY,CE,100464.39,15,1,258.55,3878.25,206.84,297.33,775.65,3.86,581.74,17.49,564.25,101028.64
V8-D,3,2024-01-01,DEVELOPMENT,NIFTY50,CE,101028.64,25,1,144.42,3610.5,115.54,166.08,722.0,3.57,-496.25,13.39,-509.64,100519.0
V8-D,4,2024-01-02,DEVELOPMENT,NIFTY50,PE,100519.0,25,1,107.28,2682.0,85.82,123.37,536.5,2.67,402.3,12.1,390.2,100909.2
V8-D,5,2024-01-02,DEVELOPMENT,BANKNIFTY,PE,100909.2,15,1,214.66,3219.9,171.73,246.86,643.95,3.19,482.98,14.52,468.46,101377.66
V8-D,6,2024-01-02,DEVELOPMENT,NIFTY50,PE,101377.66,25,1,107.29,2682.25,85.83,123.38,536.5,2.65,-12.25,10.96,-23.21,101354.45
V8-D,7,2024-01-03,DEVELOPMENT,BANKNIFTY,PE,101354.45,30,2,139.34,4180.2,111.47,160.24,836.1,4.12,627.03,18.85,608.18,101962.63
V8-D,8,2024-01-03,DEVELOPMENT,NIFTY50,PE,101962.63,50,2,97.2,4860.0,77.76,111.78,972.0,4.77,729.0,21.9,707.1,102669.73
V8-D,9,2024-01-03,DEVELOPMENT,NIFTY50,PE,102669.73,50,2,82.9,4145.0,66.32,95.33,829.0,4.04,621.75,18.7,603.05,103272.78
V8-D,10,2024-01-04,DEVELOPMENT,BANKNIFTY,CE,103272.78,15,1,383.92,5758.8,307.14,441.51,1151.7,5.58,863.82,25.96,837.86,104110.64
V8-D,11,2024-01-04,DEVELOPMENT,NIFTY50,CE,104110.64,100,4,48.02,4802.0,38.42,55.22,960.0,4.61,720.3,21.64,698.66,104809.3
V8-D,12,2024-01-04,DEVELOPMENT,NIFTY50,CE,104809.3,100,4,48.05,4805.0,38.44,55.26,961.0,4.58,720.75,21.67,699.08,105508.38
V8-D,13,2024-01-05,DEVELOPMENT,BANKNIFTY,PE,105508.38,15,1,356.6,5349.0,285.28,410.09,1069.8,5.07,802.35,24.12,778.23,106286.61
V8-D,14,2024-01-05,DEVELOPMENT,NIFTY50,PE,106286.61,25,1,187.63,4690.75,150.1,215.77,938.25,4.41,703.61,21.15,682.46,106969.07
V8-D,15,2024-01-05,DEVELOPMENT,BANKNIFTY,PE,106969.07,15,1,354.33,5314.95,283.46,407.48,1063.05,4.97,797.24,23.96,773.28,107742.35
V8-D,16,2024-01-08,DEVELOPMENT,NIFTY50,PE,107742.35,25,1,151.97,3799.25,121.58,174.77,759.75,3.53,569.89,17.12,552.77,108295.12
V8-D,17,2024-01-08,DEVELOPMENT,BANKNIFTY,PE,108295.12,15,1,238.41,3576.15,190.73,274.17,715.2,3.3,536.42,16.12,520.3,108815.42
V8-D,18,2024-01-08,DEVELOPMENT,NIFTY50,PE,108815.42,25,1,141.43,3535.75,113.14,162.64,707.25,3.25,530.36,15.95,514.41,109329.83
V8-D,19,2024-01-09,DEVELOPMENT,BANKNIFTY,CE,109329.83,15,1,204.79,3071.85,163.83,235.51,614.4,2.81,-614.37,10.85,-625.22,108704.61
V8-D,20,2024-01-09,DEVELOPMENT,NIFTY50,CE,108704.61,50,2,107.66,5383.0,86.13,123.81,1076.5,4.95,807.45,24.29,783.16,109487.77
V8-D,21,2024-01-09,DEVELOPMENT,NIFTY50,CE,109487.77,50,2,106.98,5349.0,85.58,123.03,1070.0,4.89,99.5,22.17,77.33,109565.1
V8-D,22,2024-01-10,DEVELOPMENT,BANKNIFTY,CE,109565.1,45,3,118.86,5348.7,95.09,136.69,1069.65,4.88,802.3,24.12,778.19,110343.29
V8-D,23,2024-01-10,DEVELOPMENT,BANKNIFTY,CE,110343.29,45,3,109.45,4925.25,87.56,125.87,985.05,4.46,738.79,22.21,716.58,111059.87
V8-D,24,2024-01-10,DEVELOPMENT,BANKNIFTY,CE,111059.87,45,3,105.13,4730.85,84.1,120.9,946.35,4.26,0.9,19.36,-18.46,111041.41
V8-D,25,2024-01-11,DEVELOPMENT,NIFTY50,PE,111041.41,100,4,48.09,4809.0,38.47,55.3,962.0,4.33,721.35,21.68,699.67,111741.08
V8-D,26,2024-01-11,DEVELOPMENT,NIFTY50,PE,111741.08,100,4,48.08,4808.0,38.46,55.29,962.0,4.3,721.2,21.67,699.53,112440.61
V8-D,27,2024-01-11,DEVELOPMENT,BANKNIFTY,PE,112440.61,15,1,379.56,5693.4,303.65,436.49,1138.65,5.06,0.6,23.29,-22.69,112417.92
V8-D,28,2024-01-12,DEVELOPMENT,NIFTY50,CE,112417.92,25,1,174.73,4368.25,139.78,200.94,873.75,3.89,655.24,19.71,635.53,113053.45
V8-D,29,2024-01-12,DEVELOPMENT,BANKNIFTY,CE,113053.45,15,1,382.23,5733.45,305.78,439.56,1146.75,5.07,860.02,25.84,834.18,113887.63
V8-D,30,2024-01-12,DEVELOPMENT,NIFTY50,CE,113887.63,25,1,175.06,4376.5,140.05,201.32,875.25,3.84,656.47,19.72,636.75,114524.38
V8-D,31,2024-01-15,DEVELOPMENT,BANKNIFTY,CE,114524.38,15,1,247.64,3714.6,198.11,284.79,742.95,3.24,557.19,16.75,540.44,115064.82
V8-D,32,2024-01-15,DEVELOPMENT,BANKNIFTY,CE,115064.82,15,1,273.37,4100.55,218.7,314.38,820.05,3.56,615.08,18.49,596.59,115661.41
V8-D,33,2024-01-15,DEVELOPMENT,NIFTY50,CE,115661.41,25,1,149.64,3741.0,119.71,172.09,748.25,3.23,561.15,16.86,544.29,116205.7
V8-D,34,2024-01-16,DEVELOPMENT,NIFTY50,CE,116205.7,50,2,109.63,5481.5,87.7,126.07,1096.5,4.72,822.22,24.71,797.51,117003.21
V8-D,35,2024-01-16,DEVELOPMENT,BANKNIFTY,CE,117003.21,30,2,185.66,5569.8,148.53,213.51,1113.9,4.76,-68.1,22.62,-90.72,116912.49
V8-D,36,2024-01-16,DEVELOPMENT,NIFTY50,CE,116912.49,25,1,119.57,2989.25,95.66,137.51,597.75,2.56,-277.75,11.47,-289.22,116623.27
V8-D,37,2024-01-17,DEVELOPMENT,BANKNIFTY,PE,116623.27,45,3,102.85,4628.25,82.28,118.28,925.65,3.97,694.24,20.88,673.36,117296.63
V8-D,38,2024-01-17,DEVELOPMENT,BANKNIFTY,PE,117296.63,30,2,132.97,3989.1,106.38,152.92,797.7,3.4,598.36,18.0,580.36,117876.99
V8-D,39,2024-01-18,DEVELOPMENT,NIFTY50,PE,117876.99,100,4,51.91,5191.0,41.53,59.7,1038.0,4.4,778.65,23.41,755.24,118632.23
V8-D,40,2024-01-18,DEVELOPMENT,NIFTY50,CE,118632.23,100,4,47.69,4769.0,38.15,54.84,954.0,4.02,715.35,21.52,693.83,119326.06
V8-D,41,2024-01-18,DEVELOPMENT,BANKNIFTY,CE,119326.06,15,1,372.19,5582.85,297.75,428.02,1116.6,4.68,837.43,25.17,812.26,120138.32
V8-D,42,2024-01-19,DEVELOPMENT,NIFTY50,CE,120138.32,25,1,172.97,4324.25,138.38,198.92,864.75,3.6,4.75,17.72,-12.97,120125.35
V8-D,43,2024-01-19,DEVELOPMENT,BANKNIFTY,CE,120125.35,15,1,338.42,5076.3,270.74,389.18,1015.2,4.23,-171.9,20.3,-192.2,119933.15
V8-D,44,2024-01-20,DEVELOPMENT,NIFTY50,PE,119933.15,25,1,166.84,4171.0,133.47,191.87,834.25,3.48,625.65,18.8,606.85,120540.0
V8-D,45,2024-01-20,DEVELOPMENT,BANKNIFTY,PE,120540.0,15,1,306.55,4598.25,245.24,352.53,919.65,3.81,689.74,20.73,669.01,121209.01
V8-D,46,2024-01-20,DEVELOPMENT,NIFTY50,PE,121209.01,25,1,159.46,3986.5,127.57,183.38,797.25,3.29,597.97,18.0,579.97,121788.98
V8-D,47,2024-01-23,DEVELOPMENT,NIFTY50,PE,121788.98,50,2,107.03,5351.5,85.62,123.08,1070.5,4.39,802.72,24.12,778.6,122567.58
V8-D,48,2024-01-23,DEVELOPMENT,BANKNIFTY,PE,122567.58,30,2,175.83,5274.9,140.66,202.2,1055.1,4.3,791.23,23.78,767.45,123335.03
V8-D,49,2024-01-23,DEVELOPMENT,NIFTY50,PE,123335.03,50,2,119.91,5995.5,95.93,137.9,1199.0,4.86,899.32,27.04,872.28,124207.31
V8-D,50,2024-01-24,DEVELOPMENT,NIFTY50,CE,124207.31,75,3,82.22,6166.5,65.78,94.55,1233.0,4.96,924.97,27.81,897.16,125104.47
V8-D,51,2024-01-24,DEVELOPMENT,BANKNIFTY,CE,125104.47,30,2,139.71,4191.3,111.77,160.67,838.2,3.35,-838.26,14.82,-853.08,124251.39
V8-D,52,2024-01-25,DEVELOPMENT,BANKNIFTY,PE,124251.39,15,1,403.53,6052.95,322.82,464.06,1210.65,4.87,907.94,27.3,880.64,125132.03
V8-D,53,2024-01-25,DEVELOPMENT,BANKNIFTY,PE,125132.03,15,1,357.12,5356.8,285.7,410.69,1071.3,4.28,803.52,24.16,779.36,125911.39
V8-D,54,2024-01-25,DEVELOPMENT,NIFTY50,PE,125911.39,125,5,48.9,6112.5,39.12,56.23,1222.5,4.85,916.87,27.55,889.32,126800.71
V8-D,55,2024-01-29,DEVELOPMENT,NIFTY50,CE,126800.71,25,1,127.05,3176.25,101.64,146.11,635.25,2.5,476.44,14.32,462.12,127262.83
V8-D,56,2024-01-29,DEVELOPMENT,BANKNIFTY,CE,127262.83,15,1,225.8,3387.0,180.64,259.67,677.4,2.66,508.05,15.27,492.78,127755.61
V8-D,57,2024-01-29,DEVELOPMENT,BANKNIFTY,CE,127755.61,15,1,225.91,3388.65,180.73,259.8,677.7,2.65,508.3,15.28,493.02,128248.63
V8-D,58,2024-01-30,DEVELOPMENT,BANKNIFTY,PE,128248.63,30,2,174.64,5239.2,139.71,200.84,1047.9,4.09,785.88,23.63,762.25,129010.88
V8-D,59,2024-01-30,DEVELOPMENT,NIFTY50,PE,129010.88,50,2,107.78,5389.0,86.22,123.95,1078.0,4.18,808.35,24.3,784.05,129794.93
V8-D,60,2024-01-30,DEVELOPMENT,NIFTY50,PE,129794.93,50,2,118.08,5904.0,94.46,135.79,1181.0,4.55,885.6,26.63,858.97,130653.9
V8-D,61,2024-01-31,DEVELOPMENT,BANKNIFTY,CE,130653.9,30,2,151.92,4557.6,121.54,174.71,911.4,3.49,-911.52,16.12,-927.64,129726.26
V8-D,62,2024-01-31,DEVELOPMENT,BANKNIFTY,CE,129726.26,45,3,120.31,5413.95,96.25,138.36,1082.7,4.17,812.09,24.41,787.68,130513.94
V8-D,63,2024-01-31,DEVELOPMENT,NIFTY50,CE,130513.94,50,2,100.05,5002.5,80.04,115.06,1000.5,3.83,750.37,22.57,727.8,131241.74
V8-D,64,2024-02-01,DEVELOPMENT,BANKNIFTY,PE,131241.74,15,1,373.41,5601.15,298.73,429.42,1120.2,4.27,840.17,25.25,814.92,132056.66
V8-D,65,2024-02-01,DEVELOPMENT,NIFTY50,CE,132056.66,125,5,50.06,6257.5,40.05,57.57,1251.25,4.74,938.62,28.23,910.39,132967.05
V8-D,66,2024-02-01,DEVELOPMENT,NIFTY50,CE,132967.05,125,5,48.3,6037.5,38.64,55.54,1207.5,4.54,905.62,27.22,878.4,133845.45
V8-D,67,2024-02-02,DEVELOPMENT,NIFTY50,CE,133845.45,25,1,175.54,4388.5,140.43,201.87,877.75,3.28,658.27,19.79,638.48,134483.93
V8-D,68,2024-02-02,DEVELOPMENT,NIFTY50,CE,134483.93,25,1,186.15,4653.75,148.92,214.07,930.75,3.46,-574.75,17.45,-592.2,133891.73
V8-D,69,2024-02-02,DEVELOPMENT,BANKNIFTY,CE,133891.73,15,1,343.04,5145.6,274.43,394.5,1029.15,3.84,-647.25,19.25,-666.5,133225.23
V8-D,70,2024-02-05,DEVELOPMENT,NIFTY50,CE,133225.23,50,2,128.42,6421.0,102.74,147.68,1284.0,4.82,963.15,28.95,934.2,134159.43
V8-D,71,2024-02-05,DEVELOPMENT,NIFTY50,CE,134159.43,50,2,128.77,6438.5,103.02,148.09,1287.5,4.8,-416.5,25.19,-441.69,133717.74
V8-D,72,2024-02-05,DEVELOPMENT,BANKNIFTY,CE,133717.74,15,1,228.14,3422.1,182.51,262.36,684.45,2.56,-60.45,13.83,-74.28,133643.46
V8-D,73,2024-02-06,DEVELOPMENT,BANKNIFTY,PE,133643.46,30,2,175.43,5262.9,140.34,201.74,1052.7,3.94,789.43,23.74,765.69,134409.15
V8-D,74,2024-02-06,DEVELOPMENT,NIFTY50,CE,134409.15,50,2,129.07,6453.5,103.26,148.43,1290.5,4.8,968.02,29.1,938.92,135348.07
V8-D,75,2024-02-07,DEVELOPMENT,NIFTY50,PE,135348.07,50,2,97.26,4863.0,77.81,111.85,972.5,3.59,-653.5,18.1,-671.6,134676.47
V8-D,76,2024-02-07,DEVELOPMENT,BANKNIFTY,PE,134676.47,60,4,101.5,6090.0,81.2,116.72,1218.0,4.52,913.5,27.47,886.03,135562.5
V8-D,77,2024-02-07,DEVELOPMENT,BANKNIFTY,PE,135562.5,45,3,117.19,5273.55,93.75,134.77,1054.8,3.89,-721.8,19.57,-741.37,134821.13
V8-D,78,2024-02-08,DEVELOPMENT,BANKNIFTY,CE,134821.13,15,1,391.48,5872.2,313.18,450.2,1174.5,4.36,-1174.44,20.76,-1195.2,133625.93
V8-D,79,2024-02-08,DEVELOPMENT,NIFTY50,PE,133625.93,125,5,48.76,6095.0,39.01,56.07,1218.75,4.56,914.25,27.47,886.78,134512.71
V8-D,80,2024-02-08,DEVELOPMENT,BANKNIFTY,PE,134512.71,15,1,363.56,5453.4,290.85,418.09,1090.65,4.05,818.01,24.58,793.43,135306.14
V8-D,81,2024-02-09,DEVELOPMENT,BANKNIFTY,CE,135306.14,15,1,333.1,4996.5,266.48,383.06,999.3,3.69,749.47,22.53,726.95,136033.09
V8-D,82,2024-02-09,DEVELOPMENT,NIFTY50,PE,136033.09,25,1,173.8,4345.0,139.04,199.87,869.0,3.19,-33.0,17.7,-50.7,135982.39
V8-D,83,2024-02-09,DEVELOPMENT,BANKNIFTY,CE,135982.39,15,1,334.23,5013.45,267.38,384.36,1002.75,3.69,752.02,22.61,729.41,136711.8
V8-D,84,2024-02-12,DEVELOPMENT,BANKNIFTY,PE,136711.8,30,2,224.51,6735.3,179.61,258.19,1347.0,4.93,1010.29,30.37,979.93,137691.73
V8-D,85,2024-02-12,DEVELOPMENT,NIFTY50,PE,137691.73,50,2,127.53,6376.5,102.02,146.66,1275.5,4.63,956.47,28.74,927.73,138619.46
V8-D,86,2024-02-12,DEVELOPMENT,NIFTY50,PE,138619.46,50,2,127.25,6362.5,101.8,146.34,1272.5,4.59,954.37,28.69,925.68,139545.14
V8-D,87,2024-02-13,DEVELOPMENT,NIFTY50,CE,139545.14,50,2,122.79,6139.5,98.23,141.21,1228.0,4.4,920.92,27.68,893.24,140438.38
V8-D,88,2024-02-13,DEVELOPMENT,BANKNIFTY,CE,140438.38,30,2,174.58,5237.4,139.66,200.77,1047.6,3.73,785.61,23.62,761.99,141200.37
V8-D,89,2024-02-13,DEVELOPMENT,NIFTY50,CE,141200.37,50,2,107.88,5394.0,86.3,124.06,1079.0,3.82,4.0,22.1,-18.1,141182.27
V8-D,90,2024-02-14,DEVELOPMENT,BANKNIFTY,CE,141182.27,60,4,100.74,6044.4,80.59,115.85,1209.0,4.28,906.66,27.26,879.4,142061.67
V8-D,91,2024-02-14,DEVELOPMENT,BANKNIFTY,CE,142061.67,45,3,139.62,6282.9,111.7,160.56,1256.4,4.42,942.43,28.32,914.11,142975.78
V8-D,92,2024-02-14,DEVELOPMENT,NIFTY50,CE,142975.78,75,3,83.37,6252.75,66.7,95.88,1250.25,4.37,937.91,28.19,909.72,143885.5
V8-D,93,2024-02-15,DEVELOPMENT,BANKNIFTY,PE,143885.5,15,1,366.02,5490.3,292.82,420.92,1098.0,3.82,823.54,24.75,798.8,144684.3
V8-D,94,2024-02-15,DEVELOPMENT,BANKNIFTY,PE,144684.3,15,1,366.77,5501.55,293.42,421.79,1100.25,3.8,-377.85,21.46,-399.31,144284.99
V8-D,95,2024-02-15,DEVELOPMENT,NIFTY50,PE,144284.99,125,5,48.54,6067.5,38.83,55.82,1213.75,4.21,910.12,27.35,882.77,145167.76
V8-D,96,2024-02-16,DEVELOPMENT,NIFTY50,CE,145167.76,25,1,176.4,4410.0,141.12,202.86,882.0,3.04,-3.75,18.04,-21.79,145145.97
V8-D,97,2024-02-16,DEVELOPMENT,BANKNIFTY,CE,145145.97,15,1,380.64,5709.6,304.51,437.74,1141.95,3.93,856.44,25.75,830.69,145976.66
V8-D,98,2024-02-16,DEVELOPMENT,BANKNIFTY,CE,145976.66,15,1,341.16,5117.4,272.93,392.33,1023.45,3.51,-2.4,20.94,-23.34,145953.32
V8-D,99,2024-02-19,DEVELOPMENT,NIFTY50,PE,145953.32,50,2,137.89,6894.5,110.31,158.57,1379.0,4.72,-401.0,27.09,-428.09,145525.23
V8-D,100,2024-02-19,DEVELOPMENT,BANKNIFTY,PE,145525.23,30,2,233.49,7004.7,186.79,268.51,1401.0,4.81,1050.7,31.59,1019.11,146544.34
V8-D,101,2024-02-19,DEVELOPMENT,BANKNIFTY,CE,146544.34,15,1,245.7,3685.5,196.56,282.55,737.1,2.51,552.82,16.62,536.2,147080.54
V8-D,102,2024-02-20,DEVELOPMENT,BANKNIFTY,CE,147080.54,30,2,179.85,5395.5,143.88,206.83,1079.1,3.67,809.32,24.33,784.99,147865.53
V8-D,103,2024-02-20,DEVELOPMENT,NIFTY50,CE,147865.53,50,2,109.73,5486.5,87.78,126.19,1097.5,3.71,822.97,24.74,798.23,148663.76
V8-D,104,2024-02-20,DEVELOPMENT,BANKNIFTY,CE,148663.76,30,2,180.1,5403.0,144.08,207.11,1080.6,3.63,810.45,24.36,786.09,149449.85
V8-D,105,2024-02-21,DEVELOPMENT,NIFTY50,PE,149449.85,75,3,85.41,6405.75,68.33,98.22,1281.0,4.29,960.86,28.89,931.97,150381.82
V8-D,106,2024-02-21,DEVELOPMENT,BANKNIFTY,PE,150381.82,60,4,104.4,6264.0,83.52,120.06,1252.8,4.17,939.6,28.25,911.35,151293.17
V8-D,107,2024-02-21,DEVELOPMENT,NIFTY50,PE,151293.17,75,3,85.42,6406.5,68.34,98.23,1281.0,4.23,960.97,28.89,932.08,152225.25
V8-D,108,2024-02-22,DEVELOPMENT,NIFTY50,PE,152225.25,150,6,48.64,7296.0,38.91,55.94,1459.5,4.79,1094.4,32.91,1061.49,153286.74
V8-D,109,2024-02-22,DEVELOPMENT,NIFTY50,PE,153286.74,100,4,72.69,7269.0,58.15,83.59,1454.0,4.74,1090.35,32.77,1057.58,154344.32
V8-D,110,2024-02-22,DEVELOPMENT,NIFTY50,PE,154344.32,150,6,48.65,7297.5,38.92,55.95,1459.5,4.73,-1134.0,26.72,-1160.72,153183.6
V8-D,111,2024-02-23,DEVELOPMENT,BANKNIFTY,CE,153183.6,15,1,351.38,5270.7,281.1,404.09,1054.2,3.44,790.6,23.77,766.84,153950.44
V8-D,112,2024-02-23,DEVELOPMENT,BANKNIFTY,CE,153950.44,15,1,346.04,5190.6,276.83,397.95,1038.15,3.37,778.59,23.41,755.18,154705.62
V8-D,113,2024-02-23,DEVELOPMENT,NIFTY50,PE,154705.62,25,1,177.78,4444.5,142.22,204.45,889.0,2.87,0.75,18.18,-17.43,154688.19
V8-D,114,2024-02-26,DEVELOPMENT,NIFTY50,PE,154688.19,50,2,129.89,6494.5,103.91,149.37,1299.0,4.2,974.17,29.28,944.9,155633.09
V8-D,115,2024-02-26,DEVELOPMENT,BANKNIFTY,PE,155633.09,30,2,231.46,6943.8,185.17,266.18,1388.7,4.46,1041.57,31.3,1010.27,156643.36
V8-D,116,2024-02-26,DEVELOPMENT,BANKNIFTY,PE,156643.36,30,2,231.41,6942.3,185.13,266.12,1388.4,4.43,1041.34,31.3,1010.04,157653.4
V8-D,117,2024-02-27,DEVELOPMENT,NIFTY50,CE,157653.4,50,2,134.35,6717.5,107.48,154.5,1343.5,4.26,1007.62,30.28,977.34,158630.74
V8-D,118,2024-02-27,DEVELOPMENT,BANKNIFTY,PE,158630.74,30,2,218.1,6543.0,174.48,250.81,1308.6,4.12,981.45,29.5,951.95,159582.69
V8-D,119,2024-02-27,DEVELOPMENT,NIFTY50,CE,159582.69,50,2,109.89,5494.5,87.91,126.37,1099.0,3.44,824.17,24.78,799.39,160382.08
V8-D,120,2024-02-28,DEVELOPMENT,BANKNIFTY,CE,160382.08,75,5,102.7,7702.5,82.16,118.1,1540.5,4.8,-409.5,30.38,-439.88,159942.2
V8-D,121,2024-02-28,DEVELOPMENT,NIFTY50,PE,159942.2,75,3,84.65,6348.75,67.72,97.35,1269.75,3.97,952.31,28.61,923.7,160865.9
V8-D,122,2024-02-28,DEVELOPMENT,NIFTY50,PE,160865.9,75,3,84.45,6333.75,67.56,97.12,1266.75,3.94,950.06,28.56,921.5,161787.4
V8-D,123,2024-02-29,DEVELOPMENT,BANKNIFTY,PE,161787.4,15,1,387.48,5812.2,309.98,445.6,1162.5,3.59,-717.15,21.77,-738.92,161048.48
V8-D,124,2024-02-29,DEVELOPMENT,NIFTY50,CE,161048.48,125,5,61.45,7681.25,49.16,70.67,1536.25,4.77,1152.19,34.65,1117.54,162166.02
V8-D,125,2024-02-29,DEVELOPMENT,NIFTY50,CE,162166.02,150,6,49.6,7440.0,39.68,57.04,1488.0,4.59,1116.0,33.55,1082.45,163248.47
V8-D,126,2024-03-01,DEVELOPMENT,NIFTY50,CE,163248.47,25,1,177.66,4441.5,142.13,204.31,888.25,2.72,666.22,20.01,646.21,163894.68
V8-D,127,2024-03-01,DEVELOPMENT,NIFTY50,CE,163894.68,25,1,178.37,4459.25,142.7,205.13,891.75,2.72,668.89,20.1,648.79,164543.47
V8-D,128,2024-03-01,DEVELOPMENT,BANKNIFTY,CE,164543.47,15,1,375.34,5630.1,300.27,431.64,1126.05,3.42,844.51,25.38,819.14,165362.61
V8-D,129,2024-03-04,DEVELOPMENT,NIFTY50,PE,165362.61,50,2,133.55,6677.5,106.84,153.58,1335.5,4.04,1001.62,30.12,971.5,166334.11
V8-D,130,2024-03-04,DEVELOPMENT,BANKNIFTY,CE,166334.11,30,2,261.8,7854.0,209.44,301.07,1570.8,4.72,1178.1,35.42,1142.68,167476.79
V8-D,131,2024-03-04,DEVELOPMENT,BANKNIFTY,CE,167476.79,30,2,237.43,7122.9,189.94,273.04,1424.7,4.25,1068.43,32.13,1036.3,168513.09
V8-D,132,2024-03-05,DEVELOPMENT,BANKNIFTY,CE,168513.09,45,3,182.03,8191.35,145.62,209.33,1638.45,4.86,1228.7,36.95,1191.75,169704.84
V8-D,133,2024-03-05,DEVELOPMENT,BANKNIFTY,CE,169704.84,45,3,182.32,8204.4,145.86,209.67,1640.7,4.83,1230.66,37.0,1193.66,170898.5
V8-D,134,2024-03-05,DEVELOPMENT,NIFTY50,PE,170898.5,75,3,110.77,8307.75,88.62,127.39,1661.25,4.86,-27.0,33.92,-60.92,170837.58
V8-D,135,2024-03-06,DEVELOPMENT,NIFTY50,PE,170837.58,75,3,85.8,6435.0,68.64,98.67,1287.0,3.77,965.25,29.01,936.24,171773.82
V8-D,136,2024-03-06,DEVELOPMENT,NIFTY50,PE,171773.82,75,3,105.15,7886.25,84.12,120.92,1577.25,4.59,1182.94,35.58,1147.36,172921.18
V8-D,137,2024-03-06,DEVELOPMENT,BANKNIFTY,CE,172921.18,75,5,106.47,7985.25,85.18,122.44,1596.75,4.62,1197.79,36.0,1161.79,174082.97
V8-D,138,2024-03-07,DEVELOPMENT,BANKNIFTY,PE,174082.97,15,1,402.13,6031.95,321.7,462.45,1206.45,3.46,904.79,27.2,877.59,174960.56
V8-D,139,2024-03-07,DEVELOPMENT,BANKNIFTY,PE,174960.56,15,1,382.84,5742.6,306.27,440.27,1148.55,3.28,-0.45,23.49,-23.94,174936.62
V8-D,140,2024-03-11,DEVELOPMENT,NIFTY50,PE,174936.62,50,2,132.6,6630.0,106.08,152.49,1326.0,3.79,994.5,29.91,964.59,175901.21
V8-D,141,2024-03-11,DEVELOPMENT,BANKNIFTY,PE,175901.21,30,2,275.1,8253.0,220.08,316.37,1650.6,4.69,1237.95,37.22,1200.73,177101.94
V8-D,142,2024-03-11,DEVELOPMENT,BANKNIFTY,PE,177101.94,30,2,236.44,7093.2,189.15,271.91,1418.7,4.01,1063.98,32.01,1031.97,178133.91
V8-D,143,2024-03-12,DEVELOPMENT,NIFTY50,CE,178133.91,50,2,124.41,6220.5,99.53,143.07,1244.0,3.49,-711.5,23.46,-734.96,177398.95
V8-D,144,2024-03-12,DEVELOPMENT,BANKNIFTY,CE,177398.95,45,3,182.08,8193.6,145.66,209.39,1638.9,4.62,1229.04,36.95,1192.09,178591.04
V8-D,145,2024-03-12,DEVELOPMENT,BANKNIFTY,CE,178591.04,45,3,197.81,8901.45,158.25,227.48,1780.2,4.98,1335.22,40.15,1295.07,179886.11
V8-D,146,2024-03-13,DEVELOPMENT,NIFTY50,PE,179886.11,100,4,85.8,8580.0,68.64,98.67,1716.0,4.77,1287.0,38.68,1248.32,181134.43
V8-D,147,2024-03-13,DEVELOPMENT,NIFTY50,PE,181134.43,100,4,86.42,8642.0,69.14,99.38,1728.0,4.77,1296.3,38.98,1257.32,182391.75
V8-D,148,2024-03-13,DEVELOPMENT,BANKNIFTY,PE,182391.75,75,5,105.06,7879.5,84.05,120.82,1575.75,4.32,1181.92,35.53,1146.39,183538.14
V8-D,149,2024-03-14,DEVELOPMENT,NIFTY50,CE,183538.14,150,6,55.18,8277.0,44.14,63.46,1656.0,4.51,1241.55,37.34,1204.21,184742.35
V8-D,150,2024-03-14,DEVELOPMENT,BANKNIFTY,CE,184742.35,15,1,376.2,5643.0,300.96,432.63,1128.6,3.05,846.45,25.45,821.0,185563.35
V8-D,151,2024-03-14,DEVELOPMENT,BANKNIFTY,CE,185563.35,15,1,405.74,6086.1,324.59,466.6,1217.25,3.28,912.91,27.44,885.47,186448.82
V8-D,152,2024-03-15,DEVELOPMENT,NIFTY50,PE,186448.82,50,2,185.05,9252.5,148.04,212.81,1850.5,4.96,1387.87,41.74,1346.13,187794.95
V8-D,153,2024-03-15,DEVELOPMENT,NIFTY50,PE,187794.95,25,1,200.62,5015.5,160.5,230.71,1003.0,2.67,752.32,22.61,729.71,188524.66
V8-D,154,2024-03-15,DEVELOPMENT,NIFTY50,PE,188524.66,50,2,184.95,9247.5,147.96,212.69,1849.5,4.91,-506.0,36.43,-542.43,187982.23
V8-D,155,2024-03-18,DEVELOPMENT,BANKNIFTY,PE,187982.23,30,2,230.45,6913.5,184.36,265.02,1382.7,3.68,1037.02,31.18,1005.84,188988.07
V8-D,156,2024-03-18,DEVELOPMENT,NIFTY50,PE,188988.07,50,2,129.01,6450.5,103.21,148.36,1290.0,3.41,-75.5,26.17,-101.67,188886.4
V8-D,157,2024-03-18,DEVELOPMENT,BANKNIFTY,PE,188886.4,30,2,229.94,6898.2,183.95,264.43,1379.7,3.65,1034.73,31.11,1003.62,189890.02
V8-D,158,2024-03-19,DEVELOPMENT,NIFTY50,PE,189890.02,75,3,108.51,8138.25,86.81,124.79,1627.5,4.29,1220.74,36.7,1184.04,191074.06
V8-D,159,2024-03-19,DEVELOPMENT,BANKNIFTY,PE,191074.06,30,2,221.37,6641.1,177.1,254.58,1328.1,3.48,996.16,29.95,966.21,192040.27
V8-D,160,2024-03-19,DEVELOPMENT,BANKNIFTY,PE,192040.27,45,3,200.7,9031.5,160.56,230.8,1806.3,4.7,1354.72,40.73,1313.99,193354.26
V8-D,161,2024-03-20,DEVELOPMENT,BANKNIFTY,CE,193354.26,75,5,107.43,8057.25,85.94,123.54,1611.75,4.17,1208.59,36.33,1172.26,194526.52
V8-D,162,2024-03-20,DEVELOPMENT,NIFTY50,PE,194526.52,100,4,92.9,9290.0,74.32,106.83,1858.0,4.78,1393.5,41.91,1351.59,195878.11
V8-D,163,2024-03-20,DEVELOPMENT,BANKNIFTY,PE,195878.11,60,4,134.56,8073.6,107.65,154.74,1614.6,4.12,-1614.72,28.55,-1643.27,194234.84
V8-D,164,2024-03-21,DEVELOPMENT,NIFTY50,CE,194234.84,175,7,48.93,8562.75,39.14,56.27,1713.25,4.41,-10.5,35.02,-45.52,194189.32
V8-D,165,2024-03-21,DEVELOPMENT,BANKNIFTY,CE,194189.32,15,1,418.31,6274.65,334.65,481.06,1254.9,3.23,-684.9,23.77,-708.67,193480.65
V8-D,166,2024-03-22,DEVELOPMENT,BANKNIFTY,CE,193480.65,15,1,344.52,5167.8,275.62,396.2,1033.5,2.67,775.17,23.31,751.86,194232.51
V8-D,167,2024-03-22,DEVELOPMENT,BANKNIFTY,CE,194232.51,15,1,345.27,5179.05,276.22,397.06,1035.75,2.67,776.86,23.36,753.5,194986.01
V8-D,168,2024-03-22,DEVELOPMENT,NIFTY50,CE,194986.01,50,2,176.38,8819.0,141.1,202.84,1764.0,4.52,1322.85,39.77,1283.08,196269.09
V8-D,169,2024-03-27,DEVELOPMENT,NIFTY50,CE,196269.09,100,4,85.2,8520.0,68.16,97.98,1704.0,4.34,1278.0,38.43,1239.57,197508.66
V8-D,170,2024-03-27,DEVELOPMENT,BANKNIFTY,CE,197508.66,90,6,105.05,9454.5,84.04,120.81,1890.9,4.79,1418.17,42.62,1375.55,198884.21
V8-D,171,2024-03-27,DEVELOPMENT,BANKNIFTY,CE,198884.21,60,4,144.56,8673.6,115.65,166.24,1734.6,4.36,-1734.72,30.68,-1765.4,197118.81
V8-D,172,2024-03-28,DEVELOPMENT,NIFTY50,CE,197118.81,175,7,49.51,8664.25,39.61,56.94,1732.5,4.4,1299.64,39.06,1260.58,198379.39
V8-D,173,2024-03-28,DEVELOPMENT,NIFTY50,CE,198379.39,150,6,61.1,9165.0,48.88,70.27,1833.0,4.62,1374.75,41.32,1333.43,199712.82
V8-D,174,2024-03-28,DEVELOPMENT,BANKNIFTY,CE,199712.82,15,1,385.48,5782.2,308.38,443.3,1156.5,2.9,867.33,26.07,841.26,200554.08
V8-D,175,2024-04-01,DEVELOPMENT,NIFTY50,CE,200554.08,50,2,140.18,7009.0,112.14,161.21,1402.0,3.49,-428.0,27.48,-455.48,200098.6
V8-D,176,2024-04-02,DEVELOPMENT,NIFTY50,CE,200098.6,75,3,111.47,8360.25,89.18,128.19,1671.75,4.18,1254.04,37.71,1216.33,201314.93
V8-D,177,2024-04-02,DEVELOPMENT,BANKNIFTY,CE,201314.93,45,3,183.02,8235.9,146.42,210.47,1647.0,4.09,1235.38,37.14,1198.25,202513.18
V8-D,178,2024-04-02,DEVELOPMENT,BANKNIFTY,CE,202513.18,45,3,195.22,8784.9,156.18,224.5,1756.8,4.34,1317.73,39.6,1278.14,203791.32
V8-D,179,2024-04-03,DEVELOPMENT,BANKNIFTY,CE,203791.32,90,6,105.44,9489.6,84.35,121.26,1898.1,4.66,1423.44,42.79,1380.65,205171.97
V8-D,180,2024-04-03,DEVELOPMENT,NIFTY50,CE,205171.97,100,4,86.2,8620.0,68.96,99.13,1724.0,4.2,1293.0,38.88,1254.12,206426.09
V8-D,181,2024-04-03,DEVELOPMENT,BANKNIFTY,CE,206426.09,75,5,128.16,9612.0,102.53,147.38,1922.25,4.66,1441.8,43.34,1398.46,207824.55
V8-D,182,2024-04-04,DEVELOPMENT,NIFTY50,PE,207824.55,200,8,49.76,9952.0,39.81,57.22,1990.0,4.79,1492.8,44.89,1447.91,209272.46
V8-D,183,2024-04-04,DEVELOPMENT,NIFTY50,PE,209272.46,200,8,49.76,9952.0,39.81,57.22,1990.0,4.76,1492.8,44.89,1447.91,210720.37
V8-D,184,2024-04-04,DEVELOPMENT,NIFTY50,PE,210720.37,200,8,49.65,9930.0,39.72,57.1,1986.0,4.71,-510.0,39.24,-549.24,210171.13
V8-D,185,2024-04-05,DEVELOPMENT,BANKNIFTY,CE,210171.13,15,1,354.6,5319.0,283.68,407.79,1063.8,2.53,797.85,23.99,773.86,210944.99
V8-D,186,2024-04-05,DEVELOPMENT,BANKNIFTY,CE,210944.99,15,1,354.97,5324.55,283.98,408.22,1064.85,2.52,798.68,23.99,774.69,211719.68
V8-D,187,2024-04-05,DEVELOPMENT,NIFTY50,CE,211719.68,50,2,180.13,9006.5,144.1,207.15,1801.5,4.25,1350.97,40.62,1310.35,213030.03
V8-D,188,2024-04-08,DEVELOPMENT,NIFTY50,CE,213030.03,50,2,147.78,7389.0,118.22,169.95,1478.0,3.47,1108.35,33.32,1075.03,214105.06
V8-D,189,2024-04-08,DEVELOPMENT,NIFTY50,CE,214105.06,75,3,135.19,10139.25,108.15,155.47,2028.0,4.74,1520.89,45.72,1475.17,215580.23
V8-D,190,2024-04-08,DEVELOPMENT,NIFTY50,CE,215580.23,50,2,153.46,7673.0,122.77,176.48,1534.5,3.56,-2.5,31.39,-33.89,215546.34
V8-D,191,2024-04-09,DEVELOPMENT,BANKNIFTY,CE,215546.34,45,3,187.96,8458.2,150.37,216.15,1691.55,3.92,1268.73,38.14,1230.59,216776.93
V8-D,192,2024-04-09,DEVELOPMENT,BANKNIFTY,CE,216776.93,45,3,195.51,8797.95,156.41,224.84,1759.5,4.06,-413.55,34.86,-448.41,216328.52
V8-D,193,2024-04-09,DEVELOPMENT,NIFTY50,PE,216328.52,75,3,112.48,8436.0,89.98,129.35,1687.5,3.9,1265.4,38.04,1227.36,217555.88
V8-D,194,2024-04-10,DEVELOPMENT,BANKNIFTY,CE,217555.88,75,5,129.25,9693.75,103.4,148.64,1938.75,4.46,1454.06,43.7,1410.36,218966.24
V8-D,195,2024-04-10,DEVELOPMENT,BANKNIFTY,CE,218966.24,90,6,115.11,10359.9,92.09,132.38,2071.8,4.73,1553.98,46.72,1507.27,220473.51
V8-D,196,2024-04-10,DEVELOPMENT,BANKNIFTY,CE,220473.51,90,6,108.54,9768.6,86.83,124.82,1953.9,4.43,1465.29,44.04,1421.25,221894.76
V8-D,197,2024-04-12,DEVELOPMENT,BANKNIFTY,PE,221894.76,15,1,400.31,6004.65,320.25,460.36,1200.9,2.71,900.7,27.06,873.64,222768.4
V8-D,198,2024-04-12,DEVELOPMENT,NIFTY50,PE,222768.4,50,2,193.32,9666.0,154.66,222.32,1933.0,4.34,1449.9,43.58,1406.32,224174.72
V8-D,199,2024-04-12,DEVELOPMENT,BANKNIFTY,PE,224174.72,30,2,358.06,10741.8,286.45,411.77,2148.3,4.79,1611.27,48.44,1562.83,225737.55
V8-D,200,2024-04-15,DEVELOPMENT,NIFTY50,PE,225737.55,75,3,131.35,9851.25,105.08,151.05,1970.25,4.36,1477.69,44.43,1433.26,227170.81
V8-D,201,2024-04-15,DEVELOPMENT,BANKNIFTY,PE,227170.81,45,3,238.41,10728.45,190.73,274.17,2145.6,4.72,1609.27,48.37,1560.9,228731.71
V8-D,202,2024-04-15,DEVELOPMENT,BANKNIFTY,PE,228731.71,30,2,260.35,7810.5,208.28,299.4,1562.1,3.41,1171.57,35.23,1136.34,229868.05
V8-D,203,2024-04-16,DEVELOPMENT,NIFTY50,PE,229868.05,75,3,119.82,8986.5,95.86,137.79,1797.0,3.91,1347.97,40.52,1307.45,231175.5
V8-D,204,2024-04-18,DEVELOPMENT,BANKNIFTY,PE,231175.5,15,1,390.1,5851.5,312.08,448.62,1170.3,2.53,877.72,26.39,851.34,232026.84
V8-D,205,2024-04-18,DEVELOPMENT,NIFTY50,CE,232026.84,175,7,59.39,10393.25,47.51,68.3,2079.0,4.48,-2078.65,36.74,-2115.39,229911.45
V8-D,206,2024-04-19,DEVELOPMENT,NIFTY50,CE,229911.45,50,2,191.8,9590.0,153.44,220.57,1918.0,4.17,1438.5,43.25,1395.25,231306.7
V8-D,207,2024-04-19,DEVELOPMENT,NIFTY50,CE,231306.7,50,2,182.69,9134.5,146.15,210.09,1827.0,3.95,1370.17,41.19,1328.98,232635.68
V8-D,208,2024-04-19,DEVELOPMENT,BANKNIFTY,CE,232635.68,30,2,354.36,10630.8,283.49,407.51,2126.1,4.57,1594.62,47.95,1546.67,234182.35
V8-D,209,2024-04-22,DEVELOPMENT,BANKNIFTY,PE,234182.35,45,3,248.34,11175.3,198.67,285.59,2235.15,4.77,-563.85,44.16,-608.01,233574.34
V8-D,210,2024-04-23,DEVELOPMENT,BANKNIFTY,PE,233574.34,60,4,185.27,11116.2,148.22,213.06,2223.0,4.76,1667.43,50.13,1617.3,235191.64
V8-D,211,2024-04-23,DEVELOPMENT,NIFTY50,PE,235191.64,75,3,125.92,9444.0,100.74,144.81,1888.5,4.02,1416.6,42.58,1374.02,236565.66
V8-D,212,2024-04-23,DEVELOPMENT,BANKNIFTY,PE,236565.66,45,3,203.63,9163.35,162.9,234.17,1832.85,3.87,1374.5,41.32,1333.18,237898.84
V8-D,213,2024-04-24,DEVELOPMENT,BANKNIFTY,CE,237898.84,90,6,120.91,10881.9,96.73,139.05,2176.2,4.57,1632.28,49.08,1583.2,239482.04
V8-D,214,2024-04-24,DEVELOPMENT,NIFTY50,CE,239482.04,100,4,96.83,9683.0,77.46,111.35,1937.0,4.04,-1087.0,36.6,-1123.6,238358.44
V8-D,215,2024-04-25,DEVELOPMENT,BANKNIFTY,CE,238358.44,30,2,386.21,11586.3,308.97,444.14,2317.2,4.86,1737.94,52.26,1685.68,240044.12
V8-D,216,2024-04-25,DEVELOPMENT,NIFTY50,CE,240044.12,175,7,63.81,11166.75,51.05,73.38,2233.0,4.65,-2233.35,39.49,-2272.84,237771.28
V8-D,217,2024-04-25,DEVELOPMENT,BANKNIFTY,CE,237771.28,30,2,386.93,11607.9,309.54,444.97,2321.7,4.88,1741.18,52.36,1688.82,239460.1
V8-D,218,2024-04-26,DEVELOPMENT,NIFTY50,PE,239460.1,50,2,199.35,9967.5,159.48,229.25,1993.5,4.16,1495.12,44.95,1450.17,240910.27
V8-D,219,2024-04-26,DEVELOPMENT,BANKNIFTY,PE,240910.27,30,2,356.48,10694.4,285.18,409.95,2139.0,4.44,1604.16,48.23,1555.93,242466.2
V8-D,220,2024-04-26,DEVELOPMENT,BANKNIFTY,PE,242466.2,30,2,356.58,10697.4,285.26,410.07,2139.6,4.41,1604.61,48.23,1556.38,244022.58
V8-D,221,2024-04-29,DEVELOPMENT,NIFTY50,CE,244022.58,75,3,156.27,11720.25,125.02,179.71,2343.75,4.8,1758.04,52.86,1705.18,245727.76
V8-D,222,2024-04-29,DEVELOPMENT,BANKNIFTY,CE,245727.76,45,3,242.51,10912.95,194.01,278.89,2182.5,4.44,1636.94,49.21,1587.73,247315.49
V8-D,223,2024-04-29,DEVELOPMENT,NIFTY50,CE,247315.49,75,3,136.21,10215.75,108.97,156.64,2043.0,4.13,1532.36,46.07,1486.29,248801.78
V8-D,224,2024-04-30,DEVELOPMENT,NIFTY50,CE,248801.78,100,4,112.87,11287.0,90.3,129.8,2257.0,4.54,1693.05,50.89,1642.16,250443.94
V8-D,225,2024-04-30,DEVELOPMENT,BANKNIFTY,CE,250443.94,60,4,190.53,11431.8,152.42,219.11,2286.6,4.56,1714.77,51.55,1663.22,252107.16
V8-D,226,2024-04-30,DEVELOPMENT,NIFTY50,CE,252107.16,100,4,112.86,11286.0,90.29,129.79,2257.0,4.48,1692.9,50.89,1642.01,253749.17
V8-D,227,2024-05-02,DEVELOPMENT,NIFTY50,CE,253749.17,250,10,50.35,12587.5,40.28,57.9,2517.5,4.96,1888.12,56.77,1831.35,255580.52
V8-D,228,2024-05-02,DEVELOPMENT,BANKNIFTY,PE,255580.52,30,2,393.99,11819.7,315.19,453.09,2364.0,4.62,1.5,48.36,-46.86,255533.66
V8-D,229,2024-05-02,DEVELOPMENT,NIFTY50,CE,255533.66,250,10,50.41,12602.5,40.33,57.97,2520.0,4.93,1890.37,56.84,1833.53,257367.19
V8-D,230,2024-05-03,DEVELOPMENT,NIFTY50,PE,257367.19,50,2,197.13,9856.5,157.7,226.7,1971.5,3.83,1478.47,44.46,1434.01,258801.2
V8-D,231,2024-05-03,DEVELOPMENT,BANKNIFTY,PE,258801.2,30,2,360.2,10806.0,288.16,414.23,2161.2,4.18,1620.9,48.73,1572.17,260373.37
V8-D,232,2024-05-03,DEVELOPMENT,BANKNIFTY,PE,260373.37,30,2,398.59,11957.7,318.87,458.38,2391.6,4.59,-1201.5,45.59,-1247.09,259126.28
V8-D,233,2024-05-06,DEVELOPMENT,NIFTY50,PE,259126.28,75,3,137.11,10283.25,109.69,157.68,2056.5,3.97,1542.49,46.36,1496.13,260622.41
V8-D,234,2024-05-06,DEVELOPMENT,BANKNIFTY,CE,260622.41,45,3,243.58,10961.1,194.86,280.12,2192.4,4.21,-187.65,44.34,-231.99,260390.42
V8-D,235,2024-05-06,DEVELOPMENT,NIFTY50,PE,260390.42,75,3,132.24,9918.0,105.79,152.08,1983.75,3.81,1487.7,44.72,1442.98,261833.4
V8-D,236,2024-05-07,DEVELOPMENT,BANKNIFTY,PE,261833.4,45,3,227.1,10219.5,181.68,261.16,2043.9,3.9,1532.92,46.1,1486.82,263320.22
V8-D,237,2024-05-07,DEVELOPMENT,BANKNIFTY,PE,263320.22,60,4,215.21,12912.6,172.17,247.49,2582.4,4.9,1936.89,58.23,1878.66,265198.88
V8-D,238,2024-05-07,DEVELOPMENT,NIFTY50,PE,265198.88,100,4,110.52,11052.0,88.42,127.1,2210.0,4.17,-36.0,45.11,-81.11,265117.77
V8-D,239,2024-05-08,DEVELOPMENT,BANKNIFTY,PE,265117.77,75,5,154.5,11587.5,123.6,177.67,2317.5,4.37,-2317.5,40.99,-2358.49,262759.28
V8-D,240,2024-05-08,DEVELOPMENT,BANKNIFTY,PE,262759.28,105,7,121.03,12708.15,96.82,139.18,2542.05,4.84,1906.22,57.3,1848.92,264608.2
V8-D,241,2024-05-08,DEVELOPMENT,NIFTY50,CE,264608.2,125,5,89.53,11191.25,71.62,102.96,2238.75,4.23,1678.69,50.47,1628.22,266236.42
V8-D,242,2024-05-09,DEVELOPMENT,NIFTY50,PE,266236.42,225,9,54.88,12348.0,43.9,63.11,2470.5,4.64,1852.2,55.67,1796.53,268032.95
V8-D,243,2024-05-09,DEVELOPMENT,NIFTY50,PE,268032.95,250,10,49.2,12300.0,39.36,56.58,2460.0,4.59,1845.0,55.46,1789.54,269822.49
V8-D,244,2024-05-09,DEVELOPMENT,BANKNIFTY,PE,269822.49,30,2,382.8,11484.0,306.24,440.22,2296.8,4.26,1722.6,51.79,1670.81,271493.3
V8-D,245,2024-05-10,DEVELOPMENT,BANKNIFTY,CE,271493.3,30,2,371.52,11145.6,297.22,427.25,2229.0,4.11,1671.84,50.26,1621.58,273114.88
V8-D,246,2024-05-10,DEVELOPMENT,NIFTY50,CE,273114.88,75,3,176.32,13224.0,141.06,202.77,2644.5,4.84,1983.6,59.64,1923.96,275038.84
V8-D,247,2024-05-10,DEVELOPMENT,BANKNIFTY,CE,275038.84,30,2,377.34,11320.2,301.87,433.94,2264.1,4.12,1698.03,51.05,1646.98,276685.82
V8-D,248,2024-05-13,DEVELOPMENT,NIFTY50,PE,276685.82,100,4,128.41,12841.0,102.73,147.67,2568.0,4.64,1926.15,57.9,1868.25,278554.07
V8-D,249,2024-05-13,DEVELOPMENT,BANKNIFTY,PE,278554.07,45,3,281.99,12689.55,225.59,324.29,2538.0,4.56,-2537.91,44.87,-2582.78,275971.29
V8-D,250,2024-05-13,DEVELOPMENT,NIFTY50,PE,275971.29,100,4,129.01,12901.0,103.21,148.36,2580.0,4.67,-533.0,51.31,-584.31,275386.98
V8-D,251,2024-05-14,DEVELOPMENT,NIFTY50,CE,275386.98,125,5,110.09,13761.25,88.07,126.6,2752.5,5.0,2064.19,62.05,2002.14,277389.12
V8-D,252,2024-05-14,DEVELOPMENT,NIFTY50,CE,277389.12,100,4,112.54,11254.0,90.03,129.42,2251.0,4.06,-244.0,45.38,-289.38,277099.74
V8-D,253,2024-05-14,DEVELOPMENT,BANKNIFTY,CE,277099.74,75,5,183.94,13795.5,147.15,211.53,2759.25,4.98,11.25,56.48,-45.23,277054.51
V8-D,254,2024-05-15,DEVELOPMENT,NIFTY50,CE,277054.51,150,6,85.34,12801.0,68.27,98.14,2560.5,4.62,1920.15,57.72,1862.43,278916.94
V8-D,255,2024-05-15,DEVELOPMENT,NIFTY50,PE,278916.94,125,5,107.43,13428.75,85.94,123.54,2686.25,4.81,2014.31,60.56,1953.75,280870.69
V8-D,256,2024-05-15,DEVELOPMENT,BANKNIFTY,PE,280870.69,120,8,105.74,12688.8,84.59,121.6,2538.0,4.52,1903.32,57.23,1846.09,282716.78
V8-D,257,2024-05-16,DEVELOPMENT,NIFTY50,PE,282716.78,225,9,58.26,13108.5,46.61,67.0,2621.25,4.64,1966.27,59.11,1907.16,284623.94
V8-D,258,2024-05-16,DEVELOPMENT,NIFTY50,PE,284623.94,225,9,59.41,13367.25,47.53,68.32,2673.0,4.7,2005.09,60.28,1944.81,286568.75
V8-D,259,2024-05-16,DEVELOPMENT,BANKNIFTY,PE,286568.75,30,2,398.63,11958.9,318.9,458.42,2391.9,4.17,1793.83,53.94,1739.89,288308.64
V8-D,260,2024-05-17,DEVELOPMENT,BANKNIFTY,CE,288308.64,30,2,353.44,10603.2,282.75,406.46,2120.7,3.68,1590.48,47.82,1542.66,289851.3
V8-D,261,2024-05-17,DEVELOPMENT,BANKNIFTY,CE,289851.3,30,2,363.37,10901.1,290.7,417.88,2180.1,3.76,1635.16,49.15,1586.01,291437.31
V8-D,262,2024-05-17,DEVELOPMENT,BANKNIFTY,CE,291437.31,30,2,374.42,11232.6,299.54,430.58,2246.4,3.85,1684.89,50.67,1634.22,293071.53
V8-D,263,2024-05-21,DEVELOPMENT,NIFTY50,CE,293071.53,100,4,118.95,11895.0,95.16,136.79,2379.0,4.06,1784.25,53.66,1730.59,294802.12
V8-D,264,2024-05-21,DEVELOPMENT,NIFTY50,CE,294802.12,125,5,111.93,13991.25,89.54,128.72,2798.75,4.75,2098.69,63.09,2035.6,296837.72
V8-D,265,2024-05-21,DEVELOPMENT,NIFTY50,CE,296837.72,100,4,135.05,13505.0,108.04,155.31,2701.0,4.55,-2328.0,48.8,-2376.8,294460.92
V8-D,266,2024-05-22,DEVELOPMENT,NIFTY50,PE,294460.92,150,6,93.11,13966.5,74.49,107.08,2793.0,4.74,2094.97,62.97,2032.0,296492.92
V8-D,267,2024-05-22,DEVELOPMENT,BANKNIFTY,PE,296492.92,135,9,105.96,14304.6,84.77,121.85,2860.65,4.82,2145.69,64.52,2081.17,298574.09
V8-D,268,2024-05-22,DEVELOPMENT,BANKNIFTY,PE,298574.09,120,8,121.33,14559.6,97.06,139.53,2912.4,4.88,2183.94,65.66,2118.28,300692.37
V8-D,269,2024-05-23,DEVELOPMENT,NIFTY50,CE,300692.37,200,8,74.31,14862.0,59.45,85.46,2972.0,4.94,2229.3,67.04,2162.26,302854.63
V8-D,270,2024-05-23,DEVELOPMENT,BANKNIFTY,CE,302854.63,30,2,386.37,11591.1,309.1,444.33,2318.1,3.83,1738.66,52.26,1686.4,304541.03
V8-D,271,2024-05-23,DEVELOPMENT,NIFTY50,CE,304541.03,200,8,75.52,15104.0,60.42,86.85,3020.0,4.96,2265.6,68.11,2197.49,306738.52
V8-D,272,2024-05-24,DEVELOPMENT,NIFTY50,CE,306738.52,75,3,186.93,14019.75,149.54,214.97,2804.25,4.57,-285.0,56.59,-341.59,306396.93
V8-D,273,2024-05-24,DEVELOPMENT,BANKNIFTY,CE,306396.93,30,2,360.03,10800.9,288.02,414.03,2160.3,3.53,1620.13,48.69,1571.44,307968.37
V8-D,274,2024-05-24,DEVELOPMENT,BANKNIFTY,CE,307968.37,30,2,367.84,11035.2,294.27,423.02,2207.1,3.58,-212.4,44.57,-256.97,307711.4
V8-D,275,2024-05-27,DEVELOPMENT,BANKNIFTY,CE,307711.4,60,4,244.28,14656.8,195.42,280.92,2931.6,4.76,2198.52,66.1,2132.42,309843.82
V8-D,276,2024-05-27,DEVELOPMENT,NIFTY50,PE,309843.82,100,4,140.15,14015.0,112.12,161.17,2803.0,4.52,2102.25,63.21,2039.04,311882.86
V8-D,277,2024-05-27,DEVELOPMENT,BANKNIFTY,CE,311882.86,45,3,263.42,11853.9,210.74,302.93,2370.6,3.8,1778.08,53.46,1724.62,313607.48
V8-D,278,2024-05-28,DEVELOPMENT,BANKNIFTY,PE,313607.48,60,4,211.01,12660.6,168.81,242.66,2532.0,4.04,1899.09,57.09,1842.0,315449.48
V8-D,279,2024-05-28,DEVELOPMENT,NIFTY50,PE,315449.48,100,4,127.56,12756.0,102.05,146.69,2551.0,4.04,1913.4,57.51,1855.89,317305.37
V8-D,280,2024-05-28,DEVELOPMENT,NIFTY50,PE,317305.37,125,5,114.51,14313.75,91.61,131.69,2862.5,4.51,2147.06,64.56,2082.5,319387.87
V8-D,281,2024-05-29,DEVELOPMENT,NIFTY50,PE,319387.87,150,6,94.62,14193.0,75.7,108.81,2838.0,4.44,2128.95,64.01,2064.94,321452.81
V8-D,282,2024-05-29,DEVELOPMENT,NIFTY50,PE,321452.81,125,5,111.43,13928.75,89.14,128.14,2786.25,4.33,-2785.75,49.27,-2835.02,318617.79
V8-D,283,2024-05-29,DEVELOPMENT,BANKNIFTY,PE,318617.79,135,9,107.94,14571.9,86.35,124.13,2914.65,4.57,2185.78,65.7,2120.08,320737.87
V8-D,284,2024-05-30,DEVELOPMENT,BANKNIFTY,CE,320737.87,30,2,390.35,11710.5,312.28,448.9,2342.1,3.65,1756.57,52.82,1703.75,322441.62
V8-D,285,2024-05-30,DEVELOPMENT,NIFTY50,PE,322441.62,225,9,69.12,15552.0,55.3,79.49,3109.5,4.82,-3110.4,55.01,-3165.41,319276.21
V8-D,286,2024-05-30,DEVELOPMENT,NIFTY50,PE,319276.21,300,12,52.57,15771.0,42.06,60.46,3153.0,4.94,2365.65,71.1,2294.55,321570.76
V8-D,287,2024-05-31,DEVELOPMENT,NIFTY50,PE,321570.76,75,3,180.18,13513.5,144.14,207.21,2703.0,4.2,2027.02,60.96,1966.06,323536.82
V8-D,288,2024-05-31,DEVELOPMENT,BANKNIFTY,PE,323536.82,45,3,358.79,16145.55,287.03,412.61,3229.2,4.99,2421.83,72.81,2349.02,325885.84
V8-D,289,2024-05-31,DEVELOPMENT,BANKNIFTY,PE,325885.84,45,3,358.76,16144.2,287.01,412.57,3228.75,4.95,-676.8,64.19,-740.99,325144.85
V8-D,290,2024-06-04,DEVELOPMENT,BANKNIFTY,PE,325144.85,60,4,226.19,13571.4,180.95,260.12,2714.4,4.17,2035.71,61.21,1974.5,327119.35
V8-D,291,2024-06-04,DEVELOPMENT,NIFTY50,PE,327119.35,150,6,106.52,15978.0,85.22,122.5,3195.0,4.88,-3195.6,56.5,-3252.1,323867.25
V8-D,292,2024-06-04,DEVELOPMENT,BANKNIFTY,PE,323867.25,90,6,178.49,16064.1,142.79,205.26,3213.0,4.96,-3212.82,56.81,-3269.63,320597.62
V8-D,293,2024-06-05,DEVELOPMENT,BANKNIFTY,PE,320597.62,150,10,103.95,15592.5,83.16,119.54,3118.5,4.86,2338.87,70.31,2268.57,322866.19
V8-D,294,2024-06-05,DEVELOPMENT,BANKNIFTY,PE,322866.19,120,8,125.26,15031.2,100.21,144.05,3006.0,4.66,2254.68,67.78,2186.9,325053.09
V8-D,295,2024-06-05,DEVELOPMENT,BANKNIFTY,CE,325053.09,150,10,105.84,15876.0,84.67,121.72,3175.5,4.88,2381.4,71.6,2309.8,327362.89
V8-D,296,2024-06-06,DEVELOPMENT,NIFTY50,CE,327362.89,300,12,50.8,15240.0,40.64,58.42,3048.0,4.66,2286.0,68.72,2217.28,329580.17
V8-D,297,2024-06-06,DEVELOPMENT,NIFTY50,CE,329580.17,300,12,50.85,15255.0,40.68,58.48,3051.0,4.63,-96.0,62.17,-158.17,329422.0
V8-D,298,2024-06-06,DEVELOPMENT,BANKNIFTY,CE,329422.0,30,2,402.78,12083.4,322.22,463.2,2416.8,3.67,-493.5,48.08,-541.58,328880.42
V8-D,299,2024-06-07,DEVELOPMENT,BANKNIFTY,CE,328880.42,30,2,404.16,12124.8,323.33,464.78,2424.9,3.69,1818.72,54.68,1764.04,330644.46
V8-D,300,2024-06-07,DEVELOPMENT,NIFTY50,CE,330644.46,75,3,184.05,13803.75,147.24,211.66,2760.75,4.17,2070.56,62.25,2008.31,332652.77
V8-D,301,2024-06-07,DEVELOPMENT,BANKNIFTY,CE,332652.77,30,2,411.15,12334.5,328.92,472.82,2466.9,3.71,1850.17,55.63,1794.54,334447.31
V8-D,302,2024-06-10,DEVELOPMENT,BANKNIFTY,PE,334447.31,60,4,247.86,14871.6,198.29,285.04,2974.2,4.45,2230.74,67.07,2163.67,336610.98
V8-D,303,2024-06-10,DEVELOPMENT,NIFTY50,PE,336610.98,100,4,137.2,13720.0,109.76,157.78,2744.0,4.08,2058.0,61.88,1996.12,338607.1
V8-D,304,2024-06-10,DEVELOPMENT,NIFTY50,PE,338607.1,100,4,136.62,13662.0,109.3,157.11,2732.0,4.03,1302.0,59.53,1242.47,339849.57
V8-D,305,2024-06-11,DEVELOPMENT,BANKNIFTY,CE,339849.57,75,5,191.93,14394.75,153.54,220.72,2879.25,4.24,2159.21,64.89,2094.32,341943.89
V8-D,306,2024-06-11,DEVELOPMENT,BANKNIFTY,CE,341943.89,75,5,191.9,14392.5,153.52,220.69,2878.5,4.21,2158.87,64.89,2093.99,344037.88
V8-D,307,2024-06-11,DEVELOPMENT,NIFTY50,PE,344037.88,125,5,115.73,14466.25,92.58,133.09,2893.75,4.2,2169.94,65.22,2104.72,346142.6
V8-D,308,2024-06-12,DEVELOPMENT,NIFTY50,CE,346142.6,150,6,108.13,16219.5,86.5,124.35,3244.5,4.69,2432.92,73.15,2359.77,348502.37
V8-D,309,2024-06-12,DEVELOPMENT,BANKNIFTY,CE,348502.37,135,9,127.16,17166.6,101.73,146.23,3433.05,4.93,2574.99,77.4,2497.59,350999.96
V8-D,310,2024-06-12,DEVELOPMENT,BANKNIFTY,CE,350999.96,150,10,111.16,16674.0,88.93,127.83,3334.5,4.75,-279.0,67.45,-346.45,350653.51
V8-D,311,2024-06-13,DEVELOPMENT,BANKNIFTY,PE,350653.51,30,2,399.63,11988.9,319.7,459.57,2397.9,3.42,1798.33,54.08,1744.25,352397.76
V8-D,312,2024-06-13,DEVELOPMENT,NIFTY50,PE,352397.76,325,13,51.87,16857.75,41.5,59.65,3370.25,4.78,-42.25,68.88,-111.13,352286.63
V8-D,313,2024-06-13,DEVELOPMENT,BANKNIFTY,PE,352286.63,30,2,406.83,12204.9,325.46,467.85,2441.1,3.46,1830.73,55.04,1775.69,354062.32
V8-D,314,2024-06-14,DEVELOPMENT,BANKNIFTY,PE,354062.32,45,3,368.37,16576.65,294.7,423.63,3315.15,4.68,2486.5,74.75,2411.75,356474.07
V8-D,315,2024-06-18,DEVELOPMENT,BANKNIFTY,CE,356474.07,75,5,220.66,16549.5,176.53,253.76,3309.75,4.64,2482.42,74.64,2407.78,358881.85
V8-D,316,2024-06-18,DEVELOPMENT,BANKNIFTY,CE,358881.85,90,6,198.79,17891.1,159.03,228.61,3578.4,4.99,2683.66,80.68,2602.98,361484.83
V8-D,317,2024-06-18,DEVELOPMENT,BANKNIFTY,CE,361484.83,75,5,214.53,16089.75,171.62,246.71,3218.25,4.45,2413.46,72.55,2340.91,363825.74
V8-D,318,2024-06-19,DEVELOPMENT,BANKNIFTY,CE,363825.74,150,10,112.8,16920.0,90.24,129.72,3384.0,4.65,2538.0,76.31,2461.69,366287.43
V8-D,319,2024-06-19,DEVELOPMENT,NIFTY50,PE,366287.43,200,8,90.4,18080.0,72.32,103.96,3616.0,4.94,2712.0,81.55,2630.45,368917.88
V8-D,320,2024-06-19,DEVELOPMENT,BANKNIFTY,CE,368917.88,150,10,113.21,16981.5,90.57,130.19,3396.0,4.6,2547.22,76.59,2470.63,371388.51
V8-D,321,2024-06-20,DEVELOPMENT,BANKNIFTY,PE,371388.51,45,3,411.68,18525.6,329.34,473.43,3705.3,4.99,-732.6,73.78,-806.38,370582.13
V8-D,322,2024-06-20,DEVELOPMENT,NIFTY50,CE,370582.13,300,12,59.21,17763.0,47.37,68.09,3552.0,4.79,2664.45,80.11,2584.34,373166.47
V8-D,323,2024-06-20,DEVELOPMENT,NIFTY50,CE,373166.47,275,11,67.46,18551.5,53.97,77.58,3709.75,4.97,-3710.3,65.61,-3775.91,369390.56
V8-D,324,2024-06-21,DEVELOPMENT,BANKNIFTY,PE,369390.56,45,3,398.02,17910.9,318.42,457.72,3582.0,4.85,2686.63,80.77,2605.86,371996.42
V8-D,325,2024-06-21,DEVELOPMENT,BANKNIFTY,PE,371996.42,45,3,384.72,17312.4,307.78,442.43,3462.3,4.65,2596.86,78.07,2518.79,374515.21
V8-D,326,2024-06-21,DEVELOPMENT,BANKNIFTY,PE,374515.21,45,3,378.6,17037.0,302.88,435.39,3407.4,4.55,2555.55,76.82,2478.73,376993.94
V8-D,327,2024-06-24,DEVELOPMENT,BANKNIFTY,PE,376993.94,60,4,270.89,16253.4,216.71,311.52,3250.8,4.31,-1734.6,61.71,-1796.31,375197.63
V8-D,328,2024-06-24,DEVELOPMENT,NIFTY50,CE,375197.63,125,5,147.26,18407.5,117.81,169.35,3681.25,4.91,2761.12,83.01,2678.11,377875.74
V8-D,329,2024-06-24,DEVELOPMENT,NIFTY50,CE,377875.74,100,4,160.6,16060.0,128.48,184.69,3212.0,4.25,2409.0,72.4,2336.6,380212.34
V8-D,330,2024-06-25,DEVELOPMENT,NIFTY50,CE,380212.34,150,6,117.14,17571.0,93.71,134.71,3514.5,4.62,2635.65,79.25,2556.4,382768.74
V8-D,331,2024-06-25,DEVELOPMENT,BANKNIFTY,CE,382768.74,90,6,200.33,18029.7,160.26,230.38,3606.3,4.71,2704.45,81.3,2623.15,385391.89
V8-D,332,2024-06-25,DEVELOPMENT,NIFTY50,CE,385391.89,125,5,139.07,17383.75,111.26,159.93,3476.25,4.51,2607.56,78.41,2529.15,387921.04
V8-D,333,2024-06-26,DEVELOPMENT,BANKNIFTY,PE,387921.04,165,11,116.61,19240.65,93.29,134.1,3847.8,4.96,2886.1,86.76,2799.34,390720.38
V8-D,334,2024-06-26,DEVELOPMENT,BANKNIFTY,PE,390720.38,135,9,133.69,18048.15,106.95,153.74,3609.9,4.62,-2565.0,66.72,-2631.72,388088.66
V8-D,335,2024-06-26,DEVELOPMENT,NIFTY50,CE,388088.66,200,8,91.73,18346.0,73.38,105.49,3670.0,4.73,2751.9,82.73,2669.17,390757.83
V8-D,336,2024-06-27,DEVELOPMENT,BANKNIFTY,CE,390757.83,45,3,424.88,19119.6,339.9,488.61,3824.1,4.89,-542.7,76.74,-619.44,390138.39
V8-D,337,2024-06-27,DEVELOPMENT,NIFTY50,CE,390138.39,275,11,65.88,18117.0,52.7,75.76,3624.5,4.64,2717.55,81.71,2635.84,392774.23
V8-D,338,2024-06-27,DEVELOPMENT,NIFTY50,CE,392774.23,350,14,53.08,18578.0,42.46,61.04,3717.0,4.73,2786.7,83.78,2702.92,395477.15
V8-D,339,2024-06-28,DEVELOPMENT,BANKNIFTY,CE,395477.15,45,3,389.76,17539.2,311.81,448.22,3507.75,4.43,-2454.75,64.95,-2519.7,392957.45
V8-D,340,2024-06-28,DEVELOPMENT,NIFTY50,CE,392957.45,100,4,193.34,19334.0,154.67,222.34,3867.0,4.92,-661.0,77.28,-738.28,392219.17
V8-D,341,2024-07-01,VALIDATION,BANKNIFTY,CE,392219.17,60,4,276.0,16560.0,220.8,317.4,3312.0,4.22,2484.0,74.68,2409.32,394628.49
V8-D,342,2024-07-01,VALIDATION,NIFTY50,CE,394628.49,125,5,141.42,17677.5,113.14,162.63,3535.0,4.48,2651.62,79.71,2571.91,397200.4
V8-D,343,2024-07-01,VALIDATION,NIFTY50,CE,397200.4,100,4,160.94,16094.0,128.75,185.08,3219.0,4.05,2414.1,72.56,2341.54,399541.94
V8-D,344,2024-07-02,VALIDATION,NIFTY50,PE,399541.94,150,6,119.69,17953.5,95.75,137.64,3591.0,4.49,2693.02,80.96,2612.06,402154.0
V8-D,345,2024-07-02,VALIDATION,BANKNIFTY,PE,402154.0,75,5,226.13,16959.75,180.9,260.05,3392.25,4.22,2543.96,76.49,2467.47,404621.47
V8-D,346,2024-07-02,VALIDATION,BANKNIFTY,PE,404621.47,90,6,200.45,18040.5,160.36,230.52,3608.1,4.46,-15.3,73.79,-89.09,404532.38
V8-D,347,2024-07-03,VALIDATION,NIFTY50,CE,404532.38,200,8,93.35,18670.0,74.68,107.35,3734.0,4.62,20.0,76.47,-56.47,404475.91
V8-D,348,2024-07-03,VALIDATION,BANKNIFTY,CE,404475.91,120,8,166.88,20025.6,133.5,191.91,4005.6,4.95,3003.84,90.31,2913.53,407389.44
V8-D,349,2024-07-03,VALIDATION,BANKNIFTY,CE,407389.44,165,11,117.88,19450.2,94.3,135.56,3890.7,4.77,2917.53,87.71,2829.82,410219.26
V8-D,350,2024-07-04,VALIDATION,NIFTY50,CE,410219.26,375,15,54.03,20261.25,43.22,62.13,4053.75,4.94,-63.75,82.75,-146.5,410072.76
V8-D,351,2024-07-04,VALIDATION,BANKNIFTY,PE,410072.76,45,3,431.14,19401.3,344.91,495.81,3880.35,4.73,-501.3,78.0,-579.3,409493.46
V8-D,352,2024-07-05,VALIDATION,NIFTY50,PE,409493.46,100,4,193.82,19382.0,155.06,222.89,3876.0,4.73,-390.0,78.25,-468.25,409025.21
V8-D,353,2024-07-05,VALIDATION,BANKNIFTY,PE,409025.21,45,3,388.16,17467.2,310.53,446.38,3493.35,4.27,2620.08,78.78,2541.3,411566.51
V8-D,354,2024-07-05,VALIDATION,BANKNIFTY,PE,411566.51,45,3,427.77,19249.65,342.22,491.94,3849.75,4.68,2887.45,86.81,2800.64,414367.15
V8-D,355,2024-07-08,VALIDATION,BANKNIFTY,CE,414367.15,75,5,260.9,19567.5,208.72,300.03,3913.5,4.72,-102.75,79.8,-182.55,414184.6
V8-D,356,2024-07-08,VALIDATION,NIFTY50,PE,414184.6,125,5,158.14,19767.5,126.51,181.86,3953.75,4.77,2965.12,89.14,2875.98,417060.58
V8-D,357,2024-07-08,VALIDATION,NIFTY50,PE,417060.58,125,5,163.47,20433.75,130.78,187.99,4086.25,4.9,-2596.25,76.42,-2672.67,414387.91
V8-D,358,2024-07-09,VALIDATION,NIFTY50,CE,414387.91,125,5,138.95,17368.75,111.16,159.79,3473.75,4.19,2605.31,78.32,2526.99,416914.9
V8-D,359,2024-07-09,VALIDATION,NIFTY50,CE,416914.9,150,6,121.07,18160.5,96.86,139.23,3631.5,4.36,2724.07,81.88,2642.19,419557.09
V8-D,360,2024-07-09,VALIDATION,BANKNIFTY,CE,419557.09,90,6,202.12,18190.8,161.7,232.44,3637.8,4.34,-23.4,74.39,-97.79,419459.3
V8-D,361,2024-07-10,VALIDATION,BANKNIFTY,PE,419459.3,180,12,115.73,20831.4,92.58,133.09,4167.0,4.97,3124.71,93.92,3030.79,422490.09
V8-D,362,2024-07-10,VALIDATION,NIFTY50,PE,422490.09,225,9,93.11,20949.75,74.49,107.08,4189.5,4.96,-328.5,84.83,-413.33,422076.76
V8-D,363,2024-07-10,VALIDATION,BANKNIFTY,PE,422076.76,180,12,115.73,20831.4,92.58,133.09,4167.0,4.94,3124.71,93.92,3030.79,425107.55
V8-D,364,2024-07-11,VALIDATION,NIFTY50,PE,425107.55,375,15,53.87,20201.25,43.1,61.95,4038.75,4.75,3030.19,91.11,2939.08,428046.63
V8-D,365,2024-07-11,VALIDATION,BANKNIFTY,PE,428046.63,45,3,414.88,18669.6,331.9,477.11,3734.1,4.36,-1239.3,72.96,-1312.26,426734.37
V8-D,366,2024-07-11,VALIDATION,NIFTY50,PE,426734.37,375,15,53.87,20201.25,43.1,61.95,4038.75,4.73,-172.5,82.2,-254.7,426479.67
V8-D,367,2024-07-12,VALIDATION,BANKNIFTY,CE,426479.67,45,3,389.23,17515.35,311.38,447.61,3503.25,4.11,2627.3,79.0,2548.3,429027.97
V8-D,368,2024-07-12,VALIDATION,NIFTY50,CE,429027.97,100,4,196.08,19608.0,156.86,225.49,3922.0,4.57,2941.2,88.43,2852.77,431880.74
V8-D,369,2024-07-12,VALIDATION,BANKNIFTY,CE,431880.74,45,3,413.94,18627.3,331.15,476.03,3725.55,4.31,2794.09,83.98,2710.11,434590.85
V8-D,370,2024-07-15,VALIDATION,BANKNIFTY,PE,434590.85,60,4,296.81,17808.6,237.45,341.33,3561.6,4.1,2671.29,80.3,2590.99,437181.84
V8-D,371,2024-07-15,VALIDATION,NIFTY50,CE,437181.84,150,6,144.47,21670.5,115.58,166.14,4333.5,4.96,3250.57,97.74,3152.83,440334.67
V8-D,372,2024-07-15,VALIDATION,NIFTY50,CE,440334.67,125,5,159.18,19897.5,127.34,183.06,3980.0,4.52,-1846.25,76.29,-1922.54,438412.13
V8-D,373,2024-07-16,VALIDATION,NIFTY50,CE,438412.13,150,6,126.82,19023.0,101.46,145.84,3804.0,4.34,-720.0,75.83,-795.83,437616.3
V8-D,374,2024-07-16,VALIDATION,BANKNIFTY,PE,437616.3,90,6,212.88,19159.2,170.3,244.81,3832.2,4.38,2873.88,86.4,2787.48,440403.78
V8-D,375,2024-07-16,VALIDATION,BANKNIFTY,PE,440403.78,105,7,201.61,21169.05,161.29,231.85,4233.6,4.81,3175.36,95.48,3079.88,443483.66
V8-D,376,2024-07-18,VALIDATION,NIFTY50,PE,443483.66,325,13,66.7,21677.5,53.36,76.7,4335.5,4.89,3251.62,97.75,3153.88,446637.54
V8-D,377,2024-07-18,VALIDATION,BANKNIFTY,CE,446637.54,45,3,440.07,19803.15,352.06,506.08,3960.45,4.43,2970.47,89.3,2881.17,449518.71
V8-D,378,2024-07-18,VALIDATION,NIFTY50,CE,449518.71,400,16,54.62,21848.0,43.7,62.81,4368.0,4.86,3277.2,98.54,3178.66,452697.37
V8-D,379,2024-07-19,VALIDATION,NIFTY50,PE,452697.37,100,4,197.83,19783.0,158.26,227.5,3957.0,4.37,2967.45,89.21,2878.24,455575.61
V8-D,380,2024-07-19,VALIDATION,NIFTY50,PE,455575.61,100,4,197.42,19742.0,157.94,227.03,3948.0,4.33,2961.3,89.01,2872.29,458447.9
V8-D,381,2024-07-19,VALIDATION,BANKNIFTY,PE,458447.9,45,3,385.32,17339.4,308.26,443.12,3467.7,3.78,2600.91,78.2,2522.71,460970.61
V8-D,382,2024-07-22,VALIDATION,BANKNIFTY,CE,460970.61,75,5,260.18,19513.5,208.14,299.21,3903.0,4.23,-99.75,79.57,-179.32,460791.29
V8-D,383,2024-07-22,VALIDATION,NIFTY50,CE,460791.29,150,6,149.37,22405.5,119.5,171.78,4480.5,4.86,-843.0,89.33,-932.33,459858.96
V8-D,384,2024-07-23,VALIDATION,NIFTY50,PE,459858.96,150,6,135.8,20370.0,108.64,156.17,4074.0,4.43,3055.5,91.86,2963.64,462822.6
V8-D,385,2024-07-23,VALIDATION,BANKNIFTY,PE,462822.6,90,6,224.11,20169.9,179.29,257.73,4033.8,4.36,3025.48,90.95,2934.53,465757.13
V8-D,386,2024-07-23,VALIDATION,NIFTY50,PE,465757.13,175,7,121.42,21248.5,97.14,139.63,4249.0,4.56,3187.27,95.82,3091.45,468848.58
V8-D,387,2024-07-24,VALIDATION,NIFTY50,CE,468848.58,225,9,93.91,21129.75,75.13,108.0,4225.5,4.51,3169.46,95.27,3074.19,471922.77
V8-D,388,2024-07-24,VALIDATION,BANKNIFTY,PE,471922.77,180,12,129.57,23322.6,103.66,149.01,4663.8,4.94,3498.39,105.16,3393.23,475316.0
V8-D,389,2024-07-24,VALIDATION,NIFTY50,PE,475316.0,225,9,104.34,23476.5,83.47,119.99,4695.75,4.94,3521.47,105.88,3415.59,478731.59
V8-D,390,2024-07-25,VALIDATION,BANKNIFTY,PE,478731.59,45,3,426.77,19204.65,341.42,490.79,3840.75,4.01,-1071.9,75.62,-1147.52,477584.07
V8-D,391,2024-07-25,VALIDATION,NIFTY50,CE,477584.07,425,17,54.12,23001.0,43.3,62.24,4598.5,4.82,3450.15,103.74,3346.41,480930.48
V8-D,392,2024-07-25,VALIDATION,NIFTY50,CE,480930.48,325,13,72.85,23676.25,58.28,83.78,4735.25,4.92,-4735.25,83.72,-4818.97,476111.51
V8-D,393,2024-07-26,VALIDATION,NIFTY50,CE,476111.51,100,4,197.2,19720.0,157.76,226.78,3944.0,4.14,2958.0,88.93,2869.07,478980.58
V8-D,394,2024-07-26,VALIDATION,NIFTY50,CE,478980.58,100,4,198.45,19845.0,158.76,228.22,3969.0,4.14,2976.75,89.49,2887.26,481867.84
V8-D,395,2024-07-26,VALIDATION,BANKNIFTY,CE,481867.84,60,4,401.01,24060.6,320.81,461.16,4812.0,4.99,3609.09,108.5,3500.59,485368.43
V8-D,396,2024-07-29,VALIDATION,BANKNIFTY,CE,485368.43,90,6,257.51,23175.9,206.01,296.14,4635.0,4.77,3476.38,104.51,3371.87,488740.3
V8-D,397,2024-07-29,VALIDATION,NIFTY50,CE,488740.3,150,6,146.16,21924.0,116.93,168.08,4384.5,4.49,-132.0,89.36,-221.36,488518.94
V8-D,398,2024-07-29,VALIDATION,BANKNIFTY,CE,488518.94,75,5,294.4,22080.0,235.52,338.56,4416.0,4.52,-3707.25,80.06,-3787.31,484731.63
V8-D,399,2024-07-30,VALIDATION,NIFTY50,CE,484731.63,175,7,136.68,23919.0,109.34,157.18,4784.5,4.93,3587.85,107.85,3480.0,488211.63
V8-D,400,2024-07-30,VALIDATION,NIFTY50,CE,488211.63,175,7,123.8,21665.0,99.04,142.37,4333.0,4.44,3249.75,97.7,3152.05,491363.68
V8-D,401,2024-07-30,VALIDATION,BANKNIFTY,CE,491363.68,120,8,198.82,23858.4,159.06,228.64,4771.2,4.86,3578.76,107.6,3471.16,494834.84
V8-D,402,2024-07-31,VALIDATION,NIFTY50,CE,494834.84,250,10,95.93,23982.5,76.74,110.32,4797.5,4.85,3597.37,108.15,3489.22,498324.06
V8-D,403,2024-07-31,VALIDATION,BANKNIFTY,CE,498324.06,210,14,114.42,24028.2,91.54,131.58,4804.8,4.82,3604.23,108.36,3495.87,501819.93
V8-D,404,2024-07-31,VALIDATION,NIFTY50,CE,501819.93,250,10,96.92,24230.0,77.54,111.46,4845.0,4.83,2705.0,106.68,2598.32,504418.25
V8-D,405,2024-08-01,VALIDATION,NIFTY50,PE,504418.25,300,12,78.38,23514.0,62.7,90.14,4704.0,4.66,3527.1,106.05,3421.05,507839.3
V8-D,406,2024-08-01,VALIDATION,NIFTY50,PE,507839.3,325,13,75.1,24407.5,60.08,86.36,4881.5,4.81,-4881.5,86.31,-4967.81,502871.49
V8-D,407,2024-08-01,VALIDATION,BANKNIFTY,PE,502871.49,45,3,438.23,19720.35,350.58,503.96,3944.25,3.92,2958.05,88.93,2869.12,505740.61
V8-D,408,2024-08-02,VALIDATION,NIFTY50,PE,505740.61,100,4,221.54,22154.0,177.23,254.77,4431.0,4.38,3323.1,99.91,3223.19,508963.8
V8-D,409,2024-08-02,VALIDATION,BANKNIFTY,CE,508963.8,60,4,379.24,22754.4,303.39,436.13,4551.0,4.47,3413.16,102.6,3310.56,512274.36
V8-D,410,2024-08-02,VALIDATION,BANKNIFTY,CE,512274.36,60,4,394.96,23697.6,315.97,454.2,4739.4,4.63,3554.64,106.85,3447.79,515722.15
V8-D,411,2024-08-05,VALIDATION,BANKNIFTY,PE,515722.15,90,6,250.72,22564.8,200.58,288.33,4512.6,4.38,3384.72,101.76,3282.96,519005.11
V8-D,412,2024-08-05,VALIDATION,NIFTY50,PE,519005.11,150,6,150.54,22581.0,120.43,173.12,4516.5,4.35,3387.15,101.82,3285.33,522290.44
V8-D,413,2024-08-05,VALIDATION,BANKNIFTY,PE,522290.44,105,7,247.36,25972.8,197.89,284.46,5194.35,4.97,-454.65,105.04,-559.69,521730.75
V8-D,414,2024-08-06,VALIDATION,NIFTY50,PE,521730.75,200,8,120.2,24040.0,96.16,138.23,4808.0,4.61,3606.0,108.4,3497.6,525228.35
V8-D,415,2024-08-06,VALIDATION,BANKNIFTY,PE,525228.35,135,9,192.75,26021.25,154.2,221.66,5204.25,4.95,3903.19,117.34,3785.85,529014.2
V8-D,416,2024-08-06,VALIDATION,NIFTY50,PE,529014.2,200,8,119.95,23990.0,95.96,137.94,4798.0,4.53,3598.5,108.18,3490.32,532504.52
V8-D,417,2024-08-07,VALIDATION,BANKNIFTY,PE,532504.52,225,15,111.07,24990.75,88.86,127.73,4997.25,4.69,3748.61,112.7,3635.91,536140.43
V8-D,418,2024-08-07,VALIDATION,NIFTY50,CE,536140.43,275,11,93.26,25646.5,74.61,107.25,5128.75,4.78,3846.97,115.66,3731.31,539871.74
V8-D,419,2024-08-07,VALIDATION,BANKNIFTY,PE,539871.74,210,14,121.34,25481.4,97.07,139.54,5096.7,4.72,3822.21,114.9,3707.31,543579.05
V8-D,420,2024-08-08,VALIDATION,BANKNIFTY,PE,543579.05,60,4,427.93,25675.8,342.34,492.12,5135.4,4.72,3851.37,115.79,3735.58,547314.63
V8-D,421,2024-08-08,VALIDATION,NIFTY50,PE,547314.63,500,20,54.68,27340.0,43.74,62.88,5470.0,5.0,4101.0,123.29,3977.71,551292.34
V8-D,422,2024-08-08,VALIDATION,BANKNIFTY,CE,551292.34,60,4,402.33,24139.8,321.86,462.68,4828.2,4.38,3620.97,108.85,3512.12,554804.46
V8-D,423,2024-08-09,VALIDATION,NIFTY50,CE,554804.46,125,5,207.02,25877.5,165.62,238.07,5175.0,4.66,1455.0,109.96,1345.04,556149.5
V8-D,424,2024-08-09,VALIDATION,BANKNIFTY,CE,556149.5,60,4,371.93,22315.8,297.54,427.72,4463.4,4.01,3347.37,100.64,3246.73,559396.23
V8-D,425,2024-08-12,VALIDATION,NIFTY50,PE,559396.23,175,7,147.64,25837.0,118.11,169.79,5167.75,4.62,-908.25,103.21,-1011.46,558384.77
V8-D,426,2024-08-12,VALIDATION,BANKNIFTY,PE,558384.77,90,6,299.58,26962.2,239.66,344.52,5392.8,4.83,4044.33,121.58,3922.75,562307.52
V8-D,427,2024-08-12,VALIDATION,BANKNIFTY,CE,562307.52,105,7,251.53,26410.65,201.22,289.26,5282.55,4.7,3961.6,119.1,3842.5,566150.02
V8-D,428,2024-08-13,VALIDATION,BANKNIFTY,PE,566150.02,120,8,212.08,25449.6,169.66,243.89,5090.4,4.5,3817.44,114.76,3702.68,569852.7
V8-D,429,2024-08-13,VALIDATION,NIFTY50,PE,569852.7,225,9,120.7,27157.5,96.56,138.8,5431.5,4.77,4073.62,122.46,3951.16,573803.86
V8-D,430,2024-08-13,VALIDATION,BANKNIFTY,PE,573803.86,135,9,204.77,27643.95,163.82,235.49,5528.25,4.82,4146.59,124.67,4021.92,577825.78
V8-D,431,2024-08-14,VALIDATION,NIFTY50,PE,577825.78,300,12,92.72,27816.0,74.18,106.63,5562.0,4.81,-48.0,113.69,-161.69,577664.09
V8-D,432,2024-08-16,VALIDATION,NIFTY50,PE,577664.09,125,5,194.62,24327.5,155.7,223.81,4865.0,4.21,-1627.5,95.02,-1722.52,575941.57
V8-D,433,2024-08-16,VALIDATION,BANKNIFTY,CE,575941.57,75,5,370.7,27802.5,296.56,426.3,5560.5,4.83,4170.37,125.38,4044.99,579986.56
V8-D,434,2024-08-16,VALIDATION,BANKNIFTY,CE,579986.56,75,5,371.62,27871.5,297.3,427.36,5574.0,4.81,4180.72,125.69,4055.03,584041.59
V8-D,435,2024-08-19,VALIDATION,BANKNIFTY,PE,584041.59,90,6,285.1,25659.0,228.08,327.87,5131.8,4.39,3848.85,115.71,3733.14,587774.73
V8-D,436,2024-08-19,VALIDATION,BANKNIFTY,PE,587774.73,105,7,250.33,26284.65,200.26,287.88,5257.35,4.47,3942.7,118.54,3824.16,591598.89
V8-D,437,2024-08-19,VALIDATION,NIFTY50,PE,591598.89,175,7,158.66,27765.5,126.93,182.46,5552.75,4.69,4164.82,125.22,4039.6,595638.49
V8-D,438,2024-08-20,VALIDATION,NIFTY50,CE,595638.49,225,9,129.68,29178.0,103.74,149.13,5836.5,4.9,4376.7,131.58,4245.12,599883.61
V8-D,439,2024-08-20,VALIDATION,BANKNIFTY,CE,599883.61,150,10,195.33,29299.5,156.26,224.63,5860.5,4.88,4394.92,132.13,4262.79,604146.4
V8-D,440,2024-08-20,VALIDATION,BANKNIFTY,CE,604146.4,120,8,243.23,29187.6,194.58,279.71,5838.0,4.83,4378.14,131.64,4246.5,608392.9
V8-D,441,2024-08-21,VALIDATION,BANKNIFTY,PE,608392.9,240,16,125.88,30211.2,100.7,144.76,6043.2,4.97,4531.68,136.24,4395.44,612788.34
V8-D,442,2024-08-21,VALIDATION,NIFTY50,CE,612788.34,300,12,94.98,28494.0,75.98,109.23,5700.0,4.65,4274.1,128.49,4145.61,616933.95
V8-D,443,2024-08-21,VALIDATION,NIFTY50,CE,616933.95,275,11,111.28,30602.0,89.02,127.97,6121.5,4.96,4590.3,138.02,4452.28,621386.23
V8-D,444,2024-08-22,VALIDATION,BANKNIFTY,CE,621386.23,60,4,426.4,25584.0,341.12,490.36,5116.8,4.12,3837.6,115.36,3722.24,625108.47
V8-D,445,2024-08-22,VALIDATION,BANKNIFTY,CE,625108.47,60,4,420.93,25255.8,336.74,484.07,5051.4,4.04,3788.37,113.89,3674.48,628782.95
V8-D,446,2024-08-22,VALIDATION,BANKNIFTY,CE,628782.95,60,4,432.72,25963.2,346.18,497.63,5192.4,4.13,-1470.6,102.17,-1572.77,627210.18
V8-D,447,2024-08-23,VALIDATION,NIFTY50,PE,627210.18,150,6,198.62,29793.0,158.9,228.41,5958.0,4.75,-9.0,121.91,-130.91,627079.27
V8-D,448,2024-08-26,VALIDATION,NIFTY50,CE,627079.27,200,8,155.97,31194.0,124.78,179.37,6238.0,4.97,4679.1,140.67,4538.43,631617.7
V8-D,449,2024-08-26,VALIDATION,BANKNIFTY,CE,631617.7,105,7,297.46,31233.3,237.97,342.08,6246.45,4.94,-4571.7,115.11,-4686.81,626930.89
V8-D,450,2024-08-26,VALIDATION,NIFTY50,CE,626930.89,175,7,164.33,28757.75,131.46,188.98,5752.25,4.59,-1725.5,112.89,-1838.39,625092.5
V8-D,451,2024-08-27,VALIDATION,NIFTY50,PE,625092.5,250,10,124.17,31042.5,99.34,142.8,6207.5,4.97,2.5,127.04,-124.54,624967.96
V8-D,452,2024-08-27,VALIDATION,BANKNIFTY,PE,624967.96,150,10,196.22,29433.0,156.98,225.65,5886.0,4.71,-450.0,119.2,-569.2,624398.76
V8-D,453,2024-08-28,VALIDATION,NIFTY50,PE,624398.76,300,12,96.19,28857.0,76.95,110.62,5772.0,4.62,-27.0,118.01,-145.01,624253.75
V8-D,454,2024-08-28,VALIDATION,BANKNIFTY,PE,624253.75,270,18,113.51,30647.7,90.81,130.54,6129.0,4.91,4597.15,138.22,4458.93,628712.68
V8-D,455,2024-08-29,VALIDATION,BANKNIFTY,CE,628712.68,75,5,410.26,30769.5,328.21,471.8,6153.75,4.89,4615.42,138.77,4476.65,633189.33
V8-D,456,2024-08-29,VALIDATION,NIFTY50,CE,633189.33,550,22,55.71,30640.5,44.57,64.07,6127.0,4.84,4596.07,138.18,4457.89,637647.22
V8-D,457,2024-08-29,VALIDATION,NIFTY50,CE,637647.22,550,22,57.15,31432.5,45.72,65.72,6286.5,4.93,4714.87,141.75,4573.12,642220.34
V8-D,458,2024-08-30,VALIDATION,BANKNIFTY,CE,642220.34,75,5,395.26,29644.5,316.21,454.55,5928.75,4.62,-1330.5,117.62,-1448.12,640772.22
V8-D,459,2024-09-02,VALIDATION,BANKNIFTY,PE,640772.22,105,7,289.12,30357.6,231.3,332.49,6071.1,4.74,4553.64,136.9,4416.74,645188.96
V8-D,460,2024-09-02,VALIDATION,NIFTY50,PE,645188.96,200,8,152.97,30594.0,122.38,175.92,6118.0,4.74,4589.1,137.97,4451.13,649640.09
V8-D,461,2024-09-02,VALIDATION,BANKNIFTY,PE,649640.09,120,8,254.81,30577.2,203.85,293.03,6115.2,4.71,-76.8,124.93,-201.73,649438.36
V8-D,462,2024-09-03,VALIDATION,NIFTY50,PE,649438.36,250,10,125.41,31352.5,100.33,144.22,6270.0,4.83,0.0,128.3,-128.3,649310.06
V8-D,463,2024-09-03,VALIDATION,BANKNIFTY,PE,649310.06,120,8,246.82,29618.4,197.46,283.84,5923.2,4.56,4442.76,133.56,4309.2,653619.26
V8-D,464,2024-09-03,VALIDATION,BANKNIFTY,PE,653619.26,135,9,238.89,32250.15,191.11,274.72,6450.3,4.93,4837.52,145.43,4692.09,658311.35
V8-D,465,2024-09-04,VALIDATION,BANKNIFTY,PE,658311.35,210,14,156.04,32768.4,124.83,179.45,6554.1,4.98,4915.26,147.79,4767.47,663078.82
V8-D,466,2024-09-04,VALIDATION,NIFTY50,CE,663078.82,325,13,96.66,31414.5,77.33,111.16,6282.25,4.74,4712.17,141.66,4570.51,667649.33
V8-D,467,2024-09-04,VALIDATION,NIFTY50,CE,667649.33,325,13,96.89,31489.25,77.51,111.42,6298.5,4.72,1855.75,134.02,1721.73,669371.06
V8-D,468,2024-09-05,VALIDATION,NIFTY50,PE,669371.06,400,16,80.22,32088.0,64.18,92.25,6416.0,4.79,-6417.6,113.48,-6531.08,662839.98
V8-D,469,2024-09-05,VALIDATION,NIFTY50,PE,662839.98,425,17,75.09,31913.25,60.07,86.35,6383.5,4.81,4786.99,143.92,4643.07,667483.05
V8-D,470,2024-09-05,VALIDATION,BANKNIFTY,PE,667483.05,60,4,460.86,27651.6,368.69,529.99,5530.2,4.14,-2146.8,107.2,-2254.0,665229.05
V8-D,471,2024-09-06,VALIDATION,BANKNIFTY,PE,665229.05,75,5,383.31,28748.25,306.65,440.81,5749.5,4.32,4312.24,129.63,4182.61,669411.66
V8-D,472,2024-09-06,VALIDATION,NIFTY50,PE,669411.66,150,6,199.42,29913.0,159.54,229.33,5982.0,4.47,4486.95,134.9,4352.05,673763.71
V8-D,473,2024-09-06,VALIDATION,BANKNIFTY,PE,673763.71,75,5,376.68,28251.0,301.34,433.18,5650.5,4.19,4237.65,127.39,4110.26,677873.97
V8-D,474,2024-09-09,VALIDATION,NIFTY50,CE,677873.97,225,9,146.05,32861.25,116.84,167.96,6572.25,4.85,4929.19,148.21,4780.98,682654.95
V8-D,475,2024-09-09,VALIDATION,BANKNIFTY,CE,682654.95,135,9,252.06,34028.1,201.65,289.87,6805.35,4.98,5104.21,153.45,4950.76,687605.71
V8-D,476,2024-09-09,VALIDATION,BANKNIFTY,CE,687605.71,105,7,302.96,31810.8,242.37,348.4,6361.95,4.63,4771.62,143.45,4628.17,692233.88
V8-D,477,2024-09-10,VALIDATION,NIFTY50,PE,692233.88,225,9,141.55,31848.75,113.24,162.78,6369.75,4.6,-3953.25,119.33,-4072.58,688161.3
V8-D,478,2024-09-10,VALIDATION,BANKNIFTY,CE,688161.3,150,10,227.08,34062.0,181.66,261.14,6813.0,4.95,-4464.0,126.98,-4590.98,683570.32
V8-D,479,2024-09-11,VALIDATION,BANKNIFTY,CE,683570.32,300,20,113.75,34125.0,91.0,130.81,6825.0,4.99,5118.75,153.88,4964.87,688535.19
V8-D,480,2024-09-11,VALIDATION,NIFTY50,CE,688535.19,350,14,96.39,33736.5,77.11,110.85,6748.0,4.9,-1361.5,134.28,-1495.78,687039.41
V8-D,481,2024-09-11,VALIDATION,BANKNIFTY,CE,687039.41,300,20,113.87,34161.0,91.1,130.95,6831.0,4.97,5124.15,154.03,4970.12,692009.53
V8-D,482,2024-09-12,VALIDATION,BANKNIFTY,PE,692009.53,75,5,409.27,30695.25,327.42,470.66,6138.75,4.44,4604.29,138.43,4465.86,696475.39
V8-D,483,2024-09-12,VALIDATION,NIFTY50,PE,696475.39,575,23,58.16,33442.0,46.53,66.88,6687.25,4.8,5016.3,150.8,4865.5,701340.89
V8-D,484,2024-09-12,VALIDATION,NIFTY50,PE,701340.89,525,21,64.34,33778.5,51.47,73.99,6756.75,4.82,5066.77,152.31,4914.47,706255.36
V8-D,485,2024-09-13,VALIDATION,BANKNIFTY,CE,706255.36,90,6,381.7,34353.0,305.36,438.95,6870.6,4.86,5152.95,154.92,4998.03,711253.39
V8-D,486,2024-09-13,VALIDATION,BANKNIFTY,CE,711253.39,75,5,432.04,32403.0,345.63,496.85,6480.75,4.56,-1805.25,127.58,-1932.83,709320.56
V8-D,487,2024-09-16,VALIDATION,BANKNIFTY,CE,709320.56,120,8,285.69,34282.8,228.55,328.54,6856.8,4.83,5142.42,154.59,4987.83,714308.39
V8-D,488,2024-09-16,VALIDATION,NIFTY50,CE,714308.39,200,8,162.23,32446.0,129.78,186.56,6490.0,4.54,-2616.0,125.5,-2741.5,711566.89
V8-D,489,2024-09-16,VALIDATION,BANKNIFTY,CE,711566.89,135,9,258.87,34947.45,207.1,297.7,6988.95,4.91,9.45,143.04,-133.59,711433.3
V8-D,490,2024-09-17,VALIDATION,NIFTY50,CE,711433.3,250,10,140.22,35055.0,112.18,161.25,7010.0,4.93,5258.25,157.9,5100.35,716533.65
V8-D,491,2024-09-17,VALIDATION,NIFTY50,CE,716533.65,275,11,126.21,34707.75,100.97,145.14,6941.0,4.84,-90.75,141.78,-232.53,716301.12
V8-D,492,2024-09-17,VALIDATION,BANKNIFTY,CE,716301.12,165,11,200.91,33150.15,160.73,231.05,6629.7,4.63,-306.9,134.81,-441.71,715859.41
V8-D,493,2024-09-18,VALIDATION,NIFTY50,CE,715859.41,350,14,97.77,34219.5,78.22,112.44,6842.5,4.78,5132.92,154.33,4978.59,720838.0
V8-D,494,2024-09-18,VALIDATION,NIFTY50,CE,720838.0,325,13,108.27,35187.75,86.62,124.51,7036.25,4.88,5278.16,158.42,5119.74,725957.74
V8-D,495,2024-09-18,VALIDATION,BANKNIFTY,CE,725957.74,300,20,117.23,35169.0,93.78,134.81,7035.0,4.84,5275.35,158.34,5117.01,731074.75
V8-D,496,2024-09-19,VALIDATION,NIFTY50,CE,731074.75,625,25,56.69,35431.25,45.35,65.19,7087.5,4.85,-662.5,143.15,-805.65,730269.1
V8-D,497,2024-09-19,VALIDATION,BANKNIFTY,PE,730269.1,75,5,458.49,34386.75,366.79,527.26,6877.5,4.71,5158.01,155.07,5002.94,735272.04
V8-D,498,2024-09-20,VALIDATION,NIFTY50,CE,735272.04,175,7,207.59,36328.25,166.07,238.73,7266.0,4.94,5449.24,162.77,5286.47,740558.51
V8-D,499,2024-09-20,VALIDATION,BANKNIFTY,CE,740558.51,90,6,394.19,35477.1,315.35,453.32,7095.6,4.79,5321.56,159.52,5162.05,745720.56
V8-D,500,2024-09-20,VALIDATION,NIFTY50,CE,745720.56,150,6,216.23,32434.5,172.98,248.66,6487.5,4.35,4865.17,146.27,4718.9,750439.46
V8-D,501,2024-09-23,VALIDATION,BANKNIFTY,CE,750439.46,135,9,267.6,36126.0,214.08,307.74,7225.2,4.81,5418.9,162.01,5256.89,755696.35
V8-D,502,2024-09-23,VALIDATION,NIFTY50,CE,755696.35,225,9,152.12,34227.0,121.7,174.94,6844.5,4.53,5134.05,154.34,4979.71,760676.06
V8-D,503,2024-09-23,VALIDATION,BANKNIFTY,CE,760676.06,120,8,297.83,35739.6,238.26,342.5,7148.4,4.7,5360.94,160.52,5200.42,765876.48
V8-D,504,2024-09-24,VALIDATION,NIFTY50,CE,765876.48,250,10,139.64,34910.0,111.71,160.59,6982.5,4.56,5236.5,157.35,5079.15,770955.63
V8-D,505,2024-09-24,VALIDATION,NIFTY50,CE,770955.63,275,11,129.04,35486.0,103.23,148.4,7097.75,4.6,-165.0,144.75,-309.75,770645.88
V8-D,506,2024-09-24,VALIDATION,BANKNIFTY,PE,770645.88,180,12,207.71,37387.8,166.17,238.87,7477.2,4.85,5608.17,166.82,5441.35,776087.23
V8-D,507,2024-09-25,VALIDATION,BANKNIFTY,CE,776087.23,285,19,134.04,38201.4,107.23,154.15,7640.85,4.92,5730.21,169.96,5560.25,781647.48
V8-D,508,2024-09-25,VALIDATION,BANKNIFTY,CE,781647.48,255,17,151.21,38558.55,120.97,173.89,7711.2,4.93,-7711.71,136.34,-7848.05,773799.43
V8-D,509,2024-09-25,VALIDATION,NIFTY50,PE,773799.43,325,13,111.86,36354.5,89.49,128.64,7270.25,4.7,-4355.0,136.68,-4491.68,769307.75
V8-D,510,2024-09-26,VALIDATION,NIFTY50,CE,769307.75,475,19,80.86,38408.5,64.69,92.99,7680.75,4.99,5761.27,170.73,5590.54,774898.29
V8-D,511,2024-09-26,VALIDATION,NIFTY50,CE,774898.29,475,19,79.57,37795.75,63.66,91.51,7557.25,4.88,-7559.15,133.65,-7692.8,767205.49
V8-D,512,2024-09-26,VALIDATION,BANKNIFTY,CE,767205.49,75,5,433.38,32503.5,346.7,498.39,6501.0,4.24,4875.52,146.58,4728.94,771934.43
V8-D,513,2024-09-27,VALIDATION,NIFTY50,CE,771934.43,150,6,227.74,34161.0,182.19,261.9,6832.5,4.43,-2769.0,132.11,-2901.11,769033.32
V8-D,514,2024-09-27,VALIDATION,BANKNIFTY,PE,769033.32,90,6,398.23,35840.7,318.58,457.96,7168.5,4.66,5376.1,160.92,5215.18,774248.5
V8-D,515,2024-09-30,VALIDATION,BANKNIFTY,PE,774248.5,135,9,264.24,35672.4,211.39,303.88,7134.75,4.61,5350.86,160.27,5190.59,779439.09
V8-D,516,2024-09-30,VALIDATION,NIFTY50,PE,779439.09,250,10,152.19,38047.5,121.75,175.02,7610.0,4.88,5707.12,169.35,5537.77,784976.86
V8-D,517,2024-09-30,VALIDATION,BANKNIFTY,PE,784976.86,120,8,301.33,36159.6,241.06,346.53,7232.4,4.61,5423.94,162.12,5261.82,790238.68
V8-D,518,2024-10-01,VALIDATION,NIFTY50,PE,790238.68,300,12,127.9,38370.0,102.32,147.09,7674.0,4.86,-60.0,156.87,-216.87,790021.81
V8-D,519,2024-10-03,VALIDATION,BANKNIFTY,PE,790021.81,90,6,418.86,37697.4,335.09,481.69,7539.3,4.77,5654.61,168.01,5486.6,795508.41
V8-D,520,2024-10-03,VALIDATION,NIFTY50,PE,795508.41,700,28,56.08,39256.0,44.86,64.49,7854.0,4.93,5888.4,173.99,5714.41,801222.82
V8-D,521,2024-10-03,VALIDATION,BANKNIFTY,PE,801222.82,75,5,452.14,33910.5,361.71,519.96,6782.25,4.23,2316.0,145.22,2170.78,803393.6
V8-D,522,2024-10-04,VALIDATION,BANKNIFTY,CE,803393.6,90,6,403.66,36329.4,322.93,464.21,7265.7,4.52,5449.41,162.77,5286.64,808680.24
V8-D,523,2024-10-04,VALIDATION,BANKNIFTY,CE,808680.24,105,7,384.36,40357.8,307.49,442.01,8071.35,4.99,6053.67,178.0,5875.67,814555.91
V8-D,524,2024-10-04,VALIDATION,NIFTY50,CE,814555.91,175,7,220.39,38568.25,176.31,253.45,7714.0,4.73,5785.24,171.35,5613.89,820169.8
V8-D,525,2024-10-07,VALIDATION,BANKNIFTY,PE,820169.8,135,9,294.42,39746.7,235.54,338.58,7948.8,4.85,5962.0,175.87,5786.13,825955.93
V8-D,526,2024-10-07,VALIDATION,NIFTY50,PE,825955.93,275,11,147.22,40485.5,117.78,169.3,8096.0,4.9,6072.82,178.41,5894.41,831850.34
V8-D,527,2024-10-07,VALIDATION,NIFTY50,PE,831850.34,250,10,155.42,38855.0,124.34,178.73,7770.0,4.67,5828.25,172.45,5655.8,837506.14
V8-D,528,2024-10-08,VALIDATION,BANKNIFTY,CE,837506.14,210,14,195.62,41080.2,156.5,224.96,8215.2,4.91,6162.03,180.33,5981.7,843487.84
V8-D,529,2024-10-08,VALIDATION,NIFTY50,CE,843487.84,325,13,123.21,40043.25,98.57,141.69,8008.0,4.75,6006.49,176.98,5829.51,849317.35
V8-D,530,2024-10-08,VALIDATION,NIFTY50,CE,849317.35,325,13,123.61,40173.25,98.89,142.15,8034.0,4.73,6025.99,177.42,5848.57,855165.92
V8-D,531,2024-10-09,VALIDATION,NIFTY50,CE,855165.92,425,17,96.79,41135.75,77.43,111.31,8228.0,4.81,6170.36,180.52,5989.84,861155.76
V8-D,532,2024-10-09,VALIDATION,BANKNIFTY,CE,861155.76,360,24,117.72,42379.2,94.18,135.38,8474.4,4.92,-3927.6,161.11,-4088.71,857067.05
V8-D,533,2024-10-09,VALIDATION,NIFTY50,CE,857067.05,425,17,96.53,41025.25,77.22,111.01,8206.75,4.79,6153.79,180.16,5973.63,863040.68
V8-D,534,2024-10-10,VALIDATION,NIFTY50,PE,863040.68,775,31,55.53,43035.75,44.42,63.86,8610.25,4.99,6455.36,186.67,6268.69,869309.37
V8-D,535,2024-10-10,VALIDATION,BANKNIFTY,CE,869309.37,90,6,456.35,41071.5,365.08,524.8,8214.3,4.72,6160.72,180.31,5980.41,875289.78
V8-D,536,2024-10-10,VALIDATION,BANKNIFTY,CE,875289.78,90,6,417.14,37542.6,333.71,479.71,7508.7,4.29,5631.39,167.43,5463.96,880753.74
V8-D,537,2024-10-11,VALIDATION,NIFTY50,CE,880753.74,200,8,200.01,40002.0,160.01,230.01,8000.0,4.54,-32.0,163.61,-195.61,880558.13
V8-D,538,2024-10-11,VALIDATION,BANKNIFTY,PE,880558.13,105,7,389.99,40948.95,311.99,448.49,8190.0,4.65,-1439.55,163.01,-1602.56,878955.57
V8-D,539,2024-10-14,VALIDATION,NIFTY50,CE,878955.57,275,11,150.69,41439.75,120.55,173.29,8288.5,4.71,6215.96,181.51,6034.45,884990.02
V8-D,540,2024-10-14,VALIDATION,BANKNIFTY,CE,884990.02,165,11,256.77,42367.05,205.42,295.29,8472.75,4.79,6355.06,184.5,6170.56,891160.58
V8-D,541,2024-10-14,VALIDATION,NIFTY50,CE,891160.58,275,11,150.28,41327.0,120.22,172.82,8266.5,4.64,-723.25,165.98,-889.23,890271.35
V8-D,542,2024-10-15,VALIDATION,NIFTY50,PE,890271.35,300,12,147.19,44157.0,117.75,169.27,8832.0,4.96,6623.55,190.3,6433.25,896704.6
V8-D,543,2024-10-15,VALIDATION,BANKNIFTY,PE,896704.6,225,15,198.92,44757.0,159.14,228.76,8950.5,4.99,-623.25,176.19,-799.44,895905.16
V8-D,544,2024-10-15,VALIDATION,NIFTY50,PE,895905.16,350,14,124.42,43547.0,99.54,143.08,8708.0,4.86,6532.05,188.33,6343.72,902248.88
V8-D,545,2024-10-16,VALIDATION,NIFTY50,CE,902248.88,375,15,114.53,42948.75,91.62,131.71,8591.25,4.76,-7323.75,153.66,-7477.41,894771.47
V8-D,546,2024-10-16,VALIDATION,BANKNIFTY,CE,894771.47,270,18,161.93,43721.1,129.54,186.22,8745.3,4.89,-8744.22,152.42,-8896.64,885874.83
V8-D,547,2024-10-17,VALIDATION,NIFTY50,PE,885874.83,750,30,57.98,43485.0,46.38,66.68,8700.0,4.91,6522.75,188.13,6334.62,892209.45
V8-D,548,2024-10-17,VALIDATION,BANKNIFTY,PE,892209.45,105,7,410.83,43137.15,328.66,472.45,8627.85,4.83,6470.57,186.99,6283.58,898493.03
V8-D,549,2024-10-17,VALIDATION,BANKNIFTY,PE,898493.03,90,6,455.14,40962.6,364.11,523.41,8192.7,4.56,6144.39,179.96,5964.43,904457.46
V8-D,550,2024-10-18,VALIDATION,NIFTY50,CE,904457.46,200,8,201.6,40320.0,161.28,231.84,8064.0,4.46,6048.0,177.88,5870.12,910327.58
V8-D,551,2024-10-18,VALIDATION,BANKNIFTY,CE,910327.58,105,7,413.03,43368.15,330.42,474.98,8674.05,4.76,6505.22,187.75,6317.47,916645.05
V8-D,552,2024-10-18,VALIDATION,NIFTY50,CE,916645.05,225,9,198.95,44763.75,159.16,228.79,8952.75,4.88,6714.56,192.28,6522.28,923167.33
V8-D,553,2024-10-21,VALIDATION,NIFTY50,PE,923167.33,300,12,145.73,43719.0,116.58,167.59,8745.0,4.74,6557.85,188.9,6368.95,929536.28
V8-D,554,2024-10-21,VALIDATION,BANKNIFTY,PE,929536.28,165,11,279.92,46186.8,223.94,321.91,9236.7,4.97,6928.02,196.89,6731.13,936267.41
V8-D,555,2024-10-21,VALIDATION,NIFTY50,PE,936267.41,275,11,163.59,44987.25,130.87,188.13,8998.0,4.8,-4985.75,167.29,-5153.04,931114.37
V8-D,556,2024-10-22,VALIDATION,BANKNIFTY,CE,931114.37,180,12,243.08,43754.4,194.46,279.54,8751.6,4.7,6563.16,189.01,6374.15,937488.52
V8-D,557,2024-10-22,VALIDATION,NIFTY50,CE,937488.52,325,13,141.34,45935.5,113.07,162.54,9187.75,4.9,6890.32,196.09,6694.23,944182.75
V8-D,558,2024-10-22,VALIDATION,NIFTY50,PE,944182.75,375,15,122.44,45915.0,97.95,140.81,9183.75,4.86,6887.25,196.01,6691.24,950873.99
V8-D,559,2024-10-23,VALIDATION,NIFTY50,CE,950873.99,500,20,94.21,47105.0,75.37,108.34,9420.0,4.95,7065.75,199.87,6865.88,957739.87
V8-D,560,2024-10-23,VALIDATION,NIFTY50,CE,957739.87,500,20,94.32,47160.0,75.46,108.47,9430.0,4.92,7074.0,200.04,6873.96,964613.83
V8-D,561,2024-10-23,VALIDATION,NIFTY50,CE,964613.83,400,16,115.5,46200.0,92.4,132.82,9240.0,4.79,6930.0,196.93,6733.07,971346.9
V8-D,562,2024-10-24,VALIDATION,NIFTY50,PE,971346.9,650,26,72.73,47274.5,58.18,83.64,9457.5,4.87,7091.17,200.42,6890.75,978237.65
V8-D,563,2024-10-24,VALIDATION,NIFTY50,PE,978237.65,900,36,54.2,48780.0,43.36,62.33,9756.0,4.99,7317.0,205.3,7111.7,985349.35
V8-D,564,2024-10-24,VALIDATION,BANKNIFTY,CE,985349.35,105,7,414.21,43492.05,331.37,476.34,8698.2,4.41,-162.75,173.5,-336.25,985013.1
V8-D,565,2024-10-25,VALIDATION,NIFTY50,PE,985013.1,250,10,194.59,48647.5,155.67,223.78,9730.0,4.94,7297.12,204.87,7092.25,992105.35
V8-D,566,2024-10-25,VALIDATION,BANKNIFTY,PE,992105.35,120,8,372.03,44643.6,297.62,427.83,8929.2,4.5,6696.54,191.9,6504.64,998609.99
V8-D,567,2024-10-25,VALIDATION,NIFTY50,PE,998609.99,225,9,206.07,46365.75,164.86,236.98,9272.25,4.64,6954.86,197.47,6757.39,1005367.38
V8-D,568,2024-10-28,VALIDATION,BANKNIFTY,CE,1005367.38,195,13,255.61,49843.95,204.49,293.95,9968.4,4.96,7476.59,208.75,7267.84,1012635.22
V8-D,569,2024-10-28,VALIDATION,NIFTY50,CE,1012635.22,350,14,143.36,50176.0,114.69,164.86,10034.5,4.95,7526.4,209.83,7316.57,1019951.79
V8-D,570,2024-10-28,VALIDATION,BANKNIFTY,CE,1019951.79,195,13,255.07,49738.65,204.06,293.33,9946.95,4.88,7460.8,208.4,7252.4,1027204.19
V8-D,571,2024-10-29,VALIDATION,NIFTY50,PE,1027204.19,350,14,141.24,49434.0,112.99,162.43,9887.5,4.81,-9886.8,169.23,-10056.03,1017148.16
V8-D,572,2024-10-29,VALIDATION,BANKNIFTY,CE,1017148.16,210,14,232.37,48797.7,185.9,267.23,9758.7,4.8,7319.66,205.35,7114.3,1024262.46
V8-D,573,2024-10-29,VALIDATION,BANKNIFTY,CE,1024262.46,210,14,238.19,50019.9,190.55,273.92,10004.4,4.88,7502.98,209.31,7293.68,1031556.14
V8-D,574,2024-10-30,VALIDATION,BANKNIFTY,PE,1031556.14,330,22,154.49,50981.7,123.59,177.66,10197.0,4.94,7647.25,212.44,7434.81,1038990.95
V8-D,575,2024-10-30,VALIDATION,BANKNIFTY,PE,1038990.95,405,27,125.4,50787.0,100.32,144.21,10157.4,4.89,7618.05,211.81,7406.24,1046397.19
V8-D,576,2024-10-30,VALIDATION,NIFTY50,CE,1046397.19,550,22,94.0,51700.0,75.2,108.1,10340.0,4.94,7755.0,214.76,7540.24,1053937.43
V8-D,577,2024-10-31,VALIDATION,NIFTY50,PE,1053937.43,825,33,62.24,51348.0,49.79,71.58,10271.25,4.87,7702.2,213.63,7488.57,1061426.0
V8-D,578,2024-10-31,VALIDATION,BANKNIFTY,CE,1061426.0,105,7,449.73,47221.65,359.78,517.19,9444.75,4.45,-4747.05,174.33,-4921.38,1056504.62
V8-D,579,2024-10-31,VALIDATION,NIFTY50,PE,1056504.62,975,39,53.87,52523.25,43.1,61.95,10500.75,4.97,7878.49,217.42,7661.07,1064165.69
V8-D,580,2024-11-04,VALIDATION,BANKNIFTY,PE,1064165.69,195,13,254.8,49686.0,203.84,293.02,9937.2,4.67,7452.9,208.23,7244.67,1071410.36
V8-D,581,2024-11-04,VALIDATION,NIFTY50,PE,1071410.36,375,15,140.17,52563.75,112.14,161.2,10511.25,4.91,-1391.25,197.24,-1588.49,1069821.87
V8-D,582,2024-11-04,VALIDATION,BANKNIFTY,PE,1069821.87,195,13,257.33,50179.35,205.86,295.93,10036.65,4.69,-895.05,191.39,-1086.44,1068735.43
V8-D,583,2024-11-05,VALIDATION,BANKNIFTY,CE,1068735.43,270,18,196.83,53144.1,157.46,226.35,10629.9,4.97,7971.61,219.43,7752.18,1076487.61
V8-D,584,2024-11-05,VALIDATION,BANKNIFTY,PE,1076487.61,270,18,196.23,52982.1,156.98,225.66,10597.5,4.92,7947.31,218.91,7728.4,1084216.01
V8-D,585,2024-11-05,VALIDATION,NIFTY50,PE,1084216.01,450,18,118.46,53307.0,94.77,136.23,10660.5,4.92,-7785.0,185.38,-7970.38,1076245.63
V8-E,1,2024-01-01,DEVELOPMENT,NIFTY50,CE,100000.0,1000,40,127.68,127680.0,127.43,146.83,250.0,127.68,-251.43,418.49,-669.92,99330.08
V8-E,2,2024-01-01,DEVELOPMENT,NIFTY50,CE,99330.08,975,39,127.53,124341.75,127.21,146.66,312.0,125.18,18651.26,450.2,18201.06,117531.14
V8-E,3,2024-01-01,DEVELOPMENT,BANKNIFTY,CE,117531.14,15,1,258.55,3878.25,206.27,297.33,784.2,3.3,581.74,17.49,564.25,118095.39
V8-E,4,2024-01-02,DEVELOPMENT,NIFTY50,PE,118095.39,75,3,107.28,8046.0,91.85,123.37,1157.25,6.81,1206.9,36.29,1170.61,119266.0
V8-E,5,2024-01-02,DEVELOPMENT,BANKNIFTY,PE,119266.0,15,1,214.66,3219.9,142.87,246.86,1076.85,2.7,482.98,14.52,468.46,119734.46
V8-E,6,2024-01-02,DEVELOPMENT,NIFTY50,PE,119734.46,50,2,107.29,5364.5,88.4,123.38,944.5,4.48,-24.5,21.88,-46.38,119688.08
V8-E,7,2024-01-03,DEVELOPMENT,BANKNIFTY,PE,119688.08,15,1,139.34,2090.1,69.67,160.24,1045.05,1.75,313.51,9.43,304.08,119992.16
V8-E,8,2024-01-03,DEVELOPMENT,NIFTY50,PE,119992.16,25,1,97.2,2430.0,63.91,111.78,832.25,2.03,364.5,10.95,353.55,120345.71
V8-E,9,2024-01-03,DEVELOPMENT,NIFTY50,PE,120345.71,600,24,82.9,49740.0,80.94,95.33,1176.0,41.33,7461.0,208.4,7252.6,127598.31
V8-E,10,2024-01-04,DEVELOPMENT,BANKNIFTY,CE,127598.31,195,13,383.92,74864.4,377.54,441.51,1244.1,58.67,11229.66,289.85,10939.81,138538.12
V8-E,11,2024-01-04,DEVELOPMENT,NIFTY50,CE,138538.12,1375,55,48.02,66027.5,47.89,55.22,178.75,47.66,9904.12,261.2,9642.92,148181.04
V8-E,12,2024-01-04,DEVELOPMENT,NIFTY50,CE,148181.04,600,24,48.05,28830.0,45.66,55.26,1434.0,19.46,4324.5,130.0,4194.5,152375.54
V8-E,13,2024-01-05,DEVELOPMENT,BANKNIFTY,PE,152375.54,60,4,356.6,21396.0,332.05,410.09,1473.0,14.04,3209.4,96.49,3112.91,155488.45
V8-E,14,2024-01-05,DEVELOPMENT,NIFTY50,PE,155488.45,50,2,187.63,9381.5,164.29,215.77,1167.0,6.03,1407.22,42.32,1364.9,156853.35
V8-E,15,2024-01-05,DEVELOPMENT,BANKNIFTY,PE,156853.35,30,2,354.33,10629.9,307.86,407.48,1394.1,6.78,1594.48,47.95,1546.53,158399.88
V8-E,16,2024-01-08,DEVELOPMENT,NIFTY50,PE,158399.88,25,1,151.97,3799.25,116.77,174.77,880.0,2.4,569.89,17.12,552.77,158952.65
V8-E,17,2024-01-08,DEVELOPMENT,BANKNIFTY,PE,158952.65,15,1,238.41,3576.15,168.99,274.17,1041.3,2.25,536.42,16.12,520.3,159472.95
V8-E,18,2024-01-08,DEVELOPMENT,NIFTY50,PE,159472.95,50,2,141.43,7071.5,115.96,162.64,1273.5,4.43,1060.72,31.89,1028.83,160501.78
V8-E,19,2024-01-09,DEVELOPMENT,BANKNIFTY,CE,160501.78,150,10,204.79,30718.5,194.97,235.51,1473.0,19.14,-1473.43,121.61,-1595.04,158906.74
V8-E,20,2024-01-09,DEVELOPMENT,BANKNIFTY,CE,158906.74,15,1,222.51,3337.65,130.14,255.89,1385.55,2.1,500.65,15.06,485.59,159392.33
V8-E,21,2024-01-09,DEVELOPMENT,NIFTY50,CE,159392.33,225,9,107.66,24223.5,101.08,123.81,1480.5,15.2,3633.52,109.24,3524.28,162916.61
V8-E,22,2024-01-10,DEVELOPMENT,BANKNIFTY,CE,162916.61,60,4,118.86,7131.6,92.97,136.69,1553.4,4.38,1069.74,32.16,1037.58,163954.19
V8-E,23,2024-01-10,DEVELOPMENT,BANKNIFTY,CE,163954.19,15,1,109.45,1641.75,54.73,125.87,820.8,1.0,246.26,7.38,238.88,164193.07
V8-E,24,2024-01-10,DEVELOPMENT,BANKNIFTY,CE,164193.07,165,11,105.13,17346.45,95.28,120.9,1625.25,10.56,3.3,70.99,-67.69,164125.38
V8-E,25,2024-01-11,DEVELOPMENT,NIFTY50,PE,164125.38,1000,40,48.09,48090.0,46.47,55.3,1620.0,29.3,7213.5,203.06,7010.44,171135.82
V8-E,26,2024-01-11,DEVELOPMENT,NIFTY50,PE,171135.82,75,3,48.08,3606.0,26.04,55.29,1653.0,2.11,540.9,16.28,524.62,171660.44
V8-E,27,2024-01-11,DEVELOPMENT,BANKNIFTY,PE,171660.44,15,1,379.56,5693.4,320.35,436.49,888.15,3.32,0.6,23.29,-22.69,171637.75
V8-E,28,2024-01-12,DEVELOPMENT,NIFTY50,CE,171637.75,1700,68,174.73,297041.0,174.04,200.94,1173.0,173.06,44556.15,1009.92,43546.23,215183.98
V8-E,29,2024-01-12,DEVELOPMENT,BANKNIFTY,CE,215183.98,30,2,382.23,11466.9,311.2,439.56,2130.9,5.33,1720.03,51.71,1668.32,216852.3
V8-E,30,2024-01-12,DEVELOPMENT,NIFTY50,CE,216852.3,2150,86,175.06,376379.0,174.3,201.32,1634.0,173.56,56456.85,1267.06,55189.79,272042.09
V8-E,31,2024-01-15,DEVELOPMENT,BANKNIFTY,CE,272042.09,15,1,247.64,3714.6,123.82,284.79,1857.3,1.37,557.19,16.75,540.44,272582.53
V8-E,32,2024-01-15,DEVELOPMENT,BANKNIFTY,CE,272582.53,45,3,273.37,12301.65,221.89,314.38,2316.6,4.51,1845.25,55.46,1789.79,274372.32
V8-E,33,2024-01-15,DEVELOPMENT,NIFTY50,CE,274372.32,100,4,149.64,14964.0,125.01,172.09,2463.0,5.45,2244.6,67.49,2177.11,276549.43
V8-E,34,2024-01-16,DEVELOPMENT,NIFTY50,CE,276549.43,875,35,109.63,95926.25,106.49,126.07,2747.5,34.69,14388.94,358.1,14030.84,290580.27
V8-E,35,2024-01-16,DEVELOPMENT,BANKNIFTY,CE,290580.27,2085,139,185.66,387101.1,184.27,213.51,2898.15,133.22,-2898.15,1168.22,-4066.37,286513.9
V8-E,36,2024-01-16,DEVELOPMENT,NIFTY50,CE,286513.9,125,5,119.57,14946.25,99.58,137.51,2498.75,5.22,-1388.75,57.31,-1446.06,285067.84
V8-E,37,2024-01-17,DEVELOPMENT,BANKNIFTY,PE,285067.84,45,3,102.85,4628.25,51.42,118.28,2314.35,1.62,694.24,20.88,673.36,285741.2
V8-E,38,2024-01-17,DEVELOPMENT,BANKNIFTY,PE,285741.2,30,2,132.97,3989.1,66.48,152.92,1994.7,1.4,598.36,18.0,580.36,286321.56
V8-E,39,2024-01-18,DEVELOPMENT,NIFTY50,PE,286321.56,100,4,51.91,5191.0,25.95,59.7,2596.0,1.81,778.65,23.41,755.24,287076.8
V8-E,40,2024-01-18,DEVELOPMENT,NIFTY50,CE,287076.8,2850,114,47.69,135916.5,46.95,54.84,2109.0,47.34,20387.47,487.71,19899.76,306976.56
V8-E,41,2024-01-18,DEVELOPMENT,BANKNIFTY,CE,306976.56,135,9,372.19,50245.65,349.5,428.02,3063.15,16.37,7536.85,210.04,7326.81,314303.37
V8-E,42,2024-01-19,DEVELOPMENT,NIFTY50,CE,314303.37,350,14,172.97,60539.5,164.57,198.92,2940.0,19.26,66.5,223.65,-157.15,314146.22
V8-E,43,2024-01-19,DEVELOPMENT,BANKNIFTY,CE,314146.22,30,2,338.42,10152.6,249.66,389.18,2662.8,3.23,-343.8,40.59,-384.39,313761.83
V8-E,44,2024-01-20,DEVELOPMENT,NIFTY50,PE,313761.83,225,9,166.84,37539.0,153.83,191.87,2927.25,11.96,5630.85,167.41,5463.44,319225.27
V8-E,45,2024-01-20,DEVELOPMENT,BANKNIFTY,PE,319225.27,15,1,306.55,4598.25,170.52,352.53,2040.45,1.44,689.74,20.73,669.01,319894.28
V8-E,46,2024-01-20,DEVELOPMENT,NIFTY50,PE,319894.28,75,3,159.46,11959.5,126.56,183.38,2467.5,3.74,1793.92,53.94,1739.98,321634.26
V8-E,47,2024-01-23,DEVELOPMENT,NIFTY50,PE,321634.26,175,7,107.03,18730.25,90.78,123.08,2843.75,5.82,2809.54,84.48,2725.06,324359.32
V8-E,48,2024-01-23,DEVELOPMENT,BANKNIFTY,PE,324359.32,75,5,175.83,13187.25,134.76,202.2,3080.25,4.07,1978.09,59.49,1918.6,326277.92
V8-E,49,2024-01-23,DEVELOPMENT,NIFTY50,PE,326277.92,100,4,119.91,11991.0,90.43,137.9,2948.0,3.68,1798.65,54.08,1744.57,328022.49
V8-E,50,2024-01-24,DEVELOPMENT,NIFTY50,CE,328022.49,925,37,82.22,76053.5,78.71,94.55,3246.75,23.19,-3244.11,261.58,-3505.69,324516.8
V8-E,51,2024-01-24,DEVELOPMENT,BANKNIFTY,CE,324516.8,45,3,139.71,6286.95,69.86,160.67,3143.25,1.94,943.04,28.35,914.69,325431.49
V8-E,52,2024-01-24,DEVELOPMENT,NIFTY50,CE,325431.49,1850,74,81.97,151644.5,80.21,94.27,3256.0,46.6,22746.67,538.69,22207.98,347639.47
V8-E,53,2024-01-25,DEVELOPMENT,BANKNIFTY,PE,347639.47,45,3,403.53,18158.85,341.08,464.06,2810.25,5.22,2723.83,81.87,2641.96,350281.43
V8-E,54,2024-01-25,DEVELOPMENT,BANKNIFTY,PE,350281.43,105,7,357.12,37497.6,326.77,410.69,3186.75,10.7,5624.64,167.25,5457.39,355738.82
V8-E,55,2024-01-25,DEVELOPMENT,NIFTY50,PE,355738.82,125,5,48.9,6112.5,24.45,56.23,3056.25,1.72,916.87,27.55,889.32,356628.14
V8-E,56,2024-01-29,DEVELOPMENT,NIFTY50,CE,356628.14,2200,88,127.05,279510.0,125.43,146.11,3564.0,78.38,41926.5,953.09,40973.41,397601.55
V8-E,57,2024-01-29,DEVELOPMENT,BANKNIFTY,CE,397601.55,30,2,225.8,6774.0,126.26,259.67,2986.2,1.7,1016.1,30.54,985.56,398587.11
V8-E,58,2024-01-29,DEVELOPMENT,BANKNIFTY,CE,398587.11,60,4,225.91,13554.6,167.92,259.8,3479.4,3.4,2033.19,61.12,1972.07,400559.18
V8-E,59,2024-01-30,DEVELOPMENT,BANKNIFTY,PE,400559.18,45,3,174.64,7858.8,87.32,200.84,3929.4,1.96,1178.82,35.46,1143.36,401702.54
V8-E,60,2024-01-30,DEVELOPMENT,NIFTY50,PE,401702.54,175,7,107.78,18861.5,84.85,123.95,4012.75,4.7,2829.22,85.08,2744.14,404446.68
V8-E,61,2024-01-30,DEVELOPMENT,NIFTY50,PE,404446.68,125,5,118.08,14760.0,85.85,135.79,4028.75,3.65,2214.0,66.56,2147.44,406594.12
V8-E,62,2024-01-31,DEVELOPMENT,BANKNIFTY,CE,406594.12,45,3,151.92,6836.4,75.96,174.71,3418.2,1.68,1025.46,30.83,994.63,407588.75
V8-E,63,2024-01-31,DEVELOPMENT,NIFTY50,CE,407588.75,75,3,100.05,7503.75,56.3,115.06,3281.25,1.84,1125.56,33.85,1091.71,408680.46
V8-E,64,2024-01-31,DEVELOPMENT,NIFTY50,CE,408680.46,300,12,83.43,25029.0,70.54,95.94,3867.0,6.12,3754.35,112.88,3641.47,412321.93
V8-E,65,2024-02-01,DEVELOPMENT,BANKNIFTY,PE,412321.93,15,1,373.41,5601.15,196.68,429.42,2650.95,1.36,840.17,25.25,814.92,413136.85
V8-E,66,2024-02-01,DEVELOPMENT,NIFTY50,CE,413136.85,3625,145,50.06,181467.5,48.93,57.57,4096.25,43.92,-4111.79,566.68,-4678.47,408458.38
V8-E,67,2024-02-01,DEVELOPMENT,NIFTY50,CE,408458.38,150,6,48.3,7245.0,24.15,55.54,3622.5,1.77,1086.75,32.69,1054.06,409512.44
V8-E,68,2024-02-02,DEVELOPMENT,NIFTY50,CE,409512.44,900,36,175.54,157986.0,171.09,201.87,4005.0,38.58,23697.9,559.24,23138.66,432651.1
V8-E,69,2024-02-02,DEVELOPMENT,NIFTY50,CE,432651.1,100,4,186.15,18615.0,148.31,214.07,3784.0,4.3,-2299.0,69.79,-2368.79,430282.31
V8-E,70,2024-02-02,DEVELOPMENT,BANKNIFTY,CE,430282.31,30,2,343.04,10291.2,223.46,394.5,3587.4,2.39,-1294.5,38.51,-1333.01,428949.3
V8-E,71,2024-02-05,DEVELOPMENT,NIFTY50,CE,428949.3,100,4,128.42,12842.0,90.37,147.68,3805.0,2.99,1926.3,57.93,1868.37,430817.67
V8-E,72,2024-02-05,DEVELOPMENT,NIFTY50,CE,430817.67,4300,172,128.77,553711.0,128.07,148.09,3010.0,128.53,-2991.57,1653.25,-4644.82,426172.85
V8-E,73,2024-02-05,DEVELOPMENT,NIFTY50,CE,426172.85,4250,170,128.9,547825.0,128.02,148.23,3740.0,128.55,-3727.86,1634.49,-5362.35,420810.5
V8-E,74,2024-02-06,DEVELOPMENT,BANKNIFTY,PE,420810.5,120,8,175.43,21051.6,143.72,201.74,3805.2,5.0,3157.74,94.93,3062.81,423873.31
V8-E,75,2024-02-06,DEVELOPMENT,NIFTY50,CE,423873.31,100,4,129.07,12907.0,93.43,148.43,3564.0,3.05,1936.05,58.22,1877.83,425751.14
V8-E,76,2024-02-07,DEVELOPMENT,NIFTY50,PE,425751.14,125,5,97.26,12157.5,67.7,111.85,3695.0,2.86,-1633.75,45.21,-1678.96,424072.18
V8-E,77,2024-02-07,DEVELOPMENT,BANKNIFTY,PE,424072.18,90,6,101.5,9135.0,58.89,116.72,3834.9,2.15,1370.25,41.19,1329.06,425401.24
V8-E,78,2024-02-07,DEVELOPMENT,BANKNIFTY,PE,425401.24,150,10,117.19,17578.5,90.63,134.77,3984.0,4.13,-2406.0,65.26,-2471.26,422929.98
V8-E,79,2024-02-08,DEVELOPMENT,BANKNIFTY,CE,422929.98,30,2,391.48,11744.4,272.24,450.2,3577.2,2.78,-3577.3,38.12,-3615.42,419314.56
V8-E,80,2024-02-08,DEVELOPMENT,NIFTY50,PE,419314.56,150,6,48.76,7314.0,24.38,56.07,3657.0,1.74,1097.1,32.98,1064.12,420378.68
V8-E,81,2024-02-08,DEVELOPMENT,NIFTY50,PE,420378.68,150,6,54.44,8166.0,27.22,62.61,4083.0,1.94,1224.9,36.83,1188.07,421566.75
V8-E,82,2024-02-09,DEVELOPMENT,BANKNIFTY,CE,421566.75,180,12,333.1,59958.0,311.39,383.06,3907.8,14.22,8993.7,241.52,8752.18,430318.93
V8-E,83,2024-02-09,DEVELOPMENT,NIFTY50,PE,430318.93,100,4,173.8,17380.0,137.69,199.87,3611.0,4.04,-132.0,70.74,-202.74,430116.19
V8-E,84,2024-02-09,DEVELOPMENT,BANKNIFTY,CE,430116.19,60,4,334.23,20053.8,267.4,384.36,4009.8,4.66,3008.07,90.43,2917.64,433033.83
V8-E,85,2024-02-12,DEVELOPMENT,BANKNIFTY,PE,433033.83,240,16,224.51,53882.4,207.4,258.19,4106.4,12.44,8082.36,221.84,7860.52,440894.35
V8-E,86,2024-02-12,DEVELOPMENT,NIFTY50,PE,440894.35,150,6,127.53,19129.5,99.17,146.66,4254.0,4.34,2869.42,86.25,2783.17,443677.52
V8-E,87,2024-02-12,DEVELOPMENT,NIFTY50,PE,443677.52,675,27,127.25,85893.75,120.83,146.34,4333.5,19.36,12884.06,325.59,12558.47,456235.99
V8-E,88,2024-02-13,DEVELOPMENT,NIFTY50,CE,456235.99,200,8,122.79,24558.0,102.17,141.21,4124.0,5.38,3683.7,110.74,3572.96,459808.95
V8-E,89,2024-02-13,DEVELOPMENT,BANKNIFTY,CE,459808.95,90,6,174.58,15712.2,127.08,200.77,4275.0,3.42,2356.83,70.85,2285.98,462094.93
V8-E,90,2024-02-13,DEVELOPMENT,NIFTY50,CE,462094.93,875,35,107.88,94395.0,102.61,124.06,4611.25,20.43,70.0,322.27,-252.27,461842.66
V8-E,91,2024-02-14,DEVELOPMENT,BANKNIFTY,CE,461842.66,345,23,100.74,34755.3,87.66,115.85,4512.6,7.53,5213.29,156.71,5056.58,466899.24
V8-E,92,2024-02-14,DEVELOPMENT,BANKNIFTY,CE,466899.24,60,4,139.62,8377.2,69.81,160.56,4188.6,1.79,1256.58,37.79,1218.79,468118.03
V8-E,93,2024-02-14,DEVELOPMENT,NIFTY50,CE,468118.03,150,6,83.37,12505.5,52.23,95.88,4671.0,2.67,1875.82,56.39,1819.44,469937.47
V8-E,94,2024-02-15,DEVELOPMENT,BANKNIFTY,PE,469937.47,75,5,366.02,27451.5,306.09,420.92,4494.75,5.84,4117.72,123.78,3993.94,473931.41
V8-E,95,2024-02-15,DEVELOPMENT,BANKNIFTY,PE,473931.41,30,2,366.77,11003.1,257.22,421.79,3286.5,2.32,-755.7,42.94,-798.64,473132.77
V8-E,96,2024-02-15,DEVELOPMENT,NIFTY50,PE,473132.77,300,12,48.54,14562.0,33.98,55.82,4368.0,3.08,2184.3,65.66,2118.64,475251.41
V8-E,97,2024-02-16,DEVELOPMENT,NIFTY50,CE,475251.41,4750,190,176.4,837900.0,175.72,202.86,3230.0,176.31,-3223.21,2480.41,-5703.62,469547.79
V8-E,98,2024-02-16,DEVELOPMENT,NIFTY50,CE,469547.79,4675,187,176.51,825184.25,175.81,202.99,3272.5,175.74,-1215.5,2447.78,-3663.28,465884.51
V8-E,99,2024-02-19,DEVELOPMENT,NIFTY50,PE,465884.51,100,4,137.89,13789.0,97.35,158.57,4054.0,2.96,-802.0,54.21,-856.21,465028.3
V8-E,100,2024-02-19,DEVELOPMENT,BANKNIFTY,PE,465028.3,30,2,233.49,7004.7,116.75,268.51,3502.2,1.51,1050.7,31.59,1019.11,466047.41
V8-E,101,2024-02-19,DEVELOPMENT,BANKNIFTY,CE,466047.41,60,4,245.7,14742.0,182.3,282.55,3804.0,3.16,2211.3,66.48,2144.82,468192.23
V8-E,102,2024-02-20,DEVELOPMENT,BANKNIFTY,CE,468192.23,225,15,179.85,40466.25,159.86,206.83,4497.75,8.64,6069.94,178.35,5891.59,474083.82
V8-E,103,2024-02-20,DEVELOPMENT,NIFTY50,CE,474083.82,200,8,109.73,21946.0,86.6,126.19,4626.0,4.63,3291.9,98.97,3192.93,477276.75
V8-E,104,2024-02-20,DEVELOPMENT,BANKNIFTY,CE,477276.75,165,11,180.1,29716.5,151.64,207.11,4695.9,6.23,4457.47,134.01,4323.46,481600.21
V8-E,105,2024-02-21,DEVELOPMENT,NIFTY50,PE,481600.21,175,7,85.41,14946.75,60.25,98.22,4403.0,3.1,2242.01,67.4,2174.61,483774.82
V8-E,106,2024-02-21,DEVELOPMENT,BANKNIFTY,PE,483774.82,120,8,104.4,12528.0,65.21,120.06,4702.8,2.59,1879.2,56.5,1822.7,485597.52
V8-E,107,2024-02-21,DEVELOPMENT,NIFTY50,PE,485597.52,325,13,85.42,27761.5,70.65,98.23,4800.25,5.72,4164.22,125.18,4039.04,489636.56
V8-E,108,2024-02-22,DEVELOPMENT,NIFTY50,PE,489636.56,775,31,48.64,37696.0,42.35,55.94,4874.75,7.7,5654.4,168.01,5486.39,495122.95
V8-E,109,2024-02-22,DEVELOPMENT,NIFTY50,PE,495122.95,125,5,72.69,9086.25,36.34,83.59,4543.75,1.84,1362.94,40.97,1321.97,496444.92
V8-E,110,2024-02-22,DEVELOPMENT,NIFTY50,PE,496444.92,825,33,48.65,40136.25,42.73,55.95,4884.0,8.08,-4887.54,150.57,-5038.11,491406.81
V8-E,111,2024-02-23,DEVELOPMENT,BANKNIFTY,CE,491406.81,75,5,351.38,26353.5,296.65,404.09,4104.75,5.36,3953.02,118.85,3834.17,495240.98
V8-E,112,2024-02-23,DEVELOPMENT,BANKNIFTY,CE,495240.98,30,2,346.04,10381.2,226.79,397.95,3577.5,2.1,1557.18,46.81,1510.37,496751.35
V8-E,113,2024-02-23,DEVELOPMENT,NIFTY50,PE,496751.35,4950,198,177.78,880011.0,177.25,204.45,2623.5,177.15,148.5,2610.44,-2461.94,494289.41
V8-E,114,2024-02-26,DEVELOPMENT,NIFTY50,PE,494289.41,4925,197,129.89,639708.25,129.73,149.37,788.0,129.42,95956.24,2120.53,93835.71,588125.12
V8-E,115,2024-02-26,DEVELOPMENT,BANKNIFTY,PE,588125.12,375,25,231.46,86797.5,216.24,266.18,5707.5,14.76,13019.62,328.52,12691.1,600816.22
V8-E,116,2024-02-26,DEVELOPMENT,BANKNIFTY,PE,600816.22,270,18,231.41,62480.7,209.41,266.12,5940.0,10.4,9372.1,249.69,9122.41,609938.63
V8-E,117,2024-02-27,DEVELOPMENT,NIFTY50,CE,609938.63,125,5,134.35,16793.75,89.78,154.5,5571.25,2.75,2519.06,75.72,2443.34,612381.97
V8-E,118,2024-02-27,DEVELOPMENT,BANKNIFTY,PE,612381.97,75,5,218.1,16357.5,146.13,250.81,5397.75,2.67,2453.62,73.77,2379.85,614761.82
V8-E,119,2024-02-27,DEVELOPMENT,NIFTY50,CE,614761.82,525,21,109.89,57692.25,98.29,126.37,6090.0,9.38,8653.84,234.18,8419.66,623181.48
V8-E,120,2024-02-28,DEVELOPMENT,BANKNIFTY,CE,623181.48,120,8,102.7,12324.0,51.35,118.1,6162.0,1.98,-655.2,48.61,-703.81,622477.67
V8-E,121,2024-02-28,DEVELOPMENT,NIFTY50,PE,622477.67,200,8,84.65,16930.0,55.44,97.35,5842.0,2.72,2539.5,76.35,2463.15,624940.82
V8-E,122,2024-02-28,DEVELOPMENT,NIFTY50,PE,624940.82,5500,220,84.45,464475.0,83.32,97.12,6215.0,74.32,69671.25,1552.58,68118.67,693059.49
V8-E,123,2024-02-29,DEVELOPMENT,BANKNIFTY,PE,693059.49,60,4,387.48,23248.8,282.99,445.6,6269.4,3.35,-2868.6,87.15,-2955.75,690103.74
V8-E,124,2024-02-29,DEVELOPMENT,NIFTY50,CE,690103.74,200,8,61.45,12290.0,30.73,70.67,6144.0,1.78,1843.5,55.42,1788.08,691891.82
V8-E,125,2024-02-29,DEVELOPMENT,NIFTY50,CE,691891.82,275,11,49.6,13640.0,24.8,57.04,6820.0,1.97,2046.0,61.5,1984.5,693876.32
V8-E,126,2024-03-01,DEVELOPMENT,NIFTY50,CE,693876.32,850,34,177.66,151011.0,169.6,204.31,6851.0,21.76,22651.65,536.63,22115.02,715991.34
V8-E,127,2024-03-01,DEVELOPMENT,NIFTY50,CE,715991.34,3950,158,178.37,704561.5,176.56,205.13,7149.5,98.4,105684.22,2330.7,103353.52,819344.86
V8-E,128,2024-03-01,DEVELOPMENT,BANKNIFTY,CE,819344.86,135,9,375.34,50670.9,317.58,431.64,7797.6,6.18,7600.63,211.42,7389.22,826734.08
V8-E,129,2024-03-04,DEVELOPMENT,NIFTY50,PE,826734.08,525,21,133.55,70113.75,117.82,153.58,8258.25,8.48,10517.06,274.43,10242.63,836976.71
V8-E,130,2024-03-04,DEVELOPMENT,BANKNIFTY,CE,836976.71,90,6,261.8,23562.0,179.01,301.07,7451.1,2.82,3534.3,106.26,3428.04,840404.75
V8-E,131,2024-03-04,DEVELOPMENT,BANKNIFTY,CE,840404.75,150,10,237.43,35614.5,182.3,273.04,8269.5,4.24,5342.17,160.06,5182.11,845586.86
V8-E,132,2024-03-05,DEVELOPMENT,BANKNIFTY,CE,845586.86,2160,144,182.03,393184.8,178.13,209.33,8424.0,46.5,58977.72,1321.52,57656.2,903243.06
V8-E,133,2024-03-05,DEVELOPMENT,BANKNIFTY,CE,903243.06,660,44,182.32,120331.2,168.92,209.67,8844.0,13.32,18049.68,437.2,17612.48,920855.54
V8-E,134,2024-03-05,DEVELOPMENT,NIFTY50,PE,920855.54,2175,87,110.77,240924.75,106.57,127.39,9135.0,26.16,-783.0,747.14,-1530.14,919325.4
V8-E,135,2024-03-06,DEVELOPMENT,NIFTY50,PE,919325.4,450,18,85.8,38610.0,65.38,98.67,9189.0,4.2,5791.5,171.51,5619.99,924945.39
V8-E,136,2024-03-06,DEVELOPMENT,NIFTY50,PE,924945.39,250,10,105.15,26287.5,69.91,120.92,8810.0,2.84,3943.12,118.55,3824.57,928769.96
V8-E,137,2024-03-06,DEVELOPMENT,BANKNIFTY,CE,928769.96,165,11,106.47,17567.55,53.23,122.44,8784.6,1.89,2635.13,79.24,2555.89,931325.85
V8-E,138,2024-03-07,DEVELOPMENT,BANKNIFTY,PE,931325.85,120,8,402.13,48255.6,330.5,462.45,8595.6,5.18,7238.34,203.59,7034.75,938360.6
V8-E,139,2024-03-07,DEVELOPMENT,BANKNIFTY,PE,938360.6,975,65,382.84,373269.0,373.32,440.27,9282.0,39.78,-29.25,1134.23,-1163.48,937197.12
V8-E,140,2024-03-11,DEVELOPMENT,NIFTY50,PE,937197.12,1100,44,132.6,145860.0,124.15,152.49,9295.0,15.56,21879.0,519.94,21359.06,958556.18
V8-E,141,2024-03-11,DEVELOPMENT,BANKNIFTY,PE,958556.18,135,9,275.1,37138.5,205.99,316.37,9329.85,3.87,5570.77,165.86,5404.92,963961.1
V8-E,142,2024-03-11,DEVELOPMENT,BANKNIFTY,PE,963961.1,975,65,236.44,230529.0,226.68,271.91,9516.0,23.91,34579.35,794.36,33784.99,997746.09
V8-E,143,2024-03-12,DEVELOPMENT,NIFTY50,CE,997746.09,200,8,124.41,24882.0,78.91,143.07,9100.0,2.49,-2846.0,93.91,-2939.91,994806.18
V8-E,144,2024-03-12,DEVELOPMENT,BANKNIFTY,CE,994806.18,105,7,182.08,19118.4,91.04,209.39,9559.2,1.92,2867.76,86.21,2781.55,997587.73
V8-E,145,2024-03-12,DEVELOPMENT,BANKNIFTY,CE,997587.73,345,23,197.81,68244.45,169.24,227.48,9856.65,6.84,10236.67,268.38,9968.29,1007556.02
V8-E,146,2024-03-13,DEVELOPMENT,NIFTY50,PE,1007556.02,3875,155,85.8,332475.0,83.2,98.67,10075.0,33.0,49871.25,1124.75,48746.5,1056302.52
V8-E,147,2024-03-13,DEVELOPMENT,NIFTY50,PE,1056302.52,325,13,86.42,28086.5,54.36,99.38,10419.5,2.66,4212.97,126.65,4086.32,1060388.84
V8-E,148,2024-03-13,DEVELOPMENT,BANKNIFTY,PE,1060388.84,195,13,105.06,20486.7,52.53,120.82,10243.35,1.93,3073.0,92.37,2980.63,1063369.47
V8-E,149,2024-03-14,DEVELOPMENT,NIFTY50,CE,1063369.47,3050,122,55.18,168299.0,51.71,63.46,10583.5,15.83,-10579.14,514.17,-11093.31,1052276.16
V8-E,150,2024-03-14,DEVELOPMENT,BANKNIFTY,CE,1052276.16,330,22,376.2,124146.0,345.45,432.63,10147.5,11.8,18621.9,449.56,18172.34,1070448.5
V8-E,151,2024-03-14,DEVELOPMENT,BANKNIFTY,CE,1070448.5,120,8,405.74,48688.8,325.4,466.6,9640.8,4.55,7303.32,205.0,7098.32,1077546.82
V8-E,152,2024-03-15,DEVELOPMENT,NIFTY50,PE,1077546.82,750,30,185.05,138787.5,170.7,212.81,10762.5,12.88,20818.12,497.02,20321.1,1097867.92
V8-E,153,2024-03-15,DEVELOPMENT,NIFTY50,PE,1097867.92,300,12,200.62,60186.0,165.31,230.71,10593.0,5.48,9027.9,242.27,8785.63,1106653.55
V8-E,154,2024-03-15,DEVELOPMENT,NIFTY50,PE,1106653.55,1450,58,184.95,268177.5,177.39,212.69,10962.0,24.23,-10964.07,804.22,-11768.29,1094885.26
V8-E,155,2024-03-18,DEVELOPMENT,BANKNIFTY,PE,1094885.26,360,24,230.45,82962.0,200.76,265.02,10688.4,7.58,12444.3,316.08,12128.22,1107013.48
V8-E,156,2024-03-18,DEVELOPMENT,NIFTY50,PE,1107013.48,2050,82,129.01,264470.5,123.61,148.36,11070.0,23.89,-3095.5,810.64,-3906.14,1103107.34
V8-E,157,2024-03-18,DEVELOPMENT,BANKNIFTY,PE,1103107.34,105,7,229.94,24143.7,128.26,264.43,10676.4,2.19,3621.55,108.86,3512.69,1106620.03
V8-E,158,2024-03-19,DEVELOPMENT,NIFTY50,PE,1106620.03,2525,101,108.51,273987.75,104.13,124.79,11059.5,24.76,41098.16,935.21,40162.95,1146782.98
V8-E,159,2024-03-19,DEVELOPMENT,BANKNIFTY,PE,1146782.98,105,7,221.37,23243.85,117.57,254.58,10899.0,2.03,3486.58,104.84,3381.74,1150164.72
V8-E,160,2024-03-19,DEVELOPMENT,BANKNIFTY,PE,1150164.72,210,14,200.7,42147.0,148.14,230.8,11037.6,3.66,6322.05,183.79,6138.26,1156302.98
V8-E,161,2024-03-20,DEVELOPMENT,BANKNIFTY,CE,1156302.98,210,14,107.43,22560.3,53.72,123.54,11279.1,1.95,3384.04,101.74,3282.3,1159585.28
V8-E,162,2024-03-20,DEVELOPMENT,NIFTY50,PE,1159585.28,225,9,92.9,20902.5,46.45,106.83,10451.25,1.8,3135.37,94.26,3041.11,1162626.39
V8-E,163,2024-03-20,DEVELOPMENT,BANKNIFTY,PE,1162626.39,165,11,134.56,22202.4,67.28,154.74,11101.2,1.91,-5588.55,75.32,-5663.87,1156962.52
V8-E,164,2024-03-21,DEVELOPMENT,NIFTY50,CE,1156962.52,575,23,48.93,28134.75,29.26,56.27,11310.25,2.43,-34.5,115.04,-149.54,1156812.98
V8-E,165,2024-03-21,DEVELOPMENT,BANKNIFTY,CE,1156812.98,120,8,418.31,50197.2,328.67,481.06,10756.8,4.34,-5479.2,181.39,-5660.59,1151152.39
V8-E,166,2024-03-22,DEVELOPMENT,BANKNIFTY,CE,1151152.39,255,17,344.52,87852.6,301.19,396.2,11049.15,7.63,13177.89,331.94,12845.95,1163998.34
V8-E,167,2024-03-22,DEVELOPMENT,BANKNIFTY,CE,1163998.34,960,64,345.27,331459.2,333.16,397.06,11625.6,28.48,49718.88,1121.47,48597.41,1212595.75
V8-E,168,2024-03-22,DEVELOPMENT,NIFTY50,CE,1212595.75,650,26,176.38,114647.0,158.29,202.84,11758.5,9.45,17197.05,418.79,16778.26,1229374.01
V8-E,169,2024-03-27,DEVELOPMENT,NIFTY50,CE,1229374.01,1950,78,85.2,166140.0,78.9,97.98,12285.0,13.51,24921.0,585.66,24335.34,1253709.35
V8-E,170,2024-03-27,DEVELOPMENT,BANKNIFTY,CE,1253709.35,555,37,105.05,58302.75,82.95,120.81,12265.5,4.65,8745.41,236.17,8509.24,1262218.59
V8-E,171,2024-03-27,DEVELOPMENT,BANKNIFTY,CE,1262218.59,165,11,144.56,23852.4,72.28,166.24,11926.2,1.89,3577.86,107.57,3470.29,1265688.88
V8-E,172,2024-03-28,DEVELOPMENT,NIFTY50,CE,1265688.88,525,21,49.51,25992.75,25.5,56.94,12605.25,2.05,3898.91,117.22,3781.69,1269470.57
V8-E,173,2024-03-28,DEVELOPMENT,NIFTY50,CE,1269470.57,525,21,61.1,32077.5,37.6,70.27,12337.5,2.53,4811.62,144.65,4666.98,1274137.55
V8-E,174,2024-03-28,DEVELOPMENT,BANKNIFTY,CE,1274137.55,165,11,385.48,63604.2,310.37,443.3,12393.15,4.99,9540.63,253.34,9287.29,1283424.84
V8-E,175,2024-04-01,DEVELOPMENT,NIFTY50,CE,1283424.84,475,19,140.18,66585.5,114.5,161.21,12198.0,5.19,-4066.0,232.21,-4298.21,1279126.63
V8-E,176,2024-04-02,DEVELOPMENT,NIFTY50,CE,1279126.63,475,19,111.47,52948.25,85.24,128.19,12459.25,4.14,7942.24,218.81,7723.43,1286850.06
V8-E,177,2024-04-02,DEVELOPMENT,BANKNIFTY,CE,1286850.06,165,11,183.02,30198.3,110.53,210.47,11960.85,2.35,4529.74,136.17,4393.57,1291243.63
V8-E,178,2024-04-02,DEVELOPMENT,BANKNIFTY,CE,1291243.63,225,15,195.22,43924.5,137.88,224.5,12901.5,3.4,6588.67,189.56,6399.11,1297642.74
V8-E,179,2024-04-03,DEVELOPMENT,BANKNIFTY,CE,1297642.74,765,51,105.44,80661.6,88.48,121.26,12974.4,6.22,12099.24,308.62,11790.62,1309433.36
V8-E,180,2024-04-03,DEVELOPMENT,NIFTY50,CE,1309433.36,1025,41,86.2,88355.0,73.5,99.13,13017.5,6.75,13253.25,333.56,12919.69,1322353.05
V8-E,181,2024-04-03,DEVELOPMENT,BANKNIFTY,CE,1322353.05,345,23,128.16,44215.2,90.44,147.38,13013.4,3.34,6632.28,190.51,6441.77,1328794.82
V8-E,182,2024-04-04,DEVELOPMENT,NIFTY50,PE,1328794.82,1125,45,49.76,55980.0,38.11,57.22,13106.25,4.21,8397.0,228.64,8168.36,1336963.18
V8-E,183,2024-04-04,DEVELOPMENT,NIFTY50,PE,1336963.18,1025,41,49.76,51004.0,36.92,57.22,13161.0,3.81,7650.6,212.51,7438.09,1344401.27
V8-E,184,2024-04-04,DEVELOPMENT,NIFTY50,PE,1344401.27,925,37,49.65,45926.25,35.24,57.1,13329.25,3.42,-2358.75,175.79,-2534.54,1341866.73
V8-E,185,2024-04-05,DEVELOPMENT,BANKNIFTY,CE,1341866.73,3360,224,354.6,1191456.0,350.61,407.79,13406.4,88.79,178718.4,3908.75,174809.65,1516676.38
V8-E,186,2024-04-05,DEVELOPMENT,BANKNIFTY,CE,1516676.38,510,34,354.97,181034.7,325.88,408.22,14835.9,11.94,27155.2,633.93,26521.27,1543197.65
V8-E,187,2024-04-05,DEVELOPMENT,NIFTY50,CE,1543197.65,1350,54,180.13,243175.5,168.89,207.15,15174.0,15.76,36476.32,835.34,35640.99,1578838.64
V8-E,188,2024-04-08,DEVELOPMENT,NIFTY50,CE,1578838.64,600,24,147.78,88668.0,121.82,169.95,15576.0,5.62,13300.2,334.57,12965.63,1591804.27
V8-E,189,2024-04-08,DEVELOPMENT,NIFTY50,CE,1591804.27,6925,277,135.19,936190.75,132.9,155.47,15858.25,58.81,140428.61,3081.44,137347.17,1729151.44
V8-E,190,2024-04-08,DEVELOPMENT,NIFTY50,CE,1729151.44,625,25,153.46,95912.5,126.38,176.48,16925.0,5.55,-31.25,326.47,-357.72,1728793.72
V8-E,191,2024-04-09,DEVELOPMENT,BANKNIFTY,CE,1728793.72,945,63,187.96,177622.2,169.9,216.15,17066.7,10.27,26643.33,622.88,26020.45,1754814.17
V8-E,192,2024-04-09,DEVELOPMENT,BANKNIFTY,CE,1754814.17,345,23,195.51,67450.95,145.61,224.84,17215.5,3.84,-3170.55,236.69,-3407.24,1751406.93
V8-E,193,2024-04-09,DEVELOPMENT,NIFTY50,PE,1751406.93,6650,266,112.48,747992.0,109.85,129.35,17489.5,42.71,112198.8,2471.48,109727.32,1861134.25
V8-E,194,2024-04-10,DEVELOPMENT,BANKNIFTY,CE,1861134.25,285,19,129.25,36836.25,64.62,148.64,18419.55,1.98,5525.44,164.73,5360.71,1866494.96
V8-E,195,2024-04-10,DEVELOPMENT,BANKNIFTY,CE,1866494.96,750,50,115.11,86332.5,90.35,132.38,18570.0,4.63,12949.87,327.01,12622.86,1879117.82
V8-E,196,2024-04-10,DEVELOPMENT,BANKNIFTY,CE,1879117.82,450,30,108.54,48843.0,67.62,124.82,18414.0,2.6,7326.45,205.5,7120.95,1886238.77
V8-E,197,2024-04-12,DEVELOPMENT,BANKNIFTY,PE,1886238.77,240,16,400.31,96074.4,323.56,460.36,18420.0,5.09,14411.16,358.59,14052.57,1900291.34
V8-E,198,2024-04-12,DEVELOPMENT,NIFTY50,PE,1900291.34,825,33,193.32,159489.0,170.73,222.32,18636.75,8.39,23923.35,564.1,23359.25,1923650.59
V8-E,199,2024-04-12,DEVELOPMENT,BANKNIFTY,PE,1923650.59,960,64,358.06,343737.6,338.19,411.77,19075.2,17.87,51560.64,1161.27,50399.37,1974049.96
V8-E,200,2024-04-15,DEVELOPMENT,NIFTY50,PE,1974049.96,525,21,131.35,68958.75,95.13,151.05,19015.5,3.49,10343.81,270.7,10073.11,1984123.07
V8-E,201,2024-04-15,DEVELOPMENT,BANKNIFTY,PE,1984123.07,2250,150,238.41,536422.5,229.63,274.17,19755.0,27.04,80463.37,1785.75,78677.62,2062800.69
V8-E,202,2024-04-15,DEVELOPMENT,BANKNIFTY,PE,2062800.69,360,24,260.35,93726.0,203.98,299.4,20293.2,4.54,14058.9,350.97,13707.93,2076508.62
V8-E,203,2024-04-16,DEVELOPMENT,NIFTY50,PE,2076508.62,625,25,119.82,74887.5,87.4,137.79,20262.5,3.61,11233.12,289.91,10943.21,2087451.83
V8-E,204,2024-04-18,DEVELOPMENT,BANKNIFTY,PE,2087451.83,225,15,390.1,87772.5,297.49,448.62,20837.25,4.2,13165.87,331.68,12834.19,2100286.02
V8-E,205,2024-04-18,DEVELOPMENT,NIFTY50,CE,2100286.02,1225,49,59.39,72752.75,42.57,68.3,20604.5,3.46,-20601.0,213.93,-20814.93,2079471.09
V8-E,206,2024-04-19,DEVELOPMENT,NIFTY50,CE,2079471.09,700,28,191.8,134260.0,162.47,220.57,20531.0,6.46,20139.0,482.35,19656.65,2099127.74
V8-E,207,2024-04-19,DEVELOPMENT,NIFTY50,CE,2099127.74,3775,151,182.69,689654.75,177.16,210.09,20875.75,32.85,-20881.14,2009.96,-22891.1,2076236.64
V8-E,208,2024-04-19,DEVELOPMENT,BANKNIFTY,CE,2076236.64,585,39,354.36,207300.6,319.47,407.51,20410.65,9.98,31095.09,719.07,30376.02,2106612.66
V8-E,209,2024-04-22,DEVELOPMENT,BANKNIFTY,PE,2106612.66,405,27,248.34,100577.7,196.57,285.59,20966.85,4.77,-5074.65,329.0,-5403.65,2101209.01
V8-E,210,2024-04-23,DEVELOPMENT,BANKNIFTY,PE,2101209.01,435,29,185.27,80592.45,137.26,213.06,20884.35,3.84,12088.87,308.41,11780.46,2112989.47
V8-E,211,2024-04-23,DEVELOPMENT,NIFTY50,PE,2112989.47,1125,45,125.92,141660.0,107.48,144.81,20745.0,6.7,21249.0,506.32,20742.68,2133732.15
V8-E,212,2024-04-23,DEVELOPMENT,BANKNIFTY,PE,2133732.15,405,27,203.63,82470.15,152.27,234.17,20800.8,3.87,12370.52,314.49,12056.03,2145788.18
V8-E,213,2024-04-24,DEVELOPMENT,BANKNIFTY,CE,2145788.18,585,39,120.91,70732.35,84.85,139.05,21095.1,3.3,10609.85,276.44,10333.41,2156121.59
V8-E,214,2024-04-24,DEVELOPMENT,NIFTY50,CE,2156121.59,1050,42,96.83,101671.5,76.47,111.35,21378.0,4.72,-11413.5,318.29,-11731.79,2144389.8
V8-E,215,2024-04-25,DEVELOPMENT,BANKNIFTY,CE,2144389.8,1140,76,386.21,440279.4,367.6,444.14,21215.4,20.53,66041.91,1474.16,64567.75,2208957.55
V8-E,216,2024-04-25,DEVELOPMENT,NIFTY50,CE,2208957.55,675,27,63.81,43071.75,31.91,73.38,21532.5,1.95,6460.76,186.79,6273.97,2215231.52
V8-E,217,2024-04-25,DEVELOPMENT,BANKNIFTY,CE,2215231.52,4365,291,386.93,1688949.45,381.87,444.97,22086.9,76.24,253342.42,5521.15,247821.27,2463052.79
V8-E,218,2024-04-26,DEVELOPMENT,NIFTY50,PE,2463052.79,650,26,199.35,129577.5,162.07,229.25,24232.0,5.26,19436.62,467.17,18969.45,2482022.24
V8-E,219,2024-04-26,DEVELOPMENT,BANKNIFTY,PE,2482022.24,705,47,356.48,251318.4,321.46,409.95,24689.1,10.13,37697.76,861.73,36836.03,2518858.27
V8-E,220,2024-04-26,DEVELOPMENT,BANKNIFTY,PE,2518858.27,615,41,356.58,219296.7,316.29,410.07,24778.35,8.71,32894.5,757.95,32136.55,2550994.82
V8-E,221,2024-04-29,DEVELOPMENT,NIFTY50,CE,2550994.82,1150,46,156.27,179710.5,134.25,179.71,25323.0,7.04,26956.57,629.65,26326.92,2577321.74
V8-E,222,2024-04-29,DEVELOPMENT,BANKNIFTY,CE,2577321.74,8820,588,242.51,2138938.2,239.59,278.89,25754.4,82.99,320840.73,6979.58,313861.15,2891182.89
V8-E,223,2024-04-29,DEVELOPMENT,NIFTY50,CE,2891182.89,9025,361,136.21,1229295.25,133.01,156.64,28880.0,42.52,-28867.11,3564.09,-32431.2,2858751.69
V8-E,224,2024-04-30,DEVELOPMENT,NIFTY50,CE,2858751.69,22075,883,112.87,2491605.25,111.58,129.8,28476.75,87.16,373740.79,8122.6,365618.19,3224369.88
V8-E,225,2024-04-30,DEVELOPMENT,BANKNIFTY,CE,3224369.88,1005,67,190.53,191482.65,158.89,219.11,31798.2,5.94,28722.4,667.8,28054.6,3252424.48
V8-E,226,2024-04-30,DEVELOPMENT,NIFTY50,CE,3252424.48,4950,198,112.86,558657.0,106.32,129.79,32373.0,17.18,83798.55,1857.83,81940.72,3334365.2
V8-E,227,2024-05-02,DEVELOPMENT,NIFTY50,CE,3334365.2,33325,1333,50.35,1677913.75,50.02,57.9,10997.25,50.32,-10902.04,4909.99,-15812.03,3318553.17
V8-E,228,2024-05-02,DEVELOPMENT,NIFTY50,CE,3318553.17,14150,566,50.35,712452.5,48.01,57.9,33111.0,21.47,106867.87,2356.29,104511.59,3423064.76
V8-E,229,2024-05-02,DEVELOPMENT,BANKNIFTY,PE,3423064.76,1215,81,393.99,478697.85,365.89,453.09,34141.5,13.98,60.75,1441.48,-1380.73,3421684.03
V8-E,230,2024-05-03,DEVELOPMENT,NIFTY50,PE,3421684.03,1300,52,197.13,256269.0,171.09,226.7,33852.0,7.49,38440.35,877.78,37562.57,3459246.6
V8-E,231,2024-05-03,DEVELOPMENT,BANKNIFTY,PE,3459246.6,720,48,360.2,259344.0,312.75,414.23,34164.0,7.5,38901.6,887.74,38013.86,3497260.46
V8-E,232,2024-05-03,DEVELOPMENT,BANKNIFTY,PE,3497260.46,300,20,398.59,119577.0,284.98,458.38,34083.0,3.42,-12015.0,369.12,-12384.12,3484876.34
V8-E,233,2024-05-06,DEVELOPMENT,NIFTY50,PE,3484876.34,575,23,137.11,78838.25,77.04,157.68,34540.25,2.26,11825.74,302.73,11523.01,3496399.35
V8-E,234,2024-05-06,DEVELOPMENT,BANKNIFTY,CE,3496399.35,360,24,243.58,87688.8,146.95,280.12,34786.8,2.51,-1501.2,299.29,-1800.49,3494598.86
V8-E,235,2024-05-06,DEVELOPMENT,NIFTY50,PE,3494598.86,1450,58,132.24,191748.0,108.3,152.08,34713.0,5.49,28762.2,668.67,28093.53,3522692.39
V8-E,236,2024-05-07,DEVELOPMENT,BANKNIFTY,PE,3522692.39,795,53,227.1,180544.5,183.01,261.16,35051.55,5.13,27081.67,632.37,26449.3,3549141.69
V8-E,237,2024-05-07,DEVELOPMENT,BANKNIFTY,PE,3549141.69,945,63,215.21,203373.45,177.69,247.49,35456.4,5.73,30506.02,706.35,29799.67,3578941.36
V8-E,238,2024-05-07,DEVELOPMENT,NIFTY50,PE,3578941.36,8575,343,110.52,947709.0,106.35,127.1,35757.75,26.48,-3087.0,2800.5,-5887.5,3573053.86
V8-E,239,2024-05-08,DEVELOPMENT,BANKNIFTY,PE,3573053.86,450,30,154.5,69525.0,77.25,177.67,34762.5,1.95,-21591.0,202.38,-21793.38,3551260.48
V8-E,240,2024-05-08,DEVELOPMENT,NIFTY50,CE,3551260.48,5975,239,89.53,534941.75,83.59,102.96,35491.5,15.06,80241.26,1780.96,78460.3,3629720.78
V8-E,241,2024-05-08,DEVELOPMENT,NIFTY50,CE,3629720.78,875,35,85.69,74978.75,44.63,98.54,35927.5,2.07,11246.81,290.21,10956.6,3640677.38
V8-E,242,2024-05-09,DEVELOPMENT,NIFTY50,PE,3640677.38,7450,298,54.88,408856.0,50.01,63.11,36281.5,11.23,-36293.92,1158.41,-37452.33,3603225.05
V8-E,243,2024-05-09,DEVELOPMENT,NIFTY50,PE,3603225.05,1450,58,49.2,71340.0,24.6,56.58,35670.0,1.98,10701.0,278.41,10422.59,3613647.64
V8-E,244,2024-05-09,DEVELOPMENT,BANKNIFTY,PE,3613647.64,525,35,382.8,200970.0,315.82,440.22,35164.5,5.56,30145.5,698.54,29446.96,3643094.6
V8-E,245,2024-05-10,DEVELOPMENT,BANKNIFTY,CE,3643094.6,435,29,371.52,161611.2,290.49,427.25,35248.05,4.44,24241.68,570.99,23670.69,3666765.29
V8-E,246,2024-05-10,DEVELOPMENT,NIFTY50,CE,3666765.29,900,36,176.32,158688.0,136.62,202.77,35730.0,4.33,23803.2,561.52,23241.68,3690006.97
V8-E,247,2024-05-10,DEVELOPMENT,BANKNIFTY,CE,3690006.97,255,17,377.34,96221.7,238.24,433.94,35470.5,2.61,14433.25,359.07,14074.18,3704081.15
V8-E,248,2024-05-13,DEVELOPMENT,NIFTY50,PE,3704081.15,5125,205,128.41,658101.25,121.19,147.67,37002.5,17.77,98715.19,2180.12,96535.07,3800616.22
V8-E,249,2024-05-13,DEVELOPMENT,BANKNIFTY,PE,3800616.22,315,21,281.99,88826.85,164.48,324.29,37015.65,2.34,-22891.05,255.73,-23146.78,3777469.44
V8-E,250,2024-05-13,DEVELOPMENT,NIFTY50,PE,3777469.44,975,39,129.01,125784.75,90.9,148.36,37157.25,3.33,-5196.75,402.15,-5598.9,3771870.54
V8-E,251,2024-05-14,DEVELOPMENT,NIFTY50,CE,3771870.54,37700,1508,110.09,4150393.0,109.6,126.6,18473.0,110.04,622558.95,13498.77,609060.18,4380930.72
V8-E,252,2024-05-14,DEVELOPMENT,NIFTY50,CE,4380930.72,3525,141,112.54,396703.5,100.13,129.42,43745.25,9.06,-8601.0,1183.68,-9784.68,4371146.04
V8-E,253,2024-05-14,DEVELOPMENT,BANKNIFTY,CE,4371146.04,8745,583,183.94,1608555.3,178.94,211.53,43725.0,36.8,1311.75,4734.77,-3423.02,4367723.02
V8-E,254,2024-05-15,DEVELOPMENT,NIFTY50,CE,4367723.02,1000,40,85.34,85340.0,42.67,98.14,42670.0,1.95,12801.0,323.79,12477.21,4380200.23
V8-E,255,2024-05-15,DEVELOPMENT,NIFTY50,PE,4380200.23,975,39,107.43,104744.25,63.39,123.54,42939.0,2.39,15711.64,386.68,15324.96,4395525.19
V8-E,256,2024-05-15,DEVELOPMENT,BANKNIFTY,PE,4395525.19,17580,1172,105.74,1858909.2,103.24,121.6,43950.0,42.29,278836.38,6072.01,272764.37,4668289.56
V8-E,257,2024-05-16,DEVELOPMENT,NIFTY50,PE,4668289.56,4575,183,58.26,266539.5,48.09,67.0,46527.75,5.71,39980.92,911.07,39069.85,4707359.41
V8-E,258,2024-05-16,DEVELOPMENT,NIFTY50,PE,4707359.41,1775,71,59.41,105452.75,33.18,68.32,46558.25,2.24,15817.91,388.98,15428.93,4722788.34
V8-E,259,2024-05-16,DEVELOPMENT,BANKNIFTY,PE,4722788.34,450,30,398.63,179383.5,295.8,458.42,46273.5,3.8,26907.52,628.6,26278.92,4749067.26
V8-E,260,2024-05-17,DEVELOPMENT,BANKNIFTY,CE,4749067.26,3915,261,353.44,1383717.6,341.33,406.46,47410.65,29.14,207557.64,4531.89,203025.75,4952093.01
V8-E,261,2024-05-17,DEVELOPMENT,BANKNIFTY,CE,4952093.01,3045,203,363.37,1106461.65,347.16,417.88,49359.45,22.34,165969.25,3633.29,162335.96,5114428.97
V8-E,262,2024-05-17,DEVELOPMENT,BANKNIFTY,CE,5114428.97,720,48,374.42,269582.4,304.22,430.58,50544.0,5.27,40437.36,920.93,39516.43,5153945.4
V8-E,263,2024-05-21,DEVELOPMENT,NIFTY50,CE,5153945.4,4425,177,118.95,526353.75,107.32,136.79,51462.75,10.21,78953.06,1753.13,77199.93,5231145.33
V8-E,264,2024-05-21,DEVELOPMENT,NIFTY50,CE,5231145.33,52300,2092,111.93,5853939.0,111.36,128.72,29811.0,111.91,878090.85,19020.03,859070.82,6090216.15
V8-E,265,2024-05-21,DEVELOPMENT,NIFTY50,CE,6090216.15,4375,175,135.05,590843.75,121.15,155.31,60812.5,9.7,-60831.25,1634.67,-62465.92,6027750.23
V8-E,266,2024-05-22,DEVELOPMENT,NIFTY50,PE,6027750.23,1725,69,93.11,160614.75,58.39,107.08,59892.0,2.66,24092.21,567.76,23524.45,6051274.68
V8-E,267,2024-05-22,DEVELOPMENT,BANKNIFTY,PE,6051274.68,60510,4034,105.96,6411639.6,105.27,121.85,41751.9,105.96,961745.94,20827.55,940918.39,6992193.07
V8-E,268,2024-05-22,DEVELOPMENT,BANKNIFTY,PE,6992193.07,1365,91,121.33,165615.45,70.58,139.53,69273.75,2.37,24842.32,583.98,24258.34,7016451.41
V8-E,269,2024-05-23,DEVELOPMENT,NIFTY50,CE,7016451.41,2150,86,74.31,159766.5,41.96,85.46,69552.5,2.28,23964.97,565.01,23399.96,7039851.37
V8-E,270,2024-05-23,DEVELOPMENT,BANKNIFTY,CE,7039851.37,1605,107,386.37,620123.85,342.71,444.33,70074.3,8.81,93018.58,2057.03,90961.55,7130812.92
V8-E,271,2024-05-23,DEVELOPMENT,NIFTY50,CE,7130812.92,2875,115,75.52,217120.0,50.82,86.85,71012.5,3.04,32568.0,750.89,31817.11,7162630.03
V8-E,272,2024-05-24,DEVELOPMENT,NIFTY50,CE,7162630.03,6050,242,186.93,1130926.5,175.13,214.97,71390.0,15.79,-22990.0,3290.49,-26280.49,7136349.54
V8-E,273,2024-05-24,DEVELOPMENT,BANKNIFTY,CE,7136349.54,1650,110,360.03,594049.5,316.94,414.03,71098.5,8.32,89107.42,1972.54,87134.88,7223484.42
V8-E,274,2024-05-24,DEVELOPMENT,BANKNIFTY,CE,7223484.42,5325,355,367.84,1958748.0,354.3,423.02,72100.5,27.12,-37701.0,5669.17,-43370.17,7180114.25
V8-E,275,2024-05-27,DEVELOPMENT,BANKNIFTY,CE,7180114.25,1005,67,244.28,245501.4,172.86,280.92,71777.1,3.42,36825.21,842.88,35982.33,7216096.58
V8-E,276,2024-05-27,DEVELOPMENT,NIFTY50,PE,7216096.58,1725,69,140.15,241758.75,98.71,161.17,71484.0,3.35,36263.81,830.74,35433.07,7251529.65
V8-E,277,2024-05-27,DEVELOPMENT,BANKNIFTY,CE,7251529.65,1995,133,263.42,525522.9,227.17,302.93,72318.75,7.25,78828.43,1750.45,77077.98,7328607.63
V8-E,278,2024-05-28,DEVELOPMENT,BANKNIFTY,PE,7328607.63,1620,108,211.01,341836.2,165.79,242.66,73256.4,4.66,51275.43,1155.1,50120.33,7378727.96
V8-E,279,2024-05-28,DEVELOPMENT,NIFTY50,PE,7378727.96,1650,66,127.56,210474.0,83.04,146.69,73458.0,2.85,31571.1,729.35,30841.75,7409569.71
V8-E,280,2024-05-28,DEVELOPMENT,NIFTY50,PE,7409569.71,18800,752,114.51,2152788.0,110.57,131.69,74072.0,29.05,322918.2,7024.47,315893.73,7725463.44
V8-E,281,2024-05-29,DEVELOPMENT,NIFTY50,PE,7725463.44,4450,178,94.62,421059.0,77.34,108.81,76896.0,5.45,63158.85,1411.88,61746.97,7787210.41
V8-E,282,2024-05-29,DEVELOPMENT,NIFTY50,PE,7787210.41,2625,105,111.43,292503.75,81.77,128.14,77857.5,3.76,43875.56,995.22,42880.34,7830090.75
V8-E,283,2024-05-29,DEVELOPMENT,BANKNIFTY,PE,7830090.75,4665,311,107.94,503540.1,91.21,124.13,78045.45,6.43,75531.01,1679.2,73851.82,7903942.57
V8-E,284,2024-05-30,DEVELOPMENT,BANKNIFTY,CE,7903942.57,1095,73,390.35,427433.25,318.47,448.9,78708.6,5.41,64114.99,1432.52,62682.47,7966625.04
V8-E,285,2024-05-30,DEVELOPMENT,NIFTY50,PE,7966625.04,2300,92,69.12,158976.0,34.56,79.49,79488.0,2.0,23846.4,562.44,23283.96,7989909.0
V8-E,286,2024-05-30,DEVELOPMENT,NIFTY50,PE,7989909.0,22550,902,52.57,1185453.5,49.03,60.46,79827.0,14.84,177818.02,3889.29,173928.73,8163837.73
V8-E,287,2024-05-31,DEVELOPMENT,NIFTY50,PE,8163837.73,51325,2053,180.18,9247738.5,178.59,207.21,81606.75,113.28,-81606.75,26801.13,-108407.88,8055429.85
V8-E,288,2024-05-31,DEVELOPMENT,BANKNIFTY,PE,8055429.85,3840,256,358.79,1377753.6,337.85,412.61,80409.6,17.1,206663.04,4512.55,202150.49,8257580.34
V8-E,289,2024-05-31,DEVELOPMENT,BANKNIFTY,PE,8257580.34,1050,70,358.76,376698.0,280.73,412.57,81931.5,4.56,-15792.0,1109.68,-16901.68,8240678.66
V8-E,290,2024-06-04,DEVELOPMENT,BANKNIFTY,PE,8240678.66,720,48,226.19,162856.8,113.09,260.12,81432.0,1.98,24428.52,575.03,23853.49,8264532.15
V8-E,291,2024-06-04,DEVELOPMENT,NIFTY50,PE,8264532.15,1550,62,106.52,165106.0,53.26,122.5,82553.0,2.0,-82553.0,347.16,-82900.16,8181631.99
V8-E,292,2024-06-04,DEVELOPMENT,BANKNIFTY,PE,8181631.99,915,61,178.49,163318.35,89.25,205.26,81654.6,2.0,-81659.18,343.92,-82003.1,8099628.89
V8-E,293,2024-06-05,DEVELOPMENT,BANKNIFTY,PE,8099628.89,1545,103,103.95,160602.75,51.98,119.54,80293.65,1.98,24090.41,567.73,23522.68,8123151.57
V8-E,294,2024-06-05,DEVELOPMENT,BANKNIFTY,PE,8123151.57,1290,86,125.26,161585.4,62.63,144.05,80792.7,1.99,24237.81,570.9,23666.91,8146818.48
V8-E,295,2024-06-05,DEVELOPMENT,BANKNIFTY,CE,8146818.48,1530,102,105.84,161935.2,52.92,121.72,80967.6,1.99,24290.28,572.05,23718.23,8170536.71
V8-E,296,2024-06-06,DEVELOPMENT,NIFTY50,CE,8170536.71,41850,1674,50.8,2125980.0,48.85,58.42,81607.5,26.02,318897.0,6937.59,311959.41,8482496.12
V8-E,297,2024-06-06,DEVELOPMENT,NIFTY50,CE,8482496.12,16525,661,50.85,840296.25,45.72,58.48,84773.25,9.91,-84702.43,2308.86,-87011.29,8395484.83
V8-E,298,2024-06-06,DEVELOPMENT,BANKNIFTY,CE,8395484.83,1545,103,402.78,622295.1,348.6,463.2,83708.1,7.41,-83710.31,1676.13,-85386.44,8310098.39
V8-E,299,2024-06-07,DEVELOPMENT,BANKNIFTY,CE,8310098.39,435,29,404.16,175809.6,215.29,464.78,82158.45,2.12,26371.44,617.01,25754.43,8335852.82
V8-E,300,2024-06-07,DEVELOPMENT,NIFTY50,CE,8335852.82,25225,1009,184.05,4642661.25,180.75,211.66,83242.5,55.7,696399.19,15094.23,681304.96,9017157.78
V8-E,301,2024-06-07,DEVELOPMENT,BANKNIFTY,CE,9017157.78,1020,68,411.15,419373.0,323.88,472.82,89015.4,4.65,62905.95,1406.41,61499.54,9078657.32
V8-E,302,2024-06-10,DEVELOPMENT,BANKNIFTY,PE,9078657.32,720,48,247.86,178459.2,123.93,285.04,89229.6,1.97,26768.88,625.58,26143.3,9104800.62
V8-E,303,2024-06-10,DEVELOPMENT,NIFTY50,PE,9104800.62,3625,145,137.2,497350.0,112.14,157.78,90842.5,5.46,74602.5,1659.13,72943.37,9177743.99
V8-E,304,2024-06-10,DEVELOPMENT,NIFTY50,PE,9177743.99,24200,968,136.62,3306204.0,132.83,157.11,91718.0,36.02,315084.0,10366.47,304717.53,9482461.52
V8-E,305,2024-06-11,DEVELOPMENT,BANKNIFTY,CE,9482461.52,10800,720,191.93,2072844.0,183.15,220.72,94824.0,21.86,310926.6,6765.38,304161.22,9786622.74
V8-E,306,2024-06-11,DEVELOPMENT,BANKNIFTY,CE,9786622.74,8100,540,191.9,1554390.0,179.82,220.69,97848.0,15.88,233158.5,5085.03,228073.47,10014696.21
V8-E,307,2024-06-11,DEVELOPMENT,NIFTY50,PE,10014696.21,100125,4005,115.73,11587466.25,115.37,133.09,36045.0,115.7,-36188.04,33714.77,-69902.81,9944793.4
V8-E,308,2024-06-12,DEVELOPMENT,NIFTY50,CE,9944793.4,2875,115,108.13,310873.75,73.59,124.35,99302.5,3.13,46631.06,1054.76,45576.3,9990369.7
V8-E,309,2024-06-12,DEVELOPMENT,BANKNIFTY,CE,9990369.7,1560,104,127.16,198369.6,63.58,146.23,99184.8,1.99,29755.44,690.13,29065.31,10019435.01
V8-E,310,2024-06-12,DEVELOPMENT,BANKNIFTY,CE,10019435.01,1980,132,111.16,220096.8,60.76,127.83,99792.0,2.2,-3682.8,680.14,-4362.94,10015072.07
V8-E,311,2024-06-13,DEVELOPMENT,BANKNIFTY,PE,10015072.07,16350,1090,399.63,6533950.5,393.51,459.57,100062.0,65.24,980092.57,21223.98,958868.59,10973940.66
V8-E,312,2024-06-13,DEVELOPMENT,NIFTY50,PE,10973940.66,109725,4389,51.87,5691435.75,51.81,59.65,6583.5,51.86,-6583.5,16608.28,-23191.78,10950748.88
V8-E,313,2024-06-13,DEVELOPMENT,BANKNIFTY,PE,10950748.88,1335,89,406.83,543118.05,325.1,467.85,109109.55,4.96,81467.71,1807.46,79660.25,11030409.13
V8-E,314,2024-06-14,DEVELOPMENT,BANKNIFTY,PE,11030409.13,870,58,368.37,320481.9,243.02,423.63,109054.5,2.91,48072.28,1085.89,46986.39,11077395.52
V8-E,315,2024-06-18,DEVELOPMENT,BANKNIFTY,CE,11077395.52,1200,80,220.66,264792.0,128.94,253.76,110064.0,2.39,39718.8,905.4,38813.4,11116208.92
V8-E,316,2024-06-18,DEVELOPMENT,BANKNIFTY,CE,11116208.92,2340,156,198.79,465168.6,151.37,228.61,110962.8,4.18,69775.29,1554.84,68220.45,11184429.37
V8-E,317,2024-06-18,DEVELOPMENT,BANKNIFTY,CE,11184429.37,2235,149,214.53,479474.55,164.5,246.71,111817.05,4.29,71921.18,1601.19,70319.99,11254749.36
V8-E,318,2024-06-19,DEVELOPMENT,BANKNIFTY,CE,11254749.36,1995,133,112.8,225036.0,56.4,129.72,112518.0,2.0,33755.4,776.54,32978.86,11287728.22
V8-E,319,2024-06-19,DEVELOPMENT,NIFTY50,PE,11287728.22,2475,99,90.4,223740.0,45.2,103.96,111870.0,1.98,33561.0,772.34,32788.66,11320516.88
V8-E,320,2024-06-19,DEVELOPMENT,BANKNIFTY,CE,11320516.88,1995,133,113.21,225853.95,56.6,130.19,112936.95,2.0,33878.09,779.21,33098.88,11353615.76
V8-E,321,2024-06-20,DEVELOPMENT,BANKNIFTY,PE,11353615.76,1545,103,411.68,636045.6,338.6,473.43,112908.6,5.6,-25152.6,1844.48,-26997.08,11326618.68
V8-E,322,2024-06-20,DEVELOPMENT,NIFTY50,CE,11326618.68,3825,153,59.21,226478.25,29.61,68.09,113220.0,2.0,33971.74,781.21,33190.53,11359809.21
V8-E,323,2024-06-20,DEVELOPMENT,NIFTY50,CE,11359809.21,3350,134,67.46,225991.0,33.73,77.58,112995.5,1.99,33898.65,779.65,33119.0,11392928.21
V8-E,324,2024-06-21,DEVELOPMENT,BANKNIFTY,PE,11392928.21,1440,96,398.02,573148.8,319.36,457.72,113270.4,5.03,85972.32,1904.79,84067.53,11476995.74
V8-E,325,2024-06-21,DEVELOPMENT,BANKNIFTY,PE,11476995.74,6570,438,384.72,2527610.4,367.27,442.43,114646.5,22.02,379141.56,8239.28,370902.28,11847898.02
V8-E,326,2024-06-21,DEVELOPMENT,BANKNIFTY,PE,11847898.02,5295,353,378.6,2004687.0,356.28,435.39,118184.4,16.92,300703.05,6544.47,294158.58,12142056.6
V8-E,327,2024-06-24,DEVELOPMENT,BANKNIFTY,PE,12142056.6,1080,72,270.89,292561.2,159.59,311.52,120204.0,2.41,-31222.8,830.83,-32053.63,12110002.97
V8-E,328,2024-06-24,DEVELOPMENT,NIFTY50,CE,12110002.97,3200,128,147.26,471232.0,109.61,169.35,120480.0,3.89,70684.8,1574.47,69110.33,12179113.3
V8-E,329,2024-06-24,DEVELOPMENT,NIFTY50,CE,12179113.3,3500,140,160.6,562100.0,125.85,184.69,121625.0,4.62,84315.0,1868.98,82446.02,12261559.32
V8-E,330,2024-06-25,DEVELOPMENT,NIFTY50,CE,12261559.32,16075,643,117.14,1883025.5,109.52,134.71,122491.5,15.36,282453.82,6150.15,276303.67,12537862.99
V8-E,331,2024-06-25,DEVELOPMENT,BANKNIFTY,CE,12537862.99,2835,189,200.33,567935.55,156.29,230.38,124853.4,4.53,85190.33,1887.91,83302.42,12621165.41
V8-E,332,2024-06-25,DEVELOPMENT,NIFTY50,CE,12621165.41,5450,218,139.07,757931.5,115.97,159.93,125895.0,6.01,113689.72,2503.69,111186.03,12732351.44
V8-E,333,2024-06-26,DEVELOPMENT,BANKNIFTY,PE,12732351.44,2175,145,116.61,253626.75,58.3,134.1,126824.25,1.99,38044.01,869.23,37174.78,12769526.22
V8-E,334,2024-06-26,DEVELOPMENT,BANKNIFTY,PE,12769526.22,1905,127,133.69,254679.45,66.84,153.74,127349.25,1.99,-36195.0,709.61,-36904.61,12732621.61
V8-E,335,2024-06-26,DEVELOPMENT,NIFTY50,CE,12732621.61,68650,2746,91.73,6297264.5,89.88,105.49,127002.5,49.46,944589.67,20456.87,924132.8,13656754.41
V8-E,336,2024-06-27,DEVELOPMENT,BANKNIFTY,CE,13656754.41,2970,198,424.88,1261893.6,379.1,488.61,135966.6,9.24,-35818.2,3643.8,-39462.0,13617292.41
V8-E,337,2024-06-27,DEVELOPMENT,NIFTY50,CE,13617292.41,4125,165,65.88,271755.0,32.94,75.76,135877.5,2.0,40763.25,927.97,39835.28,13657127.69
V8-E,338,2024-06-27,DEVELOPMENT,NIFTY50,CE,13657127.69,15975,639,53.08,847953.0,44.54,61.04,136426.5,6.21,127192.95,2795.45,124397.5,13781525.19
V8-E,339,2024-06-28,DEVELOPMENT,BANKNIFTY,CE,13781525.19,8730,582,389.76,3402604.8,373.98,448.22,137759.4,24.69,-137771.87,9654.93,-147426.8,13634098.39
V8-E,340,2024-06-28,DEVELOPMENT,NIFTY50,CE,13634098.39,135750,5430,193.34,26245905.0,192.34,222.34,135750.0,192.5,-136331.79,76186.01,-212517.8,13421580.59
V8-E,341,2024-07-01,VALIDATION,BANKNIFTY,CE,13421580.59,4515,301,276.0,1246140.0,246.33,317.4,133960.05,9.28,186921.0,4085.98,182835.02,13604415.61
V8-E,342,2024-07-01,VALIDATION,NIFTY50,CE,13604415.61,136025,5441,141.42,19236655.5,140.85,162.63,77534.25,141.4,2885498.32,62393.91,2823104.41,16427520.02
V8-E,343,2024-07-01,VALIDATION,NIFTY50,CE,16427520.02,8400,336,160.94,1351896.0,141.39,185.08,164220.0,8.23,202784.4,4428.76,198355.64,16625875.66
V8-E,344,2024-07-02,VALIDATION,NIFTY50,PE,16625875.66,18250,730,119.69,2184342.5,110.58,137.64,166257.5,13.14,327651.37,7126.74,320524.64,16946400.3
V8-E,345,2024-07-02,VALIDATION,BANKNIFTY,PE,16946400.3,1800,120,226.13,407034.0,132.74,260.05,168102.0,2.4,61055.1,1366.41,59688.69,17006088.99
V8-E,346,2024-07-02,VALIDATION,BANKNIFTY,PE,17006088.99,3135,209,200.45,628410.75,146.21,230.52,170042.4,3.7,-532.95,1876.19,-2409.14,17003679.85
V8-E,347,2024-07-03,VALIDATION,NIFTY50,CE,17003679.85,84475,3379,93.35,7885741.25,91.34,107.35,169794.75,46.38,8447.5,23031.82,-14584.32,16989095.53
V8-E,348,2024-07-03,VALIDATION,BANKNIFTY,CE,16989095.53,2025,135,166.88,337932.0,83.44,191.91,168966.0,1.99,50689.8,1142.46,49547.34,17038642.87
V8-E,349,2024-07-03,VALIDATION,BANKNIFTY,CE,17038642.87,4410,294,117.88,519850.8,79.27,135.56,170270.1,3.05,77977.62,1732.06,76245.56,17114888.43
V8-E,350,2024-07-04,VALIDATION,NIFTY50,CE,17114888.43,12225,489,54.03,660516.75,40.05,62.13,170905.5,3.86,-2078.25,1966.32,-4044.57,17110843.86
V8-E,351,2024-07-04,VALIDATION,BANKNIFTY,PE,17110843.86,2445,163,431.14,1054137.3,361.28,495.81,170807.7,6.16,-27237.3,3057.54,-30294.84,17080549.02
V8-E,352,2024-07-05,VALIDATION,NIFTY50,PE,17080549.02,7050,282,193.82,1366431.0,169.65,222.89,170398.5,8.0,-27495.0,3966.49,-31461.49,17049087.53
V8-E,353,2024-07-05,VALIDATION,BANKNIFTY,PE,17049087.53,1470,98,388.16,570595.2,272.27,446.38,170358.3,3.35,85589.28,1896.53,83692.75,17132780.28
V8-E,354,2024-07-05,VALIDATION,BANKNIFTY,PE,17132780.28,2370,158,427.77,1013814.9,355.69,491.94,170829.6,5.92,152072.23,3333.01,148739.22,17281519.5
V8-E,355,2024-07-08,VALIDATION,BANKNIFTY,CE,17281519.5,4455,297,260.9,1162309.5,222.19,300.03,172453.05,6.73,-6103.35,3418.89,-9522.24,17271997.26
V8-E,356,2024-07-08,VALIDATION,NIFTY50,PE,17271997.26,4600,184,158.14,727444.0,120.65,181.86,172454.0,4.21,109116.6,2404.86,106711.74,17378709.0
V8-E,357,2024-07-08,VALIDATION,NIFTY50,PE,17378709.0,4750,190,163.47,776482.5,126.93,187.99,173565.0,4.47,-98657.5,2092.41,-100749.91,17277959.09
V8-E,358,2024-07-09,VALIDATION,NIFTY50,CE,17277959.09,5100,204,138.95,708645.0,105.14,159.79,172431.0,4.1,106296.75,2343.94,103952.81,17381911.9
V8-E,359,2024-07-09,VALIDATION,NIFTY50,CE,17381911.9,173800,6952,121.07,21041966.0,120.61,139.23,79948.0,121.06,3156294.9,68244.98,3088049.92,20469961.82
V8-E,360,2024-07-09,VALIDATION,BANKNIFTY,CE,20469961.82,204690,13646,202.12,41371942.8,201.43,232.44,141236.1,202.11,-140651.27,120229.0,-260880.27,20209081.55
V8-E,361,2024-07-10,VALIDATION,BANKNIFTY,PE,20209081.55,55815,3721,115.73,6459469.95,112.11,133.09,202050.3,31.96,968920.49,20982.59,947937.9,21157019.45
V8-E,362,2024-07-10,VALIDATION,NIFTY50,PE,21157019.45,9250,370,93.11,861267.5,70.29,107.08,211085.0,4.07,-13505.0,2525.92,-16030.92,21140988.53
V8-E,363,2024-07-10,VALIDATION,BANKNIFTY,PE,21140988.53,36900,2460,115.73,4270437.0,110.0,133.09,211437.0,20.2,640565.55,13887.83,626677.72,21767666.25
V8-E,364,2024-07-11,VALIDATION,NIFTY50,PE,21767666.25,22825,913,53.87,1229582.75,44.34,61.95,217522.25,5.65,184437.41,4032.32,180405.09,21948071.34
V8-E,365,2024-07-11,VALIDATION,BANKNIFTY,PE,21948071.34,10590,706,414.88,4393579.2,394.16,477.11,219424.8,20.02,-219409.67,12362.11,-231771.78,21716299.56
V8-E,366,2024-07-11,VALIDATION,NIFTY50,PE,21716299.56,13750,550,53.87,740712.5,38.09,61.95,216975.0,3.41,-6325.0,2190.56,-8515.56,21707784.0
V8-E,367,2024-07-12,VALIDATION,BANKNIFTY,CE,21707784.0,1800,120,389.23,700614.0,269.0,447.61,216414.0,3.23,105092.1,2317.92,102774.18,21810558.18
V8-E,368,2024-07-12,VALIDATION,NIFTY50,CE,21810558.18,5550,222,196.08,1088244.0,156.92,225.49,217338.0,4.99,163236.6,3574.24,159662.36,21970220.54
V8-E,369,2024-07-12,VALIDATION,BANKNIFTY,CE,21970220.54,1800,120,413.94,745092.0,292.02,476.03,219456.0,3.39,111763.8,2462.05,109301.75,22079522.29
V8-E,370,2024-07-15,VALIDATION,BANKNIFTY,PE,22079522.29,2430,162,296.81,721248.3,206.15,341.33,220303.8,3.27,108187.24,2384.79,105802.45,22185324.74
V8-E,371,2024-07-15,VALIDATION,NIFTY50,CE,22185324.74,51375,2055,144.47,7422146.25,140.15,166.14,221940.0,33.46,1113321.94,24102.65,1089219.29,23274544.03
V8-E,372,2024-07-15,VALIDATION,NIFTY50,CE,23274544.03,10000,400,159.18,1591800.0,135.93,183.06,232500.0,6.84,-147700.0,4359.46,-152059.46,23122484.57
V8-E,373,2024-07-16,VALIDATION,NIFTY50,CE,23122484.57,23675,947,126.82,3002463.5,117.06,145.84,231068.0,12.99,-113640.0,8542.45,-122182.45,23000302.12
V8-E,374,2024-07-16,VALIDATION,BANKNIFTY,PE,23000302.12,3630,242,212.88,772754.4,149.54,244.81,229924.2,3.36,115913.16,2551.72,113361.44,23113663.56
V8-E,375,2024-07-16,VALIDATION,BANKNIFTY,PE,23113663.56,231135,15409,201.61,46599127.35,201.36,231.85,57783.75,201.61,-58113.94,135633.29,-193747.23,22919916.33
V8-E,376,2024-07-18,VALIDATION,NIFTY50,PE,22919916.33,6850,274,66.7,456895.0,33.35,76.7,228447.5,1.99,68534.25,1528.01,67006.24,22986922.57
V8-E,377,2024-07-18,VALIDATION,BANKNIFTY,CE,22986922.57,2025,135,440.07,891141.75,327.29,506.08,228379.5,3.88,133671.26,2935.43,130735.83,23117658.4
V8-E,378,2024-07-18,VALIDATION,NIFTY50,CE,23117658.4,8450,338,54.62,461539.0,27.31,62.81,230769.5,2.0,69230.85,1543.06,67687.79,23185346.19
V8-E,379,2024-07-19,VALIDATION,NIFTY50,PE,23185346.19,29625,1185,197.83,5860713.75,190.01,227.5,231667.5,25.28,879107.06,19041.99,860065.07,24045411.26
V8-E,380,2024-07-19,VALIDATION,NIFTY50,PE,24045411.26,15075,603,197.42,2976106.5,181.49,227.03,240144.75,12.38,446415.97,9692.86,436723.11,24482134.37
V8-E,381,2024-07-19,VALIDATION,BANKNIFTY,PE,24482134.37,13110,874,385.32,5051545.2,366.67,443.12,244501.5,20.63,757731.78,16419.45,741312.33,25223446.7
V8-E,382,2024-07-22,VALIDATION,BANKNIFTY,CE,25223446.7,14445,963,260.18,3758300.1,242.72,299.21,252209.7,14.9,-19211.85,10950.62,-30162.47,25193284.23
V8-E,383,2024-07-22,VALIDATION,NIFTY50,CE,25193284.23,7675,307,149.37,1146414.75,116.6,171.78,251509.75,4.55,-43133.5,3291.46,-46424.96,25146859.27
V8-E,384,2024-07-23,VALIDATION,NIFTY50,PE,25146859.27,9875,395,135.8,1341025.0,110.35,156.17,251318.75,5.33,201153.75,4393.51,196760.24,25343619.51
V8-E,385,2024-07-23,VALIDATION,BANKNIFTY,PE,25343619.51,4410,294,224.11,988325.1,166.79,257.73,252781.2,3.9,148248.76,3250.39,144998.37,25488617.88
V8-E,386,2024-07-23,VALIDATION,NIFTY50,PE,25488617.88,27600,1104,121.42,3351192.0,112.19,139.63,254748.0,13.15,502678.8,10908.55,491770.25,25980388.13
V8-E,387,2024-07-24,VALIDATION,NIFTY50,CE,25980388.13,5875,235,93.91,551721.25,49.86,108.0,258793.75,2.12,82758.19,1835.35,80922.84,26061310.97
V8-E,388,2024-07-24,VALIDATION,BANKNIFTY,PE,26061310.97,4020,268,129.57,520871.4,64.78,149.01,260455.8,2.0,78130.71,1735.37,76395.34,26137706.31
V8-E,389,2024-07-24,VALIDATION,NIFTY50,PE,26137706.31,5000,200,104.34,521700.0,52.17,119.99,260850.0,2.0,78255.0,1738.05,76516.95,26214223.26
V8-E,390,2024-07-25,VALIDATION,BANKNIFTY,PE,26214223.26,1860,124,426.77,793792.2,286.59,490.79,260734.8,3.03,-44305.2,2261.92,-46567.12,26167656.14
V8-E,391,2024-07-25,VALIDATION,NIFTY50,CE,26167656.14,261675,10467,54.12,14161851.0,53.88,62.24,62802.0,54.12,2124277.65,45946.29,2078331.36,28245987.5
V8-E,392,2024-07-25,VALIDATION,NIFTY50,CE,28245987.5,21075,843,72.85,1535313.75,59.45,83.78,282405.0,5.44,-282374.89,3899.87,-286274.76,27959712.74
V8-E,393,2024-07-26,VALIDATION,NIFTY50,CE,27959712.74,96650,3866,197.2,19059380.0,194.31,226.78,279318.5,68.17,2858907.0,61819.36,2797087.64,30756800.38
V8-E,394,2024-07-26,VALIDATION,NIFTY50,CE,30756800.38,28625,1145,198.45,5680631.25,187.71,228.22,307432.5,18.47,852094.69,18458.34,833636.35,31590436.73
V8-E,395,2024-07-26,VALIDATION,BANKNIFTY,CE,31590436.73,3405,227,401.01,1365439.05,308.55,461.16,314826.3,4.32,204815.86,4472.64,200343.22,31790779.95
V8-E,396,2024-07-29,VALIDATION,BANKNIFTY,CE,31790779.95,9810,654,257.51,2526173.1,225.11,296.14,317844.0,7.95,378925.96,8234.63,370691.33,32161471.28
V8-E,397,2024-07-29,VALIDATION,NIFTY50,CE,32161471.28,11225,449,146.16,1640646.0,117.51,168.08,321596.25,5.1,-9878.0,4803.71,-14681.71,32146789.57
V8-E,398,2024-07-29,VALIDATION,BANKNIFTY,CE,32146789.57,2175,145,294.4,640320.0,147.2,338.56,320160.0,1.99,-107510.25,1676.45,-109186.7,32037602.87
V8-E,399,2024-07-30,VALIDATION,NIFTY50,CE,32037602.87,9175,367,136.68,1254039.0,101.81,157.18,319932.25,3.91,188105.85,4111.59,183994.26,32221597.13
V8-E,400,2024-07-30,VALIDATION,NIFTY50,CE,32221597.13,101675,4067,123.8,12587365.0,120.63,142.37,322309.75,39.06,1888104.75,40843.31,1847261.44,34068858.57
V8-E,401,2024-07-30,VALIDATION,BANKNIFTY,CE,34068858.57,6555,437,198.82,1303265.1,146.92,228.64,340204.5,3.83,195489.76,4271.13,191218.63,34260077.2
V8-E,402,2024-07-31,VALIDATION,NIFTY50,CE,34260077.2,267950,10718,95.93,25704443.5,94.65,110.32,342976.0,75.03,3855666.52,83356.26,3772310.27,38032387.47
V8-E,403,2024-07-31,VALIDATION,BANKNIFTY,CE,38032387.47,14520,968,114.42,1661378.4,88.25,131.58,379988.4,4.37,249206.76,5431.79,243774.97,38276162.44
V8-E,404,2024-07-31,VALIDATION,NIFTY50,CE,38276162.44,34025,1361,96.92,3297703.0,85.68,111.46,382441.0,8.62,368150.5,10457.98,357692.52,38633854.96
V8-E,405,2024-08-01,VALIDATION,NIFTY50,PE,38633854.96,20600,824,78.38,1614628.0,59.64,90.14,386044.0,4.18,242194.2,5280.28,236913.92,38870768.88
V8-E,406,2024-08-01,VALIDATION,NIFTY50,PE,38870768.88,14325,573,75.1,1075807.5,48.0,86.36,388207.5,2.77,161371.12,3533.92,157837.2,39028606.08
V8-E,407,2024-08-01,VALIDATION,BANKNIFTY,PE,39028606.08,6135,409,438.23,2688541.05,374.72,503.96,389633.85,6.89,403281.16,8760.86,394520.3,39423126.38
V8-E,408,2024-08-02,VALIDATION,NIFTY50,PE,39423126.38,10400,416,221.54,2304016.0,183.72,254.77,393328.0,5.84,345602.4,7514.6,338087.8,39761214.18
V8-E,409,2024-08-02,VALIDATION,BANKNIFTY,CE,39761214.18,31365,2091,379.24,11894862.6,366.57,436.13,397394.55,29.92,1784229.39,38598.9,1745630.49,41506844.67
V8-E,410,2024-08-02,VALIDATION,BANKNIFTY,CE,41506844.67,4470,298,394.96,1765471.2,302.26,454.2,414369.0,4.25,264820.68,5769.16,259051.52,41765896.19
V8-E,411,2024-08-05,VALIDATION,BANKNIFTY,PE,41765896.19,7920,528,250.72,1985702.4,198.04,288.33,417225.6,4.75,297855.36,6482.94,291372.42,42057268.61
V8-E,412,2024-08-05,VALIDATION,NIFTY50,PE,42057268.61,7750,310,150.54,1166685.0,96.33,173.12,420127.5,2.77,175002.75,3828.48,171174.27,42228442.88
V8-E,413,2024-08-05,VALIDATION,BANKNIFTY,PE,42228442.88,266535,17769,247.36,65930097.6,245.78,284.46,421125.3,156.13,-422267.59,191134.11,-613401.7,41615041.18
V8-E,414,2024-08-06,VALIDATION,NIFTY50,PE,41615041.18,44800,1792,120.2,5384960.0,110.91,138.23,416192.0,12.94,807744.0,17500.06,790243.94,42405285.12
V8-E,415,2024-08-06,VALIDATION,BANKNIFTY,PE,42405285.12,9480,632,192.75,1827270.0,148.08,221.66,423471.6,4.31,274090.5,5969.45,268121.05,42673406.17
V8-E,416,2024-08-06,VALIDATION,NIFTY50,PE,42673406.17,426725,17069,119.95,51185663.75,119.34,137.94,260302.25,119.95,7677849.56,165941.84,7511907.72,50185313.89
V8-E,417,2024-08-07,VALIDATION,BANKNIFTY,PE,50185313.89,9030,602,111.07,1002962.1,55.53,127.73,501526.2,2.0,150444.31,3297.84,147146.47,50332460.36
V8-E,418,2024-08-07,VALIDATION,NIFTY50,CE,50332460.36,12425,497,93.26,1158755.5,52.77,107.25,503088.25,2.3,173813.32,3802.76,170010.56,50502470.92
V8-E,419,2024-08-07,VALIDATION,BANKNIFTY,PE,50502470.92,13170,878,121.34,1598047.8,82.99,139.54,505069.5,3.16,239707.17,5226.53,234480.64,50736951.56
V8-E,420,2024-08-08,VALIDATION,BANKNIFTY,PE,50736951.56,2880,192,427.93,1232438.4,252.67,492.12,504748.8,2.43,184865.76,4041.57,180824.19,50917775.75
V8-E,421,2024-08-08,VALIDATION,NIFTY50,PE,50917775.75,41650,1666,54.68,2277422.0,42.46,62.88,508963.0,4.47,341613.3,7428.41,334184.89,51251960.64
V8-E,422,2024-08-08,VALIDATION,BANKNIFTY,CE,51251960.64,22920,1528,402.33,9221403.6,379.98,462.68,512262.0,17.99,1383210.54,29934.11,1353276.43,52605237.07
V8-E,423,2024-08-09,VALIDATION,NIFTY50,CE,52605237.07,9525,381,207.02,1971865.5,151.88,238.07,525208.5,3.75,110871.0,6032.91,104838.09,52710075.16
V8-E,424,2024-08-09,VALIDATION,BANKNIFTY,CE,52710075.16,7125,475,371.93,2650001.25,298.1,427.72,526038.75,5.03,397500.19,8635.95,388864.24,53098939.4
V8-E,425,2024-08-12,VALIDATION,NIFTY50,PE,53098939.4,9800,392,147.64,1446872.0,93.5,169.79,530572.0,2.72,-50862.0,4149.56,-55011.56,53043927.84
V8-E,426,2024-08-12,VALIDATION,BANKNIFTY,PE,53043927.84,3540,236,299.58,1060513.2,149.79,344.52,530256.6,2.0,159076.98,3484.37,155592.61,53199520.45
V8-E,427,2024-08-12,VALIDATION,BANKNIFTY,CE,53199520.45,11745,783,251.53,2954219.85,206.24,289.26,531931.05,5.55,443132.98,9621.95,433511.03,53633031.48
V8-E,428,2024-08-13,VALIDATION,BANKNIFTY,PE,53633031.48,13950,930,212.08,2958516.0,173.67,243.89,535819.5,5.52,443777.4,9635.86,434141.54,54067173.02
V8-E,429,2024-08-13,VALIDATION,NIFTY50,PE,54067173.02,51250,2050,120.7,6185875.0,110.15,138.8,540687.5,11.44,927881.25,20095.85,907785.4,54974958.42
V8-E,430,2024-08-13,VALIDATION,BANKNIFTY,PE,54974958.42,6840,456,204.77,1400626.8,124.43,235.49,549525.6,2.55,210094.02,4586.67,205507.35,55180465.77
V8-E,431,2024-08-14,VALIDATION,NIFTY50,PE,55180465.77,551800,22072,92.72,51162896.0,92.43,106.63,160022.0,92.72,-159233.71,148703.07,-307936.78,54872528.99
V8-E,432,2024-08-16,VALIDATION,NIFTY50,PE,54872528.99,14775,591,194.62,2875510.5,157.51,223.81,548300.25,5.24,-192370.5,8000.22,-200370.72,54672158.27
V8-E,433,2024-08-16,VALIDATION,BANKNIFTY,CE,54672158.27,63660,4244,370.7,23598762.0,362.11,426.3,546839.4,43.16,3539814.3,76531.65,3463282.65,58135440.92
V8-E,434,2024-08-16,VALIDATION,BANKNIFTY,CE,58135440.92,8430,562,371.62,3132756.6,302.74,427.36,580658.4,5.39,469913.49,10200.58,459712.91,58595153.83
V8-E,435,2024-08-19,VALIDATION,BANKNIFTY,PE,58595153.83,5850,390,285.1,1667835.0,185.13,327.87,584824.5,2.85,250175.25,5452.72,244722.53,58839876.36
V8-E,436,2024-08-19,VALIDATION,BANKNIFTY,PE,58839876.36,39300,2620,250.33,9837969.0,235.36,287.88,588321.0,16.72,1475695.35,31932.42,1443762.93,60283639.29
V8-E,437,2024-08-19,VALIDATION,NIFTY50,PE,60283639.29,14525,581,158.66,2304536.5,117.16,182.46,602787.5,3.82,345680.47,7516.3,338164.17,60621803.46
V8-E,438,2024-08-20,VALIDATION,NIFTY50,CE,60621803.46,23975,959,129.68,3109078.0,104.41,149.13,605848.25,5.13,466361.7,10123.83,456237.87,61078041.33
V8-E,439,2024-08-20,VALIDATION,BANKNIFTY,CE,61078041.33,27900,1860,195.33,5449707.0,173.45,224.63,610452.0,8.92,817456.05,17709.91,799746.14,61877787.47
V8-E,440,2024-08-20,VALIDATION,BANKNIFTY,CE,61877787.47,8115,541,243.23,1973811.45,167.04,279.71,618281.85,3.19,296071.72,6444.39,289627.33,62167414.8
V8-E,441,2024-08-21,VALIDATION,BANKNIFTY,PE,62167414.8,9870,658,125.88,1242435.6,62.94,144.76,621217.8,2.0,186365.34,4073.97,182291.37,62349706.17
V8-E,442,2024-08-21,VALIDATION,NIFTY50,CE,62349706.17,21925,877,94.98,2082436.5,66.56,109.23,623108.5,3.34,312365.47,6796.45,305569.02,62655275.19
V8-E,443,2024-08-21,VALIDATION,NIFTY50,CE,62655275.19,22525,901,111.28,2506582.0,83.48,127.97,626195.0,4.0,375987.3,8171.13,367816.17,63023091.36
V8-E,444,2024-08-22,VALIDATION,BANKNIFTY,CE,63023091.36,9720,648,426.4,4144608.0,361.57,490.36,630147.6,6.58,621691.2,13480.02,608211.18,63631302.54
V8-E,445,2024-08-22,VALIDATION,BANKNIFTY,CE,63631302.54,10305,687,420.93,4337683.65,359.23,484.07,635818.5,6.82,650652.55,14105.79,636546.76,64267849.3
V8-E,446,2024-08-22,VALIDATION,BANKNIFTY,CE,64267849.3,12270,818,432.72,5309474.4,380.35,497.63,642579.9,8.26,-300737.7,14851.34,-315589.04,63952260.26
V8-E,447,2024-08-23,VALIDATION,NIFTY50,PE,63952260.26,34600,1384,198.62,6872252.0,180.14,228.41,639408.0,10.75,-2076.0,20057.11,-22133.11,63930127.15
V8-E,448,2024-08-26,VALIDATION,NIFTY50,CE,63930127.15,36150,1446,155.97,5638315.5,138.29,179.37,639132.0,8.82,845747.32,18321.19,827426.14,64757553.29
V8-E,449,2024-08-26,VALIDATION,BANKNIFTY,CE,64757553.29,6900,460,297.46,2052474.0,203.62,342.08,647496.0,3.17,-300426.0,5366.44,-305792.44,64451760.85
V8-E,450,2024-08-26,VALIDATION,NIFTY50,CE,64451760.85,29300,1172,164.33,4814869.0,142.34,188.98,644307.0,7.47,-288898.0,13436.81,-302334.81,64149426.04
V8-E,451,2024-08-27,VALIDATION,NIFTY50,PE,64149426.04,45750,1830,124.17,5680777.5,110.15,142.8,641415.0,8.86,457.5,16592.67,-16135.17,64133290.87
V8-E,452,2024-08-27,VALIDATION,BANKNIFTY,PE,64133290.87,31320,2088,196.22,6145610.4,175.75,225.65,641120.4,9.58,-93960.0,17739.56,-111699.56,64021591.31
V8-E,453,2024-08-28,VALIDATION,NIFTY50,PE,64021591.31,36900,1476,96.19,3549411.0,78.84,110.62,640215.0,5.54,-3321.0,10377.09,-13698.09,64007893.22
V8-E,454,2024-08-28,VALIDATION,BANKNIFTY,PE,64007893.22,174195,11613,113.51,19772874.45,109.84,130.54,639295.65,30.89,2965931.17,64131.82,2901799.35,66909692.57
V8-E,455,2024-08-29,VALIDATION,BANKNIFTY,CE,66909692.57,199305,13287,410.26,81766869.3,406.9,471.8,669664.8,122.2,-669095.36,236715.64,-905811.0,66003881.57
V8-E,456,2024-08-29,VALIDATION,NIFTY50,CE,66003881.57,43975,1759,55.71,2449847.25,40.71,64.07,659625.0,3.71,367477.09,7987.26,359489.83,66363371.4
V8-E,457,2024-08-29,VALIDATION,NIFTY50,CE,66363371.4,41575,1663,57.15,2376011.25,41.19,65.72,663537.0,3.58,356401.69,7747.94,348653.75,66712025.15
V8-E,458,2024-08-30,VALIDATION,BANKNIFTY,CE,66712025.15,12075,805,395.26,4772764.5,340.02,454.55,667023.0,7.15,-214210.5,13477.83,-227688.33,66484336.82
V8-E,459,2024-09-02,VALIDATION,BANKNIFTY,PE,66484336.82,11130,742,289.12,3217905.6,229.4,332.49,664683.6,4.84,482685.84,10476.56,472209.28,66956546.1
V8-E,460,2024-09-02,VALIDATION,NIFTY50,PE,66956546.1,72925,2917,152.97,11155337.25,143.79,175.92,669451.5,16.66,1673300.59,36202.07,1637098.52,68593644.62
V8-E,461,2024-09-02,VALIDATION,BANKNIFTY,PE,68593644.62,494490,32966,254.81,126000996.9,253.42,293.03,687341.1,183.69,-685928.27,365504.47,-1051432.74,67542211.88
V8-E,462,2024-09-03,VALIDATION,NIFTY50,PE,67542211.88,281575,11263,125.41,35312320.75,123.01,144.22,675780.0,52.28,0.0,102889.38,-102889.38,67439322.5
V8-E,463,2024-09-03,VALIDATION,BANKNIFTY,PE,67439322.5,8910,594,246.82,2199166.2,171.19,283.84,673863.3,3.26,329874.93,7174.77,322700.16,67762022.66
V8-E,464,2024-09-03,VALIDATION,BANKNIFTY,PE,67762022.66,9630,642,238.89,2300510.7,168.6,274.72,676892.7,3.39,345076.6,7503.25,337573.35,68099596.01
V8-E,465,2024-09-04,VALIDATION,BANKNIFTY,PE,68099596.01,8715,581,156.04,1359888.6,78.02,179.45,679944.3,2.0,203983.29,4454.65,199528.64,68299124.65
V8-E,466,2024-09-04,VALIDATION,NIFTY50,CE,68299124.65,682975,27319,96.66,66016363.5,96.51,111.16,102446.25,96.66,9902454.52,214008.68,9688445.84,77987570.49
V8-E,467,2024-09-04,VALIDATION,NIFTY50,CE,77987570.49,779875,31195,96.89,75562088.75,96.59,111.42,233962.5,96.89,4453086.25,229868.72,4223217.53,82210788.02
V8-E,468,2024-09-05,VALIDATION,NIFTY50,PE,82210788.02,37850,1514,80.22,3036327.0,58.5,92.25,822102.0,3.69,-836863.5,7056.37,-843919.87,81366868.15
V8-E,469,2024-09-05,VALIDATION,BANKNIFTY,PE,81366868.15,12855,857,460.86,5924355.3,397.6,529.99,813207.3,7.28,-459951.9,16293.23,-476245.13,80890623.02
V8-E,470,2024-09-05,VALIDATION,NIFTY50,PE,80890623.02,40300,1612,69.62,2805686.0,49.55,80.06,808821.0,3.47,420852.9,9140.53,411712.37,81302335.39
V8-E,471,2024-09-06,VALIDATION,BANKNIFTY,PE,81302335.39,11655,777,383.31,4467478.05,313.58,440.81,812703.15,5.49,670121.71,14526.47,655595.24,81957930.63
V8-E,472,2024-09-06,VALIDATION,NIFTY50,PE,81957930.63,67725,2709,199.42,13505719.5,187.32,229.33,819472.5,16.48,2025857.92,43819.74,1982038.18,83939968.81
V8-E,473,2024-09-06,VALIDATION,BANKNIFTY,PE,83939968.81,32115,2141,376.68,12097078.2,350.55,433.18,839164.95,14.41,1814561.73,39254.28,1775307.45,85715276.26
V8-E,474,2024-09-09,VALIDATION,NIFTY50,CE,85715276.26,234550,9382,146.05,34256027.5,142.4,167.96,856107.5,39.96,5138404.12,111072.26,5027331.87,90742608.13
V8-E,475,2024-09-09,VALIDATION,BANKNIFTY,CE,90742608.13,106950,7130,252.06,26957817.0,243.58,289.87,906936.0,29.71,4043672.55,87418.47,3956254.08,94698862.21
V8-E,476,2024-09-09,VALIDATION,BANKNIFTY,CE,94698862.21,7890,526,302.96,2390354.4,182.98,348.4,946642.2,2.52,358553.16,7794.43,350758.73,95049620.94
V8-E,477,2024-09-10,VALIDATION,NIFTY50,PE,95049620.94,27275,1091,141.55,3860776.25,106.73,162.78,949715.5,4.06,-479221.75,10241.1,-489462.85,94560158.09
V8-E,478,2024-09-10,VALIDATION,BANKNIFTY,CE,94560158.09,34275,2285,227.08,7783167.0,199.5,261.14,945304.5,8.23,-945353.46,20643.15,-965996.61,93594161.48
V8-E,479,2024-09-10,VALIDATION,BANKNIFTY,CE,93594161.48,15000,1000,220.98,3314700.0,158.63,254.13,935250.0,3.54,-354900.0,8923.14,-363823.14,93230338.34
V8-E,480,2024-09-11,VALIDATION,BANKNIFTY,CE,93230338.34,16965,1131,113.75,1929768.75,58.84,130.81,931548.15,2.07,289465.31,6301.65,283163.66,93513502.0
V8-E,481,2024-09-11,VALIDATION,NIFTY50,CE,93513502.0,935125,37405,96.39,90136698.75,95.95,110.85,411455.0,96.39,-415462.68,261647.36,-677110.04,92836391.96
V8-E,482,2024-09-11,VALIDATION,BANKNIFTY,CE,92836391.96,16305,1087,113.87,1856650.35,56.94,130.95,928243.65,2.0,278497.55,6064.67,272432.88,93108824.84
V8-E,483,2024-09-12,VALIDATION,BANKNIFTY,PE,93108824.84,451665,30111,409.27,184852934.55,407.21,470.66,930429.9,198.53,27727940.18,599162.39,27128777.79,120237602.63
V8-E,484,2024-09-12,VALIDATION,NIFTY50,PE,120237602.63,43325,1733,58.16,2519782.0,30.42,66.88,1201835.5,2.1,377967.3,8213.9,369753.4,120607356.03
V8-E,485,2024-09-12,VALIDATION,NIFTY50,PE,120607356.03,37475,1499,64.34,2411141.5,32.17,73.99,1205570.75,2.0,361671.22,7861.8,353809.43,120961165.46
V8-E,486,2024-09-13,VALIDATION,BANKNIFTY,CE,120961165.46,23445,1563,381.7,8948956.5,330.12,438.95,1209293.1,7.4,1342343.47,29051.11,1313292.36,122274457.82
V8-E,487,2024-09-13,VALIDATION,BANKNIFTY,CE,122274457.82,16215,1081,432.04,7005528.6,356.68,496.85,1221962.4,5.73,-390295.05,19594.62,-409889.67,121864568.15
V8-E,488,2024-09-16,VALIDATION,BANKNIFTY,CE,121864568.15,16020,1068,285.69,4576753.8,209.63,328.54,1218481.2,3.76,686513.07,14880.62,671632.45,122536200.6
V8-E,489,2024-09-16,VALIDATION,NIFTY50,CE,122536200.6,41100,1644,162.23,6667653.0,132.42,186.56,1225191.0,5.44,-537588.0,18287.86,-555875.86,121980324.74
V8-E,490,2024-09-16,VALIDATION,BANKNIFTY,CE,121980324.74,959385,63959,258.87,248355994.95,257.6,297.7,1218418.95,203.6,67156.95,723496.41,-656339.46,121323985.28
V8-E,491,2024-09-17,VALIDATION,NIFTY50,CE,121323985.28,56750,2270,140.22,7957485.0,118.85,161.25,1212747.5,6.56,1193622.75,25837.7,1167785.05,122491770.33
V8-E,492,2024-09-17,VALIDATION,NIFTY50,CE,122491770.33,1224900,48996,126.21,154594629.0,125.97,145.14,293976.0,126.21,-290476.29,449645.93,-740122.22,121751648.11
V8-E,493,2024-09-17,VALIDATION,BANKNIFTY,CE,121751648.11,1217505,81167,200.91,244608929.55,200.33,231.05,706152.9,200.91,-711370.78,710877.72,-1422248.5,120329399.61
V8-E,494,2024-09-18,VALIDATION,NIFTY50,CE,120329399.61,1203275,48131,97.77,117644196.75,97.29,112.44,577572.0,97.77,17646629.51,381336.4,17265293.11,137594692.72
V8-E,495,2024-09-18,VALIDATION,NIFTY50,CE,137594692.72,80300,3212,108.27,8694081.0,91.14,124.51,1375539.0,6.32,1304112.15,28225.04,1275887.11,138870579.83
V8-E,496,2024-09-18,VALIDATION,BANKNIFTY,CE,138870579.83,23685,1579,117.23,2776592.55,58.62,134.81,1388177.85,2.0,416488.88,9046.25,407442.63,139278022.46
V8-E,497,2024-09-19,VALIDATION,NIFTY50,CE,139278022.46,49125,1965,56.69,2784896.25,28.34,65.19,1392693.75,2.0,-52072.5,8043.73,-60116.23,139217906.23
V8-E,498,2024-09-19,VALIDATION,BANKNIFTY,PE,139217906.23,15465,1031,458.49,7090547.85,368.48,527.26,1392004.65,5.09,1063582.18,23027.94,1040554.24,140258460.47
V8-E,499,2024-09-20,VALIDATION,NIFTY50,CE,140258460.47,41575,1663,207.59,8630554.25,173.87,238.73,1401909.0,6.15,1294583.14,28019.16,1266563.98,141525024.45
V8-E,500,2024-09-20,VALIDATION,BANKNIFTY,CE,141525024.45,167400,11160,394.19,65987406.0,385.74,453.32,1414530.0,46.63,9898110.9,213914.82,9684196.08,151209220.53
V8-E,501,2024-09-20,VALIDATION,NIFTY50,CE,151209220.53,47175,1887,216.23,10200650.25,184.19,248.66,1511487.0,6.75,1530097.54,33107.88,1496989.66,152706210.19
V8-E,502,2024-09-23,VALIDATION,BANKNIFTY,CE,152706210.19,51495,3433,267.6,13780062.0,237.95,307.74,1526826.75,9.02,2067009.3,44708.9,2022300.4,154728510.59
V8-E,503,2024-09-23,VALIDATION,NIFTY50,CE,154728510.59,80175,3207,152.12,12196221.0,132.82,174.94,1547377.5,7.88,1829433.15,39575.61,1789857.54,156518368.13
V8-E,504,2024-09-23,VALIDATION,BANKNIFTY,CE,156518368.13,27825,1855,297.83,8287119.75,241.6,342.5,1564599.75,5.29,1243067.96,26906.05,1216161.91,157734530.04
V8-E,505,2024-09-24,VALIDATION,NIFTY50,CE,157734530.04,60125,2405,139.64,8395855.0,113.41,160.59,1577078.75,5.32,1259378.25,27258.48,1232119.77,158966649.81
V8-E,506,2024-09-24,VALIDATION,NIFTY50,CE,158966649.81,1589650,63586,129.04,205128436.0,128.65,148.4,619963.5,129.04,-613150.71,596111.52,-1209262.23,157757387.58
V8-E,507,2024-09-24,VALIDATION,BANKNIFTY,PE,157757387.58,38895,2593,207.71,8078880.45,167.15,238.87,1577581.2,5.12,1211832.07,26231.16,1185600.91,158942988.49
V8-E,508,2024-09-25,VALIDATION,BANKNIFTY,CE,158942988.49,25125,1675,134.04,3367755.0,70.81,154.15,1588653.75,2.12,505163.25,10962.22,494201.03,159437189.52
V8-E,509,2024-09-25,VALIDATION,BANKNIFTY,CE,159437189.52,31605,2107,151.21,4778992.05,100.78,173.89,1593840.15,3.0,716848.81,15536.09,701312.72,160138502.24
V8-E,510,2024-09-25,VALIDATION,NIFTY50,PE,160138502.24,112850,4514,111.86,12623401.0,97.67,128.64,1601341.5,7.88,-1512190.0,33497.61,-1545687.61,158592814.63
V8-E,511,2024-09-26,VALIDATION,NIFTY50,CE,158592814.63,81375,3255,80.86,6579982.5,61.37,92.99,1585998.75,4.15,986997.37,21373.17,965624.2,159558438.83
V8-E,512,2024-09-26,VALIDATION,NIFTY50,CE,159558438.83,50100,2004,79.57,3986457.0,47.72,91.51,1595685.0,2.5,597968.55,12967.45,585001.1,160143439.93
V8-E,513,2024-09-26,VALIDATION,BANKNIFTY,CE,160143439.93,757935,50529,433.38,328473870.3,431.27,498.39,1599242.85,205.11,49271080.54,1064643.17,48206437.37,208349877.3
V8-E,514,2024-09-27,VALIDATION,NIFTY50,CE,208349877.3,63750,2550,227.74,14518425.0,195.07,261.9,2082712.5,6.97,-1176825.0,39751.44,-1216576.44,207133300.86
V8-E,515,2024-09-27,VALIDATION,BANKNIFTY,PE,207133300.86,38445,2563,398.23,15309952.35,344.36,457.96,2071032.15,7.39,2296492.85,49667.33,2246825.52,209380126.38
V8-E,516,2024-09-30,VALIDATION,BANKNIFTY,PE,209380126.38,63420,4228,264.24,16758100.8,231.23,303.88,2093494.2,8.0,2513715.12,54360.82,2459354.3,211839480.68
V8-E,517,2024-09-30,VALIDATION,NIFTY50,PE,211839480.68,234400,9376,152.19,35673336.0,143.15,175.02,2118976.0,16.84,5351000.4,115665.81,5235334.59,217074815.27
V8-E,518,2024-09-30,VALIDATION,BANKNIFTY,PE,217074815.27,47295,3153,301.33,14251402.35,255.44,346.53,2170367.55,6.57,2137710.35,46236.52,2091473.83,219166289.1
V8-E,519,2024-10-01,VALIDATION,NIFTY50,PE,219166289.1,506650,20266,127.9,64800535.0,123.57,147.09,2193794.5,29.57,-101330.0,188547.66,-289877.66,218876411.44
V8-E,520,2024-10-03,VALIDATION,BANKNIFTY,PE,218876411.44,95220,6348,418.86,39883849.2,395.88,481.69,2188155.6,18.22,5982577.38,129312.24,5853265.14,224729676.58
V8-E,521,2024-10-03,VALIDATION,NIFTY50,PE,224729676.58,347325,13893,56.08,19477986.0,49.61,64.49,2247192.75,8.67,2921697.9,63176.08,2858521.82,227588198.4
V8-E,522,2024-10-03,VALIDATION,BANKNIFTY,PE,227588198.4,15630,1042,452.14,7066948.2,306.53,519.96,2275884.3,3.11,482654.4,21686.29,460968.11,228049166.51
V8-E,523,2024-10-04,VALIDATION,BANKNIFTY,CE,228049166.51,22740,1516,403.66,9179228.4,303.43,464.21,2279230.2,4.03,1376884.26,29797.42,1347086.84,229396253.35
V8-E,524,2024-10-04,VALIDATION,BANKNIFTY,CE,229396253.35,80955,5397,384.36,31115863.8,356.03,442.01,2293455.15,13.56,4667379.57,100894.87,4566484.7,233962738.05
V8-E,525,2024-10-04,VALIDATION,NIFTY50,CE,233962738.05,46175,1847,220.39,10176508.25,169.73,253.45,2339225.5,4.35,1526476.24,33029.65,1493446.59,235456184.64
V8-E,526,2024-10-07,VALIDATION,BANKNIFTY,PE,235456184.64,45060,3004,294.42,13266565.2,242.17,338.58,2354385.0,5.63,1989984.78,43044.62,1946940.16,237403124.8
V8-E,527,2024-10-07,VALIDATION,NIFTY50,PE,237403124.8,130950,5238,147.22,19278459.0,129.09,169.3,2374123.5,8.12,2891768.85,62529.39,2829239.46,240232364.26
V8-E,528,2024-10-07,VALIDATION,NIFTY50,PE,240232364.26,30900,1236,155.42,4802478.0,77.71,178.73,2401239.0,2.0,720371.7,15612.2,704759.5,240937123.76
V8-E,529,2024-10-08,VALIDATION,BANKNIFTY,CE,240937123.76,36045,2403,195.62,7051122.9,128.8,224.96,2408526.9,2.93,1057668.43,22900.15,1034768.28,241971892.04
V8-E,530,2024-10-08,VALIDATION,NIFTY50,CE,241971892.04,108325,4333,123.21,13346723.25,100.87,141.69,2419980.5,5.52,2002008.49,43304.44,1958704.05,243930596.09
V8-E,531,2024-10-08,VALIDATION,NIFTY50,CE,243930596.09,107600,4304,123.61,13300436.0,100.94,142.15,2439292.0,5.45,1995065.4,43154.4,1951911.0,245882507.09
V8-E,532,2024-10-09,VALIDATION,NIFTY50,CE,245882507.09,1005450,40218,96.79,97317505.5,94.34,111.31,2463352.5,39.58,14597625.82,315456.84,14282168.98,260164676.07
V8-E,533,2024-10-09,VALIDATION,BANKNIFTY,CE,260164676.07,44190,2946,117.72,5202046.8,58.86,135.38,2601023.4,2.0,-482112.9,14141.03,-496253.93,259668422.14
V8-E,534,2024-10-09,VALIDATION,NIFTY50,CE,259668422.14,90925,3637,96.53,8776990.25,67.97,111.01,2596818.0,3.38,1316548.54,28493.74,1288054.8,260956476.94
V8-E,535,2024-10-10,VALIDATION,NIFTY50,PE,260956476.94,1976925,79077,55.53,109778645.25,54.21,63.86,2609541.0,42.07,16466796.79,355843.84,16110952.95,277067429.89
V8-E,536,2024-10-10,VALIDATION,BANKNIFTY,CE,277067429.89,23760,1584,456.35,10842876.0,339.76,524.8,2770178.4,3.91,1626431.4,35189.36,1591242.04,278658671.93
V8-E,537,2024-10-10,VALIDATION,BANKNIFTY,CE,278658671.93,122160,8144,417.14,50957822.4,394.33,479.71,2786469.6,18.29,7643673.36,165203.38,7478469.98,286137141.91
V8-E,538,2024-10-11,VALIDATION,NIFTY50,CE,286137141.91,151425,6057,200.01,30286514.25,181.12,230.01,2860418.25,10.58,-24228.0,88199.35,-112427.35,286024714.56
V8-E,539,2024-10-11,VALIDATION,BANKNIFTY,PE,286024714.56,47355,3157,389.99,18467976.45,329.6,448.49,2859768.45,6.46,-649237.05,52410.01,-701647.06,285323067.5
V8-E,540,2024-10-14,VALIDATION,NIFTY50,CE,285323067.5,130625,5225,150.69,19683881.25,128.85,173.29,2852850.0,6.9,2952582.19,63843.39,2888738.8,288211806.3
V8-E,541,2024-10-14,VALIDATION,BANKNIFTY,CE,288211806.3,2054460,136964,256.77,527523694.2,255.37,295.29,2876244.0,183.03,-2882113.89,1530070.88,-4412184.77,283799621.53
V8-E,542,2024-10-14,VALIDATION,NIFTY50,CE,283799621.53,1172025,46881,150.28,176131917.0,147.86,172.82,2836300.5,62.06,-2837974.82,506788.24,-3344763.06,280454858.47
V8-E,543,2024-10-15,VALIDATION,NIFTY50,PE,280454858.47,59350,2374,147.19,8735726.5,99.94,169.27,2804287.5,3.11,1310358.97,28360.01,1281998.96,281736857.43
V8-E,544,2024-10-15,VALIDATION,BANKNIFTY,PE,281736857.43,1804350,120290,198.92,358921302.0,197.36,228.76,2814786.0,127.4,-2817363.64,1039181.9,-3856545.54,277880311.89
V8-E,545,2024-10-15,VALIDATION,NIFTY50,PE,277880311.89,622850,24914,124.42,77494997.0,119.96,143.08,2777911.0,27.89,11624249.55,251211.34,11373038.21,289253350.1
V8-E,546,2024-10-16,VALIDATION,NIFTY50,CE,289253350.1,96650,3866,114.53,11069324.5,84.6,131.71,2892734.5,3.83,-1887574.5,28149.04,-1915723.54,287337626.56
V8-E,547,2024-10-16,VALIDATION,BANKNIFTY,CE,287337626.56,35475,2365,161.93,5744466.75,80.97,186.22,2872056.0,2.0,-1677258.0,13101.98,-1690359.98,285647266.58
V8-E,548,2024-10-17,VALIDATION,NIFTY50,PE,285647266.58,98525,3941,57.98,5712479.5,28.99,66.68,2856239.75,2.0,856871.92,18561.56,838310.36,286485576.94
V8-E,549,2024-10-17,VALIDATION,BANKNIFTY,PE,286485576.94,96045,6403,410.83,39458167.35,381.0,472.45,2865022.35,13.77,5918725.1,127932.6,5790792.5,292276369.44
V8-E,550,2024-10-17,VALIDATION,BANKNIFTY,PE,292276369.44,34395,2293,455.14,15654540.3,370.17,523.41,2922543.15,5.36,2348181.04,50784.15,2297396.9,294573766.34
V8-E,551,2024-10-18,VALIDATION,NIFTY50,CE,294573766.34,82925,3317,201.6,16717680.0,166.08,231.84,2945496.0,5.68,2507652.0,54229.82,2453422.18,297027188.52
V8-E,552,2024-10-18,VALIDATION,BANKNIFTY,CE,297027188.52,20925,1395,413.03,8642652.75,271.12,474.98,2969466.75,2.91,1296397.91,28058.36,1268339.55,298295528.07
V8-E,553,2024-10-18,VALIDATION,NIFTY50,CE,298295528.07,297350,11894,198.95,59157782.5,188.92,228.79,2982420.5,19.83,8873667.37,191779.76,8681887.61,306977415.68
V8-E,554,2024-10-21,VALIDATION,NIFTY50,PE,306977415.68,57250,2290,145.73,8343042.5,92.12,167.59,3069172.5,2.72,1251456.37,27087.31,1224369.07,308201784.75
V8-E,555,2024-10-21,VALIDATION,BANKNIFTY,PE,308201784.75,31395,2093,279.92,8788088.4,181.76,321.91,3081733.2,2.85,1318213.26,28529.72,1289683.54,309491468.29
V8-E,556,2024-10-21,VALIDATION,NIFTY50,PE,309491468.29,87600,3504,163.59,14330484.0,128.26,188.13,3094908.0,4.63,-1588188.0,38302.71,-1626490.71,307864977.58
V8-E,557,2024-10-22,VALIDATION,BANKNIFTY,CE,307864977.58,25320,1688,243.08,6154785.6,121.54,279.54,3077392.8,2.0,923217.84,19995.08,903222.76,308768200.34
V8-E,558,2024-10-22,VALIDATION,NIFTY50,CE,308768200.34,60125,2405,141.34,8498067.5,89.99,162.54,3087418.75,2.75,1274710.12,27589.74,1247120.39,310015320.73
V8-E,559,2024-10-22,VALIDATION,NIFTY50,PE,310015320.73,1230900,49236,122.44,150711396.0,119.92,140.81,3101868.0,48.61,22606709.4,488508.41,22118200.99,332133521.72
V8-E,560,2024-10-23,VALIDATION,NIFTY50,CE,332133521.72,78275,3131,94.21,7374287.75,51.78,108.34,3321208.25,2.22,1106143.16,23947.54,1082195.62,333215717.34
V8-E,561,2024-10-23,VALIDATION,NIFTY50,CE,333215717.34,398175,15927,94.32,37555866.0,85.95,108.47,3332724.75,11.27,5633379.9,121767.16,5511612.74,338727330.08
V8-E,562,2024-10-23,VALIDATION,NIFTY50,CE,338727330.08,130825,5233,115.5,15110287.5,89.61,132.82,3387059.25,4.46,2266543.12,49020.21,2217522.92,340944853.0
V8-E,563,2024-10-24,VALIDATION,NIFTY50,PE,340944853.0,93750,3750,72.73,6818437.5,36.37,83.64,3408750.0,2.0,1022765.62,22146.0,1000619.62,341945472.62
V8-E,564,2024-10-24,VALIDATION,NIFTY50,PE,341945472.62,2283975,91359,54.2,123791445.0,52.7,62.33,3425962.5,36.2,18568716.75,401259.84,18167456.91,360112929.53
V8-E,565,2024-10-24,VALIDATION,BANKNIFTY,CE,360112929.53,45720,3048,414.21,18937681.2,335.46,476.34,3600450.0,5.26,-70866.0,55045.26,-125911.26,359987018.27
V8-E,566,2024-10-25,VALIDATION,NIFTY50,PE,359987018.27,390925,15637,194.59,76070095.75,185.38,223.78,3600419.25,21.13,11410514.36,246593.19,11163921.17,371150939.44
V8-E,567,2024-10-25,VALIDATION,BANKNIFTY,PE,371150939.44,132375,8825,372.03,49247471.25,343.99,427.83,3711795.0,13.27,7387120.69,159660.07,7227460.62,378378400.06
V8-E,568,2024-10-25,VALIDATION,NIFTY50,PE,378378400.06,72525,2901,206.07,14945226.75,153.9,236.98,3783629.25,3.95,2241784.01,48485.24,2193298.77,380571698.83
V8-E,569,2024-10-28,VALIDATION,BANKNIFTY,CE,380571698.83,107805,7187,255.61,27556036.05,220.31,293.95,3805516.5,7.24,4133405.41,89357.34,4044048.07,384615746.9
V8-E,570,2024-10-28,VALIDATION,NIFTY50,CE,384615746.9,192075,7683,143.36,27535872.0,123.34,164.86,3845341.5,7.16,4130380.8,89291.98,4041088.82,388656835.72
V8-E,571,2024-10-28,VALIDATION,BANKNIFTY,CE,388656835.72,30465,2031,255.07,7770707.55,127.53,293.33,3885506.1,2.0,1165606.13,25232.35,1140373.78,389797209.5
V8-E,572,2024-10-29,VALIDATION,NIFTY50,PE,389797209.5,99125,3965,141.24,14000415.0,101.92,162.43,3897595.0,3.59,-3065936.25,34103.43,-3100039.68,386697169.82
V8-E,573,2024-10-29,VALIDATION,BANKNIFTY,CE,386697169.82,118875,7925,232.37,27622983.75,199.84,267.23,3867003.75,7.14,-3866833.93,72022.34,-3938856.27,382758313.55
V8-E,574,2024-10-29,VALIDATION,BANKNIFTY,CE,382758313.55,128205,8547,238.19,30537148.95,208.34,273.92,3826919.25,7.98,-3827285.55,80596.11,-3907881.66,378850431.89
V8-E,575,2024-10-30,VALIDATION,BANKNIFTY,PE,378850431.89,49035,3269,154.49,7575417.15,77.25,177.66,3787463.4,2.0,1136312.57,24599.39,1111713.18,379962145.07
V8-E,576,2024-10-30,VALIDATION,BANKNIFTY,PE,379962145.07,60600,4040,125.4,7599240.0,62.7,144.21,3799620.0,2.0,1139886.0,24676.62,1115209.38,381077354.45
V8-E,577,2024-10-30,VALIDATION,NIFTY50,CE,381077354.45,1337775,53511,94.0,125750850.0,91.15,108.1,3812658.75,33.0,18862627.5,407610.35,18455017.15,399532371.6
V8-E,578,2024-10-31,VALIDATION,NIFTY50,PE,399532371.6,128375,5135,62.24,7990060.0,31.12,71.58,3995030.0,2.0,1198509.0,25943.27,1172565.73,400704937.33
V8-E,579,2024-10-31,VALIDATION,BANKNIFTY,CE,400704937.33,38580,2572,449.73,17350583.4,345.87,517.19,4006918.8,4.33,-1744201.8,46756.49,-1790958.29,398913979.04
V8-E,580,2024-10-31,VALIDATION,NIFTY50,PE,398913979.04,870700,34828,53.87,46904609.0,49.29,61.95,3987806.0,11.76,7035691.35,152066.76,6883624.59,405797603.63
V8-E,581,2024-11-04,VALIDATION,BANKNIFTY,PE,405797603.63,645135,43009,254.8,164380398.0,248.51,293.02,4057899.15,40.51,24657059.7,532810.16,24124249.54,429921853.17
V8-E,582,2024-11-04,VALIDATION,NIFTY50,PE,429921853.17,310075,12403,140.17,43463212.75,126.31,161.2,4297639.5,10.11,-1150378.25,124107.03,-1274485.28,428647367.89
V8-E,583,2024-11-04,VALIDATION,BANKNIFTY,PE,428647367.89,173760,11584,257.33,44713660.8,232.66,295.93,4286659.2,10.43,-797558.4,128521.88,-926080.28,427721287.61
V8-E,584,2024-11-05,VALIDATION,BANKNIFTY,CE,427721287.61,43455,2897,196.83,8553247.65,98.42,226.35,4276406.55,2.0,1282987.15,27768.59,1255218.56,428976506.17
V8-E,585,2024-11-05,VALIDATION,BANKNIFTY,PE,428976506.17,68745,4583,196.23,13489831.35,133.84,225.66,4289000.55,3.14,2023474.7,43768.23,1979706.47,430956212.64
V8-E,586,2024-11-05,VALIDATION,NIFTY50,PE,430956212.64,1394025,55761,118.46,165136201.5,115.37,136.23,4307537.25,38.32,-4309528.71,471540.32,-4781069.03,426175143.61
V8-F,1,2024-01-01,DEVELOPMENT,NIFTY50,CE,100000.0,25,1,127.68,3192.0,95.76,146.83,798.0,3.19,-4.75,13.06,-17.81,99982.19
V8-F,2,2024-01-01,DEVELOPMENT,NIFTY50,CE,99982.19,25,1,127.53,3188.25,95.65,146.66,797.0,3.19,478.24,14.4,463.84,100446.03
V8-F,3,2024-01-01,DEVELOPMENT,BANKNIFTY,CE,100446.03,15,1,258.55,3878.25,193.91,297.33,969.6,3.86,-168.45,15.4,-183.85,100262.18
V8-F,4,2024-01-02,DEVELOPMENT,NIFTY50,PE,100262.18,25,1,107.28,2682.0,80.46,123.37,670.5,2.67,402.3,12.1,390.2,100652.38
V8-F,5,2024-01-02,DEVELOPMENT,BANKNIFTY,PE,100652.38,15,1,214.66,3219.9,161.0,246.86,804.9,3.2,482.98,14.52,468.46,101120.84
V8-F,6,2024-01-02,DEVELOPMENT,NIFTY50,PE,101120.84,25,1,107.29,2682.25,80.47,123.38,670.5,2.65,-3.0,10.98,-13.98,101106.86
V8-F,7,2024-01-03,DEVELOPMENT,BANKNIFTY,PE,101106.86,15,1,139.34,2090.1,104.5,160.24,522.6,2.07,313.51,9.43,304.08,101410.94
V8-F,8,2024-01-03,DEVELOPMENT,NIFTY50,PE,101410.94,25,1,97.2,2430.0,72.9,111.78,607.5,2.4,364.5,10.95,353.55,101764.49
V8-F,9,2024-01-03,DEVELOPMENT,NIFTY50,PE,101764.49,25,1,82.9,2072.5,62.18,95.33,518.0,2.04,-1.5,8.47,-9.97,101754.52
V8-F,10,2024-01-04,DEVELOPMENT,BANKNIFTY,CE,101754.52,15,1,383.92,5758.8,287.94,441.51,1439.7,5.66,863.82,25.96,837.86,102592.38
V8-F,11,2024-01-04,DEVELOPMENT,NIFTY50,CE,102592.38,75,3,48.02,3601.5,36.02,55.22,900.0,3.51,540.22,16.23,523.99,103116.37
V8-F,12,2024-01-04,DEVELOPMENT,NIFTY50,CE,103116.37,75,3,48.05,3603.75,36.04,55.26,900.75,3.49,540.56,16.24,524.32,103640.69
V8-F,13,2024-01-05,DEVELOPMENT,BANKNIFTY,PE,103640.69,15,1,356.6,5349.0,267.45,410.09,1337.25,5.16,802.35,24.12,778.23,104418.92
V8-F,14,2024-01-05,DEVELOPMENT,NIFTY50,PE,104418.92,25,1,187.63,4690.75,140.72,215.77,1172.75,4.49,-333.5,18.26,-351.76,104067.16
V8-F,15,2024-01-05,DEVELOPMENT,BANKNIFTY,PE,104067.16,15,1,354.33,5314.95,265.75,407.48,1328.7,5.11,0.45,21.76,-21.31,104045.85
V8-F,16,2024-01-08,DEVELOPMENT,NIFTY50,PE,104045.85,25,1,151.97,3799.25,113.98,174.77,949.75,3.65,-435.75,14.34,-450.09,103595.76
V8-F,17,2024-01-08,DEVELOPMENT,BANKNIFTY,PE,103595.76,15,1,238.41,3576.15,178.81,274.17,894.0,3.45,0.15,14.65,-14.5,103581.26
V8-F,18,2024-01-08,DEVELOPMENT,NIFTY50,PE,103581.26,25,1,141.43,3535.75,106.07,162.64,884.0,3.41,530.36,15.95,514.41,104095.67
V8-F,19,2024-01-09,DEVELOPMENT,BANKNIFTY,CE,104095.67,15,1,204.79,3071.85,153.59,235.51,768.0,2.95,-332.55,11.66,-344.21,103751.46
V8-F,20,2024-01-09,DEVELOPMENT,NIFTY50,CE,103751.46,25,1,107.66,2691.5,80.75,123.81,672.75,2.59,403.72,12.13,391.59,104143.05
V8-F,21,2024-01-09,DEVELOPMENT,BANKNIFTY,CE,104143.05,15,1,183.91,2758.65,137.93,211.5,689.7,2.65,-4.8,11.28,-16.08,104126.97
V8-F,22,2024-01-10,DEVELOPMENT,BANKNIFTY,CE,104126.97,30,2,118.86,3565.8,89.14,136.69,891.6,3.42,-416.1,13.44,-429.54,103697.43
V8-F,23,2024-01-10,DEVELOPMENT,BANKNIFTY,CE,103697.43,30,2,104.9,3147.0,78.68,120.63,786.6,3.03,-3.0,12.89,-15.89,103681.54
V8-F,24,2024-01-10,DEVELOPMENT,BANKNIFTY,CE,103681.54,30,2,109.45,3283.5,82.09,125.87,820.8,3.17,492.52,14.81,477.71,104159.25
V8-F,25,2024-01-11,DEVELOPMENT,NIFTY50,PE,104159.25,75,3,48.09,3606.75,36.07,55.3,901.5,3.46,541.01,16.28,524.73,104683.98
V8-F,26,2024-01-11,DEVELOPMENT,NIFTY50,PE,104683.98,75,3,48.08,3606.0,36.06,55.29,901.5,3.44,540.9,16.28,524.62,105208.6
V8-F,27,2024-01-11,DEVELOPMENT,BANKNIFTY,PE,105208.6,15,1,379.56,5693.4,284.67,436.49,1423.35,5.41,-0.15,23.29,-23.44,105185.16
V8-F,28,2024-01-12,DEVELOPMENT,NIFTY50,CE,105185.16,25,1,174.73,4368.25,131.05,200.94,1092.0,4.15,655.24,19.71,635.53,105820.69
V8-F,29,2024-01-12,DEVELOPMENT,BANKNIFTY,CE,105820.69,15,1,382.23,5733.45,286.67,439.56,1433.4,5.42,-474.6,22.15,-496.75,105323.94
V8-F,30,2024-01-12,DEVELOPMENT,BANKNIFTY,CE,105323.94,15,1,350.87,5263.05,263.15,403.5,1315.8,5.0,-0.6,21.53,-22.13,105301.81
V8-F,31,2024-01-15,DEVELOPMENT,BANKNIFTY,CE,105301.81,15,1,247.64,3714.6,185.73,284.79,928.65,3.53,557.19,16.75,540.44,105842.25
V8-F,32,2024-01-15,DEVELOPMENT,BANKNIFTY,CE,105842.25,15,1,273.37,4100.55,205.03,314.38,1025.1,3.87,-520.35,15.33,-535.68,105306.57
V8-F,33,2024-01-15,DEVELOPMENT,BANKNIFTY,CE,105306.57,15,1,238.8,3582.0,179.1,274.62,895.5,3.4,-4.5,14.66,-19.16,105287.41
V8-F,34,2024-01-16,DEVELOPMENT,NIFTY50,CE,105287.41,25,1,109.63,2740.75,82.22,126.07,685.25,2.6,411.11,12.37,398.74,105686.15
V8-F,35,2024-01-16,DEVELOPMENT,BANKNIFTY,CE,105686.15,15,1,185.66,2784.9,139.25,213.51,696.15,2.64,-13.35,11.37,-24.72,105661.43
V8-F,36,2024-01-16,DEVELOPMENT,NIFTY50,CE,105661.43,25,1,119.57,2989.25,89.68,137.51,747.25,2.83,-248.0,11.55,-259.55,105401.88
V8-F,37,2024-01-17,DEVELOPMENT,BANKNIFTY,PE,105401.88,30,2,102.85,3085.5,77.14,118.28,771.3,2.93,462.82,13.92,448.9,105850.78
V8-F,38,2024-01-17,DEVELOPMENT,BANKNIFTY,PE,105850.78,30,2,132.97,3989.1,99.73,152.92,997.2,3.77,598.36,18.0,580.36,106431.14
V8-F,39,2024-01-18,DEVELOPMENT,NIFTY50,PE,106431.14,75,3,51.91,3893.25,38.93,59.7,973.5,3.66,-973.31,13.24,-986.55,105444.59
V8-F,40,2024-01-18,DEVELOPMENT,NIFTY50,CE,105444.59,75,3,47.69,3576.75,35.77,54.84,894.0,3.39,536.51,16.15,520.36,105964.95
V8-F,41,2024-01-18,DEVELOPMENT,BANKNIFTY,CE,105964.95,15,1,372.19,5582.85,279.14,428.02,1395.75,5.27,837.43,25.17,812.26,106777.21
V8-F,42,2024-01-19,DEVELOPMENT,NIFTY50,CE,106777.21,25,1,172.97,4324.25,129.73,198.92,1081.0,4.05,-29.5,17.61,-47.11,106730.1
V8-F,43,2024-01-19,DEVELOPMENT,BANKNIFTY,CE,106730.1,15,1,338.42,5076.3,253.81,389.18,1269.15,4.76,5.25,20.79,-15.54,106714.56
V8-F,44,2024-01-19,DEVELOPMENT,NIFTY50,PE,106714.56,25,1,177.65,4441.25,133.24,204.3,1110.25,4.16,-116.25,17.85,-134.1,106580.46
V8-F,45,2024-01-20,DEVELOPMENT,NIFTY50,PE,106580.46,25,1,166.84,4171.0,125.13,191.87,1042.75,3.91,625.65,18.8,606.85,107187.31
V8-F,46,2024-01-20,DEVELOPMENT,BANKNIFTY,PE,107187.31,15,1,306.55,4598.25,229.91,352.53,1149.6,4.29,-1.95,18.82,-20.77,107166.54
V8-F,47,2024-01-20,DEVELOPMENT,NIFTY50,PE,107166.54,25,1,159.46,3986.5,119.59,183.38,996.75,3.72,39.5,16.44,23.06,107189.6
V8-F,48,2024-01-23,DEVELOPMENT,NIFTY50,PE,107189.6,25,1,107.03,2675.75,80.27,123.08,669.0,2.5,401.36,12.09,389.27,107578.87
V8-F,49,2024-01-23,DEVELOPMENT,BANKNIFTY,PE,107578.87,15,1,175.83,2637.45,131.87,202.2,659.4,2.45,395.62,11.91,383.71,107962.58
V8-F,50,2024-01-23,DEVELOPMENT,NIFTY50,PE,107962.58,25,1,119.91,2997.75,89.93,137.9,749.5,2.78,449.66,13.51,436.15,108398.73
V8-F,51,2024-01-24,DEVELOPMENT,NIFTY50,CE,108398.73,50,2,82.22,4111.0,61.66,94.55,1028.0,3.79,-91.0,16.58,-107.58,108291.15
V8-F,52,2024-01-24,DEVELOPMENT,BANKNIFTY,CE,108291.15,30,2,139.71,4191.3,104.78,160.67,1047.9,3.87,-1047.83,14.25,-1062.08,107229.07
V8-F,53,2024-01-24,DEVELOPMENT,NIFTY50,CE,107229.07,50,2,81.97,4098.5,61.48,94.27,1024.5,3.82,614.77,18.49,596.28,107825.35
V8-F,54,2024-01-25,DEVELOPMENT,BANKNIFTY,PE,107825.35,15,1,403.53,6052.95,302.65,464.06,1513.2,5.61,907.94,27.3,880.64,108705.99
V8-F,55,2024-01-25,DEVELOPMENT,BANKNIFTY,PE,108705.99,15,1,357.12,5356.8,267.84,410.69,1339.2,4.93,803.52,24.16,779.36,109485.35
V8-F,56,2024-01-25,DEVELOPMENT,NIFTY50,PE,109485.35,75,3,48.9,3667.5,36.67,56.23,917.25,3.35,550.12,16.54,533.58,110018.93
V8-F,57,2024-01-29,DEVELOPMENT,NIFTY50,CE,110018.93,25,1,127.05,3176.25,95.29,146.11,794.0,2.89,476.44,14.32,462.12,110481.05
V8-F,58,2024-01-29,DEVELOPMENT,BANKNIFTY,CE,110481.05,15,1,225.8,3387.0,169.35,259.67,846.75,3.07,-846.75,11.5,-858.25,109622.8
V8-F,59,2024-01-29,DEVELOPMENT,BANKNIFTY,CE,109622.8,15,1,225.91,3388.65,169.43,259.8,847.2,3.09,508.3,15.28,493.02,110115.82
V8-F,60,2024-01-30,DEVELOPMENT,BANKNIFTY,PE,110115.82,15,1,174.64,2619.6,130.98,200.84,654.9,2.38,392.94,11.83,381.11,110496.93
V8-F,61,2024-01-30,DEVELOPMENT,NIFTY50,PE,110496.93,25,1,107.78,2694.5,80.84,123.95,673.5,2.44,-1.25,11.02,-12.27,110484.66
V8-F,62,2024-01-30,DEVELOPMENT,NIFTY50,PE,110484.66,25,1,118.08,2952.0,88.56,135.79,738.0,2.67,442.8,13.3,429.5,110914.16
V8-F,63,2024-01-31,DEVELOPMENT,BANKNIFTY,CE,110914.16,15,1,151.92,2278.8,113.94,174.71,569.7,2.05,-749.7,7.22,-756.92,110157.24
V8-F,64,2024-01-31,DEVELOPMENT,BANKNIFTY,CE,110157.24,30,2,120.31,3609.3,90.23,138.36,902.4,3.28,-902.33,12.27,-914.6,109242.64
V8-F,65,2024-01-31,DEVELOPMENT,NIFTY50,CE,109242.64,25,1,100.05,2501.25,75.04,115.06,625.25,2.29,375.19,11.29,363.9,109606.54
V8-F,66,2024-02-01,DEVELOPMENT,BANKNIFTY,PE,109606.54,15,1,373.41,5601.15,280.06,429.42,1400.25,5.11,-87.3,22.68,-109.98,109496.56
V8-F,67,2024-02-01,DEVELOPMENT,NIFTY50,CE,109496.56,75,3,50.06,3754.5,37.55,57.57,938.25,3.43,563.17,16.95,546.22,110042.78
V8-F,68,2024-02-01,DEVELOPMENT,NIFTY50,CE,110042.78,75,3,48.3,3622.5,36.22,55.54,906.0,3.29,-905.63,12.31,-917.94,109124.84
V8-F,69,2024-02-02,DEVELOPMENT,NIFTY50,CE,109124.84,25,1,175.54,4388.5,131.66,201.87,1097.0,4.02,658.27,19.79,638.48,109763.32
V8-F,70,2024-02-02,DEVELOPMENT,NIFTY50,CE,109763.32,25,1,186.15,4653.75,139.61,214.07,1163.5,4.24,-253.5,18.35,-271.85,109491.47
V8-F,71,2024-02-02,DEVELOPMENT,BANKNIFTY,CE,109491.47,15,1,343.04,5145.6,257.28,394.5,1286.4,4.7,226.2,21.69,204.51,109695.98
V8-F,72,2024-02-05,DEVELOPMENT,NIFTY50,CE,109695.98,25,1,128.42,3210.5,96.31,147.68,802.75,2.93,4.25,13.15,-8.9,109687.08
V8-F,73,2024-02-05,DEVELOPMENT,NIFTY50,CE,109687.08,25,1,128.77,3219.25,96.58,148.09,804.75,2.93,-8.75,13.15,-21.9,109665.18
V8-F,74,2024-02-05,DEVELOPMENT,NIFTY50,CE,109665.18,25,1,128.9,3222.5,96.68,148.23,805.5,2.94,-15.25,13.14,-28.39,109636.79
V8-F,75,2024-02-06,DEVELOPMENT,BANKNIFTY,PE,109636.79,15,1,175.43,2631.45,131.57,201.74,657.9,2.4,394.72,11.88,382.84,110019.63
V8-F,76,2024-02-06,DEVELOPMENT,NIFTY50,CE,110019.63,25,1,129.07,3226.75,96.8,148.43,806.75,2.93,484.01,14.56,469.45,110489.08
V8-F,77,2024-02-07,DEVELOPMENT,NIFTY50,PE,110489.08,25,1,97.26,2431.5,72.95,111.85,607.75,2.2,-325.25,9.04,-334.29,110154.79
V8-F,78,2024-02-07,DEVELOPMENT,BANKNIFTY,PE,110154.79,30,2,101.5,3045.0,76.12,116.72,761.4,2.76,456.75,13.72,443.03,110597.82
V8-F,79,2024-02-07,DEVELOPMENT,BANKNIFTY,PE,110597.82,30,2,117.19,3515.7,87.89,134.77,879.0,3.18,-470.4,13.09,-483.49,110114.33
V8-F,80,2024-02-08,DEVELOPMENT,BANKNIFTY,CE,110114.33,15,1,391.48,5872.2,293.61,450.2,1468.05,5.33,-410.7,22.89,-433.59,109680.74
V8-F,81,2024-02-08,DEVELOPMENT,NIFTY50,PE,109680.74,75,3,48.76,3657.0,36.57,56.07,914.25,3.33,548.55,16.5,532.05,110212.79
V8-F,82,2024-02-08,DEVELOPMENT,BANKNIFTY,PE,110212.79,15,1,363.56,5453.4,272.67,418.09,1363.35,4.95,818.01,24.58,793.43,111006.22
V8-F,83,2024-02-09,DEVELOPMENT,BANKNIFTY,CE,111006.22,15,1,333.1,4996.5,249.83,383.06,1249.05,4.5,-21.6,20.4,-42.0,110964.22
V8-F,84,2024-02-09,DEVELOPMENT,NIFTY50,PE,110964.22,25,1,173.8,4345.0,130.35,199.87,1086.25,3.92,-1.0,17.77,-18.77,110945.45
V8-F,85,2024-02-09,DEVELOPMENT,BANKNIFTY,CE,110945.45,15,1,334.23,5013.45,250.67,384.36,1253.4,4.52,752.02,22.61,729.41,111674.86
V8-F,86,2024-02-12,DEVELOPMENT,BANKNIFTY,PE,111674.86,15,1,224.51,3367.65,168.38,258.19,841.95,3.02,505.15,15.18,489.97,112164.83
V8-F,87,2024-02-12,DEVELOPMENT,NIFTY50,PE,112164.83,25,1,127.53,3188.25,95.65,146.66,797.0,2.84,478.24,14.4,463.84,112628.67
V8-F,88,2024-02-12,DEVELOPMENT,NIFTY50,PE,112628.67,25,1,127.25,3181.25,95.44,146.34,795.25,2.82,477.19,14.35,462.84,113091.51
V8-F,89,2024-02-13,DEVELOPMENT,NIFTY50,CE,113091.51,25,1,122.79,3069.75,92.09,141.21,767.5,2.71,460.46,13.85,446.61,113538.12
V8-F,90,2024-02-13,DEVELOPMENT,BANKNIFTY,CE,113538.12,15,1,174.58,2618.7,130.94,200.77,654.6,2.31,-21.6,10.67,-32.27,113505.85
V8-F,91,2024-02-13,DEVELOPMENT,NIFTY50,CE,113505.85,25,1,107.88,2697.0,80.91,124.06,674.25,2.38,-12.25,11.01,-23.26,113482.59
V8-F,92,2024-02-14,DEVELOPMENT,BANKNIFTY,CE,113482.59,45,3,100.74,4533.3,75.55,115.85,1133.55,3.99,-33.75,18.47,-52.22,113430.37
V8-F,93,2024-02-14,DEVELOPMENT,BANKNIFTY,CE,113430.37,30,2,116.17,3485.1,87.13,133.6,871.2,3.07,-467.4,12.96,-480.36,112950.01
V8-F,94,2024-02-14,DEVELOPMENT,BANKNIFTY,CE,112950.01,30,2,139.62,4188.6,104.72,160.56,1047.0,3.71,628.29,18.89,609.4,113559.41
V8-F,95,2024-02-15,DEVELOPMENT,BANKNIFTY,PE,113559.41,15,1,366.02,5490.3,274.51,420.92,1372.65,4.83,823.54,24.75,798.8,114358.21
V8-F,96,2024-02-15,DEVELOPMENT,BANKNIFTY,PE,114358.21,15,1,366.77,5501.55,275.08,421.79,1375.35,4.81,-3.6,22.51,-26.11,114332.1
V8-F,97,2024-02-15,DEVELOPMENT,NIFTY50,PE,114332.1,75,3,48.54,3640.5,36.41,55.82,909.75,3.18,0.0,14.9,-14.9,114317.2
V8-F,98,2024-02-16,DEVELOPMENT,NIFTY50,CE,114317.2,25,1,176.4,4410.0,132.3,202.86,1102.5,3.86,-3.75,18.04,-21.79,114295.41
V8-F,99,2024-02-16,DEVELOPMENT,BANKNIFTY,CE,114295.41,15,1,380.64,5709.6,285.48,437.74,1427.4,5.0,-589.95,21.71,-611.66,113683.75
V8-F,100,2024-02-16,DEVELOPMENT,BANKNIFTY,CE,113683.75,15,1,341.16,5117.4,255.87,392.33,1279.35,4.5,-2.4,20.94,-23.34,113660.41
V8-F,101,2024-02-19,DEVELOPMENT,NIFTY50,PE,113660.41,25,1,137.89,3447.25,103.42,158.57,861.75,3.03,17.25,14.17,3.08,113663.49
V8-F,102,2024-02-19,DEVELOPMENT,BANKNIFTY,PE,113663.49,15,1,233.49,3502.35,175.12,268.51,875.55,3.08,-875.59,11.89,-887.48,112776.01
V8-F,103,2024-02-19,DEVELOPMENT,NIFTY50,CE,112776.01,25,1,149.58,3739.5,112.19,172.02,934.75,3.32,560.92,16.86,544.06,113320.07
V8-F,104,2024-02-20,DEVELOPMENT,BANKNIFTY,CE,113320.07,15,1,179.85,2697.75,134.89,206.83,674.4,2.38,404.66,12.17,392.49,113712.56
V8-F,105,2024-02-20,DEVELOPMENT,NIFTY50,CE,113712.56,25,1,109.73,2743.25,82.3,126.19,685.75,2.41,411.49,12.37,399.12,114111.68
V8-F,106,2024-02-20,DEVELOPMENT,BANKNIFTY,CE,114111.68,15,1,180.1,2701.5,135.07,207.11,675.45,2.37,405.22,12.18,393.04,114504.72
V8-F,107,2024-02-21,DEVELOPMENT,NIFTY50,PE,114504.72,50,2,85.41,4270.5,64.06,98.22,1067.5,3.73,640.57,19.26,621.31,115126.03
V8-F,108,2024-02-21,DEVELOPMENT,BANKNIFTY,PE,115126.03,30,2,104.4,3132.0,78.3,120.06,783.0,2.72,-12.6,12.8,-25.4,115100.63
V8-F,109,2024-02-21,DEVELOPMENT,NIFTY50,PE,115100.63,50,2,85.42,4271.0,64.06,98.23,1068.0,3.71,-0.5,17.48,-17.98,115082.65
V8-F,110,2024-02-22,DEVELOPMENT,NIFTY50,PE,115082.65,75,3,48.64,3648.0,36.48,55.94,912.0,3.17,547.2,16.44,530.76,115613.41
V8-F,111,2024-02-22,DEVELOPMENT,NIFTY50,PE,115613.41,50,2,72.69,3634.5,54.52,83.59,908.5,3.14,545.17,16.4,528.77,116142.18
V8-F,112,2024-02-22,DEVELOPMENT,NIFTY50,PE,116142.18,75,3,48.65,3648.75,36.49,55.95,912.0,3.14,-12.0,14.9,-26.9,116115.28
V8-F,113,2024-02-23,DEVELOPMENT,BANKNIFTY,CE,116115.28,15,1,351.38,5270.7,263.53,404.09,1317.75,4.54,790.6,23.77,766.84,116882.12
V8-F,114,2024-02-23,DEVELOPMENT,BANKNIFTY,CE,116882.12,15,1,346.04,5190.6,259.53,397.95,1297.65,4.44,-4.8,21.24,-26.04,116856.08
V8-F,115,2024-02-23,DEVELOPMENT,BANKNIFTY,PE,116856.08,15,1,346.27,5194.05,259.7,398.21,1298.55,4.44,0.0,21.25,-21.25,116834.83
V8-F,116,2024-02-26,DEVELOPMENT,NIFTY50,PE,116834.83,25,1,129.89,3247.25,97.42,149.37,811.75,2.78,487.09,14.65,472.44,117307.27
V8-F,117,2024-02-26,DEVELOPMENT,BANKNIFTY,PE,117307.27,15,1,231.46,3471.9,173.59,266.18,868.05,2.96,520.78,15.65,505.13,117812.4
V8-F,118,2024-02-26,DEVELOPMENT,BANKNIFTY,PE,117812.4,15,1,231.41,3471.15,173.56,266.12,867.75,2.95,520.67,15.65,505.02,118317.42
V8-F,119,2024-02-27,DEVELOPMENT,NIFTY50,CE,118317.42,25,1,134.35,3358.75,100.76,154.5,839.75,2.84,-350.75,12.77,-363.52,117953.9
V8-F,120,2024-02-27,DEVELOPMENT,BANKNIFTY,PE,117953.9,15,1,218.1,3271.5,163.57,250.81,817.95,2.77,490.72,14.76,475.96,118429.86
V8-F,121,2024-02-27,DEVELOPMENT,NIFTY50,CE,118429.86,25,1,109.89,2747.25,82.42,126.37,686.75,2.32,-5.0,11.22,-16.22,118413.64
V8-F,122,2024-02-28,DEVELOPMENT,BANKNIFTY,CE,118413.64,45,3,102.7,4621.5,77.03,118.1,1155.15,3.9,-2.25,18.9,-21.15,118392.49
V8-F,123,2024-02-28,DEVELOPMENT,BANKNIFTY,PE,118392.49,30,2,128.36,3850.8,96.27,147.61,962.7,3.25,577.62,17.37,560.25,118952.74
V8-F,124,2024-02-28,DEVELOPMENT,BANKNIFTY,PE,118952.74,45,3,102.63,4618.35,76.97,118.02,1154.7,3.88,692.75,20.82,671.93,119624.67
V8-F,125,2024-02-29,DEVELOPMENT,BANKNIFTY,PE,119624.67,15,1,387.48,5812.2,290.61,445.6,1453.05,4.86,-321.45,22.89,-344.34,119280.33
V8-F,126,2024-02-29,DEVELOPMENT,NIFTY50,CE,119280.33,75,3,61.45,4608.75,46.09,70.67,1152.0,3.86,691.31,20.77,670.54,119950.87
V8-F,127,2024-02-29,DEVELOPMENT,NIFTY50,CE,119950.87,75,3,49.6,3720.0,37.2,57.04,930.0,3.1,-930.0,12.63,-942.63,119008.24
V8-F,128,2024-03-01,DEVELOPMENT,NIFTY50,CE,119008.24,25,1,177.66,4441.5,133.25,204.31,1110.25,3.73,666.22,20.01,646.21,119654.45
V8-F,129,2024-03-01,DEVELOPMENT,NIFTY50,CE,119654.45,25,1,178.37,4459.25,133.78,205.13,1114.75,3.73,668.89,20.1,648.79,120303.24
V8-F,130,2024-03-01,DEVELOPMENT,BANKNIFTY,CE,120303.24,15,1,375.34,5630.1,281.5,431.64,1407.6,4.68,844.51,25.38,819.14,121122.38
V8-F,131,2024-03-04,DEVELOPMENT,NIFTY50,PE,121122.38,25,1,133.55,3338.75,100.16,153.58,834.75,2.76,-48.5,13.52,-62.02,121060.36
V8-F,132,2024-03-04,DEVELOPMENT,BANKNIFTY,CE,121060.36,15,1,261.8,3927.0,196.35,301.07,981.75,3.24,-143.4,15.69,-159.09,120901.27
V8-F,133,2024-03-04,DEVELOPMENT,BANKNIFTY,PE,120901.27,15,1,240.0,3600.0,180.0,276.0,900.0,2.98,-75.75,14.52,-90.27,120811.0
V8-F,134,2024-03-05,DEVELOPMENT,BANKNIFTY,CE,120811.0,15,1,182.03,2730.45,136.52,209.33,682.65,2.26,409.57,12.33,397.24,121208.24
V8-F,135,2024-03-05,DEVELOPMENT,BANKNIFTY,CE,121208.24,15,1,182.32,2734.8,136.74,209.67,683.7,2.26,-3.6,11.18,-14.78,121193.46
V8-F,136,2024-03-05,DEVELOPMENT,NIFTY50,PE,121193.46,25,1,110.77,2769.25,83.08,127.39,692.25,2.28,-1.5,11.33,-12.83,121180.63
V8-F,137,2024-03-06,DEVELOPMENT,NIFTY50,PE,121180.63,50,2,85.8,4290.0,64.35,98.67,1072.5,3.54,643.5,19.34,624.16,121804.79
V8-F,138,2024-03-06,DEVELOPMENT,NIFTY50,PE,121804.79,25,1,105.15,2628.75,78.86,120.92,657.25,2.16,394.31,11.87,382.44,122187.23
V8-F,139,2024-03-06,DEVELOPMENT,BANKNIFTY,CE,122187.23,45,3,106.47,4791.15,79.85,122.44,1197.9,3.92,718.67,21.6,697.07,122884.3
V8-F,140,2024-03-07,DEVELOPMENT,BANKNIFTY,PE,122884.3,15,1,402.13,6031.95,301.6,462.45,1507.95,4.91,-278.85,23.9,-302.75,122581.55
V8-F,141,2024-03-07,DEVELOPMENT,BANKNIFTY,PE,122581.55,15,1,382.84,5742.6,287.13,440.27,1435.65,4.68,-0.75,23.49,-24.24,122557.31
V8-F,142,2024-03-07,DEVELOPMENT,BANKNIFTY,PE,122557.31,15,1,392.89,5893.35,294.67,451.82,1473.3,4.81,-1473.34,20.03,-1493.37,121063.94
V8-F,143,2024-03-11,DEVELOPMENT,NIFTY50,PE,121063.94,25,1,132.6,3315.0,99.45,152.49,828.75,2.74,497.25,14.94,482.31,121546.25
V8-F,144,2024-03-11,DEVELOPMENT,BANKNIFTY,PE,121546.25,15,1,275.1,4126.5,206.33,316.37,1031.55,3.4,618.97,18.62,600.36,122146.61
V8-F,145,2024-03-11,DEVELOPMENT,BANKNIFTY,PE,122146.61,15,1,236.44,3546.6,177.33,271.91,886.65,2.9,531.99,15.99,516.0,122662.61
V8-F,146,2024-03-12,DEVELOPMENT,NIFTY50,CE,122662.61,25,1,124.41,3110.25,93.31,143.07,777.5,2.54,-347.5,11.77,-359.27,122303.34
V8-F,147,2024-03-12,DEVELOPMENT,NIFTY50,PE,122303.34,25,1,111.01,2775.25,83.26,127.66,693.75,2.27,416.29,12.51,403.78,122707.12
V8-F,148,2024-03-12,DEVELOPMENT,BANKNIFTY,CE,122707.12,15,1,182.08,2731.2,136.56,209.39,682.8,2.23,-2.85,11.17,-14.02,122693.1
V8-F,149,2024-03-13,DEVELOPMENT,NIFTY50,PE,122693.1,50,2,85.8,4290.0,64.35,98.67,1072.5,3.5,643.5,19.34,624.16,123317.26
V8-F,150,2024-03-13,DEVELOPMENT,NIFTY50,PE,123317.26,50,2,86.42,4321.0,64.81,99.38,1080.5,3.5,648.15,19.5,628.65,123945.91
V8-F,151,2024-03-13,DEVELOPMENT,BANKNIFTY,PE,123945.91,45,3,105.06,4727.7,78.8,120.82,1181.7,3.81,709.15,21.32,687.83,124633.74
V8-F,152,2024-03-14,DEVELOPMENT,NIFTY50,CE,124633.74,75,3,55.18,4138.5,41.38,63.46,1035.0,3.32,620.77,18.66,602.11,125235.85
V8-F,153,2024-03-14,DEVELOPMENT,BANKNIFTY,CE,125235.85,15,1,376.2,5643.0,282.15,432.63,1410.75,4.51,846.45,25.45,821.0,126056.85
V8-F,154,2024-03-14,DEVELOPMENT,BANKNIFTY,CE,126056.85,15,1,405.74,6086.1,304.31,466.6,1521.45,4.83,912.91,27.44,885.47,126942.32
V8-F,155,2024-03-15,DEVELOPMENT,NIFTY50,PE,126942.32,25,1,185.05,4626.25,138.79,212.81,1156.5,3.64,693.94,20.85,673.09,127615.41
V8-F,156,2024-03-15,DEVELOPMENT,NIFTY50,PE,127615.41,25,1,200.62,5015.5,150.47,230.71,1253.75,3.93,752.32,22.61,729.71,128345.12
V8-F,157,2024-03-15,DEVELOPMENT,NIFTY50,PE,128345.12,25,1,184.95,4623.75,138.71,212.69,1156.0,3.6,-235.25,18.28,-253.53,128091.59
V8-F,158,2024-03-18,DEVELOPMENT,BANKNIFTY,PE,128091.59,15,1,230.45,3456.75,172.84,265.02,864.15,2.7,518.51,15.59,502.92,128594.51
V8-F,159,2024-03-18,DEVELOPMENT,NIFTY50,PE,128594.51,25,1,129.01,3225.25,96.76,148.36,806.25,2.51,-5.25,13.18,-18.43,128576.08
V8-F,160,2024-03-18,DEVELOPMENT,BANKNIFTY,PE,128576.08,15,1,229.94,3449.1,172.45,264.43,862.35,2.68,517.36,15.56,501.8,129077.88
V8-F,161,2024-03-19,DEVELOPMENT,NIFTY50,PE,129077.88,25,1,108.51,2712.75,81.38,124.79,678.25,2.1,406.91,12.24,394.67,129472.55
V8-F,162,2024-03-19,DEVELOPMENT,BANKNIFTY,PE,129472.55,15,1,221.37,3320.55,166.03,254.58,830.1,2.56,498.08,14.98,483.1,129955.65
V8-F,163,2024-03-19,DEVELOPMENT,BANKNIFTY,PE,129955.65,15,1,200.7,3010.5,150.52,230.8,752.7,2.32,-339.3,11.38,-350.68,129604.97
V8-F,164,2024-03-20,DEVELOPMENT,BANKNIFTY,CE,129604.97,45,3,107.43,4834.35,80.57,123.54,1208.7,3.73,-1208.59,16.43,-1225.02,128379.95
V8-F,165,2024-03-20,DEVELOPMENT,NIFTY50,PE,128379.95,50,2,92.9,4645.0,69.68,106.83,1161.0,3.62,696.75,20.94,675.81,129055.76
V8-F,166,2024-03-20,DEVELOPMENT,BANKNIFTY,PE,129055.76,30,2,134.56,4036.8,100.92,154.74,1009.2,3.13,-981.0,13.8,-994.8,128060.96
V8-F,167,2024-03-21,DEVELOPMENT,NIFTY50,CE,128060.96,100,4,48.93,4893.0,36.7,56.27,1223.0,3.82,-16.0,19.98,-35.98,128024.98
V8-F,168,2024-03-21,DEVELOPMENT,BANKNIFTY,CE,128024.98,15,1,418.31,6274.65,313.73,481.06,1568.7,4.9,-656.85,23.86,-680.71,127344.27
V8-F,169,2024-03-21,DEVELOPMENT,BANKNIFTY,PE,127344.27,15,1,374.03,5610.45,280.52,430.13,1402.65,4.41,0.0,22.96,-22.96,127321.31
V8-F,170,2024-03-22,DEVELOPMENT,BANKNIFTY,CE,127321.31,15,1,344.52,5167.8,258.39,396.2,1291.95,4.06,775.17,23.31,751.86,128073.17
V8-F,171,2024-03-22,DEVELOPMENT,BANKNIFTY,CE,128073.17,15,1,345.27,5179.05,258.95,397.06,1294.8,4.04,776.86,23.36,753.5,128826.67
V8-F,172,2024-03-22,DEVELOPMENT,NIFTY50,CE,128826.67,25,1,176.38,4409.5,132.28,202.84,1102.5,3.42,661.42,19.89,641.53,129468.2
V8-F,173,2024-03-27,DEVELOPMENT,NIFTY50,CE,129468.2,50,2,85.2,4260.0,63.9,97.98,1065.0,3.29,639.0,19.22,619.78,130087.98
V8-F,174,2024-03-27,DEVELOPMENT,BANKNIFTY,CE,130087.98,45,3,105.05,4727.25,78.79,120.81,1181.7,3.63,709.09,21.31,687.78,130775.76
V8-F,175,2024-03-27,DEVELOPMENT,BANKNIFTY,CE,130775.76,30,2,144.56,4336.8,108.42,166.24,1084.2,3.32,-894.3,15.26,-909.56,129866.2
V8-F,176,2024-03-28,DEVELOPMENT,NIFTY50,CE,129866.2,100,4,49.51,4951.0,37.13,56.94,1238.0,3.81,742.65,22.32,720.33,130586.53
V8-F,177,2024-03-28,DEVELOPMENT,NIFTY50,CE,130586.53,75,3,61.1,4582.5,45.83,70.27,1145.25,3.51,-865.5,16.36,-881.86,129704.67
V8-F,178,2024-03-28,DEVELOPMENT,BANKNIFTY,CE,129704.67,15,1,385.48,5782.2,289.11,443.3,1445.55,4.46,-114.6,23.32,-137.92,129566.75
V8-F,179,2024-04-01,DEVELOPMENT,NIFTY50,CE,129566.75,25,1,140.18,3504.5,105.14,161.21,876.0,2.7,-211.5,13.77,-225.27,129341.48
V8-F,180,2024-04-01,DEVELOPMENT,NIFTY50,PE,129341.48,25,1,131.94,3298.5,98.95,151.73,824.75,2.55,0.0,13.51,-13.51,129327.97
V8-F,181,2024-04-01,DEVELOPMENT,NIFTY50,PE,129327.97,25,1,131.93,3298.25,98.95,151.72,824.5,2.55,0.25,13.51,-13.26,129314.71
V8-F,182,2024-04-02,DEVELOPMENT,NIFTY50,CE,129314.71,25,1,111.47,2786.75,83.6,128.19,696.75,2.16,-2.75,11.42,-14.17,129300.54
V8-F,183,2024-04-02,DEVELOPMENT,BANKNIFTY,CE,129300.54,15,1,183.02,2745.3,137.27,210.47,686.25,2.12,-3.3,11.22,-14.52,129286.02
V8-F,184,2024-04-02,DEVELOPMENT,BANKNIFTY,CE,129286.02,15,1,198.78,2981.7,149.09,228.6,745.35,2.31,447.25,13.46,433.8,129719.82
V8-F,185,2024-04-03,DEVELOPMENT,BANKNIFTY,CE,129719.82,45,3,105.44,4744.8,79.08,121.26,1186.2,3.66,-10.8,19.39,-30.19,129689.63
V8-F,186,2024-04-03,DEVELOPMENT,NIFTY50,CE,129689.63,50,2,86.2,4310.0,64.65,99.13,1077.5,3.32,646.5,19.43,627.07,130316.7
V8-F,187,2024-04-03,DEVELOPMENT,BANKNIFTY,CE,130316.7,30,2,128.16,3844.8,96.12,147.38,961.2,2.95,576.72,17.34,559.38,130876.08
V8-F,188,2024-04-04,DEVELOPMENT,NIFTY50,PE,130876.08,100,4,49.76,4976.0,37.32,57.22,1244.0,3.8,746.4,22.44,723.96,131600.04
V8-F,189,2024-04-04,DEVELOPMENT,NIFTY50,PE,131600.04,100,4,49.76,4976.0,37.32,57.22,1244.0,3.78,746.4,22.44,723.96,132324.0
V8-F,190,2024-04-04,DEVELOPMENT,NIFTY50,PE,132324.0,100,4,49.65,4965.0,37.24,57.1,1241.0,3.75,-19.0,20.28,-39.28,132284.72
V8-F,191,2024-04-05,DEVELOPMENT,BANKNIFTY,CE,132284.72,15,1,354.6,5319.0,265.95,407.79,1329.75,4.02,797.85,23.99,773.86,133058.58
V8-F,192,2024-04-05,DEVELOPMENT,BANKNIFTY,CE,133058.58,15,1,354.97,5324.55,266.23,408.22,1331.1,4.0,798.68,23.99,774.69,133833.27
V8-F,193,2024-04-05,DEVELOPMENT,NIFTY50,CE,133833.27,25,1,180.13,4503.25,135.1,207.15,1125.75,3.36,-0.5,18.42,-18.92,133814.35
V8-F,194,2024-04-08,DEVELOPMENT,NIFTY50,CE,133814.35,25,1,147.78,3694.5,110.84,169.95,923.5,2.76,554.17,16.65,537.52,134351.87
V8-F,195,2024-04-08,DEVELOPMENT,NIFTY50,CE,134351.87,25,1,135.19,3379.75,101.39,155.47,845.0,2.52,506.96,15.24,491.72,134843.59
V8-F,196,2024-04-08,DEVELOPMENT,NIFTY50,CE,134843.59,25,1,153.46,3836.5,115.09,176.48,959.25,2.85,-149.75,15.28,-165.03,134678.56
V8-F,197,2024-04-09,DEVELOPMENT,BANKNIFTY,CE,134678.56,15,1,187.96,2819.4,140.97,216.15,704.85,2.09,422.91,12.71,410.2,135088.76
V8-F,198,2024-04-09,DEVELOPMENT,BANKNIFTY,CE,135088.76,15,1,195.51,2932.65,146.63,224.84,733.2,2.17,-119.55,11.66,-131.21,134957.55
V8-F,199,2024-04-09,DEVELOPMENT,NIFTY50,PE,134957.55,25,1,112.48,2812.0,84.36,129.35,703.0,2.08,421.8,12.67,409.13,135366.68
V8-F,200,2024-04-10,DEVELOPMENT,BANKNIFTY,CE,135366.68,30,2,129.25,3877.5,96.94,148.64,969.3,2.86,581.62,17.49,564.13,135930.81
V8-F,201,2024-04-10,DEVELOPMENT,BANKNIFTY,CE,135930.81,45,3,115.11,5179.95,86.33,132.38,1295.1,3.81,776.99,23.37,753.62,136684.43
V8-F,202,2024-04-10,DEVELOPMENT,BANKNIFTY,CE,136684.43,45,3,108.54,4884.3,81.41,124.82,1220.85,3.57,-4.05,19.98,-24.03,136660.4
V8-F,203,2024-04-12,DEVELOPMENT,BANKNIFTY,PE,136660.4,15,1,400.31,6004.65,300.23,460.36,1501.2,4.39,-623.1,22.83,-645.93,136014.47
V8-F,204,2024-04-12,DEVELOPMENT,NIFTY50,PE,136014.47,25,1,193.32,4833.0,144.99,222.32,1208.25,3.55,-165.25,19.31,-184.56,135829.91
V8-F,205,2024-04-12,DEVELOPMENT,BANKNIFTY,PE,135829.91,15,1,358.06,5370.9,268.55,411.77,1342.65,3.95,805.63,24.2,781.43,136611.34
V8-F,206,2024-04-15,DEVELOPMENT,NIFTY50,PE,136611.34,25,1,131.35,3283.75,98.51,151.05,821.0,2.4,-8.5,13.42,-21.92,136589.42
V8-F,207,2024-04-15,DEVELOPMENT,BANKNIFTY,PE,136589.42,15,1,238.41,3576.15,178.81,274.17,894.0,2.62,-1.65,14.65,-16.3,136573.12
V8-F,208,2024-04-15,DEVELOPMENT,NIFTY50,CE,136573.12,25,1,131.26,3281.5,98.44,150.95,820.5,2.4,-1.0,13.43,-14.43,136558.69
V8-F,209,2024-04-16,DEVELOPMENT,NIFTY50,PE,136558.69,25,1,119.82,2995.5,89.86,137.79,749.0,2.19,-73.0,12.06,-85.06,136473.63
V8-F,210,2024-04-18,DEVELOPMENT,BANKNIFTY,PE,136473.63,15,1,390.1,5851.5,292.58,448.62,1462.8,4.29,37.8,24.05,13.75,136487.38
V8-F,211,2024-04-18,DEVELOPMENT,NIFTY50,CE,136487.38,75,3,59.39,4454.25,44.54,68.3,1113.75,3.26,-930.75,15.65,-946.4,135540.98
V8-F,212,2024-04-19,DEVELOPMENT,NIFTY50,CE,135540.98,25,1,191.8,4795.0,143.85,220.57,1198.75,3.54,719.25,21.61,697.64,136238.62
V8-F,213,2024-04-19,DEVELOPMENT,NIFTY50,CE,136238.62,25,1,182.69,4567.25,137.02,210.09,1141.75,3.35,685.09,20.6,664.49,136903.11
V8-F,214,2024-04-19,DEVELOPMENT,BANKNIFTY,CE,136903.11,15,1,354.36,5315.4,265.77,407.51,1328.85,3.88,797.31,23.96,773.35,137676.46
V8-F,215,2024-04-22,DEVELOPMENT,BANKNIFTY,PE,137676.46,15,1,248.34,3725.1,186.25,285.59,931.35,2.71,-164.7,14.78,-179.48,137496.98
V8-F,216,2024-04-22,DEVELOPMENT,BANKNIFTY,PE,137496.98,15,1,237.43,3561.45,178.07,273.04,890.4,2.59,-0.45,14.57,-15.02,137481.96
V8-F,217,2024-04-23,DEVELOPMENT,BANKNIFTY,PE,137481.96,15,1,185.27,2779.05,138.95,213.06,694.8,2.02,39.6,11.49,28.11,137510.07
V8-F,218,2024-04-23,DEVELOPMENT,NIFTY50,PE,137510.07,25,1,125.92,3148.0,94.44,144.81,787.0,2.29,-366.75,11.85,-378.6,137131.47
V8-F,219,2024-04-23,DEVELOPMENT,BANKNIFTY,PE,137131.47,15,1,203.63,3054.45,152.72,234.17,763.65,2.23,-284.85,11.7,-296.55,136834.92
V8-F,220,2024-04-24,DEVELOPMENT,BANKNIFTY,CE,136834.92,45,3,120.91,5440.95,90.68,139.05,1360.35,3.98,816.14,24.54,791.6,137626.52
V8-F,221,2024-04-24,DEVELOPMENT,NIFTY50,CE,137626.52,50,2,96.83,4841.5,72.62,111.35,1210.5,3.52,-525.5,18.36,-543.86,137082.66
V8-F,222,2024-04-24,DEVELOPMENT,NIFTY50,CE,137082.66,50,2,94.57,4728.5,70.93,108.76,1182.0,3.45,-368.5,18.32,-386.82,136695.84
V8-F,223,2024-04-25,DEVELOPMENT,BANKNIFTY,CE,136695.84,15,1,386.21,5793.15,289.66,444.14,1448.25,4.24,-90.45,23.45,-113.9,136581.94
V8-F,224,2024-04-25,DEVELOPMENT,BANKNIFTY,CE,136581.94,15,1,385.71,5785.65,289.28,443.57,1446.45,4.24,867.85,26.08,841.77,137423.71
V8-F,225,2024-04-25,DEVELOPMENT,NIFTY50,CE,137423.71,75,3,63.81,4785.75,47.86,73.38,1196.25,3.48,-330.0,18.65,-348.65,137075.06
V8-F,226,2024-04-26,DEVELOPMENT,NIFTY50,PE,137075.06,25,1,199.35,4983.75,149.51,229.25,1246.0,3.64,747.56,22.48,725.08,137800.14
V8-F,227,2024-04-26,DEVELOPMENT,BANKNIFTY,PE,137800.14,15,1,356.48,5347.2,267.36,409.95,1336.8,3.88,802.08,24.11,777.97,138578.11
V8-F,228,2024-04-26,DEVELOPMENT,BANKNIFTY,PE,138578.11,15,1,356.58,5348.7,267.44,410.07,1337.1,3.86,-2.25,21.89,-24.14,138553.97
V8-F,229,2024-04-29,DEVELOPMENT,NIFTY50,CE,138553.97,25,1,156.27,3906.75,117.2,179.71,976.75,2.82,586.01,17.62,568.39,139122.36
V8-F,230,2024-04-29,DEVELOPMENT,BANKNIFTY,CE,139122.36,15,1,242.51,3637.65,181.88,278.89,909.45,2.61,545.65,16.4,529.25,139651.61
V8-F,231,2024-04-29,DEVELOPMENT,NIFTY50,CE,139651.61,25,1,136.21,3405.25,102.16,156.64,851.25,2.44,510.79,15.35,495.44,140147.05
V8-F,232,2024-04-30,DEVELOPMENT,NIFTY50,CE,140147.05,25,1,112.87,2821.75,84.65,129.8,705.5,2.01,423.26,12.72,410.54,140557.59
V8-F,233,2024-04-30,DEVELOPMENT,BANKNIFTY,CE,140557.59,15,1,190.53,2857.95,142.9,219.11,714.45,2.03,428.69,12.89,415.8,140973.39
V8-F,234,2024-04-30,DEVELOPMENT,NIFTY50,CE,140973.39,25,1,112.86,2821.5,84.64,129.79,705.5,2.0,-7.0,11.53,-18.53,140954.86
V8-F,235,2024-05-02,DEVELOPMENT,NIFTY50,CE,140954.86,100,4,50.35,5035.0,37.76,57.9,1259.0,3.57,-14.0,20.57,-34.57,140920.29
V8-F,236,2024-05-02,DEVELOPMENT,NIFTY50,CE,140920.29,100,4,50.35,5035.0,37.76,57.9,1259.0,3.57,755.25,22.7,732.55,141652.84
V8-F,237,2024-05-02,DEVELOPMENT,BANKNIFTY,PE,141652.84,15,1,393.99,5909.85,295.49,453.09,1477.5,4.17,-10.95,24.15,-35.1,141617.74
V8-F,238,2024-05-03,DEVELOPMENT,NIFTY50,PE,141617.74,25,1,197.13,4928.25,147.85,226.7,1232.0,3.48,739.24,22.23,717.01,142334.75
V8-F,239,2024-05-03,DEVELOPMENT,BANKNIFTY,PE,142334.75,15,1,360.2,5403.0,270.15,414.23,1350.75,3.8,-62.7,21.93,-84.63,142250.12
V8-F,240,2024-05-03,DEVELOPMENT,BANKNIFTY,PE,142250.12,15,1,398.59,5978.85,298.94,458.38,1494.75,4.2,-585.9,22.85,-608.75,141641.37
V8-F,241,2024-05-06,DEVELOPMENT,NIFTY50,PE,141641.37,25,1,137.11,3427.75,102.83,157.68,857.0,2.42,-122.0,13.69,-135.69,141505.68
V8-F,242,2024-05-06,DEVELOPMENT,BANKNIFTY,CE,141505.68,15,1,243.58,3653.7,182.69,280.12,913.35,2.58,-6.0,14.94,-20.94,141484.74
V8-F,243,2024-05-06,DEVELOPMENT,NIFTY50,PE,141484.74,25,1,132.24,3306.0,99.18,152.08,826.5,2.34,-0.75,13.54,-14.29,141470.45
V8-F,244,2024-05-07,DEVELOPMENT,BANKNIFTY,PE,141470.45,15,1,227.1,3406.5,170.32,261.16,851.7,2.41,510.97,15.36,495.61,141966.06
V8-F,245,2024-05-07,DEVELOPMENT,BANKNIFTY,PE,141966.06,15,1,215.21,3228.15,161.41,247.49,807.0,2.27,484.22,14.56,469.66,142435.72
V8-F,246,2024-05-07,DEVELOPMENT,NIFTY50,PE,142435.72,50,2,110.52,5526.0,82.89,127.1,1381.5,3.88,-21.0,22.57,-43.57,142392.15
V8-F,247,2024-05-08,DEVELOPMENT,BANKNIFTY,PE,142392.15,30,2,154.5,4635.0,115.88,177.67,1158.6,3.26,-1454.4,14.93,-1469.33,140922.82
V8-F,248,2024-05-08,DEVELOPMENT,BANKNIFTY,PE,140922.82,45,3,121.03,5446.35,90.77,139.18,1361.7,3.86,-1361.59,18.51,-1380.1,139542.72
V8-F,249,2024-05-09,DEVELOPMENT,NIFTY50,PE,139542.72,100,4,54.88,5488.0,41.16,63.11,1372.0,3.93,823.2,24.75,798.45,140341.17
V8-F,250,2024-05-09,DEVELOPMENT,NIFTY50,PE,140341.17,100,4,49.2,4920.0,36.9,56.58,1230.0,3.51,0.0,20.13,-20.13,140321.04
V8-F,251,2024-05-09,DEVELOPMENT,BANKNIFTY,PE,140321.04,15,1,382.8,5742.0,287.1,440.22,1435.5,4.09,-0.15,23.49,-23.64,140297.4
V8-F,252,2024-05-10,DEVELOPMENT,BANKNIFTY,CE,140297.4,15,1,371.52,5572.8,278.64,427.25,1393.2,3.97,835.92,25.13,810.79,141108.19
V8-F,253,2024-05-10,DEVELOPMENT,NIFTY50,CE,141108.19,25,1,176.32,4408.0,132.24,202.77,1102.0,3.12,136.5,18.43,118.07,141226.26
V8-F,254,2024-05-10,DEVELOPMENT,BANKNIFTY,CE,141226.26,15,1,377.34,5660.1,283.0,433.94,1415.1,4.01,849.01,25.51,823.5,142049.76
V8-F,255,2024-05-13,DEVELOPMENT,NIFTY50,PE,142049.76,25,1,128.41,3210.25,96.31,147.67,802.5,2.26,481.54,14.48,467.06,142516.82
V8-F,256,2024-05-13,DEVELOPMENT,BANKNIFTY,PE,142516.82,15,1,281.99,4229.85,211.49,324.29,1057.5,2.97,-367.8,16.3,-384.1,142132.72
V8-F,257,2024-05-13,DEVELOPMENT,NIFTY50,PE,142132.72,25,1,129.01,3225.25,96.76,148.36,806.25,2.27,-1.0,13.19,-14.19,142118.53
V8-F,258,2024-05-14,DEVELOPMENT,NIFTY50,CE,142118.53,50,2,110.09,5504.5,82.57,126.6,1376.0,3.87,825.67,24.83,800.85,142919.38
V8-F,259,2024-05-14,DEVELOPMENT,NIFTY50,CE,142919.38,50,2,112.54,5627.0,84.41,129.42,1406.5,3.94,-137.0,22.64,-159.64,142759.74
V8-F,260,2024-05-14,DEVELOPMENT,BANKNIFTY,CE,142759.74,30,2,183.94,5518.2,137.95,211.53,1379.7,3.87,-8.7,22.55,-31.25,142728.49
V8-F,261,2024-05-15,DEVELOPMENT,NIFTY50,CE,142728.49,50,2,85.34,4267.0,64.0,98.14,1067.0,2.99,2.5,17.47,-14.97,142713.52
V8-F,262,2024-05-15,DEVELOPMENT,NIFTY50,PE,142713.52,50,2,107.43,5371.5,80.57,123.54,1343.0,3.76,-72.0,21.79,-93.79,142619.73
V8-F,263,2024-05-15,DEVELOPMENT,BANKNIFTY,PE,142619.73,45,3,105.74,4758.3,79.3,121.6,1189.8,3.34,713.74,21.47,692.27,143312.0
V8-F,264,2024-05-16,DEVELOPMENT,NIFTY50,PE,143312.0,75,3,58.26,4369.5,43.7,67.0,1092.0,3.05,655.42,19.71,635.71,143947.71
V8-F,265,2024-05-16,DEVELOPMENT,NIFTY50,PE,143947.71,75,3,59.41,4455.75,44.56,68.32,1113.75,3.1,668.36,20.1,648.26,144595.97
V8-F,266,2024-05-16,DEVELOPMENT,BANKNIFTY,PE,144595.97,15,1,398.63,5979.45,298.97,458.42,1494.9,4.14,-315.75,23.59,-339.34,144256.63
V8-F,267,2024-05-17,DEVELOPMENT,BANKNIFTY,CE,144256.63,15,1,353.44,5301.6,265.08,406.46,1325.4,3.68,795.24,23.91,771.33,145027.96
V8-F,268,2024-05-17,DEVELOPMENT,BANKNIFTY,CE,145027.96,15,1,363.37,5450.55,272.53,417.88,1362.6,3.76,817.58,24.57,793.01,145820.97
V8-F,269,2024-05-17,DEVELOPMENT,BANKNIFTY,CE,145820.97,15,1,374.42,5616.3,280.81,430.58,1404.15,3.85,-315.3,22.11,-337.41,145483.56
V8-F,270,2024-05-21,DEVELOPMENT,NIFTY50,CE,145483.56,25,1,118.95,2973.75,89.21,136.79,743.5,2.04,446.06,13.42,432.64,145916.2
V8-F,271,2024-05-21,DEVELOPMENT,NIFTY50,CE,145916.2,50,2,111.93,5596.5,83.95,128.72,1399.0,3.84,839.48,25.24,814.24,146730.44
V8-F,272,2024-05-21,DEVELOPMENT,NIFTY50,CE,146730.44,25,1,135.05,3376.25,101.29,155.31,844.0,2.3,-578.0,12.22,-590.22,146140.22
V8-F,273,2024-05-22,DEVELOPMENT,NIFTY50,PE,146140.22,50,2,93.11,4655.5,69.83,107.08,1164.0,3.19,-139.5,18.67,-158.17,145982.05
V8-F,274,2024-05-22,DEVELOPMENT,BANKNIFTY,PE,145982.05,45,3,105.96,4768.2,79.47,121.85,1192.05,3.27,715.23,21.52,693.71,146675.76
V8-F,275,2024-05-22,DEVELOPMENT,BANKNIFTY,PE,146675.76,45,3,121.33,5459.85,91.0,139.53,1364.85,3.72,818.98,24.62,794.36,147470.12
V8-F,276,2024-05-23,DEVELOPMENT,NIFTY50,CE,147470.12,75,3,74.31,5573.25,55.73,85.46,1393.5,3.78,835.99,25.13,810.86,148280.98
V8-F,277,2024-05-23,DEVELOPMENT,BANKNIFTY,CE,148280.98,15,1,386.37,5795.55,289.78,444.33,1448.85,3.91,869.33,26.14,843.19,149124.17
V8-F,278,2024-05-23,DEVELOPMENT,NIFTY50,CE,149124.17,75,3,75.52,5664.0,56.64,86.85,1416.0,3.8,849.6,25.54,824.06,149948.23
V8-F,279,2024-05-24,DEVELOPMENT,NIFTY50,CE,149948.23,25,1,186.93,4673.25,140.2,214.97,1168.25,3.12,-74.25,18.93,-93.18,149855.05
V8-F,280,2024-05-24,DEVELOPMENT,BANKNIFTY,CE,149855.05,15,1,360.03,5400.45,270.02,414.03,1350.15,3.6,810.07,24.36,785.71,150640.76
V8-F,281,2024-05-24,DEVELOPMENT,BANKNIFTY,CE,150640.76,15,1,367.84,5517.6,275.88,423.02,1379.4,3.66,-119.25,22.26,-141.51,150499.25
V8-F,282,2024-05-27,DEVELOPMENT,BANKNIFTY,CE,150499.25,15,1,244.28,3664.2,183.21,280.92,916.05,2.43,549.63,16.53,533.1,151032.35
V8-F,283,2024-05-27,DEVELOPMENT,NIFTY50,PE,151032.35,25,1,140.15,3503.75,105.11,161.17,876.0,2.32,-36.0,14.26,-50.26,150982.09
V8-F,284,2024-05-27,DEVELOPMENT,BANKNIFTY,CE,150982.09,15,1,263.42,3951.3,197.56,302.93,987.9,2.62,592.69,17.83,574.86,151556.95
V8-F,285,2024-05-28,DEVELOPMENT,BANKNIFTY,PE,151556.95,15,1,211.01,3165.15,158.26,242.66,791.25,2.09,-321.9,12.04,-333.94,151223.01
V8-F,286,2024-05-28,DEVELOPMENT,NIFTY50,PE,151223.01,25,1,127.56,3189.0,95.67,146.69,797.25,2.11,186.75,13.57,173.18,151396.19
V8-F,287,2024-05-28,DEVELOPMENT,BANKNIFTY,PE,151396.19,30,2,189.64,5689.2,142.23,218.09,1422.3,3.76,853.38,25.66,827.72,152223.91
V8-F,288,2024-05-29,DEVELOPMENT,NIFTY50,PE,152223.91,50,2,94.62,4731.0,70.97,108.81,1182.5,3.11,709.65,21.34,688.31,152912.22
V8-F,289,2024-05-29,DEVELOPMENT,NIFTY50,PE,152912.22,50,2,111.43,5571.5,83.57,128.14,1393.0,3.64,-957.5,20.13,-977.63,151934.59
V8-F,290,2024-05-29,DEVELOPMENT,BANKNIFTY,PE,151934.59,45,3,107.94,4857.3,80.95,124.13,1214.55,3.2,728.59,21.9,706.69,152641.28
V8-F,291,2024-05-30,DEVELOPMENT,BANKNIFTY,CE,152641.28,15,1,390.35,5855.25,292.76,448.9,1463.85,3.84,-53.7,23.82,-77.52,152563.76
V8-F,292,2024-05-30,DEVELOPMENT,NIFTY50,PE,152563.76,75,3,69.12,5184.0,51.84,79.49,1296.0,3.4,-1296.0,17.63,-1313.63,151250.13
V8-F,293,2024-05-30,DEVELOPMENT,NIFTY50,PE,151250.13,100,4,52.57,5257.0,39.43,60.46,1314.0,3.48,-255.0,20.81,-275.81,150974.32
V8-F,294,2024-05-31,DEVELOPMENT,NIFTY50,PE,150974.32,25,1,180.18,4504.5,135.13,207.21,1126.25,2.98,-10.5,18.41,-28.91,150945.41
V8-F,295,2024-05-31,DEVELOPMENT,BANKNIFTY,PE,150945.41,15,1,358.79,5381.85,269.09,412.61,1345.5,3.57,807.28,24.28,783.0,151728.41
V8-F,296,2024-05-31,DEVELOPMENT,BANKNIFTY,PE,151728.41,15,1,358.76,5381.4,269.07,412.57,1345.35,3.55,-2.25,22.02,-24.27,151704.14
V8-F,297,2024-06-04,DEVELOPMENT,BANKNIFTY,PE,151704.14,15,1,226.19,3392.85,169.64,260.12,848.25,2.24,508.93,15.31,493.62,152197.76
V8-F,298,2024-06-04,DEVELOPMENT,NIFTY50,PE,152197.76,50,2,106.52,5326.0,79.89,122.5,1331.5,3.5,-1489.5,17.65,-1507.15,150690.61
V8-F,299,2024-06-04,DEVELOPMENT,BANKNIFTY,PE,150690.61,30,2,178.49,5354.7,133.87,205.26,1338.6,3.55,-1477.5,17.81,-1495.31,149195.3
V8-F,300,2024-06-05,DEVELOPMENT,BANKNIFTY,PE,149195.3,45,3,103.95,4677.75,77.96,119.54,1169.55,3.14,701.66,21.1,680.56,149875.86
V8-F,301,2024-06-05,DEVELOPMENT,BANKNIFTY,PE,149875.86,45,3,125.26,5636.7,93.95,144.05,1408.95,3.76,-1409.17,19.15,-1428.32,148447.54
V8-F,302,2024-06-05,DEVELOPMENT,BANKNIFTY,CE,148447.54,45,3,105.84,4762.8,79.38,121.72,1190.7,3.21,714.42,21.48,692.94,149140.48
V8-F,303,2024-06-06,DEVELOPMENT,NIFTY50,CE,149140.48,100,4,50.8,5080.0,38.1,58.42,1270.0,3.41,762.0,22.9,739.1,149879.58
V8-F,304,2024-06-06,DEVELOPMENT,NIFTY50,CE,149879.58,100,4,50.85,5085.0,38.14,58.48,1271.0,3.39,-95.0,20.56,-115.56,149764.02
V8-F,305,2024-06-06,DEVELOPMENT,BANKNIFTY,CE,149764.02,15,1,402.78,6041.7,302.08,463.2,1510.5,4.03,-144.6,24.32,-168.92,149595.1
V8-F,306,2024-06-07,DEVELOPMENT,BANKNIFTY,CE,149595.1,15,1,404.16,6062.4,303.12,464.78,1515.6,4.05,909.36,27.34,882.02,150477.12
V8-F,307,2024-06-07,DEVELOPMENT,NIFTY50,CE,150477.12,25,1,184.05,4601.25,138.04,211.66,1150.25,3.06,690.19,20.76,669.43,151146.55
V8-F,308,2024-06-07,DEVELOPMENT,BANKNIFTY,CE,151146.55,15,1,411.15,6167.25,308.36,472.82,1541.85,4.08,925.09,27.82,897.27,152043.82
V8-F,309,2024-06-10,DEVELOPMENT,BANKNIFTY,PE,152043.82,15,1,247.86,3717.9,185.9,285.04,929.4,2.45,0.0,15.22,-15.22,152028.6
V8-F,310,2024-06-10,DEVELOPMENT,NIFTY50,PE,152028.6,25,1,137.2,3430.0,102.9,157.78,857.5,2.26,0.25,14.05,-13.8,152014.8
V8-F,311,2024-06-10,DEVELOPMENT,NIFTY50,PE,152014.8,25,1,136.62,3415.5,102.47,157.11,853.75,2.25,325.5,14.89,310.61,152325.41
V8-F,312,2024-06-11,DEVELOPMENT,BANKNIFTY,CE,152325.41,30,2,191.93,5757.9,143.95,220.72,1439.4,3.78,863.68,25.96,837.72,153163.13
V8-F,313,2024-06-11,DEVELOPMENT,BANKNIFTY,CE,153163.13,30,2,191.9,5757.0,143.93,220.69,1439.1,3.76,-39.6,23.46,-63.06,153100.07
V8-F,314,2024-06-11,DEVELOPMENT,BANKNIFTY,CE,153100.07,15,1,214.4,3216.0,160.8,246.56,804.0,2.1,8.4,13.19,-4.79,153095.28
V8-F,315,2024-06-12,DEVELOPMENT,NIFTY50,CE,153095.28,50,2,108.13,5406.5,81.1,124.35,1351.5,3.53,-913.0,19.58,-932.58,152162.7
V8-F,316,2024-06-12,DEVELOPMENT,BANKNIFTY,CE,152162.7,45,3,127.16,5722.2,95.37,146.23,1430.55,3.76,-1430.55,19.45,-1450.0,150712.7
V8-F,317,2024-06-12,DEVELOPMENT,BANKNIFTY,CE,150712.7,45,3,111.16,5002.2,83.37,127.83,1250.55,3.32,-16.65,20.42,-37.07,150675.63
V8-F,318,2024-06-13,DEVELOPMENT,BANKNIFTY,PE,150675.63,15,1,399.63,5994.45,299.72,459.57,1498.65,3.98,899.17,27.02,872.15,151547.78
V8-F,319,2024-06-13,DEVELOPMENT,NIFTY50,PE,151547.78,100,4,51.87,5187.0,38.9,59.65,1297.0,3.42,-3.0,21.24,-24.24,151523.54
V8-F,320,2024-06-13,DEVELOPMENT,NIFTY50,PE,151523.54,100,4,58.7,5870.0,44.03,67.5,1467.0,3.87,49.0,24.15,24.85,151548.39
V8-F,321,2024-06-14,DEVELOPMENT,BANKNIFTY,PE,151548.39,15,1,368.37,5525.55,276.28,423.63,1381.35,3.65,-2.85,22.59,-25.44,151522.95
V8-F,322,2024-06-14,DEVELOPMENT,BANKNIFTY,CE,151522.95,15,1,404.42,6066.3,303.31,465.08,1516.65,4.0,-545.85,23.3,-569.15,150953.8
V8-F,323,2024-06-18,DEVELOPMENT,BANKNIFTY,CE,150953.8,15,1,220.66,3309.9,165.5,253.76,827.4,2.19,496.48,14.93,481.55,151435.35
V8-F,324,2024-06-18,DEVELOPMENT,BANKNIFTY,CE,151435.35,30,2,198.79,5963.7,149.09,228.61,1491.0,3.94,894.55,26.89,867.66,152303.01
V8-F,325,2024-06-18,DEVELOPMENT,BANKNIFTY,CE,152303.01,15,1,214.53,3217.95,160.9,246.71,804.45,2.11,482.69,14.52,468.17,152771.18
V8-F,326,2024-06-19,DEVELOPMENT,BANKNIFTY,CE,152771.18,45,3,112.8,5076.0,84.6,129.72,1269.0,3.32,-24.3,20.69,-44.99,152726.19
V8-F,327,2024-06-19,DEVELOPMENT,NIFTY50,PE,152726.19,50,2,90.4,4520.0,67.8,103.96,1130.0,2.96,678.0,20.39,657.61,153383.8
V8-F,328,2024-06-19,DEVELOPMENT,BANKNIFTY,CE,153383.8,45,3,113.21,5094.45,84.91,130.19,1273.5,3.32,764.17,22.98,741.19,154124.99
V8-F,329,2024-06-20,DEVELOPMENT,BANKNIFTY,PE,154124.99,15,1,411.68,6175.2,308.76,473.43,1543.8,4.01,-1.2,25.25,-26.45,154098.54
V8-F,330,2024-06-20,DEVELOPMENT,BANKNIFTY,PE,154098.54,15,1,431.55,6473.25,323.66,496.28,1618.35,4.2,-212.85,25.9,-238.75,153859.79
V8-F,331,2024-06-20,DEVELOPMENT,NIFTY50,CE,153859.79,100,4,59.21,5921.0,44.41,68.09,1480.0,3.85,-695.0,22.29,-717.29,153142.5
V8-F,332,2024-06-21,DEVELOPMENT,BANKNIFTY,PE,153142.5,15,1,398.02,5970.3,298.51,457.72,1492.65,3.9,895.54,26.92,868.63,154011.13
V8-F,333,2024-06-21,DEVELOPMENT,BANKNIFTY,PE,154011.13,15,1,384.72,5770.8,288.54,442.43,1442.7,3.75,865.62,26.0,839.62,154850.75
V8-F,334,2024-06-21,DEVELOPMENT,BANKNIFTY,PE,154850.75,15,1,378.6,5679.0,283.95,435.39,1419.75,3.67,-12.0,23.19,-35.19,154815.56
V8-F,335,2024-06-24,DEVELOPMENT,BANKNIFTY,PE,154815.56,15,1,270.89,4063.35,203.17,311.52,1015.8,2.62,-241.8,15.95,-257.75,154557.81
V8-F,336,2024-06-24,DEVELOPMENT,BANKNIFTY,CE,154557.81,15,1,255.4,3831.0,191.55,293.71,957.75,2.48,574.65,17.27,557.38,155115.19
V8-F,337,2024-06-24,DEVELOPMENT,NIFTY50,CE,155115.19,25,1,147.26,3681.5,110.44,169.35,920.5,2.37,552.22,16.61,535.61,155650.8
V8-F,338,2024-06-25,DEVELOPMENT,NIFTY50,CE,155650.8,50,2,117.14,5857.0,87.86,134.71,1464.0,3.76,-17.0,23.93,-40.93,155609.87
V8-F,339,2024-06-25,DEVELOPMENT,BANKNIFTY,CE,155609.87,30,2,200.33,6009.9,150.25,230.38,1502.4,3.86,901.48,27.1,874.38,156484.25
V8-F,340,2024-06-25,DEVELOPMENT,NIFTY50,CE,156484.25,25,1,139.07,3476.75,104.3,159.93,869.25,2.22,521.51,15.69,505.82,156990.07
V8-F,341,2024-06-26,DEVELOPMENT,BANKNIFTY,PE,156990.07,45,3,116.61,5247.45,87.46,134.1,1311.75,3.34,-1311.86,17.82,-1329.68,155660.39
V8-F,342,2024-06-26,DEVELOPMENT,BANKNIFTY,PE,155660.39,45,3,133.69,6016.05,100.27,153.74,1503.9,3.86,-768.6,22.48,-791.08,154869.31
V8-F,343,2024-06-26,DEVELOPMENT,NIFTY50,CE,154869.31,50,2,91.73,4586.5,68.8,105.49,1146.5,2.96,-22.0,18.73,-40.73,154828.58
V8-F,344,2024-06-27,DEVELOPMENT,BANKNIFTY,CE,154828.58,15,1,424.88,6373.2,318.66,488.61,1593.3,4.12,-117.3,25.73,-143.03,154685.55
V8-F,345,2024-06-27,DEVELOPMENT,NIFTY50,CE,154685.55,75,3,65.88,4941.0,49.41,75.76,1235.25,3.19,-1235.25,16.78,-1252.03,153433.52
V8-F,346,2024-06-27,DEVELOPMENT,NIFTY50,CE,153433.52,100,4,53.08,5308.0,39.81,61.04,1327.0,3.46,796.2,23.95,772.25,154205.77
V8-F,347,2024-06-28,DEVELOPMENT,BANKNIFTY,CE,154205.77,15,1,389.76,5846.4,292.32,448.22,1461.6,3.79,-20.4,23.88,-44.28,154161.49
V8-F,348,2024-06-28,DEVELOPMENT,NIFTY50,CE,154161.49,25,1,193.34,4833.5,145.0,222.34,1208.5,3.14,-15.5,19.76,-35.26,154126.23
V8-F,349,2024-06-28,DEVELOPMENT,BANKNIFTY,PE,154126.23,15,1,407.11,6106.65,305.33,468.18,1526.7,3.96,916.0,27.51,888.49,155014.72
V8-F,350,2024-07-01,VALIDATION,BANKNIFTY,CE,155014.72,15,1,276.0,4140.0,207.0,317.4,1035.0,2.67,-249.6,16.26,-265.86,154748.86
V8-F,351,2024-07-01,VALIDATION,BANKNIFTY,CE,154748.86,15,1,296.58,4448.7,222.44,341.07,1112.1,2.87,-290.55,17.39,-307.94,154440.92
V8-F,352,2024-07-01,VALIDATION,NIFTY50,CE,154440.92,25,1,141.42,3535.5,106.06,162.63,884.0,2.29,530.32,15.95,514.37,154955.29
V8-F,353,2024-07-02,VALIDATION,NIFTY50,PE,154955.29,50,2,119.69,5984.5,89.77,137.64,1496.0,3.86,-3.0,24.47,-27.47,154927.82
V8-F,354,2024-07-02,VALIDATION,BANKNIFTY,PE,154927.82,15,1,226.13,3391.95,169.6,260.05,847.95,2.19,508.79,15.31,493.48,155421.3
V8-F,355,2024-07-02,VALIDATION,NIFTY50,PE,155421.3,25,1,132.53,3313.25,99.4,152.41,828.25,2.13,-254.25,12.87,-267.12,155154.18
V8-F,356,2024-07-03,VALIDATION,NIFTY50,CE,155154.18,50,2,93.35,4667.5,70.01,107.35,1167.0,3.01,5.0,19.11,-14.11,155140.07
V8-F,357,2024-07-03,VALIDATION,BANKNIFTY,CE,155140.07,30,2,166.88,5006.4,125.16,191.91,1251.6,3.23,750.96,22.58,728.38,155868.45
V8-F,358,2024-07-03,VALIDATION,BANKNIFTY,CE,155868.45,45,3,117.88,5304.6,88.41,135.56,1326.15,3.4,795.69,23.91,771.78,156640.23
V8-F,359,2024-07-04,VALIDATION,NIFTY50,CE,156640.23,100,4,54.03,5403.0,40.52,62.13,1351.0,3.45,-1.0,22.1,-23.1,156617.13
V8-F,360,2024-07-04,VALIDATION,BANKNIFTY,PE,156617.13,15,1,431.14,6467.1,323.36,495.81,1616.7,4.13,-115.05,26.14,-141.19,156475.94
V8-F,361,2024-07-04,VALIDATION,BANKNIFTY,PE,156475.94,15,1,463.51,6952.65,347.63,533.04,1738.2,4.44,-580.5,26.83,-607.33,155868.61
V8-F,362,2024-07-05,VALIDATION,NIFTY50,PE,155868.61,25,1,193.82,4845.5,145.37,222.89,1211.25,3.11,-4.75,19.81,-24.56,155844.05
V8-F,363,2024-07-05,VALIDATION,BANKNIFTY,PE,155844.05,15,1,388.16,5822.4,291.12,446.38,1455.6,3.74,42.3,23.93,18.37,155862.42
V8-F,364,2024-07-05,VALIDATION,NIFTY50,CE,155862.42,25,1,194.38,4859.5,145.78,223.54,1215.0,3.12,-10.0,19.85,-29.85,155832.57
V8-F,365,2024-07-08,VALIDATION,BANKNIFTY,CE,155832.57,15,1,260.9,3913.5,195.67,300.03,978.45,2.51,-1.65,16.01,-17.66,155814.91
V8-F,366,2024-07-08,VALIDATION,NIFTY50,PE,155814.91,25,1,158.14,3953.5,118.6,181.86,988.5,2.54,-161.0,15.72,-176.72,155638.19
V8-F,367,2024-07-08,VALIDATION,NIFTY50,PE,155638.19,25,1,163.47,4086.75,122.6,187.99,1021.75,2.63,-258.25,16.01,-274.26,155363.93
V8-F,368,2024-07-09,VALIDATION,NIFTY50,CE,155363.93,25,1,138.95,3473.75,104.21,159.79,868.5,2.24,521.06,15.65,505.41,155869.34
V8-F,369,2024-07-09,VALIDATION,NIFTY50,CE,155869.34,50,2,121.07,6053.5,90.8,139.23,1513.5,3.88,908.02,27.3,880.72,156750.06
V8-F,370,2024-07-09,VALIDATION,BANKNIFTY,CE,156750.06,30,2,202.12,6063.6,151.59,232.44,1515.9,3.87,-5.1,24.79,-29.89,156720.17
V8-F,371,2024-07-10,VALIDATION,BANKNIFTY,PE,156720.17,45,3,115.73,5207.85,86.8,133.09,1301.85,3.32,781.18,23.49,757.69,157477.86
V8-F,372,2024-07-10,VALIDATION,NIFTY50,PE,157477.86,50,2,93.11,4655.5,69.83,107.08,1164.0,2.96,-22.5,18.98,-41.48,157436.38
V8-F,373,2024-07-10,VALIDATION,BANKNIFTY,PE,157436.38,45,3,115.73,5207.85,86.8,133.09,1301.85,3.31,781.18,23.49,757.69,158194.07
V8-F,374,2024-07-11,VALIDATION,NIFTY50,PE,158194.07,100,4,53.87,5387.0,40.4,61.95,1347.0,3.41,-1.0,22.05,-23.05,158171.02
V8-F,375,2024-07-11,VALIDATION,BANKNIFTY,PE,158171.02,15,1,414.88,6223.2,311.16,477.11,1555.8,3.93,-17.7,25.41,-43.11,158127.91
V8-F,376,2024-07-11,VALIDATION,NIFTY50,PE,158127.91,100,4,53.87,5387.0,40.4,61.95,1347.0,3.41,-1.0,22.05,-23.05,158104.86
V8-F,377,2024-07-12,VALIDATION,BANKNIFTY,CE,158104.86,15,1,389.23,5838.45,291.92,447.61,1459.65,3.69,-64.35,23.72,-88.07,158016.79
V8-F,378,2024-07-12,VALIDATION,NIFTY50,CE,158016.79,25,1,196.08,4902.0,147.06,225.49,1225.5,3.1,735.3,22.11,713.19,158729.98
V8-F,379,2024-07-12,VALIDATION,BANKNIFTY,CE,158729.98,15,1,413.94,6209.1,310.45,476.03,1552.35,3.91,-411.3,24.26,-435.56,158294.42
V8-F,380,2024-07-15,VALIDATION,BANKNIFTY,PE,158294.42,15,1,296.81,4452.15,222.61,341.33,1113.0,2.81,-570.0,16.63,-586.63,157707.79
V8-F,381,2024-07-15,VALIDATION,BANKNIFTY,CE,157707.79,15,1,268.64,4029.6,201.48,308.94,1007.4,2.56,-129.0,16.14,-145.14,157562.65
V8-F,382,2024-07-15,VALIDATION,NIFTY50,CE,157562.65,25,1,144.47,3611.75,108.35,166.14,903.0,2.29,-3.0,14.77,-17.77,157544.88
V8-F,383,2024-07-16,VALIDATION,NIFTY50,CE,157544.88,25,1,126.82,3170.5,95.11,145.84,792.75,2.01,-113.25,12.66,-125.91,157418.97
V8-F,384,2024-07-16,VALIDATION,BANKNIFTY,PE,157418.97,15,1,212.88,3193.2,159.66,244.81,798.3,2.03,-52.95,12.93,-65.88,157353.09
V8-F,385,2024-07-16,VALIDATION,BANKNIFTY,PE,157353.09,30,2,201.61,6048.3,151.21,231.85,1512.0,3.84,-4.2,24.75,-28.95,157324.14
V8-F,386,2024-07-18,VALIDATION,NIFTY50,PE,157324.14,75,3,66.7,5002.5,50.03,76.7,1250.25,3.18,-896.25,17.97,-914.22,156409.92
V8-F,387,2024-07-18,VALIDATION,NIFTY50,CE,156409.92,100,4,54.73,5473.0,41.05,62.94,1368.0,3.5,-16.0,22.34,-38.34,156371.58
V8-F,388,2024-07-18,VALIDATION,BANKNIFTY,CE,156371.58,15,1,440.07,6601.05,330.05,506.08,1650.3,4.22,-306.45,26.16,-332.61,156038.97
V8-F,389,2024-07-19,VALIDATION,NIFTY50,PE,156038.97,25,1,197.83,4945.75,148.37,227.5,1236.5,3.17,741.86,22.31,719.55,156758.52
V8-F,390,2024-07-19,VALIDATION,NIFTY50,PE,156758.52,25,1,197.42,4935.5,148.06,227.03,1234.0,3.15,740.32,22.26,718.06,157476.58
V8-F,391,2024-07-19,VALIDATION,BANKNIFTY,PE,157476.58,15,1,385.32,5779.8,288.99,443.12,1444.95,3.67,866.97,26.05,840.92,158317.5
V8-F,392,2024-07-22,VALIDATION,BANKNIFTY,CE,158317.5,15,1,260.18,3902.7,195.13,299.21,975.75,2.47,-19.8,15.91,-35.71,158281.79
V8-F,393,2024-07-22,VALIDATION,NIFTY50,CE,158281.79,25,1,149.37,3734.25,112.03,171.78,933.5,2.36,-132.5,14.91,-147.41,158134.38
V8-F,394,2024-07-22,VALIDATION,BANKNIFTY,CE,158134.38,15,1,259.68,3895.2,194.76,298.63,973.8,2.46,77.25,16.16,61.09,158195.47
V8-F,395,2024-07-23,VALIDATION,NIFTY50,PE,158195.47,25,1,135.8,3395.0,101.85,156.17,848.75,2.15,509.25,15.32,493.93,158689.4
V8-F,396,2024-07-23,VALIDATION,BANKNIFTY,PE,158689.4,15,1,224.11,3361.65,168.08,257.73,840.45,2.12,-349.65,12.8,-362.45,158326.95
V8-F,397,2024-07-23,VALIDATION,NIFTY50,PE,158326.95,50,2,121.42,6071.0,91.06,139.63,1518.0,3.83,-1.0,24.84,-25.84,158301.11
V8-F,398,2024-07-24,VALIDATION,NIFTY50,CE,158301.11,50,2,93.91,4695.5,70.43,108.0,1174.0,2.97,-1173.87,15.95,-1189.83,157111.28
V8-F,399,2024-07-24,VALIDATION,BANKNIFTY,PE,157111.28,45,3,129.57,5830.65,97.18,149.01,1457.55,3.71,874.6,26.29,848.31,157959.59
V8-F,400,2024-07-24,VALIDATION,NIFTY50,PE,157959.59,50,2,104.34,5217.0,78.25,119.99,1304.5,3.3,-281.0,20.58,-301.58,157658.01
V8-F,401,2024-07-25,VALIDATION,BANKNIFTY,PE,157658.01,15,1,426.77,6401.55,320.08,490.79,1600.35,4.06,-315.15,25.31,-340.46,157317.55
V8-F,402,2024-07-25,VALIDATION,NIFTY50,CE,157317.55,100,4,54.12,5412.0,40.59,62.24,1353.0,3.44,811.8,24.41,787.39,158104.94
V8-F,403,2024-07-25,VALIDATION,NIFTY50,CE,158104.94,75,3,72.85,5463.75,54.64,83.78,1365.75,3.46,-1365.94,18.56,-1384.5,156720.44
V8-F,404,2024-07-26,VALIDATION,NIFTY50,CE,156720.44,25,1,197.2,4930.0,147.9,226.78,1232.5,3.15,739.5,22.23,717.27,157437.71
V8-F,405,2024-07-26,VALIDATION,NIFTY50,CE,157437.71,25,1,198.45,4961.25,148.84,228.22,1240.25,3.15,744.19,22.37,721.82,158159.53
V8-F,406,2024-07-26,VALIDATION,BANKNIFTY,CE,158159.53,15,1,401.01,6015.15,300.76,461.16,1503.75,3.8,-371.25,23.59,-394.84,157764.69
V8-F,407,2024-07-29,VALIDATION,BANKNIFTY,CE,157764.69,15,1,257.51,3862.65,193.13,296.14,965.7,2.45,579.4,17.42,561.98,158326.67
V8-F,408,2024-07-29,VALIDATION,NIFTY50,CE,158326.67,25,1,146.16,3654.0,109.62,168.08,913.5,2.31,-3.75,14.95,-18.7,158307.97
V8-F,409,2024-07-29,VALIDATION,NIFTY50,PE,158307.97,25,1,146.04,3651.0,109.53,167.95,912.75,2.31,547.65,16.45,531.2,158839.17
V8-F,410,2024-07-30,VALIDATION,NIFTY50,CE,158839.17,25,1,136.68,3417.0,102.51,157.18,854.25,2.15,-332.75,13.06,-345.81,158493.36
V8-F,411,2024-07-30,VALIDATION,NIFTY50,CE,158493.36,50,2,123.8,6190.0,92.85,142.37,1547.5,3.91,928.5,27.91,900.59,159393.95
V8-F,412,2024-07-30,VALIDATION,BANKNIFTY,CE,159393.95,30,2,198.82,5964.6,149.12,228.64,1491.0,3.74,894.69,26.89,867.8,160261.75
V8-F,413,2024-07-31,VALIDATION,NIFTY50,CE,160261.75,50,2,95.93,4796.5,71.95,110.32,1199.0,2.99,-22.0,19.58,-41.58,160220.17
V8-F,414,2024-07-31,VALIDATION,BANKNIFTY,CE,160220.17,45,3,114.42,5148.9,85.81,131.58,1287.45,3.21,1.35,21.08,-19.73,160200.44
V8-F,415,2024-07-31,VALIDATION,BANKNIFTY,PE,160200.44,45,3,134.01,6030.45,100.51,154.11,1507.5,3.76,904.57,27.19,877.38,161077.82
V8-F,416,2024-08-01,VALIDATION,NIFTY50,PE,161077.82,75,3,78.38,5878.5,58.78,90.14,1470.0,3.65,881.77,26.51,855.26,161933.08
V8-F,417,2024-08-01,VALIDATION,NIFTY50,PE,161933.08,75,3,75.1,5632.5,56.32,86.36,1408.5,3.48,844.87,25.39,819.48,162752.56
V8-F,418,2024-08-01,VALIDATION,BANKNIFTY,PE,162752.56,15,1,438.23,6573.45,328.67,503.96,1643.4,4.04,-182.1,26.4,-208.5,162544.06
V8-F,419,2024-08-02,VALIDATION,NIFTY50,PE,162544.06,25,1,221.54,5538.5,166.16,254.77,1384.5,3.41,830.77,24.96,805.81,163349.87
V8-F,420,2024-08-02,VALIDATION,BANKNIFTY,CE,163349.87,15,1,379.24,5688.6,284.43,436.13,1422.15,3.48,853.29,25.66,827.63,164177.5
V8-F,421,2024-08-02,VALIDATION,BANKNIFTY,CE,164177.5,15,1,394.96,5924.4,296.22,454.2,1481.1,3.61,27.15,24.33,2.82,164180.32
V8-F,422,2024-08-05,VALIDATION,BANKNIFTY,PE,164180.32,15,1,250.72,3760.8,188.04,288.33,940.2,2.29,564.12,16.96,547.16,164727.48
V8-F,423,2024-08-05,VALIDATION,NIFTY50,PE,164727.48,25,1,150.54,3763.5,112.91,173.12,940.75,2.28,564.52,16.98,547.54,165275.02
V8-F,424,2024-08-05,VALIDATION,BANKNIFTY,PE,165275.02,15,1,247.36,3710.4,185.52,284.46,927.6,2.24,-38.55,15.08,-53.63,165221.39
V8-F,425,2024-08-06,VALIDATION,NIFTY50,PE,165221.39,50,2,120.2,6010.0,90.15,138.23,1502.5,3.64,-1.5,24.59,-26.09,165195.3
V8-F,426,2024-08-06,VALIDATION,BANKNIFTY,PE,165195.3,30,2,192.75,5782.5,144.56,221.66,1445.7,3.5,-5.4,23.65,-29.05,165166.25
V8-F,427,2024-08-06,VALIDATION,BANKNIFTY,PE,165166.25,15,1,237.34,3560.1,178.0,272.94,890.1,2.16,534.01,16.07,517.94,165684.19
V8-F,428,2024-08-07,VALIDATION,BANKNIFTY,PE,165684.19,45,3,111.07,4998.15,83.3,127.73,1249.65,3.02,0.0,20.46,-20.46,165663.73
V8-F,429,2024-08-07,VALIDATION,NIFTY50,CE,165663.73,50,2,93.26,4663.0,69.95,107.25,1165.5,2.81,-11.0,19.06,-30.06,165633.67
V8-F,430,2024-08-07,VALIDATION,BANKNIFTY,PE,165633.67,45,3,121.34,5460.3,91.0,139.54,1365.3,3.3,-472.05,21.01,-493.06,165140.61
V8-F,431,2024-08-08,VALIDATION,BANKNIFTY,PE,165140.61,15,1,427.93,6418.95,320.95,492.12,1604.7,3.89,-66.45,26.09,-92.54,165048.07
V8-F,432,2024-08-08,VALIDATION,NIFTY50,PE,165048.07,100,4,54.68,5468.0,41.01,62.88,1367.0,3.31,-119.0,22.04,-141.04,164907.03
V8-F,433,2024-08-08,VALIDATION,NIFTY50,PE,164907.03,100,4,61.42,6142.0,46.06,70.63,1536.0,3.72,-768.0,23.0,-791.0,164116.03
V8-F,434,2024-08-09,VALIDATION,NIFTY50,CE,164116.03,25,1,207.02,5175.5,155.27,238.07,1293.75,3.15,291.0,21.99,269.01,164385.04
V8-F,435,2024-08-09,VALIDATION,BANKNIFTY,CE,164385.04,15,1,371.93,5578.95,278.95,427.72,1394.7,3.39,836.84,25.16,811.68,165196.72
V8-F,436,2024-08-12,VALIDATION,NIFTY50,PE,165196.72,25,1,147.64,3691.0,110.73,169.79,922.75,2.23,-89.5,14.87,-104.37,165092.35
V8-F,437,2024-08-12,VALIDATION,BANKNIFTY,PE,165092.35,15,1,299.58,4493.7,224.69,344.52,1123.35,2.72,-1123.42,15.27,-1138.69,163953.66
V8-F,438,2024-08-12,VALIDATION,BANKNIFTY,CE,163953.66,15,1,251.53,3772.95,188.65,289.26,943.2,2.3,565.94,17.02,548.92,164502.58
V8-F,439,2024-08-13,VALIDATION,BANKNIFTY,PE,164502.58,30,2,212.08,6362.4,159.06,243.89,1590.6,3.87,954.36,28.69,925.67,165428.25
V8-F,440,2024-08-13,VALIDATION,NIFTY50,PE,165428.25,50,2,120.7,6035.0,90.53,138.8,1508.5,3.65,-1.0,24.68,-25.68,165402.57
V8-F,441,2024-08-13,VALIDATION,BANKNIFTY,PE,165402.57,30,2,204.77,6143.1,153.58,235.49,1535.7,3.71,921.46,27.69,893.78,166296.35
V8-F,442,2024-08-14,VALIDATION,NIFTY50,PE,166296.35,50,2,92.72,4636.0,69.54,106.63,1159.0,2.79,-8.0,18.95,-26.95,166269.4
V8-F,443,2024-08-16,VALIDATION,NIFTY50,PE,166269.4,25,1,194.62,4865.5,145.97,223.81,1216.25,2.93,-2.0,19.9,-21.9,166247.5
V8-F,444,2024-08-16,VALIDATION,BANKNIFTY,CE,166247.5,15,1,370.7,5560.5,278.02,426.3,1390.2,3.34,834.07,25.08,808.99,167056.49
V8-F,445,2024-08-16,VALIDATION,NIFTY50,CE,167056.49,25,1,195.73,4893.25,146.8,225.09,1223.25,2.93,733.99,22.07,711.92,167768.41
V8-F,446,2024-08-19,VALIDATION,BANKNIFTY,PE,167768.41,15,1,285.1,4276.5,213.83,327.87,1069.05,2.55,641.47,19.3,622.18,168390.59
V8-F,447,2024-08-19,VALIDATION,BANKNIFTY,PE,168390.59,15,1,250.33,3754.95,187.75,287.88,938.7,2.23,-5.1,15.34,-20.44,168370.15
V8-F,448,2024-08-19,VALIDATION,NIFTY50,PE,168370.15,25,1,158.66,3966.5,119.0,182.46,991.5,2.36,38.25,16.36,21.89,168392.04
V8-F,449,2024-08-20,VALIDATION,NIFTY50,CE,168392.04,50,2,129.68,6484.0,97.26,149.13,1621.0,3.85,-360.5,25.52,-386.02,168006.02
V8-F,450,2024-08-20,VALIDATION,BANKNIFTY,CE,168006.02,30,2,195.33,5859.9,146.5,224.63,1464.9,3.49,878.98,26.43,852.55,168858.57
V8-F,451,2024-08-20,VALIDATION,NIFTY50,CE,168858.57,50,2,130.73,6536.5,98.05,150.34,1634.0,3.87,980.47,29.49,950.99,169809.56
V8-F,452,2024-08-21,VALIDATION,BANKNIFTY,PE,169809.56,45,3,125.88,5664.6,94.41,144.76,1416.15,3.34,849.69,25.54,824.15,170633.71
V8-F,453,2024-08-21,VALIDATION,NIFTY50,CE,170633.71,50,2,94.98,4749.0,71.23,109.23,1187.5,2.78,1.0,19.43,-18.43,170615.28
V8-F,454,2024-08-21,VALIDATION,NIFTY50,CE,170615.28,50,2,111.28,5564.0,83.46,127.97,1391.0,3.26,834.6,25.09,809.51,171424.79
V8-F,455,2024-08-22,VALIDATION,BANKNIFTY,CE,171424.79,15,1,426.4,6396.0,319.8,490.36,1599.0,3.73,959.4,28.85,930.55,172355.34
V8-F,456,2024-08-22,VALIDATION,BANKNIFTY,CE,172355.34,15,1,420.93,6313.95,315.7,484.07,1578.45,3.66,947.09,28.48,918.61,173273.95
V8-F,457,2024-08-22,VALIDATION,BANKNIFTY,CE,173273.95,15,1,432.72,6490.8,324.54,497.63,1622.7,3.75,-366.9,25.54,-392.44,172881.51
V8-F,458,2024-08-23,VALIDATION,NIFTY50,PE,172881.51,25,1,198.62,4965.5,148.97,228.41,1241.25,2.87,0.25,20.33,-20.08,172861.43
V8-F,459,2024-08-26,VALIDATION,NIFTY50,CE,172861.43,25,1,155.97,3899.25,116.98,179.37,974.75,2.26,584.89,17.59,567.3,173428.73
V8-F,460,2024-08-26,VALIDATION,BANKNIFTY,CE,173428.73,15,1,297.46,4461.9,223.09,342.08,1115.55,2.57,-652.95,16.45,-669.4,172759.33
V8-F,461,2024-08-26,VALIDATION,BANKNIFTY,CE,172759.33,15,1,274.41,4116.15,205.81,315.57,1029.0,2.38,-230.25,16.2,-246.45,172512.88
V8-F,462,2024-08-27,VALIDATION,NIFTY50,PE,172512.88,50,2,124.17,6208.5,93.13,142.8,1552.0,3.6,-0.5,25.41,-25.91,172486.97
V8-F,463,2024-08-27,VALIDATION,BANKNIFTY,PE,172486.97,30,2,196.22,5886.6,147.16,225.65,1471.8,3.41,-43.5,23.95,-67.45,172419.52
V8-F,464,2024-08-27,VALIDATION,NIFTY50,CE,172419.52,50,2,124.38,6219.0,93.28,143.04,1555.0,3.61,-3.0,25.44,-28.44,172391.08
V8-F,465,2024-08-28,VALIDATION,NIFTY50,PE,172391.08,50,2,96.19,4809.5,72.14,110.62,1202.5,2.79,-1.0,19.67,-20.67,172370.41
V8-F,466,2024-08-28,VALIDATION,BANKNIFTY,PE,172370.41,60,4,113.51,6810.6,85.13,130.54,1702.8,3.95,-6.6,27.85,-34.45,172335.96
V8-F,467,2024-08-28,VALIDATION,NIFTY50,CE,172335.96,50,2,96.47,4823.5,72.35,110.94,1206.0,2.8,723.52,21.76,701.76,173037.72
V8-F,468,2024-08-29,VALIDATION,BANKNIFTY,CE,173037.72,15,1,410.26,6153.9,307.69,471.8,1538.55,3.56,-22.65,25.11,-47.76,172989.96
V8-F,469,2024-08-29,VALIDATION,NIFTY50,CE,172989.96,100,4,55.71,5571.0,41.78,64.07,1393.0,3.22,-3.0,22.79,-25.79,172964.17
V8-F,470,2024-08-29,VALIDATION,NIFTY50,CE,172964.17,100,4,55.68,5568.0,41.76,64.03,1392.0,3.22,835.2,25.12,810.08,173774.25
V8-F,471,2024-08-30,VALIDATION,BANKNIFTY,CE,173774.25,15,1,395.26,5928.9,296.44,454.55,1482.3,3.41,-251.85,23.56,-275.41,173498.84
V8-F,472,2024-08-30,VALIDATION,BANKNIFTY,PE,173498.84,15,1,377.95,5669.25,283.46,434.64,1417.35,3.27,0.0,23.19,-23.19,173475.65
V8-F,473,2024-09-02,VALIDATION,BANKNIFTY,PE,173475.65,15,1,289.12,4336.8,216.84,332.49,1084.2,2.5,-356.85,16.76,-373.61,173102.04
V8-F,474,2024-09-02,VALIDATION,NIFTY50,PE,173102.04,25,1,152.97,3824.25,114.73,175.92,956.0,2.21,573.64,17.24,556.4,173658.44
V8-F,475,2024-09-02,VALIDATION,BANKNIFTY,PE,173658.44,15,1,254.81,3822.15,191.11,293.03,955.5,2.2,-1.35,15.63,-16.98,173641.46
V8-F,476,2024-09-03,VALIDATION,NIFTY50,PE,173641.46,50,2,125.41,6270.5,94.06,144.22,1567.5,3.61,0.5,25.66,-25.16,173616.3
V8-F,477,2024-09-03,VALIDATION,BANKNIFTY,PE,173616.3,15,1,246.82,3702.3,185.12,283.84,925.5,2.13,555.34,16.7,538.64,174154.94
V8-F,478,2024-09-03,VALIDATION,BANKNIFTY,PE,174154.94,15,1,238.89,3583.35,179.17,274.72,895.8,2.06,537.5,16.16,521.34,174676.28
V8-F,479,2024-09-04,VALIDATION,BANKNIFTY,PE,174676.28,30,2,156.04,4681.2,117.03,179.45,1170.3,2.68,702.18,21.11,681.07,175357.35
V8-F,480,2024-09-04,VALIDATION,NIFTY50,CE,175357.35,50,2,96.66,4833.0,72.5,111.16,1208.0,2.76,724.95,21.8,703.15,176060.5
V8-F,481,2024-09-04,VALIDATION,NIFTY50,CE,176060.5,50,2,96.89,4844.5,72.67,111.42,1211.0,2.75,285.5,20.64,264.86,176325.36
V8-F,482,2024-09-05,VALIDATION,NIFTY50,PE,176325.36,75,3,80.22,6016.5,60.16,92.25,1504.5,3.41,-1258.5,21.13,-1279.63,175045.73
V8-F,483,2024-09-05,VALIDATION,NIFTY50,PE,175045.73,75,3,75.09,5631.75,56.32,86.35,1407.75,3.22,844.76,25.38,819.38,175865.11
V8-F,484,2024-09-05,VALIDATION,BANKNIFTY,PE,175865.11,15,1,460.86,6912.9,345.64,529.99,1728.3,3.93,-240.15,27.62,-267.77,175597.34
V8-F,485,2024-09-06,VALIDATION,BANKNIFTY,PE,175597.34,15,1,383.31,5749.65,287.48,440.81,1437.45,3.27,862.45,25.93,836.52,176433.86
V8-F,486,2024-09-06,VALIDATION,NIFTY50,PE,176433.86,25,1,199.42,4985.5,149.56,229.33,1246.5,2.83,747.82,22.48,725.34,177159.2
V8-F,487,2024-09-06,VALIDATION,BANKNIFTY,PE,177159.2,15,1,376.68,5650.2,282.51,433.18,1412.55,3.19,847.53,25.47,822.06,177981.26
V8-F,488,2024-09-09,VALIDATION,NIFTY50,CE,177981.26,25,1,146.05,3651.25,109.54,167.96,912.75,2.05,-13.25,14.9,-28.15,177953.11
V8-F,489,2024-09-09,VALIDATION,BANKNIFTY,CE,177953.11,15,1,252.06,3780.9,189.05,289.87,945.15,2.12,567.13,17.03,550.1,178503.21
V8-F,490,2024-09-09,VALIDATION,BANKNIFTY,CE,178503.21,15,1,302.96,4544.4,227.22,348.4,1136.1,2.55,-635.4,16.84,-652.24,177850.97
V8-F,491,2024-09-10,VALIDATION,NIFTY50,PE,177850.97,50,2,141.55,7077.5,106.16,162.78,1769.5,3.98,-396.0,27.86,-423.86,177427.11
V8-F,492,2024-09-10,VALIDATION,BANKNIFTY,CE,177427.11,30,2,227.08,6812.4,170.31,261.14,1703.1,3.84,-912.0,25.34,-937.34,176489.77
V8-F,493,2024-09-10,VALIDATION,NIFTY50,CE,176489.77,50,2,131.32,6566.0,98.49,151.02,1641.5,3.72,10.0,26.89,-16.89,176472.88
V8-F,494,2024-09-11,VALIDATION,BANKNIFTY,CE,176472.88,60,4,113.75,6825.0,85.31,130.81,1706.4,3.87,1023.75,30.78,992.97,177465.85
V8-F,495,2024-09-11,VALIDATION,NIFTY50,CE,177465.85,50,2,96.39,4819.5,72.29,110.85,1205.0,2.72,-12.0,19.67,-31.67,177434.18
V8-F,496,2024-09-11,VALIDATION,BANKNIFTY,CE,177434.18,60,4,113.87,6832.2,85.4,130.95,1708.2,3.85,1024.83,30.8,994.03,178428.21
V8-F,497,2024-09-12,VALIDATION,BANKNIFTY,PE,178428.21,15,1,409.27,6139.05,306.95,470.66,1534.8,3.44,-7.95,25.11,-33.06,178395.15
V8-F,498,2024-09-12,VALIDATION,BANKNIFTY,PE,178395.15,15,1,409.22,6138.3,306.92,470.6,1534.5,3.44,-5.25,25.11,-30.36,178364.79
V8-F,499,2024-09-12,VALIDATION,NIFTY50,PE,178364.79,100,4,58.16,5816.0,43.62,66.88,1454.0,3.26,-1454.0,19.75,-1473.75,176891.04
V8-F,500,2024-09-13,VALIDATION,BANKNIFTY,CE,176891.04,15,1,381.7,5725.5,286.27,438.95,1431.45,3.24,858.82,25.81,833.01,177724.05
V8-F,501,2024-09-13,VALIDATION,BANKNIFTY,CE,177724.05,15,1,432.04,6480.6,324.03,496.85,1620.15,3.65,-361.05,25.51,-386.56,177337.49
V8-F,502,2024-09-16,VALIDATION,BANKNIFTY,CE,177337.49,15,1,285.69,4285.35,214.27,328.54,1071.3,2.42,-409.2,16.4,-425.6,176911.89
V8-F,503,2024-09-16,VALIDATION,NIFTY50,CE,176911.89,25,1,162.23,4055.75,121.67,186.56,1014.0,2.29,-326.5,15.68,-342.18,176569.71
V8-F,504,2024-09-16,VALIDATION,NIFTY50,PE,176569.71,25,1,148.98,3724.5,111.73,171.33,931.25,2.11,0.0,15.23,-15.23,176554.48
V8-F,505,2024-09-17,VALIDATION,NIFTY50,CE,176554.48,50,2,140.22,7011.0,105.16,161.25,1753.0,3.97,1051.65,31.63,1020.02,177574.5
V8-F,506,2024-09-17,VALIDATION,NIFTY50,CE,177574.5,50,2,126.21,6310.5,94.66,145.14,1577.5,3.55,-7.5,25.8,-33.3,177541.2
V8-F,507,2024-09-17,VALIDATION,BANKNIFTY,CE,177541.2,30,2,200.91,6027.3,150.68,231.05,1506.9,3.39,-9.0,24.63,-33.63,177507.57
V8-F,508,2024-09-18,VALIDATION,NIFTY50,CE,177507.57,50,2,97.77,4888.5,73.33,112.44,1222.0,2.75,-8.5,19.98,-28.48,177479.09
V8-F,509,2024-09-18,VALIDATION,NIFTY50,CE,177479.09,50,2,121.72,6086.0,91.29,139.98,1521.5,3.43,912.9,27.44,885.46,178364.55
V8-F,510,2024-09-18,VALIDATION,NIFTY50,CE,178364.55,50,2,108.27,5413.5,81.2,124.51,1353.5,3.04,812.02,24.41,787.61,179152.16
V8-F,511,2024-09-19,VALIDATION,NIFTY50,CE,179152.16,125,5,56.69,7086.25,42.52,65.19,1771.25,3.96,-71.25,28.79,-100.04,179052.12
V8-F,512,2024-09-19,VALIDATION,NIFTY50,PE,179052.12,100,4,64.08,6408.0,48.06,73.69,1602.0,3.58,961.2,28.89,932.31,179984.43
V8-F,513,2024-09-19,VALIDATION,BANKNIFTY,PE,179984.43,15,1,458.49,6877.35,343.87,527.26,1719.3,3.82,-442.8,26.92,-469.72,179514.71
V8-F,514,2024-09-20,VALIDATION,NIFTY50,CE,179514.71,25,1,207.59,5189.75,155.69,238.73,1297.5,2.89,778.46,23.41,755.05,180269.76
V8-F,515,2024-09-20,VALIDATION,BANKNIFTY,CE,180269.76,15,1,394.19,5912.85,295.64,453.32,1478.25,3.28,886.93,26.67,860.26,181130.02
V8-F,516,2024-09-20,VALIDATION,NIFTY50,CE,181130.02,25,1,216.23,5405.75,162.17,248.66,1351.5,2.98,810.86,24.36,786.5,181916.52
V8-F,517,2024-09-23,VALIDATION,BANKNIFTY,CE,181916.52,15,1,267.6,4014.0,200.7,307.74,1003.5,2.21,602.1,18.11,583.99,182500.51
V8-F,518,2024-09-23,VALIDATION,NIFTY50,CE,182500.51,25,1,152.12,3803.0,114.09,174.94,950.75,2.08,-18.0,15.51,-33.51,182467.0
V8-F,519,2024-09-23,VALIDATION,BANKNIFTY,CE,182467.0,15,1,297.83,4467.45,223.37,342.5,1116.9,2.45,670.12,20.14,649.98,183116.98
V8-F,520,2024-09-24,VALIDATION,NIFTY50,CE,183116.98,50,2,139.64,6982.0,104.73,160.59,1745.5,3.81,-539.5,27.06,-566.56,182550.42
V8-F,521,2024-09-24,VALIDATION,NIFTY50,CE,182550.42,25,1,151.49,3787.25,113.62,174.21,946.75,2.07,26.25,15.57,10.68,182561.1
V8-F,522,2024-09-24,VALIDATION,NIFTY50,CE,182561.1,50,2,143.5,7175.0,107.62,165.02,1794.0,3.93,1076.25,32.36,1043.89,183604.99
V8-F,523,2024-09-25,VALIDATION,BANKNIFTY,CE,183604.99,45,3,134.04,6031.8,100.53,154.15,1507.95,3.29,904.77,27.19,877.58,184482.57
V8-F,524,2024-09-25,VALIDATION,BANKNIFTY,CE,184482.57,45,3,151.21,6804.45,113.41,173.89,1701.0,3.69,-711.9,25.86,-737.76,183744.81
V8-F,525,2024-09-25,VALIDATION,NIFTY50,PE,183744.81,50,2,111.86,5593.0,83.89,128.64,1398.5,3.04,-610.5,21.2,-631.7,183113.11
V8-F,526,2024-09-26,VALIDATION,NIFTY50,CE,183113.11,75,3,80.86,6064.5,60.64,92.99,1516.5,3.31,909.67,27.34,882.33,183995.44
V8-F,527,2024-09-26,VALIDATION,NIFTY50,CE,183995.44,75,3,79.57,5967.75,59.68,91.51,1491.75,3.24,895.16,26.91,868.25,184863.69
V8-F,528,2024-09-26,VALIDATION,BANKNIFTY,CE,184863.69,15,1,433.38,6500.7,325.03,498.39,1625.25,3.52,-10.05,26.59,-36.64,184827.05
V8-F,529,2024-09-27,VALIDATION,NIFTY50,CE,184827.05,25,1,227.74,5693.5,170.81,261.9,1423.25,3.08,393.25,24.39,368.86,185195.91
V8-F,530,2024-09-27,VALIDATION,NIFTY50,PE,185195.91,25,1,230.99,5774.75,173.24,265.64,1443.75,3.12,-528.75,22.16,-550.91,184645.0
V8-F,531,2024-09-27,VALIDATION,NIFTY50,PE,184645.0,25,1,210.57,5264.25,157.93,242.16,1316.0,2.85,789.64,23.74,765.9,185410.9
V8-F,532,2024-09-30,VALIDATION,BANKNIFTY,PE,185410.9,15,1,264.24,3963.6,198.18,303.88,990.9,2.14,594.54,17.88,576.66,185987.56
V8-F,533,2024-09-30,VALIDATION,NIFTY50,PE,185987.56,25,1,152.19,3804.75,114.14,175.02,951.25,2.05,570.71,17.15,553.56,186541.12
V8-F,534,2024-09-30,VALIDATION,BANKNIFTY,PE,186541.12,15,1,301.33,4519.95,226.0,346.53,1129.95,2.42,677.99,20.39,657.6,187198.72
V8-F,535,2024-10-01,VALIDATION,NIFTY50,PE,187198.72,50,2,127.9,6395.0,95.93,147.09,1598.5,3.42,-14.5,26.13,-40.63,187158.09
V8-F,536,2024-10-01,VALIDATION,NIFTY50,PE,187158.09,50,2,130.05,6502.5,97.54,149.56,1625.5,3.47,62.5,26.78,35.72,187193.81
V8-F,537,2024-10-03,VALIDATION,BANKNIFTY,PE,187193.81,15,1,418.86,6282.9,314.14,481.69,1570.8,3.36,942.43,28.32,914.11,188107.92
V8-F,538,2024-10-03,VALIDATION,NIFTY50,PE,188107.92,125,5,56.08,7010.0,42.06,64.49,1752.5,3.73,1051.5,31.63,1019.87,189127.79
V8-F,539,2024-10-03,VALIDATION,BANKNIFTY,PE,189127.79,15,1,452.14,6782.1,339.11,519.96,1695.45,3.59,159.75,28.18,131.57,189259.36
V8-F,540,2024-10-04,VALIDATION,BANKNIFTY,CE,189259.36,15,1,403.66,6054.9,302.75,464.21,1513.65,3.2,908.23,27.3,880.93,190140.29
V8-F,541,2024-10-04,VALIDATION,BANKNIFTY,CE,190140.29,15,1,384.36,5765.4,288.27,442.01,1441.35,3.03,864.81,26.0,838.81,190979.1
V8-F,542,2024-10-04,VALIDATION,NIFTY50,CE,190979.1,25,1,220.39,5509.75,165.29,253.45,1377.5,2.89,826.46,24.83,801.63,191780.73
V8-F,543,2024-10-07,VALIDATION,BANKNIFTY,PE,191780.73,15,1,294.42,4416.3,220.81,338.58,1104.15,2.3,-582.9,16.43,-599.33,191181.4
V8-F,544,2024-10-07,VALIDATION,NIFTY50,PE,191181.4,50,2,147.22,7361.0,110.41,169.3,1840.5,3.85,1104.15,33.19,1070.96,192252.36
V8-F,545,2024-10-07,VALIDATION,BANKNIFTY,PE,192252.36,30,2,255.79,7673.7,191.84,294.16,1918.5,3.99,1151.05,34.61,1116.44,193368.8
V8-F,546,2024-10-08,VALIDATION,BANKNIFTY,CE,193368.8,30,2,195.62,5868.6,146.72,224.96,1467.0,3.03,880.29,26.46,853.83,194222.63
V8-F,547,2024-10-08,VALIDATION,NIFTY50,CE,194222.63,50,2,123.21,6160.5,92.41,141.69,1540.0,3.17,924.07,27.77,896.3,195118.93
V8-F,548,2024-10-08,VALIDATION,NIFTY50,CE,195118.93,50,2,123.61,6180.5,92.71,142.15,1545.0,3.17,927.07,27.86,899.21,196018.14
V8-F,549,2024-10-09,VALIDATION,NIFTY50,CE,196018.14,75,3,96.79,7259.25,72.59,111.31,1815.0,3.7,1088.89,32.73,1056.16,197074.3
V8-F,550,2024-10-09,VALIDATION,BANKNIFTY,CE,197074.3,60,4,117.72,7063.2,88.29,135.38,1765.8,3.58,-327.0,27.99,-354.99,196719.31
V8-F,551,2024-10-09,VALIDATION,BANKNIFTY,CE,196719.31,60,4,123.25,7395.0,92.44,141.74,1848.6,3.76,-1848.75,25.11,-1873.86,194845.45
V8-F,552,2024-10-10,VALIDATION,NIFTY50,PE,194845.45,125,5,55.53,6941.25,41.65,63.86,1735.0,3.56,-36.25,28.29,-64.54,194780.91
V8-F,553,2024-10-10,VALIDATION,NIFTY50,CE,194780.91,100,4,63.64,6364.0,47.73,73.19,1591.0,3.27,-801.0,23.8,-824.8,193956.11
V8-F,554,2024-10-10,VALIDATION,BANKNIFTY,CE,193956.11,15,1,456.35,6845.25,342.26,524.8,1711.35,3.53,1026.79,30.87,995.92,194952.03
V8-F,555,2024-10-11,VALIDATION,NIFTY50,CE,194952.03,25,1,200.01,5000.25,150.01,230.01,1250.0,2.56,-0.75,20.46,-21.21,194930.82
V8-F,556,2024-10-11,VALIDATION,BANKNIFTY,PE,194930.82,15,1,389.99,5849.85,292.49,448.49,1462.5,3.0,-222.45,23.33,-245.78,194685.04
V8-F,557,2024-10-11,VALIDATION,NIFTY50,PE,194685.04,25,1,205.66,5141.5,154.25,236.51,1285.25,2.64,-145.75,20.63,-166.38,194518.66
V8-F,558,2024-10-14,VALIDATION,NIFTY50,CE,194518.66,50,2,150.69,7534.5,113.02,173.29,1883.5,3.87,1130.17,33.99,1096.18,195614.84
V8-F,559,2024-10-14,VALIDATION,BANKNIFTY,CE,195614.84,30,2,256.77,7703.1,192.58,295.29,1925.7,3.94,1155.46,34.74,1120.72,196735.56
V8-F,560,2024-10-14,VALIDATION,NIFTY50,CE,196735.56,50,2,150.28,7514.0,112.71,172.82,1878.5,3.82,-153.5,30.33,-183.83,196551.73
V8-F,561,2024-10-15,VALIDATION,NIFTY50,PE,196551.73,50,2,147.19,7359.5,110.39,169.27,1840.0,3.74,-926.5,27.55,-954.05,195597.68
V8-F,562,2024-10-15,VALIDATION,NIFTY50,PE,195597.68,50,2,124.43,6221.5,93.32,143.09,1555.5,3.18,-3.5,25.45,-28.95,195568.73
V8-F,563,2024-10-15,VALIDATION,BANKNIFTY,PE,195568.73,30,2,198.92,5967.6,149.19,228.76,1491.9,3.05,-29.4,24.33,-53.73,195515.0
V8-F,564,2024-10-16,VALIDATION,NIFTY50,CE,195515.0,50,2,114.53,5726.5,85.9,131.71,1431.5,2.93,-843.5,21.07,-864.57,194650.43
V8-F,565,2024-10-16,VALIDATION,BANKNIFTY,CE,194650.43,45,3,161.93,7286.85,121.45,186.22,1821.6,3.74,-1325.25,26.12,-1351.37,193299.06
V8-F,566,2024-10-16,VALIDATION,NIFTY50,CE,193299.06,75,3,96.25,7218.75,72.19,110.69,1804.5,3.73,-6.0,29.53,-35.53,193263.53
V8-F,567,2024-10-17,VALIDATION,NIFTY50,PE,193263.53,125,5,57.98,7247.5,43.48,66.68,1812.5,3.75,1087.12,32.69,1054.43,194317.96
V8-F,568,2024-10-17,VALIDATION,BANKNIFTY,PE,194317.96,15,1,410.83,6162.45,308.12,472.45,1540.65,3.17,924.37,27.77,896.6,195214.56
V8-F,569,2024-10-17,VALIDATION,BANKNIFTY,PE,195214.56,15,1,455.14,6827.1,341.36,523.41,1706.7,3.5,-664.65,26.07,-690.72,194523.84
V8-F,570,2024-10-18,VALIDATION,NIFTY50,CE,194523.84,25,1,201.6,5040.0,151.2,231.84,1260.0,2.59,-96.0,20.36,-116.36,194407.48
V8-F,571,2024-10-18,VALIDATION,BANKNIFTY,CE,194407.48,15,1,413.03,6195.45,309.77,474.98,1548.9,3.19,929.32,27.94,901.38,195308.86
V8-F,572,2024-10-18,VALIDATION,NIFTY50,CE,195308.86,25,1,198.95,4973.75,149.21,228.79,1243.5,2.55,746.06,22.44,723.62,196032.48
V8-F,573,2024-10-21,VALIDATION,NIFTY50,PE,196032.48,50,2,145.73,7286.5,109.3,167.59,1821.5,3.72,1.0,29.83,-28.83,196003.65
V8-F,574,2024-10-21,VALIDATION,NIFTY50,PE,196003.65,50,2,145.74,7287.0,109.31,167.6,1821.5,3.72,1093.05,32.86,1060.19,197063.84
V8-F,575,2024-10-21,VALIDATION,BANKNIFTY,PE,197063.84,15,1,279.92,4198.8,209.94,321.91,1049.7,2.13,629.82,18.93,610.89,197674.73
V8-F,576,2024-10-22,VALIDATION,BANKNIFTY,CE,197674.73,30,2,243.08,7292.4,182.31,279.54,1823.1,3.69,-1354.8,26.09,-1380.89,196293.84
V8-F,577,2024-10-22,VALIDATION,NIFTY50,CE,196293.84,50,2,141.34,7067.0,106.0,162.54,1767.0,3.6,257.0,29.64,227.36,196521.2
V8-F,578,2024-10-22,VALIDATION,NIFTY50,PE,196521.2,50,2,143.53,7176.5,107.65,165.06,1794.0,3.65,1076.47,32.36,1044.11,197565.31
V8-F,579,2024-10-23,VALIDATION,NIFTY50,CE,197565.31,75,3,94.21,7065.75,70.66,108.34,1766.25,3.58,1059.86,31.88,1027.98,198593.29
V8-F,580,2024-10-23,VALIDATION,NIFTY50,CE,198593.29,75,3,94.32,7074.0,70.74,108.47,1768.5,3.56,1061.1,31.89,1029.21,199622.5
V8-F,581,2024-10-23,VALIDATION,NIFTY50,CE,199622.5,50,2,115.5,5775.0,86.62,132.82,1444.0,2.89,866.25,26.04,840.21,200462.71
V8-F,582,2024-10-24,VALIDATION,NIFTY50,PE,200462.71,100,4,72.73,7273.0,54.55,83.64,1818.0,3.63,65.0,29.95,35.05,200497.76
V8-F,583,2024-10-24,VALIDATION,NIFTY50,PE,200497.76,125,5,54.2,6775.0,40.65,62.33,1693.75,3.38,0.0,27.72,-27.72,200470.04
V8-F,584,2024-10-24,VALIDATION,BANKNIFTY,CE,200470.04,15,1,414.21,6213.15,310.66,476.34,1553.25,3.1,-18.0,25.36,-43.36,200426.68
V8-F,585,2024-10-25,VALIDATION,NIFTY50,PE,200426.68,25,1,194.59,4864.75,145.94,223.78,1216.25,2.43,729.71,21.94,707.77,201134.45
V8-F,586,2024-10-25,VALIDATION,BANKNIFTY,PE,201134.45,15,1,372.03,5580.45,279.02,427.83,1395.15,2.77,837.07,25.17,811.9,201946.35
V8-F,587,2024-10-25,VALIDATION,NIFTY50,PE,201946.35,25,1,206.07,5151.75,154.55,236.98,1288.0,2.55,772.76,23.24,749.52,202695.87
V8-F,588,2024-10-28,VALIDATION,BANKNIFTY,CE,202695.87,30,2,255.61,7668.3,191.71,293.95,1917.0,3.78,1150.24,34.58,1115.66,203811.53
V8-F,589,2024-10-28,VALIDATION,NIFTY50,CE,203811.53,50,2,143.36,7168.0,107.52,164.86,1792.0,3.52,1075.2,32.34,1042.86,204854.39
V8-F,590,2024-10-28,VALIDATION,BANKNIFTY,CE,204854.39,30,2,255.07,7652.1,191.3,293.33,1913.1,3.74,1147.81,34.53,1113.28,205967.67
V8-F,591,2024-10-29,VALIDATION,NIFTY50,PE,205967.67,50,2,141.24,7062.0,105.93,162.43,1765.5,3.43,-1053.0,25.98,-1078.98,204888.69
V8-F,592,2024-10-29,VALIDATION,NIFTY50,PE,204888.69,50,2,133.13,6656.5,99.85,153.1,1664.0,3.25,-59.5,27.09,-86.59,204802.1
V8-F,593,2024-10-29,VALIDATION,BANKNIFTY,CE,204802.1,30,2,232.37,6971.1,174.28,267.23,1742.7,3.4,1045.67,31.43,1014.24,205816.34
V8-F,594,2024-10-30,VALIDATION,BANKNIFTY,PE,205816.34,45,3,154.49,6952.05,115.87,177.66,1737.9,3.38,1042.81,31.33,1011.48,206827.82
V8-F,595,2024-10-30,VALIDATION,BANKNIFTY,PE,206827.82,60,4,125.4,7524.0,94.05,144.21,1881.0,3.64,1128.6,33.95,1094.65,207922.47
V8-F,596,2024-10-30,VALIDATION,NIFTY50,CE,207922.47,75,3,94.0,7050.0,70.5,108.1,1762.5,3.39,1057.5,31.8,1025.7,208948.17
V8-F,597,2024-10-31,VALIDATION,NIFTY50,PE,208948.17,125,5,62.24,7780.0,46.68,71.58,1945.0,3.72,1167.0,35.07,1131.93,210080.1
V8-F,598,2024-10-31,VALIDATION,BANKNIFTY,CE,210080.1,15,1,449.73,6745.95,337.3,517.19,1686.45,3.21,-105.0,27.3,-132.3,209947.8
V8-F,599,2024-10-31,VALIDATION,NIFTY50,PE,209947.8,150,6,53.87,8080.5,40.4,61.95,2020.5,3.85,1212.07,36.45,1175.62,211123.42
V8-F,600,2024-11-04,VALIDATION,BANKNIFTY,PE,211123.42,30,2,254.8,7644.0,191.1,293.02,1911.0,3.62,1146.6,34.48,1112.12,212235.54
V8-F,601,2024-11-04,VALIDATION,NIFTY50,PE,212235.54,50,2,140.17,7008.5,105.13,161.2,1752.0,3.3,-64.5,28.52,-93.02,212142.52
V8-F,602,2024-11-04,VALIDATION,NIFTY50,PE,212142.52,50,2,140.46,7023.0,105.34,161.53,1756.0,3.31,0.0,28.72,-28.72,212113.8
V8-F,603,2024-11-05,VALIDATION,BANKNIFTY,CE,212113.8,30,2,196.83,5904.9,147.62,226.35,1476.3,2.78,-1476.23,20.06,-1496.29,210617.51
V8-F,604,2024-11-05,VALIDATION,BANKNIFTY,PE,210617.51,30,2,196.23,5886.9,147.17,225.66,1471.8,2.8,883.03,26.55,856.48,211473.99
V8-F,605,2024-11-05,VALIDATION,NIFTY50,PE,211473.99,50,2,118.46,5923.0,88.84,136.23,1481.0,2.8,-35.0,24.15,-59.15,211414.84
V8-G,1,2024-01-01,DEVELOPMENT,NIFTY50,CE,100000.0,25,1,127.68,3192.0,95.76,146.83,798.0,3.19,-4.75,13.06,-17.81,99982.19
V8-G,2,2024-01-01,DEVELOPMENT,NIFTY50,CE,99982.19,25,1,127.53,3188.25,95.65,146.66,797.0,3.19,478.24,14.4,463.84,100446.03
V8-G,3,2024-01-01,DEVELOPMENT,BANKNIFTY,CE,100446.03,15,1,258.55,3878.25,193.91,297.33,969.6,3.86,-168.45,15.4,-183.85,100262.18
V8-G,4,2024-01-02,DEVELOPMENT,NIFTY50,PE,100262.18,25,1,107.28,2682.0,80.46,123.37,670.5,2.67,402.3,12.1,390.2,100652.38
V8-G,5,2024-01-02,DEVELOPMENT,BANKNIFTY,PE,100652.38,15,1,214.66,3219.9,161.0,246.86,804.9,3.2,482.98,14.52,468.46,101120.84
V8-G,6,2024-01-02,DEVELOPMENT,NIFTY50,PE,101120.84,25,1,107.29,2682.25,80.47,123.38,670.5,2.65,-3.0,10.98,-13.98,101106.86
V8-G,7,2024-01-03,DEVELOPMENT,BANKNIFTY,PE,101106.86,15,1,139.34,2090.1,104.5,160.24,522.6,2.07,313.51,9.43,304.08,101410.94
V8-G,8,2024-01-03,DEVELOPMENT,NIFTY50,PE,101410.94,25,1,97.2,2430.0,72.9,111.78,607.5,2.4,364.5,10.95,353.55,101764.49
V8-G,9,2024-01-03,DEVELOPMENT,NIFTY50,PE,101764.49,25,1,82.9,2072.5,62.18,95.33,518.0,2.04,-1.5,8.47,-9.97,101754.52
V8-G,10,2024-01-04,DEVELOPMENT,BANKNIFTY,CE,101754.52,15,1,383.92,5758.8,287.94,441.51,1439.7,5.66,863.82,25.96,837.86,102592.38
V8-G,11,2024-01-04,DEVELOPMENT,NIFTY50,CE,102592.38,75,3,48.02,3601.5,36.02,55.22,900.0,3.51,540.22,16.23,523.99,103116.37
V8-G,12,2024-01-04,DEVELOPMENT,NIFTY50,CE,103116.37,75,3,48.05,3603.75,36.04,55.26,900.75,3.49,540.56,16.24,524.32,103640.69
V8-G,13,2024-01-05,DEVELOPMENT,BANKNIFTY,PE,103640.69,15,1,356.6,5349.0,267.45,410.09,1337.25,5.16,802.35,24.12,778.23,104418.92
V8-G,14,2024-01-05,DEVELOPMENT,NIFTY50,PE,104418.92,25,1,187.63,4690.75,140.72,215.77,1172.75,4.49,-333.5,18.26,-351.76,104067.16
V8-G,15,2024-01-05,DEVELOPMENT,BANKNIFTY,PE,104067.16,15,1,354.33,5314.95,265.75,407.48,1328.7,5.11,0.45,21.76,-21.31,104045.85
V8-G,16,2024-01-08,DEVELOPMENT,NIFTY50,PE,104045.85,25,1,151.97,3799.25,113.98,174.77,949.75,3.65,-435.75,14.34,-450.09,103595.76
V8-G,17,2024-01-08,DEVELOPMENT,BANKNIFTY,PE,103595.76,15,1,238.41,3576.15,178.81,274.17,894.0,3.45,0.15,14.65,-14.5,103581.26
V8-G,18,2024-01-08,DEVELOPMENT,NIFTY50,PE,103581.26,25,1,141.43,3535.75,106.07,162.64,884.0,3.41,530.36,15.95,514.41,104095.67
V8-G,19,2024-01-09,DEVELOPMENT,BANKNIFTY,CE,104095.67,15,1,204.79,3071.85,153.59,235.51,768.0,2.95,-332.55,11.66,-344.21,103751.46
V8-G,20,2024-01-09,DEVELOPMENT,NIFTY50,CE,103751.46,25,1,107.66,2691.5,80.75,123.81,672.75,2.59,403.72,12.13,391.59,104143.05
V8-G,21,2024-01-09,DEVELOPMENT,BANKNIFTY,CE,104143.05,15,1,183.91,2758.65,137.93,211.5,689.7,2.65,-4.8,11.28,-16.08,104126.97
V8-G,22,2024-01-10,DEVELOPMENT,BANKNIFTY,CE,104126.97,30,2,118.86,3565.8,89.14,136.69,891.6,3.42,-416.1,13.44,-429.54,103697.43
V8-G,23,2024-01-10,DEVELOPMENT,BANKNIFTY,CE,103697.43,30,2,104.9,3147.0,78.68,120.63,786.6,3.03,-3.0,12.89,-15.89,103681.54
V8-G,24,2024-01-10,DEVELOPMENT,BANKNIFTY,CE,103681.54,30,2,109.45,3283.5,82.09,125.87,820.8,3.17,492.52,14.81,477.71,104159.25
V8-G,25,2024-01-11,DEVELOPMENT,NIFTY50,PE,104159.25,75,3,48.09,3606.75,36.07,55.3,901.5,3.46,541.01,16.28,524.73,104683.98
V8-G,26,2024-01-11,DEVELOPMENT,NIFTY50,PE,104683.98,75,3,48.08,3606.0,36.06,55.29,901.5,3.44,540.9,16.28,524.62,105208.6
V8-G,27,2024-01-11,DEVELOPMENT,BANKNIFTY,PE,105208.6,15,1,379.56,5693.4,284.67,436.49,1423.35,5.41,-0.15,23.29,-23.44,105185.16
V8-G,28,2024-01-12,DEVELOPMENT,NIFTY50,CE,105185.16,25,1,174.73,4368.25,131.05,200.94,1092.0,4.15,655.24,19.71,635.53,105820.69
V8-G,29,2024-01-12,DEVELOPMENT,BANKNIFTY,CE,105820.69,15,1,382.23,5733.45,286.67,439.56,1433.4,5.42,-474.6,22.15,-496.75,105323.94
V8-G,30,2024-01-12,DEVELOPMENT,BANKNIFTY,CE,105323.94,15,1,350.87,5263.05,263.15,403.5,1315.8,5.0,-0.6,21.53,-22.13,105301.81
V8-G,31,2024-01-15,DEVELOPMENT,BANKNIFTY,CE,105301.81,15,1,247.64,3714.6,185.73,284.79,928.65,3.53,557.19,16.75,540.44,105842.25
V8-G,32,2024-01-15,DEVELOPMENT,BANKNIFTY,CE,105842.25,15,1,273.37,4100.55,205.03,314.38,1025.1,3.87,-520.35,15.33,-535.68,105306.57
V8-G,33,2024-01-15,DEVELOPMENT,BANKNIFTY,CE,105306.57,15,1,238.8,3582.0,179.1,274.62,895.5,3.4,-4.5,14.66,-19.16,105287.41
V8-G,34,2024-01-16,DEVELOPMENT,NIFTY50,CE,105287.41,25,1,109.63,2740.75,82.22,126.07,685.25,2.6,411.11,12.37,398.74,105686.15
V8-G,35,2024-01-16,DEVELOPMENT,BANKNIFTY,CE,105686.15,15,1,185.66,2784.9,139.25,213.51,696.15,2.64,-13.35,11.37,-24.72,105661.43
V8-G,36,2024-01-16,DEVELOPMENT,NIFTY50,CE,105661.43,25,1,119.57,2989.25,89.68,137.51,747.25,2.83,-248.0,11.55,-259.55,105401.88
V8-G,37,2024-01-17,DEVELOPMENT,BANKNIFTY,PE,105401.88,30,2,102.85,3085.5,77.14,118.28,771.3,2.93,462.82,13.92,448.9,105850.78
V8-G,38,2024-01-17,DEVELOPMENT,BANKNIFTY,PE,105850.78,30,2,132.97,3989.1,99.73,152.92,997.2,3.77,598.36,18.0,580.36,106431.14
V8-G,39,2024-01-18,DEVELOPMENT,NIFTY50,PE,106431.14,75,3,51.91,3893.25,38.93,59.7,973.5,3.66,-973.31,13.24,-986.55,105444.59
V8-G,40,2024-01-18,DEVELOPMENT,NIFTY50,CE,105444.59,75,3,47.69,3576.75,35.77,54.84,894.0,3.39,536.51,16.15,520.36,105964.95
V8-G,41,2024-01-18,DEVELOPMENT,BANKNIFTY,CE,105964.95,15,1,372.19,5582.85,279.14,428.02,1395.75,5.27,837.43,25.17,812.26,106777.21
V8-G,42,2024-01-19,DEVELOPMENT,NIFTY50,CE,106777.21,25,1,172.97,4324.25,129.73,198.92,1081.0,4.05,-29.5,17.61,-47.11,106730.1
V8-G,43,2024-01-19,DEVELOPMENT,BANKNIFTY,CE,106730.1,15,1,338.42,5076.3,253.81,389.18,1269.15,4.76,5.25,20.79,-15.54,106714.56
V8-G,44,2024-01-19,DEVELOPMENT,NIFTY50,PE,106714.56,25,1,177.65,4441.25,133.24,204.3,1110.25,4.16,-116.25,17.85,-134.1,106580.46
V8-G,45,2024-01-20,DEVELOPMENT,NIFTY50,PE,106580.46,25,1,166.84,4171.0,125.13,191.87,1042.75,3.91,625.65,18.8,606.85,107187.31
V8-G,46,2024-01-20,DEVELOPMENT,BANKNIFTY,PE,107187.31,15,1,306.55,4598.25,229.91,352.53,1149.6,4.29,-1.95,18.82,-20.77,107166.54
V8-G,47,2024-01-20,DEVELOPMENT,NIFTY50,PE,107166.54,25,1,159.46,3986.5,119.59,183.38,996.75,3.72,39.5,16.44,23.06,107189.6
V8-G,48,2024-01-23,DEVELOPMENT,NIFTY50,PE,107189.6,25,1,107.03,2675.75,80.27,123.08,669.0,2.5,401.36,12.09,389.27,107578.87
V8-G,49,2024-01-23,DEVELOPMENT,BANKNIFTY,PE,107578.87,15,1,175.83,2637.45,131.87,202.2,659.4,2.45,395.62,11.91,383.71,107962.58
V8-G,50,2024-01-23,DEVELOPMENT,NIFTY50,PE,107962.58,25,1,119.91,2997.75,89.93,137.9,749.5,2.78,449.66,13.51,436.15,108398.73
V8-G,51,2024-01-24,DEVELOPMENT,NIFTY50,CE,108398.73,50,2,82.22,4111.0,61.66,94.55,1028.0,3.79,-91.0,16.58,-107.58,108291.15
V8-G,52,2024-01-24,DEVELOPMENT,BANKNIFTY,CE,108291.15,30,2,139.71,4191.3,104.78,160.67,1047.9,3.87,-1047.83,14.25,-1062.08,107229.07
V8-G,53,2024-01-24,DEVELOPMENT,NIFTY50,CE,107229.07,50,2,81.97,4098.5,61.48,94.27,1024.5,3.82,614.77,18.49,596.28,107825.35
V8-G,54,2024-01-25,DEVELOPMENT,BANKNIFTY,PE,107825.35,15,1,403.53,6052.95,302.65,464.06,1513.2,5.61,907.94,27.3,880.64,108705.99
V8-G,55,2024-01-25,DEVELOPMENT,BANKNIFTY,PE,108705.99,15,1,357.12,5356.8,267.84,410.69,1339.2,4.93,803.52,24.16,779.36,109485.35
V8-G,56,2024-01-25,DEVELOPMENT,NIFTY50,PE,109485.35,75,3,48.9,3667.5,36.67,56.23,917.25,3.35,550.12,16.54,533.58,110018.93
V8-G,57,2024-01-29,DEVELOPMENT,NIFTY50,CE,110018.93,25,1,127.05,3176.25,95.29,146.11,794.0,2.89,476.44,14.32,462.12,110481.05
V8-G,58,2024-01-29,DEVELOPMENT,BANKNIFTY,CE,110481.05,15,1,225.8,3387.0,169.35,259.67,846.75,3.07,-846.75,11.5,-858.25,109622.8
V8-G,59,2024-01-29,DEVELOPMENT,BANKNIFTY,CE,109622.8,15,1,225.91,3388.65,169.43,259.8,847.2,3.09,508.3,15.28,493.02,110115.82
V8-G,60,2024-01-30,DEVELOPMENT,BANKNIFTY,PE,110115.82,15,1,174.64,2619.6,130.98,200.84,654.9,2.38,392.94,11.83,381.11,110496.93
V8-G,61,2024-01-30,DEVELOPMENT,NIFTY50,PE,110496.93,25,1,107.78,2694.5,80.84,123.95,673.5,2.44,-1.25,11.02,-12.27,110484.66
V8-G,62,2024-01-30,DEVELOPMENT,NIFTY50,PE,110484.66,25,1,118.08,2952.0,88.56,135.79,738.0,2.67,442.8,13.3,429.5,110914.16
V8-G,63,2024-01-31,DEVELOPMENT,BANKNIFTY,CE,110914.16,15,1,151.92,2278.8,113.94,174.71,569.7,2.05,-749.7,7.22,-756.92,110157.24
V8-G,64,2024-01-31,DEVELOPMENT,BANKNIFTY,CE,110157.24,30,2,120.31,3609.3,90.23,138.36,902.4,3.28,-902.33,12.27,-914.6,109242.64
V8-G,65,2024-01-31,DEVELOPMENT,NIFTY50,CE,109242.64,25,1,100.05,2501.25,75.04,115.06,625.25,2.29,375.19,11.29,363.9,109606.54
V8-G,66,2024-02-01,DEVELOPMENT,BANKNIFTY,PE,109606.54,15,1,373.41,5601.15,280.06,429.42,1400.25,5.11,-87.3,22.68,-109.98,109496.56
V8-G,67,2024-02-01,DEVELOPMENT,NIFTY50,CE,109496.56,75,3,50.06,3754.5,37.55,57.57,938.25,3.43,563.17,16.95,546.22,110042.78
V8-G,68,2024-02-01,DEVELOPMENT,NIFTY50,CE,110042.78,75,3,48.3,3622.5,36.22,55.54,906.0,3.29,-905.63,12.31,-917.94,109124.84
V8-G,69,2024-02-02,DEVELOPMENT,NIFTY50,CE,109124.84,25,1,175.54,4388.5,131.66,201.87,1097.0,4.02,658.27,19.79,638.48,109763.32
V8-G,70,2024-02-02,DEVELOPMENT,NIFTY50,CE,109763.32,25,1,186.15,4653.75,139.61,214.07,1163.5,4.24,-253.5,18.35,-271.85,109491.47
V8-G,71,2024-02-02,DEVELOPMENT,BANKNIFTY,CE,109491.47,15,1,343.04,5145.6,257.28,394.5,1286.4,4.7,226.2,21.69,204.51,109695.98
V8-G,72,2024-02-05,DEVELOPMENT,NIFTY50,CE,109695.98,25,1,128.42,3210.5,96.31,147.68,802.75,2.93,4.25,13.15,-8.9,109687.08
V8-G,73,2024-02-05,DEVELOPMENT,NIFTY50,CE,109687.08,25,1,128.77,3219.25,96.58,148.09,804.75,2.93,-8.75,13.15,-21.9,109665.18
V8-G,74,2024-02-05,DEVELOPMENT,NIFTY50,CE,109665.18,25,1,128.9,3222.5,96.68,148.23,805.5,2.94,-15.25,13.14,-28.39,109636.79
V8-G,75,2024-02-06,DEVELOPMENT,BANKNIFTY,PE,109636.79,15,1,175.43,2631.45,131.57,201.74,657.9,2.4,394.72,11.88,382.84,110019.63
V8-G,76,2024-02-06,DEVELOPMENT,NIFTY50,CE,110019.63,25,1,129.07,3226.75,96.8,148.43,806.75,2.93,484.01,14.56,469.45,110489.08
V8-G,77,2024-02-07,DEVELOPMENT,NIFTY50,PE,110489.08,25,1,97.26,2431.5,72.95,111.85,607.75,2.2,-325.25,9.04,-334.29,110154.79
V8-G,78,2024-02-07,DEVELOPMENT,BANKNIFTY,PE,110154.79,30,2,101.5,3045.0,76.12,116.72,761.4,2.76,456.75,13.72,443.03,110597.82
V8-G,79,2024-02-07,DEVELOPMENT,BANKNIFTY,PE,110597.82,30,2,117.19,3515.7,87.89,134.77,879.0,3.18,-470.4,13.09,-483.49,110114.33
V8-G,80,2024-02-08,DEVELOPMENT,BANKNIFTY,CE,110114.33,15,1,391.48,5872.2,293.61,450.2,1468.05,5.33,-410.7,22.89,-433.59,109680.74
V8-G,81,2024-02-08,DEVELOPMENT,NIFTY50,PE,109680.74,75,3,48.76,3657.0,36.57,56.07,914.25,3.33,548.55,16.5,532.05,110212.79
V8-G,82,2024-02-08,DEVELOPMENT,BANKNIFTY,PE,110212.79,15,1,363.56,5453.4,272.67,418.09,1363.35,4.95,818.01,24.58,793.43,111006.22
V8-G,83,2024-02-09,DEVELOPMENT,BANKNIFTY,CE,111006.22,15,1,333.1,4996.5,249.83,383.06,1249.05,4.5,-21.6,20.4,-42.0,110964.22
V8-G,84,2024-02-09,DEVELOPMENT,NIFTY50,PE,110964.22,25,1,173.8,4345.0,130.35,199.87,1086.25,3.92,-1.0,17.77,-18.77,110945.45
V8-G,85,2024-02-09,DEVELOPMENT,BANKNIFTY,CE,110945.45,15,1,334.23,5013.45,250.67,384.36,1253.4,4.52,752.02,22.61,729.41,111674.86
V8-G,86,2024-02-12,DEVELOPMENT,BANKNIFTY,PE,111674.86,15,1,224.51,3367.65,168.38,258.19,841.95,3.02,505.15,15.18,489.97,112164.83
V8-G,87,2024-02-12,DEVELOPMENT,NIFTY50,PE,112164.83,25,1,127.53,3188.25,95.65,146.66,797.0,2.84,478.24,14.4,463.84,112628.67
V8-G,88,2024-02-12,DEVELOPMENT,NIFTY50,PE,112628.67,25,1,127.25,3181.25,95.44,146.34,795.25,2.82,477.19,14.35,462.84,113091.51
V8-G,89,2024-02-13,DEVELOPMENT,NIFTY50,CE,113091.51,25,1,122.79,3069.75,92.09,141.21,767.5,2.71,460.46,13.85,446.61,113538.12
V8-G,90,2024-02-13,DEVELOPMENT,BANKNIFTY,CE,113538.12,15,1,174.58,2618.7,130.94,200.77,654.6,2.31,-21.6,10.67,-32.27,113505.85
V8-G,91,2024-02-13,DEVELOPMENT,NIFTY50,CE,113505.85,25,1,107.88,2697.0,80.91,124.06,674.25,2.38,-12.25,11.01,-23.26,113482.59
V8-G,92,2024-02-14,DEVELOPMENT,BANKNIFTY,CE,113482.59,45,3,100.74,4533.3,75.55,115.85,1133.55,3.99,-33.75,18.47,-52.22,113430.37
V8-G,93,2024-02-14,DEVELOPMENT,BANKNIFTY,CE,113430.37,30,2,116.17,3485.1,87.13,133.6,871.2,3.07,-467.4,12.96,-480.36,112950.01
V8-G,94,2024-02-14,DEVELOPMENT,BANKNIFTY,CE,112950.01,30,2,139.62,4188.6,104.72,160.56,1047.0,3.71,628.29,18.89,609.4,113559.41
V8-G,95,2024-02-15,DEVELOPMENT,BANKNIFTY,PE,113559.41,15,1,366.02,5490.3,274.51,420.92,1372.65,4.83,823.54,24.75,798.8,114358.21
V8-G,96,2024-02-15,DEVELOPMENT,BANKNIFTY,PE,114358.21,15,1,366.77,5501.55,275.08,421.79,1375.35,4.81,-3.6,22.51,-26.11,114332.1
V8-G,97,2024-02-15,DEVELOPMENT,NIFTY50,PE,114332.1,75,3,48.54,3640.5,36.41,55.82,909.75,3.18,0.0,14.9,-14.9,114317.2
V8-G,98,2024-02-16,DEVELOPMENT,NIFTY50,CE,114317.2,25,1,176.4,4410.0,132.3,202.86,1102.5,3.86,-3.75,18.04,-21.79,114295.41
V8-G,99,2024-02-16,DEVELOPMENT,BANKNIFTY,CE,114295.41,15,1,380.64,5709.6,285.48,437.74,1427.4,5.0,-589.95,21.71,-611.66,113683.75
V8-G,100,2024-02-16,DEVELOPMENT,BANKNIFTY,CE,113683.75,15,1,341.16,5117.4,255.87,392.33,1279.35,4.5,-2.4,20.94,-23.34,113660.41
V8-G,101,2024-02-19,DEVELOPMENT,NIFTY50,PE,113660.41,25,1,137.89,3447.25,103.42,158.57,861.75,3.03,17.25,14.17,3.08,113663.49
V8-G,102,2024-02-19,DEVELOPMENT,BANKNIFTY,PE,113663.49,15,1,233.49,3502.35,175.12,268.51,875.55,3.08,-875.59,11.89,-887.48,112776.01
V8-G,103,2024-02-19,DEVELOPMENT,NIFTY50,CE,112776.01,25,1,149.58,3739.5,112.19,172.02,934.75,3.32,560.92,16.86,544.06,113320.07
V8-G,104,2024-02-20,DEVELOPMENT,BANKNIFTY,CE,113320.07,15,1,179.85,2697.75,134.89,206.83,674.4,2.38,404.66,12.17,392.49,113712.56
V8-G,105,2024-02-20,DEVELOPMENT,NIFTY50,CE,113712.56,25,1,109.73,2743.25,82.3,126.19,685.75,2.41,411.49,12.37,399.12,114111.68
V8-G,106,2024-02-20,DEVELOPMENT,BANKNIFTY,CE,114111.68,15,1,180.1,2701.5,135.07,207.11,675.45,2.37,405.22,12.18,393.04,114504.72
V8-G,107,2024-02-21,DEVELOPMENT,NIFTY50,PE,114504.72,50,2,85.41,4270.5,64.06,98.22,1067.5,3.73,640.57,19.26,621.31,115126.03
V8-G,108,2024-02-21,DEVELOPMENT,BANKNIFTY,PE,115126.03,30,2,104.4,3132.0,78.3,120.06,783.0,2.72,-12.6,12.8,-25.4,115100.63
V8-G,109,2024-02-21,DEVELOPMENT,NIFTY50,PE,115100.63,50,2,85.42,4271.0,64.06,98.23,1068.0,3.71,-0.5,17.48,-17.98,115082.65
V8-G,110,2024-02-22,DEVELOPMENT,NIFTY50,PE,115082.65,75,3,48.64,3648.0,36.48,55.94,912.0,3.17,547.2,16.44,530.76,115613.41
V8-G,111,2024-02-22,DEVELOPMENT,NIFTY50,PE,115613.41,50,2,72.69,3634.5,54.52,83.59,908.5,3.14,545.17,16.4,528.77,116142.18
V8-G,112,2024-02-22,DEVELOPMENT,NIFTY50,PE,116142.18,75,3,48.65,3648.75,36.49,55.95,912.0,3.14,-12.0,14.9,-26.9,116115.28
V8-G,113,2024-02-23,DEVELOPMENT,BANKNIFTY,CE,116115.28,15,1,351.38,5270.7,263.53,404.09,1317.75,4.54,790.6,23.77,766.84,116882.12
V8-G,114,2024-02-23,DEVELOPMENT,BANKNIFTY,CE,116882.12,15,1,346.04,5190.6,259.53,397.95,1297.65,4.44,-4.8,21.24,-26.04,116856.08
V8-G,115,2024-02-23,DEVELOPMENT,BANKNIFTY,PE,116856.08,15,1,346.27,5194.05,259.7,398.21,1298.55,4.44,0.0,21.25,-21.25,116834.83
V8-G,116,2024-02-26,DEVELOPMENT,NIFTY50,PE,116834.83,25,1,129.89,3247.25,97.42,149.37,811.75,2.78,487.09,14.65,472.44,117307.27
V8-G,117,2024-02-26,DEVELOPMENT,BANKNIFTY,PE,117307.27,15,1,231.46,3471.9,173.59,266.18,868.05,2.96,520.78,15.65,505.13,117812.4
V8-G,118,2024-02-26,DEVELOPMENT,BANKNIFTY,PE,117812.4,15,1,231.41,3471.15,173.56,266.12,867.75,2.95,520.67,15.65,505.02,118317.42
V8-G,119,2024-02-27,DEVELOPMENT,NIFTY50,CE,118317.42,25,1,134.35,3358.75,100.76,154.5,839.75,2.84,-350.75,12.77,-363.52,117953.9
V8-G,120,2024-02-27,DEVELOPMENT,BANKNIFTY,PE,117953.9,15,1,218.1,3271.5,163.57,250.81,817.95,2.77,490.72,14.76,475.96,118429.86
V8-G,121,2024-02-27,DEVELOPMENT,NIFTY50,CE,118429.86,25,1,109.89,2747.25,82.42,126.37,686.75,2.32,-5.0,11.22,-16.22,118413.64
V8-G,122,2024-02-28,DEVELOPMENT,BANKNIFTY,CE,118413.64,45,3,102.7,4621.5,77.03,118.1,1155.15,3.9,-2.25,18.9,-21.15,118392.49
V8-G,123,2024-02-28,DEVELOPMENT,BANKNIFTY,PE,118392.49,30,2,128.36,3850.8,96.27,147.61,962.7,3.25,577.62,17.37,560.25,118952.74
V8-G,124,2024-02-28,DEVELOPMENT,BANKNIFTY,PE,118952.74,45,3,102.63,4618.35,76.97,118.02,1154.7,3.88,692.75,20.82,671.93,119624.67
V8-G,125,2024-02-29,DEVELOPMENT,BANKNIFTY,PE,119624.67,15,1,387.48,5812.2,290.61,445.6,1453.05,4.86,-321.45,22.89,-344.34,119280.33
V8-G,126,2024-02-29,DEVELOPMENT,NIFTY50,CE,119280.33,75,3,61.45,4608.75,46.09,70.67,1152.0,3.86,691.31,20.77,670.54,119950.87
V8-G,127,2024-02-29,DEVELOPMENT,NIFTY50,CE,119950.87,75,3,49.6,3720.0,37.2,57.04,930.0,3.1,-930.0,12.63,-942.63,119008.24
V8-G,128,2024-03-01,DEVELOPMENT,NIFTY50,CE,119008.24,25,1,177.66,4441.5,133.25,204.31,1110.25,3.73,666.22,20.01,646.21,119654.45
V8-G,129,2024-03-01,DEVELOPMENT,NIFTY50,CE,119654.45,25,1,178.37,4459.25,133.78,205.13,1114.75,3.73,668.89,20.1,648.79,120303.24
V8-G,130,2024-03-01,DEVELOPMENT,BANKNIFTY,CE,120303.24,15,1,375.34,5630.1,281.5,431.64,1407.6,4.68,844.51,25.38,819.14,121122.38
V8-G,131,2024-03-04,DEVELOPMENT,NIFTY50,PE,121122.38,25,1,133.55,3338.75,100.16,153.58,834.75,2.76,-48.5,13.52,-62.02,121060.36
V8-G,132,2024-03-04,DEVELOPMENT,BANKNIFTY,CE,121060.36,15,1,261.8,3927.0,196.35,301.07,981.75,3.24,-143.4,15.69,-159.09,120901.27
V8-G,133,2024-03-04,DEVELOPMENT,BANKNIFTY,PE,120901.27,15,1,240.0,3600.0,180.0,276.0,900.0,2.98,-75.75,14.52,-90.27,120811.0
V8-G,134,2024-03-05,DEVELOPMENT,BANKNIFTY,CE,120811.0,15,1,182.03,2730.45,136.52,209.33,682.65,2.26,409.57,12.33,397.24,121208.24
V8-G,135,2024-03-05,DEVELOPMENT,BANKNIFTY,CE,121208.24,15,1,182.32,2734.8,136.74,209.67,683.7,2.26,-3.6,11.18,-14.78,121193.46
V8-G,136,2024-03-05,DEVELOPMENT,NIFTY50,PE,121193.46,25,1,110.77,2769.25,83.08,127.39,692.25,2.28,-1.5,11.33,-12.83,121180.63
V8-G,137,2024-03-06,DEVELOPMENT,NIFTY50,PE,121180.63,50,2,85.8,4290.0,64.35,98.67,1072.5,3.54,643.5,19.34,624.16,121804.79
V8-G,138,2024-03-06,DEVELOPMENT,NIFTY50,PE,121804.79,25,1,105.15,2628.75,78.86,120.92,657.25,2.16,394.31,11.87,382.44,122187.23
V8-G,139,2024-03-06,DEVELOPMENT,BANKNIFTY,CE,122187.23,45,3,106.47,4791.15,79.85,122.44,1197.9,3.92,718.67,21.6,697.07,122884.3
V8-G,140,2024-03-07,DEVELOPMENT,BANKNIFTY,PE,122884.3,15,1,402.13,6031.95,301.6,462.45,1507.95,4.91,-278.85,23.9,-302.75,122581.55
V8-G,141,2024-03-07,DEVELOPMENT,BANKNIFTY,PE,122581.55,15,1,382.84,5742.6,287.13,440.27,1435.65,4.68,-0.75,23.49,-24.24,122557.31
V8-G,142,2024-03-07,DEVELOPMENT,BANKNIFTY,PE,122557.31,15,1,392.89,5893.35,294.67,451.82,1473.3,4.81,-1473.34,20.03,-1493.37,121063.94
V8-G,143,2024-03-11,DEVELOPMENT,NIFTY50,PE,121063.94,25,1,132.6,3315.0,99.45,152.49,828.75,2.74,497.25,14.94,482.31,121546.25
V8-G,144,2024-03-11,DEVELOPMENT,BANKNIFTY,PE,121546.25,15,1,275.1,4126.5,206.33,316.37,1031.55,3.4,618.97,18.62,600.36,122146.61
V8-G,145,2024-03-11,DEVELOPMENT,BANKNIFTY,PE,122146.61,15,1,236.44,3546.6,177.33,271.91,886.65,2.9,531.99,15.99,516.0,122662.61
V8-G,146,2024-03-12,DEVELOPMENT,NIFTY50,CE,122662.61,25,1,124.41,3110.25,93.31,143.07,777.5,2.54,-347.5,11.77,-359.27,122303.34
V8-G,147,2024-03-12,DEVELOPMENT,NIFTY50,PE,122303.34,25,1,111.01,2775.25,83.26,127.66,693.75,2.27,416.29,12.51,403.78,122707.12
V8-G,148,2024-03-12,DEVELOPMENT,BANKNIFTY,CE,122707.12,15,1,182.08,2731.2,136.56,209.39,682.8,2.23,-2.85,11.17,-14.02,122693.1
V8-G,149,2024-03-13,DEVELOPMENT,NIFTY50,PE,122693.1,50,2,85.8,4290.0,64.35,98.67,1072.5,3.5,643.5,19.34,624.16,123317.26
V8-G,150,2024-03-13,DEVELOPMENT,NIFTY50,PE,123317.26,50,2,86.42,4321.0,64.81,99.38,1080.5,3.5,648.15,19.5,628.65,123945.91
V8-G,151,2024-03-13,DEVELOPMENT,BANKNIFTY,PE,123945.91,45,3,105.06,4727.7,78.8,120.82,1181.7,3.81,709.15,21.32,687.83,124633.74
V8-G,152,2024-03-14,DEVELOPMENT,NIFTY50,CE,124633.74,75,3,55.18,4138.5,41.38,63.46,1035.0,3.32,620.77,18.66,602.11,125235.85
V8-G,153,2024-03-14,DEVELOPMENT,BANKNIFTY,CE,125235.85,15,1,376.2,5643.0,282.15,432.63,1410.75,4.51,846.45,25.45,821.0,126056.85
V8-G,154,2024-03-14,DEVELOPMENT,BANKNIFTY,CE,126056.85,15,1,405.74,6086.1,304.31,466.6,1521.45,4.83,912.91,27.44,885.47,126942.32
V8-G,155,2024-03-15,DEVELOPMENT,NIFTY50,PE,126942.32,25,1,185.05,4626.25,138.79,212.81,1156.5,3.64,693.94,20.85,673.09,127615.41
V8-G,156,2024-03-15,DEVELOPMENT,NIFTY50,PE,127615.41,25,1,200.62,5015.5,150.47,230.71,1253.75,3.93,752.32,22.61,729.71,128345.12
V8-G,157,2024-03-15,DEVELOPMENT,NIFTY50,PE,128345.12,25,1,184.95,4623.75,138.71,212.69,1156.0,3.6,-235.25,18.28,-253.53,128091.59
V8-G,158,2024-03-18,DEVELOPMENT,BANKNIFTY,PE,128091.59,15,1,230.45,3456.75,172.84,265.02,864.15,2.7,518.51,15.59,502.92,128594.51
V8-G,159,2024-03-18,DEVELOPMENT,NIFTY50,PE,128594.51,25,1,129.01,3225.25,96.76,148.36,806.25,2.51,-5.25,13.18,-18.43,128576.08
V8-G,160,2024-03-18,DEVELOPMENT,BANKNIFTY,PE,128576.08,15,1,229.94,3449.1,172.45,264.43,862.35,2.68,517.36,15.56,501.8,129077.88
V8-G,161,2024-03-19,DEVELOPMENT,NIFTY50,PE,129077.88,25,1,108.51,2712.75,81.38,124.79,678.25,2.1,406.91,12.24,394.67,129472.55
V8-G,162,2024-03-19,DEVELOPMENT,BANKNIFTY,PE,129472.55,15,1,221.37,3320.55,166.03,254.58,830.1,2.56,498.08,14.98,483.1,129955.65
V8-G,163,2024-03-19,DEVELOPMENT,BANKNIFTY,PE,129955.65,15,1,200.7,3010.5,150.52,230.8,752.7,2.32,-339.3,11.38,-350.68,129604.97
V8-G,164,2024-03-20,DEVELOPMENT,BANKNIFTY,CE,129604.97,45,3,107.43,4834.35,80.57,123.54,1208.7,3.73,-1208.59,16.43,-1225.02,128379.95
V8-G,165,2024-03-20,DEVELOPMENT,NIFTY50,PE,128379.95,50,2,92.9,4645.0,69.68,106.83,1161.0,3.62,696.75,20.94,675.81,129055.76
V8-G,166,2024-03-20,DEVELOPMENT,BANKNIFTY,PE,129055.76,30,2,134.56,4036.8,100.92,154.74,1009.2,3.13,-981.0,13.8,-994.8,128060.96
V8-G,167,2024-03-21,DEVELOPMENT,NIFTY50,CE,128060.96,100,4,48.93,4893.0,36.7,56.27,1223.0,3.82,-16.0,19.98,-35.98,128024.98
V8-G,168,2024-03-21,DEVELOPMENT,BANKNIFTY,CE,128024.98,15,1,418.31,6274.65,313.73,481.06,1568.7,4.9,-656.85,23.86,-680.71,127344.27
V8-G,169,2024-03-21,DEVELOPMENT,BANKNIFTY,PE,127344.27,15,1,374.03,5610.45,280.52,430.13,1402.65,4.41,0.0,22.96,-22.96,127321.31
V8-G,170,2024-03-22,DEVELOPMENT,BANKNIFTY,CE,127321.31,15,1,344.52,5167.8,258.39,396.2,1291.95,4.06,775.17,23.31,751.86,128073.17
V8-G,171,2024-03-22,DEVELOPMENT,BANKNIFTY,CE,128073.17,15,1,345.27,5179.05,258.95,397.06,1294.8,4.04,776.86,23.36,753.5,128826.67
V8-G,172,2024-03-22,DEVELOPMENT,NIFTY50,CE,128826.67,25,1,176.38,4409.5,132.28,202.84,1102.5,3.42,661.42,19.89,641.53,129468.2
V8-G,173,2024-03-27,DEVELOPMENT,NIFTY50,CE,129468.2,50,2,85.2,4260.0,63.9,97.98,1065.0,3.29,639.0,19.22,619.78,130087.98
V8-G,174,2024-03-27,DEVELOPMENT,BANKNIFTY,CE,130087.98,45,3,105.05,4727.25,78.79,120.81,1181.7,3.63,709.09,21.31,687.78,130775.76
V8-G,175,2024-03-27,DEVELOPMENT,BANKNIFTY,CE,130775.76,30,2,144.56,4336.8,108.42,166.24,1084.2,3.32,-894.3,15.26,-909.56,129866.2
V8-G,176,2024-03-28,DEVELOPMENT,NIFTY50,CE,129866.2,100,4,49.51,4951.0,37.13,56.94,1238.0,3.81,742.65,22.32,720.33,130586.53
V8-G,177,2024-03-28,DEVELOPMENT,NIFTY50,CE,130586.53,75,3,61.1,4582.5,45.83,70.27,1145.25,3.51,-865.5,16.36,-881.86,129704.67
V8-G,178,2024-03-28,DEVELOPMENT,BANKNIFTY,CE,129704.67,15,1,385.48,5782.2,289.11,443.3,1445.55,4.46,-114.6,23.32,-137.92,129566.75
V8-G,179,2024-04-01,DEVELOPMENT,NIFTY50,CE,129566.75,25,1,140.18,3504.5,105.14,161.21,876.0,2.7,-211.5,13.77,-225.27,129341.48
V8-G,180,2024-04-01,DEVELOPMENT,NIFTY50,PE,129341.48,25,1,131.94,3298.5,98.95,151.73,824.75,2.55,0.0,13.51,-13.51,129327.97
V8-G,181,2024-04-01,DEVELOPMENT,NIFTY50,PE,129327.97,25,1,131.93,3298.25,98.95,151.72,824.5,2.55,0.25,13.51,-13.26,129314.71
V8-G,182,2024-04-02,DEVELOPMENT,NIFTY50,CE,129314.71,25,1,111.47,2786.75,83.6,128.19,696.75,2.16,-2.75,11.42,-14.17,129300.54
V8-G,183,2024-04-02,DEVELOPMENT,BANKNIFTY,CE,129300.54,15,1,183.02,2745.3,137.27,210.47,686.25,2.12,-3.3,11.22,-14.52,129286.02
V8-G,184,2024-04-02,DEVELOPMENT,BANKNIFTY,CE,129286.02,15,1,198.78,2981.7,149.09,228.6,745.35,2.31,447.25,13.46,433.8,129719.82
V8-G,185,2024-04-03,DEVELOPMENT,BANKNIFTY,CE,129719.82,45,3,105.44,4744.8,79.08,121.26,1186.2,3.66,-10.8,19.39,-30.19,129689.63
V8-G,186,2024-04-03,DEVELOPMENT,NIFTY50,CE,129689.63,50,2,86.2,4310.0,64.65,99.13,1077.5,3.32,646.5,19.43,627.07,130316.7
V8-G,187,2024-04-03,DEVELOPMENT,BANKNIFTY,CE,130316.7,30,2,128.16,3844.8,96.12,147.38,961.2,2.95,576.72,17.34,559.38,130876.08
V8-G,188,2024-04-04,DEVELOPMENT,NIFTY50,PE,130876.08,100,4,49.76,4976.0,37.32,57.22,1244.0,3.8,746.4,22.44,723.96,131600.04
V8-G,189,2024-04-04,DEVELOPMENT,NIFTY50,PE,131600.04,100,4,49.76,4976.0,37.32,57.22,1244.0,3.78,746.4,22.44,723.96,132324.0
V8-G,190,2024-04-04,DEVELOPMENT,NIFTY50,PE,132324.0,100,4,49.65,4965.0,37.24,57.1,1241.0,3.75,-19.0,20.28,-39.28,132284.72
V8-G,191,2024-04-05,DEVELOPMENT,BANKNIFTY,CE,132284.72,15,1,354.6,5319.0,265.95,407.79,1329.75,4.02,797.85,23.99,773.86,133058.58
V8-G,192,2024-04-05,DEVELOPMENT,BANKNIFTY,CE,133058.58,15,1,354.97,5324.55,266.23,408.22,1331.1,4.0,798.68,23.99,774.69,133833.27
V8-G,193,2024-04-05,DEVELOPMENT,NIFTY50,CE,133833.27,25,1,180.13,4503.25,135.1,207.15,1125.75,3.36,-0.5,18.42,-18.92,133814.35
V8-G,194,2024-04-08,DEVELOPMENT,NIFTY50,CE,133814.35,25,1,147.78,3694.5,110.84,169.95,923.5,2.76,554.17,16.65,537.52,134351.87
V8-G,195,2024-04-08,DEVELOPMENT,NIFTY50,CE,134351.87,25,1,135.19,3379.75,101.39,155.47,845.0,2.52,506.96,15.24,491.72,134843.59
V8-G,196,2024-04-08,DEVELOPMENT,NIFTY50,CE,134843.59,25,1,153.46,3836.5,115.09,176.48,959.25,2.85,-149.75,15.28,-165.03,134678.56
V8-G,197,2024-04-09,DEVELOPMENT,BANKNIFTY,CE,134678.56,15,1,187.96,2819.4,140.97,216.15,704.85,2.09,422.91,12.71,410.2,135088.76
V8-G,198,2024-04-09,DEVELOPMENT,BANKNIFTY,CE,135088.76,15,1,195.51,2932.65,146.63,224.84,733.2,2.17,-119.55,11.66,-131.21,134957.55
V8-G,199,2024-04-09,DEVELOPMENT,NIFTY50,PE,134957.55,25,1,112.48,2812.0,84.36,129.35,703.0,2.08,421.8,12.67,409.13,135366.68
V8-G,200,2024-04-10,DEVELOPMENT,BANKNIFTY,CE,135366.68,30,2,129.25,3877.5,96.94,148.64,969.3,2.86,581.62,17.49,564.13,135930.81
V8-G,201,2024-04-10,DEVELOPMENT,BANKNIFTY,CE,135930.81,45,3,115.11,5179.95,86.33,132.38,1295.1,3.81,776.99,23.37,753.62,136684.43
V8-G,202,2024-04-10,DEVELOPMENT,BANKNIFTY,CE,136684.43,45,3,108.54,4884.3,81.41,124.82,1220.85,3.57,-4.05,19.98,-24.03,136660.4
V8-G,203,2024-04-12,DEVELOPMENT,BANKNIFTY,PE,136660.4,15,1,400.31,6004.65,300.23,460.36,1501.2,4.39,-623.1,22.83,-645.93,136014.47
V8-G,204,2024-04-12,DEVELOPMENT,NIFTY50,PE,136014.47,25,1,193.32,4833.0,144.99,222.32,1208.25,3.55,-165.25,19.31,-184.56,135829.91
V8-G,205,2024-04-12,DEVELOPMENT,BANKNIFTY,PE,135829.91,15,1,358.06,5370.9,268.55,411.77,1342.65,3.95,805.63,24.2,781.43,136611.34
V8-G,206,2024-04-15,DEVELOPMENT,NIFTY50,PE,136611.34,25,1,131.35,3283.75,98.51,151.05,821.0,2.4,-8.5,13.42,-21.92,136589.42
V8-G,207,2024-04-15,DEVELOPMENT,BANKNIFTY,PE,136589.42,15,1,238.41,3576.15,178.81,274.17,894.0,2.62,-1.65,14.65,-16.3,136573.12
V8-G,208,2024-04-15,DEVELOPMENT,NIFTY50,CE,136573.12,25,1,131.26,3281.5,98.44,150.95,820.5,2.4,-1.0,13.43,-14.43,136558.69
V8-G,209,2024-04-16,DEVELOPMENT,NIFTY50,PE,136558.69,25,1,119.82,2995.5,89.86,137.79,749.0,2.19,-73.0,12.06,-85.06,136473.63
V8-G,210,2024-04-18,DEVELOPMENT,BANKNIFTY,PE,136473.63,15,1,390.1,5851.5,292.58,448.62,1462.8,4.29,37.8,24.05,13.75,136487.38
V8-G,211,2024-04-18,DEVELOPMENT,NIFTY50,CE,136487.38,75,3,59.39,4454.25,44.54,68.3,1113.75,3.26,-930.75,15.65,-946.4,135540.98
V8-G,212,2024-04-19,DEVELOPMENT,NIFTY50,CE,135540.98,25,1,191.8,4795.0,143.85,220.57,1198.75,3.54,719.25,21.61,697.64,136238.62
V8-G,213,2024-04-19,DEVELOPMENT,NIFTY50,CE,136238.62,25,1,182.69,4567.25,137.02,210.09,1141.75,3.35,685.09,20.6,664.49,136903.11
V8-G,214,2024-04-19,DEVELOPMENT,BANKNIFTY,CE,136903.11,15,1,354.36,5315.4,265.77,407.51,1328.85,3.88,797.31,23.96,773.35,137676.46
V8-G,215,2024-04-22,DEVELOPMENT,BANKNIFTY,PE,137676.46,15,1,248.34,3725.1,186.25,285.59,931.35,2.71,-164.7,14.78,-179.48,137496.98
V8-G,216,2024-04-22,DEVELOPMENT,BANKNIFTY,PE,137496.98,15,1,237.43,3561.45,178.07,273.04,890.4,2.59,-0.45,14.57,-15.02,137481.96
V8-G,217,2024-04-23,DEVELOPMENT,BANKNIFTY,PE,137481.96,15,1,185.27,2779.05,138.95,213.06,694.8,2.02,39.6,11.49,28.11,137510.07
V8-G,218,2024-04-23,DEVELOPMENT,NIFTY50,PE,137510.07,25,1,125.92,3148.0,94.44,144.81,787.0,2.29,-366.75,11.85,-378.6,137131.47
V8-G,219,2024-04-23,DEVELOPMENT,BANKNIFTY,PE,137131.47,15,1,203.63,3054.45,152.72,234.17,763.65,2.23,-284.85,11.7,-296.55,136834.92
V8-G,220,2024-04-24,DEVELOPMENT,BANKNIFTY,CE,136834.92,45,3,120.91,5440.95,90.68,139.05,1360.35,3.98,816.14,24.54,791.6,137626.52
V8-G,221,2024-04-24,DEVELOPMENT,NIFTY50,CE,137626.52,50,2,96.83,4841.5,72.62,111.35,1210.5,3.52,-525.5,18.36,-543.86,137082.66
V8-G,222,2024-04-24,DEVELOPMENT,NIFTY50,CE,137082.66,50,2,94.57,4728.5,70.93,108.76,1182.0,3.45,-368.5,18.32,-386.82,136695.84
V8-G,223,2024-04-25,DEVELOPMENT,BANKNIFTY,CE,136695.84,15,1,386.21,5793.15,289.66,444.14,1448.25,4.24,-90.45,23.45,-113.9,136581.94
V8-G,224,2024-04-25,DEVELOPMENT,BANKNIFTY,CE,136581.94,15,1,385.71,5785.65,289.28,443.57,1446.45,4.24,867.85,26.08,841.77,137423.71
V8-G,225,2024-04-25,DEVELOPMENT,NIFTY50,CE,137423.71,75,3,63.81,4785.75,47.86,73.38,1196.25,3.48,-330.0,18.65,-348.65,137075.06
V8-G,226,2024-04-26,DEVELOPMENT,NIFTY50,PE,137075.06,25,1,199.35,4983.75,149.51,229.25,1246.0,3.64,747.56,22.48,725.08,137800.14
V8-G,227,2024-04-26,DEVELOPMENT,BANKNIFTY,PE,137800.14,15,1,356.48,5347.2,267.36,409.95,1336.8,3.88,802.08,24.11,777.97,138578.11
V8-G,228,2024-04-26,DEVELOPMENT,BANKNIFTY,PE,138578.11,15,1,356.58,5348.7,267.44,410.07,1337.1,3.86,-2.25,21.89,-24.14,138553.97
V8-G,229,2024-04-29,DEVELOPMENT,NIFTY50,CE,138553.97,25,1,156.27,3906.75,117.2,179.71,976.75,2.82,586.01,17.62,568.39,139122.36
V8-G,230,2024-04-29,DEVELOPMENT,BANKNIFTY,CE,139122.36,15,1,242.51,3637.65,181.88,278.89,909.45,2.61,545.65,16.4,529.25,139651.61
V8-G,231,2024-04-29,DEVELOPMENT,NIFTY50,CE,139651.61,25,1,136.21,3405.25,102.16,156.64,851.25,2.44,510.79,15.35,495.44,140147.05
V8-G,232,2024-04-30,DEVELOPMENT,NIFTY50,CE,140147.05,25,1,112.87,2821.75,84.65,129.8,705.5,2.01,423.26,12.72,410.54,140557.59
V8-G,233,2024-04-30,DEVELOPMENT,BANKNIFTY,CE,140557.59,15,1,190.53,2857.95,142.9,219.11,714.45,2.03,428.69,12.89,415.8,140973.39
V8-G,234,2024-04-30,DEVELOPMENT,NIFTY50,CE,140973.39,25,1,112.86,2821.5,84.64,129.79,705.5,2.0,-7.0,11.53,-18.53,140954.86
V8-G,235,2024-05-02,DEVELOPMENT,NIFTY50,CE,140954.86,100,4,50.35,5035.0,37.76,57.9,1259.0,3.57,-14.0,20.57,-34.57,140920.29
V8-G,236,2024-05-02,DEVELOPMENT,NIFTY50,CE,140920.29,100,4,50.35,5035.0,37.76,57.9,1259.0,3.57,755.25,22.7,732.55,141652.84
V8-G,237,2024-05-02,DEVELOPMENT,BANKNIFTY,PE,141652.84,15,1,393.99,5909.85,295.49,453.09,1477.5,4.17,-10.95,24.15,-35.1,141617.74
V8-G,238,2024-05-03,DEVELOPMENT,NIFTY50,PE,141617.74,25,1,197.13,4928.25,147.85,226.7,1232.0,3.48,739.24,22.23,717.01,142334.75
V8-G,239,2024-05-03,DEVELOPMENT,BANKNIFTY,PE,142334.75,15,1,360.2,5403.0,270.15,414.23,1350.75,3.8,-62.7,21.93,-84.63,142250.12
V8-G,240,2024-05-03,DEVELOPMENT,BANKNIFTY,PE,142250.12,15,1,398.59,5978.85,298.94,458.38,1494.75,4.2,-585.9,22.85,-608.75,141641.37
V8-G,241,2024-05-06,DEVELOPMENT,NIFTY50,PE,141641.37,25,1,137.11,3427.75,102.83,157.68,857.0,2.42,-122.0,13.69,-135.69,141505.68
V8-G,242,2024-05-06,DEVELOPMENT,BANKNIFTY,CE,141505.68,15,1,243.58,3653.7,182.69,280.12,913.35,2.58,-6.0,14.94,-20.94,141484.74
V8-G,243,2024-05-06,DEVELOPMENT,NIFTY50,PE,141484.74,25,1,132.24,3306.0,99.18,152.08,826.5,2.34,-0.75,13.54,-14.29,141470.45
V8-G,244,2024-05-07,DEVELOPMENT,BANKNIFTY,PE,141470.45,15,1,227.1,3406.5,170.32,261.16,851.7,2.41,510.97,15.36,495.61,141966.06
V8-G,245,2024-05-07,DEVELOPMENT,BANKNIFTY,PE,141966.06,15,1,215.21,3228.15,161.41,247.49,807.0,2.27,484.22,14.56,469.66,142435.72
V8-G,246,2024-05-07,DEVELOPMENT,NIFTY50,PE,142435.72,50,2,110.52,5526.0,82.89,127.1,1381.5,3.88,-21.0,22.57,-43.57,142392.15
V8-G,247,2024-05-08,DEVELOPMENT,BANKNIFTY,PE,142392.15,30,2,154.5,4635.0,115.88,177.67,1158.6,3.26,-1454.4,14.93,-1469.33,140922.82
V8-G,248,2024-05-08,DEVELOPMENT,BANKNIFTY,PE,140922.82,45,3,121.03,5446.35,90.77,139.18,1361.7,3.86,-1361.59,18.51,-1380.1,139542.72
V8-G,249,2024-05-09,DEVELOPMENT,NIFTY50,PE,139542.72,100,4,54.88,5488.0,41.16,63.11,1372.0,3.93,823.2,24.75,798.45,140341.17
V8-G,250,2024-05-09,DEVELOPMENT,NIFTY50,PE,140341.17,100,4,49.2,4920.0,36.9,56.58,1230.0,3.51,0.0,20.13,-20.13,140321.04
V8-G,251,2024-05-09,DEVELOPMENT,BANKNIFTY,PE,140321.04,15,1,382.8,5742.0,287.1,440.22,1435.5,4.09,-0.15,23.49,-23.64,140297.4
V8-G,252,2024-05-10,DEVELOPMENT,BANKNIFTY,CE,140297.4,15,1,371.52,5572.8,278.64,427.25,1393.2,3.97,835.92,25.13,810.79,141108.19
V8-G,253,2024-05-10,DEVELOPMENT,NIFTY50,CE,141108.19,25,1,176.32,4408.0,132.24,202.77,1102.0,3.12,136.5,18.43,118.07,141226.26
V8-G,254,2024-05-10,DEVELOPMENT,BANKNIFTY,CE,141226.26,15,1,377.34,5660.1,283.0,433.94,1415.1,4.01,849.01,25.51,823.5,142049.76
V8-G,255,2024-05-13,DEVELOPMENT,NIFTY50,PE,142049.76,25,1,128.41,3210.25,96.31,147.67,802.5,2.26,481.54,14.48,467.06,142516.82
V8-G,256,2024-05-13,DEVELOPMENT,BANKNIFTY,PE,142516.82,15,1,281.99,4229.85,211.49,324.29,1057.5,2.97,-367.8,16.3,-384.1,142132.72
V8-G,257,2024-05-13,DEVELOPMENT,NIFTY50,PE,142132.72,25,1,129.01,3225.25,96.76,148.36,806.25,2.27,-1.0,13.19,-14.19,142118.53
V8-G,258,2024-05-14,DEVELOPMENT,NIFTY50,CE,142118.53,50,2,110.09,5504.5,82.57,126.6,1376.0,3.87,825.67,24.83,800.85,142919.38
V8-G,259,2024-05-14,DEVELOPMENT,NIFTY50,CE,142919.38,50,2,112.54,5627.0,84.41,129.42,1406.5,3.94,-137.0,22.64,-159.64,142759.74
V8-G,260,2024-05-14,DEVELOPMENT,BANKNIFTY,CE,142759.74,30,2,183.94,5518.2,137.95,211.53,1379.7,3.87,-8.7,22.55,-31.25,142728.49
V8-G,261,2024-05-15,DEVELOPMENT,NIFTY50,CE,142728.49,50,2,85.34,4267.0,64.0,98.14,1067.0,2.99,2.5,17.47,-14.97,142713.52
V8-G,262,2024-05-15,DEVELOPMENT,NIFTY50,PE,142713.52,50,2,107.43,5371.5,80.57,123.54,1343.0,3.76,-72.0,21.79,-93.79,142619.73
V8-G,263,2024-05-15,DEVELOPMENT,BANKNIFTY,PE,142619.73,45,3,105.74,4758.3,79.3,121.6,1189.8,3.34,713.74,21.47,692.27,143312.0
V8-G,264,2024-05-16,DEVELOPMENT,NIFTY50,PE,143312.0,75,3,58.26,4369.5,43.7,67.0,1092.0,3.05,655.42,19.71,635.71,143947.71
V8-G,265,2024-05-16,DEVELOPMENT,NIFTY50,PE,143947.71,75,3,59.41,4455.75,44.56,68.32,1113.75,3.1,668.36,20.1,648.26,144595.97
V8-G,266,2024-05-16,DEVELOPMENT,BANKNIFTY,PE,144595.97,15,1,398.63,5979.45,298.97,458.42,1494.9,4.14,-315.75,23.59,-339.34,144256.63
V8-G,267,2024-05-17,DEVELOPMENT,BANKNIFTY,CE,144256.63,15,1,353.44,5301.6,265.08,406.46,1325.4,3.68,795.24,23.91,771.33,145027.96
V8-G,268,2024-05-17,DEVELOPMENT,BANKNIFTY,CE,145027.96,15,1,363.37,5450.55,272.53,417.88,1362.6,3.76,817.58,24.57,793.01,145820.97
V8-G,269,2024-05-17,DEVELOPMENT,BANKNIFTY,CE,145820.97,15,1,374.42,5616.3,280.81,430.58,1404.15,3.85,-315.3,22.11,-337.41,145483.56
V8-G,270,2024-05-21,DEVELOPMENT,NIFTY50,CE,145483.56,25,1,118.95,2973.75,89.21,136.79,743.5,2.04,446.06,13.42,432.64,145916.2
V8-G,271,2024-05-21,DEVELOPMENT,NIFTY50,CE,145916.2,50,2,111.93,5596.5,83.95,128.72,1399.0,3.84,839.48,25.24,814.24,146730.44
V8-G,272,2024-05-21,DEVELOPMENT,NIFTY50,CE,146730.44,25,1,135.05,3376.25,101.29,155.31,844.0,2.3,-578.0,12.22,-590.22,146140.22
V8-G,273,2024-05-22,DEVELOPMENT,NIFTY50,PE,146140.22,50,2,93.11,4655.5,69.83,107.08,1164.0,3.19,-139.5,18.67,-158.17,145982.05
V8-G,274,2024-05-22,DEVELOPMENT,BANKNIFTY,PE,145982.05,45,3,105.96,4768.2,79.47,121.85,1192.05,3.27,715.23,21.52,693.71,146675.76
V8-G,275,2024-05-22,DEVELOPMENT,BANKNIFTY,PE,146675.76,45,3,121.33,5459.85,91.0,139.53,1364.85,3.72,818.98,24.62,794.36,147470.12
V8-G,276,2024-05-23,DEVELOPMENT,NIFTY50,CE,147470.12,75,3,74.31,5573.25,55.73,85.46,1393.5,3.78,835.99,25.13,810.86,148280.98
V8-G,277,2024-05-23,DEVELOPMENT,BANKNIFTY,CE,148280.98,15,1,386.37,5795.55,289.78,444.33,1448.85,3.91,869.33,26.14,843.19,149124.17
V8-G,278,2024-05-23,DEVELOPMENT,NIFTY50,CE,149124.17,75,3,75.52,5664.0,56.64,86.85,1416.0,3.8,849.6,25.54,824.06,149948.23
V8-G,279,2024-05-24,DEVELOPMENT,NIFTY50,CE,149948.23,25,1,186.93,4673.25,140.2,214.97,1168.25,3.12,-74.25,18.93,-93.18,149855.05
V8-G,280,2024-05-24,DEVELOPMENT,BANKNIFTY,CE,149855.05,15,1,360.03,5400.45,270.02,414.03,1350.15,3.6,810.07,24.36,785.71,150640.76
V8-G,281,2024-05-24,DEVELOPMENT,BANKNIFTY,CE,150640.76,15,1,367.84,5517.6,275.88,423.02,1379.4,3.66,-119.25,22.26,-141.51,150499.25
V8-G,282,2024-05-27,DEVELOPMENT,BANKNIFTY,CE,150499.25,15,1,244.28,3664.2,183.21,280.92,916.05,2.43,549.63,16.53,533.1,151032.35
V8-G,283,2024-05-27,DEVELOPMENT,NIFTY50,PE,151032.35,25,1,140.15,3503.75,105.11,161.17,876.0,2.32,-36.0,14.26,-50.26,150982.09
V8-G,284,2024-05-27,DEVELOPMENT,BANKNIFTY,CE,150982.09,15,1,263.42,3951.3,197.56,302.93,987.9,2.62,592.69,17.83,574.86,151556.95
V8-G,285,2024-05-28,DEVELOPMENT,BANKNIFTY,PE,151556.95,15,1,211.01,3165.15,158.26,242.66,791.25,2.09,-321.9,12.04,-333.94,151223.01
V8-G,286,2024-05-28,DEVELOPMENT,NIFTY50,PE,151223.01,25,1,127.56,3189.0,95.67,146.69,797.25,2.11,186.75,13.57,173.18,151396.19
V8-G,287,2024-05-28,DEVELOPMENT,BANKNIFTY,PE,151396.19,30,2,189.64,5689.2,142.23,218.09,1422.3,3.76,853.38,25.66,827.72,152223.91
V8-G,288,2024-05-29,DEVELOPMENT,NIFTY50,PE,152223.91,50,2,94.62,4731.0,70.97,108.81,1182.5,3.11,709.65,21.34,688.31,152912.22
V8-G,289,2024-05-29,DEVELOPMENT,NIFTY50,PE,152912.22,50,2,111.43,5571.5,83.57,128.14,1393.0,3.64,-957.5,20.13,-977.63,151934.59
V8-G,290,2024-05-29,DEVELOPMENT,BANKNIFTY,PE,151934.59,45,3,107.94,4857.3,80.95,124.13,1214.55,3.2,728.59,21.9,706.69,152641.28
V8-G,291,2024-05-30,DEVELOPMENT,BANKNIFTY,CE,152641.28,15,1,390.35,5855.25,292.76,448.9,1463.85,3.84,-53.7,23.82,-77.52,152563.76
V8-G,292,2024-05-30,DEVELOPMENT,NIFTY50,PE,152563.76,75,3,69.12,5184.0,51.84,79.49,1296.0,3.4,-1296.0,17.63,-1313.63,151250.13
V8-G,293,2024-05-30,DEVELOPMENT,NIFTY50,PE,151250.13,100,4,52.57,5257.0,39.43,60.46,1314.0,3.48,-255.0,20.81,-275.81,150974.32
V8-G,294,2024-05-31,DEVELOPMENT,NIFTY50,PE,150974.32,25,1,180.18,4504.5,135.13,207.21,1126.25,2.98,-10.5,18.41,-28.91,150945.41
V8-G,295,2024-05-31,DEVELOPMENT,BANKNIFTY,PE,150945.41,15,1,358.79,5381.85,269.09,412.61,1345.5,3.57,807.28,24.28,783.0,151728.41
V8-G,296,2024-05-31,DEVELOPMENT,BANKNIFTY,PE,151728.41,15,1,358.76,5381.4,269.07,412.57,1345.35,3.55,-2.25,22.02,-24.27,151704.14
V8-G,297,2024-06-04,DEVELOPMENT,BANKNIFTY,PE,151704.14,15,1,226.19,3392.85,169.64,260.12,848.25,2.24,508.93,15.31,493.62,152197.76
V8-G,298,2024-06-04,DEVELOPMENT,NIFTY50,PE,152197.76,50,2,106.52,5326.0,79.89,122.5,1331.5,3.5,-1489.5,17.65,-1507.15,150690.61
V8-G,299,2024-06-04,DEVELOPMENT,BANKNIFTY,PE,150690.61,30,2,178.49,5354.7,133.87,205.26,1338.6,3.55,-1477.5,17.81,-1495.31,149195.3
V8-G,300,2024-06-05,DEVELOPMENT,BANKNIFTY,PE,149195.3,45,3,103.95,4677.75,77.96,119.54,1169.55,3.14,701.66,21.1,680.56,149875.86
V8-G,301,2024-06-05,DEVELOPMENT,BANKNIFTY,PE,149875.86,45,3,125.26,5636.7,93.95,144.05,1408.95,3.76,-1409.17,19.15,-1428.32,148447.54
V8-G,302,2024-06-05,DEVELOPMENT,BANKNIFTY,CE,148447.54,45,3,105.84,4762.8,79.38,121.72,1190.7,3.21,714.42,21.48,692.94,149140.48
V8-G,303,2024-06-06,DEVELOPMENT,NIFTY50,CE,149140.48,100,4,50.8,5080.0,38.1,58.42,1270.0,3.41,762.0,22.9,739.1,149879.58
V8-G,304,2024-06-06,DEVELOPMENT,NIFTY50,CE,149879.58,100,4,50.85,5085.0,38.14,58.48,1271.0,3.39,-95.0,20.56,-115.56,149764.02
V8-G,305,2024-06-06,DEVELOPMENT,BANKNIFTY,CE,149764.02,15,1,402.78,6041.7,302.08,463.2,1510.5,4.03,-144.6,24.32,-168.92,149595.1
V8-G,306,2024-06-07,DEVELOPMENT,BANKNIFTY,CE,149595.1,15,1,404.16,6062.4,303.12,464.78,1515.6,4.05,909.36,27.34,882.02,150477.12
V8-G,307,2024-06-07,DEVELOPMENT,NIFTY50,CE,150477.12,25,1,184.05,4601.25,138.04,211.66,1150.25,3.06,690.19,20.76,669.43,151146.55
V8-G,308,2024-06-07,DEVELOPMENT,BANKNIFTY,CE,151146.55,15,1,411.15,6167.25,308.36,472.82,1541.85,4.08,925.09,27.82,897.27,152043.82
V8-G,309,2024-06-10,DEVELOPMENT,BANKNIFTY,PE,152043.82,15,1,247.86,3717.9,185.9,285.04,929.4,2.45,0.0,15.22,-15.22,152028.6
V8-G,310,2024-06-10,DEVELOPMENT,NIFTY50,PE,152028.6,25,1,137.2,3430.0,102.9,157.78,857.5,2.26,0.25,14.05,-13.8,152014.8
V8-G,311,2024-06-10,DEVELOPMENT,NIFTY50,PE,152014.8,25,1,136.62,3415.5,102.47,157.11,853.75,2.25,325.5,14.89,310.61,152325.41
V8-G,312,2024-06-11,DEVELOPMENT,BANKNIFTY,CE,152325.41,30,2,191.93,5757.9,143.95,220.72,1439.4,3.78,863.68,25.96,837.72,153163.13
V8-G,313,2024-06-11,DEVELOPMENT,BANKNIFTY,CE,153163.13,30,2,191.9,5757.0,143.93,220.69,1439.1,3.76,-39.6,23.46,-63.06,153100.07
V8-G,314,2024-06-11,DEVELOPMENT,BANKNIFTY,CE,153100.07,15,1,214.4,3216.0,160.8,246.56,804.0,2.1,8.4,13.19,-4.79,153095.28
V8-G,315,2024-06-12,DEVELOPMENT,NIFTY50,CE,153095.28,50,2,108.13,5406.5,81.1,124.35,1351.5,3.53,-913.0,19.58,-932.58,152162.7
V8-G,316,2024-06-12,DEVELOPMENT,BANKNIFTY,CE,152162.7,45,3,127.16,5722.2,95.37,146.23,1430.55,3.76,-1430.55,19.45,-1450.0,150712.7
V8-G,317,2024-06-12,DEVELOPMENT,BANKNIFTY,CE,150712.7,45,3,111.16,5002.2,83.37,127.83,1250.55,3.32,-16.65,20.42,-37.07,150675.63
V8-G,318,2024-06-13,DEVELOPMENT,BANKNIFTY,PE,150675.63,15,1,399.63,5994.45,299.72,459.57,1498.65,3.98,899.17,27.02,872.15,151547.78
V8-G,319,2024-06-13,DEVELOPMENT,NIFTY50,PE,151547.78,100,4,51.87,5187.0,38.9,59.65,1297.0,3.42,-3.0,21.24,-24.24,151523.54
V8-G,320,2024-06-13,DEVELOPMENT,NIFTY50,PE,151523.54,100,4,58.7,5870.0,44.03,67.5,1467.0,3.87,49.0,24.15,24.85,151548.39
V8-G,321,2024-06-14,DEVELOPMENT,BANKNIFTY,PE,151548.39,15,1,368.37,5525.55,276.28,423.63,1381.35,3.65,-2.85,22.59,-25.44,151522.95
V8-G,322,2024-06-14,DEVELOPMENT,BANKNIFTY,CE,151522.95,15,1,404.42,6066.3,303.31,465.08,1516.65,4.0,-545.85,23.3,-569.15,150953.8
V8-G,323,2024-06-18,DEVELOPMENT,BANKNIFTY,CE,150953.8,15,1,220.66,3309.9,165.5,253.76,827.4,2.19,496.48,14.93,481.55,151435.35
V8-G,324,2024-06-18,DEVELOPMENT,BANKNIFTY,CE,151435.35,30,2,198.79,5963.7,149.09,228.61,1491.0,3.94,894.55,26.89,867.66,152303.01
V8-G,325,2024-06-18,DEVELOPMENT,BANKNIFTY,CE,152303.01,15,1,214.53,3217.95,160.9,246.71,804.45,2.11,482.69,14.52,468.17,152771.18
V8-G,326,2024-06-19,DEVELOPMENT,BANKNIFTY,CE,152771.18,45,3,112.8,5076.0,84.6,129.72,1269.0,3.32,-24.3,20.69,-44.99,152726.19
V8-G,327,2024-06-19,DEVELOPMENT,NIFTY50,PE,152726.19,50,2,90.4,4520.0,67.8,103.96,1130.0,2.96,678.0,20.39,657.61,153383.8
V8-G,328,2024-06-19,DEVELOPMENT,BANKNIFTY,CE,153383.8,45,3,113.21,5094.45,84.91,130.19,1273.5,3.32,764.17,22.98,741.19,154124.99
V8-G,329,2024-06-20,DEVELOPMENT,BANKNIFTY,PE,154124.99,15,1,411.68,6175.2,308.76,473.43,1543.8,4.01,-1.2,25.25,-26.45,154098.54
V8-G,330,2024-06-20,DEVELOPMENT,BANKNIFTY,PE,154098.54,15,1,431.55,6473.25,323.66,496.28,1618.35,4.2,-212.85,25.9,-238.75,153859.79
V8-G,331,2024-06-20,DEVELOPMENT,NIFTY50,CE,153859.79,100,4,59.21,5921.0,44.41,68.09,1480.0,3.85,-695.0,22.29,-717.29,153142.5
V8-G,332,2024-06-21,DEVELOPMENT,BANKNIFTY,PE,153142.5,15,1,398.02,5970.3,298.51,457.72,1492.65,3.9,895.54,26.92,868.63,154011.13
V8-G,333,2024-06-21,DEVELOPMENT,BANKNIFTY,PE,154011.13,15,1,384.72,5770.8,288.54,442.43,1442.7,3.75,865.62,26.0,839.62,154850.75
V8-G,334,2024-06-21,DEVELOPMENT,BANKNIFTY,PE,154850.75,15,1,378.6,5679.0,283.95,435.39,1419.75,3.67,-12.0,23.19,-35.19,154815.56
V8-G,335,2024-06-24,DEVELOPMENT,BANKNIFTY,PE,154815.56,15,1,270.89,4063.35,203.17,311.52,1015.8,2.62,-241.8,15.95,-257.75,154557.81
V8-G,336,2024-06-24,DEVELOPMENT,BANKNIFTY,CE,154557.81,15,1,255.4,3831.0,191.55,293.71,957.75,2.48,574.65,17.27,557.38,155115.19
V8-G,337,2024-06-24,DEVELOPMENT,NIFTY50,CE,155115.19,25,1,147.26,3681.5,110.44,169.35,920.5,2.37,552.22,16.61,535.61,155650.8
V8-G,338,2024-06-25,DEVELOPMENT,NIFTY50,CE,155650.8,50,2,117.14,5857.0,87.86,134.71,1464.0,3.76,-17.0,23.93,-40.93,155609.87
V8-G,339,2024-06-25,DEVELOPMENT,BANKNIFTY,CE,155609.87,30,2,200.33,6009.9,150.25,230.38,1502.4,3.86,901.48,27.1,874.38,156484.25
V8-G,340,2024-06-25,DEVELOPMENT,NIFTY50,CE,156484.25,25,1,139.07,3476.75,104.3,159.93,869.25,2.22,521.51,15.69,505.82,156990.07
V8-G,341,2024-06-26,DEVELOPMENT,BANKNIFTY,PE,156990.07,45,3,116.61,5247.45,87.46,134.1,1311.75,3.34,-1311.86,17.82,-1329.68,155660.39
V8-G,342,2024-06-26,DEVELOPMENT,BANKNIFTY,PE,155660.39,45,3,133.69,6016.05,100.27,153.74,1503.9,3.86,-768.6,22.48,-791.08,154869.31
V8-G,343,2024-06-26,DEVELOPMENT,NIFTY50,CE,154869.31,50,2,91.73,4586.5,68.8,105.49,1146.5,2.96,-22.0,18.73,-40.73,154828.58
V8-G,344,2024-06-27,DEVELOPMENT,BANKNIFTY,CE,154828.58,15,1,424.88,6373.2,318.66,488.61,1593.3,4.12,-117.3,25.73,-143.03,154685.55
V8-G,345,2024-06-27,DEVELOPMENT,NIFTY50,CE,154685.55,75,3,65.88,4941.0,49.41,75.76,1235.25,3.19,-1235.25,16.78,-1252.03,153433.52
V8-G,346,2024-06-27,DEVELOPMENT,NIFTY50,CE,153433.52,100,4,53.08,5308.0,39.81,61.04,1327.0,3.46,796.2,23.95,772.25,154205.77
V8-G,347,2024-06-28,DEVELOPMENT,BANKNIFTY,CE,154205.77,15,1,389.76,5846.4,292.32,448.22,1461.6,3.79,-20.4,23.88,-44.28,154161.49
V8-G,348,2024-06-28,DEVELOPMENT,NIFTY50,CE,154161.49,25,1,193.34,4833.5,145.0,222.34,1208.5,3.14,-15.5,19.76,-35.26,154126.23
V8-G,349,2024-06-28,DEVELOPMENT,BANKNIFTY,PE,154126.23,15,1,407.11,6106.65,305.33,468.18,1526.7,3.96,916.0,27.51,888.49,155014.72
V8-G,350,2024-07-01,VALIDATION,BANKNIFTY,CE,155014.72,15,1,276.0,4140.0,207.0,317.4,1035.0,2.67,-249.6,16.26,-265.86,154748.86
V8-G,351,2024-07-01,VALIDATION,BANKNIFTY,CE,154748.86,15,1,296.58,4448.7,222.44,341.07,1112.1,2.87,-290.55,17.39,-307.94,154440.92
V8-G,352,2024-07-01,VALIDATION,NIFTY50,CE,154440.92,25,1,141.42,3535.5,106.06,162.63,884.0,2.29,530.32,15.95,514.37,154955.29
V8-G,353,2024-07-02,VALIDATION,NIFTY50,PE,154955.29,50,2,119.69,5984.5,89.77,137.64,1496.0,3.86,-3.0,24.47,-27.47,154927.82
V8-G,354,2024-07-02,VALIDATION,BANKNIFTY,PE,154927.82,15,1,226.13,3391.95,169.6,260.05,847.95,2.19,508.79,15.31,493.48,155421.3
V8-G,355,2024-07-02,VALIDATION,NIFTY50,PE,155421.3,25,1,132.53,3313.25,99.4,152.41,828.25,2.13,-254.25,12.87,-267.12,155154.18
V8-G,356,2024-07-03,VALIDATION,NIFTY50,CE,155154.18,50,2,93.35,4667.5,70.01,107.35,1167.0,3.01,5.0,19.11,-14.11,155140.07
V8-G,357,2024-07-03,VALIDATION,BANKNIFTY,CE,155140.07,30,2,166.88,5006.4,125.16,191.91,1251.6,3.23,750.96,22.58,728.38,155868.45
V8-G,358,2024-07-03,VALIDATION,BANKNIFTY,CE,155868.45,45,3,117.88,5304.6,88.41,135.56,1326.15,3.4,795.69,23.91,771.78,156640.23
V8-G,359,2024-07-04,VALIDATION,NIFTY50,CE,156640.23,100,4,54.03,5403.0,40.52,62.13,1351.0,3.45,-1.0,22.1,-23.1,156617.13
V8-G,360,2024-07-04,VALIDATION,BANKNIFTY,PE,156617.13,15,1,431.14,6467.1,323.36,495.81,1616.7,4.13,-115.05,26.14,-141.19,156475.94
V8-G,361,2024-07-04,VALIDATION,BANKNIFTY,PE,156475.94,15,1,463.51,6952.65,347.63,533.04,1738.2,4.44,-580.5,26.83,-607.33,155868.61
V8-G,362,2024-07-05,VALIDATION,NIFTY50,PE,155868.61,25,1,193.82,4845.5,145.37,222.89,1211.25,3.11,-4.75,19.81,-24.56,155844.05
V8-G,363,2024-07-05,VALIDATION,BANKNIFTY,PE,155844.05,15,1,388.16,5822.4,291.12,446.38,1455.6,3.74,42.3,23.93,18.37,155862.42
V8-G,364,2024-07-05,VALIDATION,NIFTY50,CE,155862.42,25,1,194.38,4859.5,145.78,223.54,1215.0,3.12,-10.0,19.85,-29.85,155832.57
V8-G,365,2024-07-08,VALIDATION,BANKNIFTY,CE,155832.57,15,1,260.9,3913.5,195.67,300.03,978.45,2.51,-1.65,16.01,-17.66,155814.91
V8-G,366,2024-07-08,VALIDATION,NIFTY50,PE,155814.91,25,1,158.14,3953.5,118.6,181.86,988.5,2.54,-161.0,15.72,-176.72,155638.19
V8-G,367,2024-07-08,VALIDATION,NIFTY50,PE,155638.19,25,1,163.47,4086.75,122.6,187.99,1021.75,2.63,-258.25,16.01,-274.26,155363.93
V8-G,368,2024-07-09,VALIDATION,NIFTY50,CE,155363.93,25,1,138.95,3473.75,104.21,159.79,868.5,2.24,521.06,15.65,505.41,155869.34
V8-G,369,2024-07-09,VALIDATION,NIFTY50,CE,155869.34,50,2,121.07,6053.5,90.8,139.23,1513.5,3.88,908.02,27.3,880.72,156750.06
V8-G,370,2024-07-09,VALIDATION,BANKNIFTY,CE,156750.06,30,2,202.12,6063.6,151.59,232.44,1515.9,3.87,-5.1,24.79,-29.89,156720.17
V8-G,371,2024-07-10,VALIDATION,BANKNIFTY,PE,156720.17,45,3,115.73,5207.85,86.8,133.09,1301.85,3.32,781.18,23.49,757.69,157477.86
V8-G,372,2024-07-10,VALIDATION,NIFTY50,PE,157477.86,50,2,93.11,4655.5,69.83,107.08,1164.0,2.96,-22.5,18.98,-41.48,157436.38
V8-G,373,2024-07-10,VALIDATION,BANKNIFTY,PE,157436.38,45,3,115.73,5207.85,86.8,133.09,1301.85,3.31,781.18,23.49,757.69,158194.07
V8-G,374,2024-07-11,VALIDATION,NIFTY50,PE,158194.07,100,4,53.87,5387.0,40.4,61.95,1347.0,3.41,-1.0,22.05,-23.05,158171.02
V8-G,375,2024-07-11,VALIDATION,BANKNIFTY,PE,158171.02,15,1,414.88,6223.2,311.16,477.11,1555.8,3.93,-17.7,25.41,-43.11,158127.91
V8-G,376,2024-07-11,VALIDATION,NIFTY50,PE,158127.91,100,4,53.87,5387.0,40.4,61.95,1347.0,3.41,-1.0,22.05,-23.05,158104.86
V8-G,377,2024-07-12,VALIDATION,BANKNIFTY,CE,158104.86,15,1,389.23,5838.45,291.92,447.61,1459.65,3.69,-64.35,23.72,-88.07,158016.79
V8-G,378,2024-07-12,VALIDATION,NIFTY50,CE,158016.79,25,1,196.08,4902.0,147.06,225.49,1225.5,3.1,735.3,22.11,713.19,158729.98
V8-G,379,2024-07-12,VALIDATION,BANKNIFTY,CE,158729.98,15,1,413.94,6209.1,310.45,476.03,1552.35,3.91,-411.3,24.26,-435.56,158294.42
V8-G,380,2024-07-15,VALIDATION,BANKNIFTY,PE,158294.42,15,1,296.81,4452.15,222.61,341.33,1113.0,2.81,-570.0,16.63,-586.63,157707.79
V8-G,381,2024-07-15,VALIDATION,BANKNIFTY,CE,157707.79,15,1,268.64,4029.6,201.48,308.94,1007.4,2.56,-129.0,16.14,-145.14,157562.65
V8-G,382,2024-07-15,VALIDATION,NIFTY50,CE,157562.65,25,1,144.47,3611.75,108.35,166.14,903.0,2.29,-3.0,14.77,-17.77,157544.88
V8-G,383,2024-07-16,VALIDATION,NIFTY50,CE,157544.88,25,1,126.82,3170.5,95.11,145.84,792.75,2.01,-113.25,12.66,-125.91,157418.97
V8-G,384,2024-07-16,VALIDATION,BANKNIFTY,PE,157418.97,15,1,212.88,3193.2,159.66,244.81,798.3,2.03,-52.95,12.93,-65.88,157353.09
V8-G,385,2024-07-16,VALIDATION,BANKNIFTY,PE,157353.09,30,2,201.61,6048.3,151.21,231.85,1512.0,3.84,-4.2,24.75,-28.95,157324.14
V8-G,386,2024-07-18,VALIDATION,NIFTY50,PE,157324.14,75,3,66.7,5002.5,50.03,76.7,1250.25,3.18,-896.25,17.97,-914.22,156409.92
V8-G,387,2024-07-18,VALIDATION,NIFTY50,CE,156409.92,100,4,54.73,5473.0,41.05,62.94,1368.0,3.5,-16.0,22.34,-38.34,156371.58
V8-G,388,2024-07-18,VALIDATION,BANKNIFTY,CE,156371.58,15,1,440.07,6601.05,330.05,506.08,1650.3,4.22,-306.45,26.16,-332.61,156038.97
V8-G,389,2024-07-19,VALIDATION,NIFTY50,PE,156038.97,25,1,197.83,4945.75,148.37,227.5,1236.5,3.17,741.86,22.31,719.55,156758.52
V8-G,390,2024-07-19,VALIDATION,NIFTY50,PE,156758.52,25,1,197.42,4935.5,148.06,227.03,1234.0,3.15,740.32,22.26,718.06,157476.58
V8-G,391,2024-07-19,VALIDATION,BANKNIFTY,PE,157476.58,15,1,385.32,5779.8,288.99,443.12,1444.95,3.67,866.97,26.05,840.92,158317.5
V8-G,392,2024-07-22,VALIDATION,BANKNIFTY,CE,158317.5,15,1,260.18,3902.7,195.13,299.21,975.75,2.47,-19.8,15.91,-35.71,158281.79
V8-G,393,2024-07-22,VALIDATION,NIFTY50,CE,158281.79,25,1,149.37,3734.25,112.03,171.78,933.5,2.36,-132.5,14.91,-147.41,158134.38
V8-G,394,2024-07-22,VALIDATION,BANKNIFTY,CE,158134.38,15,1,259.68,3895.2,194.76,298.63,973.8,2.46,77.25,16.16,61.09,158195.47
V8-G,395,2024-07-23,VALIDATION,NIFTY50,PE,158195.47,25,1,135.8,3395.0,101.85,156.17,848.75,2.15,509.25,15.32,493.93,158689.4
V8-G,396,2024-07-23,VALIDATION,BANKNIFTY,PE,158689.4,15,1,224.11,3361.65,168.08,257.73,840.45,2.12,-349.65,12.8,-362.45,158326.95
V8-G,397,2024-07-23,VALIDATION,NIFTY50,PE,158326.95,50,2,121.42,6071.0,91.06,139.63,1518.0,3.83,-1.0,24.84,-25.84,158301.11
V8-G,398,2024-07-24,VALIDATION,NIFTY50,CE,158301.11,50,2,93.91,4695.5,70.43,108.0,1174.0,2.97,-1173.87,15.95,-1189.83,157111.28
V8-G,399,2024-07-24,VALIDATION,BANKNIFTY,PE,157111.28,45,3,129.57,5830.65,97.18,149.01,1457.55,3.71,874.6,26.29,848.31,157959.59
V8-G,400,2024-07-24,VALIDATION,NIFTY50,PE,157959.59,50,2,104.34,5217.0,78.25,119.99,1304.5,3.3,-281.0,20.58,-301.58,157658.01
V8-G,401,2024-07-25,VALIDATION,BANKNIFTY,PE,157658.01,15,1,426.77,6401.55,320.08,490.79,1600.35,4.06,-315.15,25.31,-340.46,157317.55
V8-G,402,2024-07-25,VALIDATION,NIFTY50,CE,157317.55,100,4,54.12,5412.0,40.59,62.24,1353.0,3.44,811.8,24.41,787.39,158104.94
V8-G,403,2024-07-25,VALIDATION,NIFTY50,CE,158104.94,75,3,72.85,5463.75,54.64,83.78,1365.75,3.46,-1365.94,18.56,-1384.5,156720.44
V8-G,404,2024-07-26,VALIDATION,NIFTY50,CE,156720.44,25,1,197.2,4930.0,147.9,226.78,1232.5,3.15,739.5,22.23,717.27,157437.71
V8-G,405,2024-07-26,VALIDATION,NIFTY50,CE,157437.71,25,1,198.45,4961.25,148.84,228.22,1240.25,3.15,744.19,22.37,721.82,158159.53
V8-G,406,2024-07-26,VALIDATION,BANKNIFTY,CE,158159.53,15,1,401.01,6015.15,300.76,461.16,1503.75,3.8,-371.25,23.59,-394.84,157764.69
V8-G,407,2024-07-29,VALIDATION,BANKNIFTY,CE,157764.69,15,1,257.51,3862.65,193.13,296.14,965.7,2.45,579.4,17.42,561.98,158326.67
V8-G,408,2024-07-29,VALIDATION,NIFTY50,CE,158326.67,25,1,146.16,3654.0,109.62,168.08,913.5,2.31,-3.75,14.95,-18.7,158307.97
V8-G,409,2024-07-29,VALIDATION,NIFTY50,PE,158307.97,25,1,146.04,3651.0,109.53,167.95,912.75,2.31,547.65,16.45,531.2,158839.17
V8-G,410,2024-07-30,VALIDATION,NIFTY50,CE,158839.17,25,1,136.68,3417.0,102.51,157.18,854.25,2.15,-332.75,13.06,-345.81,158493.36
V8-G,411,2024-07-30,VALIDATION,NIFTY50,CE,158493.36,50,2,123.8,6190.0,92.85,142.37,1547.5,3.91,928.5,27.91,900.59,159393.95
V8-G,412,2024-07-30,VALIDATION,BANKNIFTY,CE,159393.95,30,2,198.82,5964.6,149.12,228.64,1491.0,3.74,894.69,26.89,867.8,160261.75
V8-G,413,2024-07-31,VALIDATION,NIFTY50,CE,160261.75,50,2,95.93,4796.5,71.95,110.32,1199.0,2.99,-22.0,19.58,-41.58,160220.17
V8-G,414,2024-07-31,VALIDATION,BANKNIFTY,CE,160220.17,45,3,114.42,5148.9,85.81,131.58,1287.45,3.21,1.35,21.08,-19.73,160200.44
V8-G,415,2024-07-31,VALIDATION,BANKNIFTY,PE,160200.44,45,3,134.01,6030.45,100.51,154.11,1507.5,3.76,904.57,27.19,877.38,161077.82
V8-G,416,2024-08-01,VALIDATION,NIFTY50,PE,161077.82,75,3,78.38,5878.5,58.78,90.14,1470.0,3.65,881.77,26.51,855.26,161933.08
V8-G,417,2024-08-01,VALIDATION,NIFTY50,PE,161933.08,75,3,75.1,5632.5,56.32,86.36,1408.5,3.48,844.87,25.39,819.48,162752.56
V8-G,418,2024-08-01,VALIDATION,BANKNIFTY,PE,162752.56,15,1,438.23,6573.45,328.67,503.96,1643.4,4.04,-182.1,26.4,-208.5,162544.06
V8-G,419,2024-08-02,VALIDATION,NIFTY50,PE,162544.06,25,1,221.54,5538.5,166.16,254.77,1384.5,3.41,830.77,24.96,805.81,163349.87
V8-G,420,2024-08-02,VALIDATION,BANKNIFTY,CE,163349.87,15,1,379.24,5688.6,284.43,436.13,1422.15,3.48,853.29,25.66,827.63,164177.5
V8-G,421,2024-08-02,VALIDATION,BANKNIFTY,CE,164177.5,15,1,394.96,5924.4,296.22,454.2,1481.1,3.61,27.15,24.33,2.82,164180.32
V8-G,422,2024-08-05,VALIDATION,BANKNIFTY,PE,164180.32,15,1,250.72,3760.8,188.04,288.33,940.2,2.29,564.12,16.96,547.16,164727.48
V8-G,423,2024-08-05,VALIDATION,NIFTY50,PE,164727.48,25,1,150.54,3763.5,112.91,173.12,940.75,2.28,564.52,16.98,547.54,165275.02
V8-G,424,2024-08-05,VALIDATION,BANKNIFTY,PE,165275.02,15,1,247.36,3710.4,185.52,284.46,927.6,2.24,-38.55,15.08,-53.63,165221.39
V8-G,425,2024-08-06,VALIDATION,NIFTY50,PE,165221.39,50,2,120.2,6010.0,90.15,138.23,1502.5,3.64,-1.5,24.59,-26.09,165195.3
V8-G,426,2024-08-06,VALIDATION,BANKNIFTY,PE,165195.3,30,2,192.75,5782.5,144.56,221.66,1445.7,3.5,-5.4,23.65,-29.05,165166.25
V8-G,427,2024-08-06,VALIDATION,BANKNIFTY,PE,165166.25,15,1,237.34,3560.1,178.0,272.94,890.1,2.16,534.01,16.07,517.94,165684.19
V8-G,428,2024-08-07,VALIDATION,BANKNIFTY,PE,165684.19,45,3,111.07,4998.15,83.3,127.73,1249.65,3.02,0.0,20.46,-20.46,165663.73
V8-G,429,2024-08-07,VALIDATION,NIFTY50,CE,165663.73,50,2,93.26,4663.0,69.95,107.25,1165.5,2.81,-11.0,19.06,-30.06,165633.67
V8-G,430,2024-08-07,VALIDATION,BANKNIFTY,PE,165633.67,45,3,121.34,5460.3,91.0,139.54,1365.3,3.3,-472.05,21.01,-493.06,165140.61
V8-G,431,2024-08-08,VALIDATION,BANKNIFTY,PE,165140.61,15,1,427.93,6418.95,320.95,492.12,1604.7,3.89,-66.45,26.09,-92.54,165048.07
V8-G,432,2024-08-08,VALIDATION,NIFTY50,PE,165048.07,100,4,54.68,5468.0,41.01,62.88,1367.0,3.31,-119.0,22.04,-141.04,164907.03
V8-G,433,2024-08-08,VALIDATION,NIFTY50,PE,164907.03,100,4,61.42,6142.0,46.06,70.63,1536.0,3.72,-768.0,23.0,-791.0,164116.03
V8-G,434,2024-08-09,VALIDATION,NIFTY50,CE,164116.03,25,1,207.02,5175.5,155.27,238.07,1293.75,3.15,291.0,21.99,269.01,164385.04
V8-G,435,2024-08-09,VALIDATION,BANKNIFTY,CE,164385.04,15,1,371.93,5578.95,278.95,427.72,1394.7,3.39,836.84,25.16,811.68,165196.72
V8-G,436,2024-08-12,VALIDATION,NIFTY50,PE,165196.72,25,1,147.64,3691.0,110.73,169.79,922.75,2.23,-89.5,14.87,-104.37,165092.35
V8-G,437,2024-08-12,VALIDATION,BANKNIFTY,PE,165092.35,15,1,299.58,4493.7,224.69,344.52,1123.35,2.72,-1123.42,15.27,-1138.69,163953.66
V8-G,438,2024-08-12,VALIDATION,BANKNIFTY,CE,163953.66,15,1,251.53,3772.95,188.65,289.26,943.2,2.3,565.94,17.02,548.92,164502.58
V8-G,439,2024-08-13,VALIDATION,BANKNIFTY,PE,164502.58,30,2,212.08,6362.4,159.06,243.89,1590.6,3.87,954.36,28.69,925.67,165428.25
V8-G,440,2024-08-13,VALIDATION,NIFTY50,PE,165428.25,50,2,120.7,6035.0,90.53,138.8,1508.5,3.65,-1.0,24.68,-25.68,165402.57
V8-G,441,2024-08-13,VALIDATION,BANKNIFTY,PE,165402.57,30,2,204.77,6143.1,153.58,235.49,1535.7,3.71,921.46,27.69,893.78,166296.35
V8-G,442,2024-08-14,VALIDATION,NIFTY50,PE,166296.35,50,2,92.72,4636.0,69.54,106.63,1159.0,2.79,-8.0,18.95,-26.95,166269.4
V8-G,443,2024-08-16,VALIDATION,NIFTY50,PE,166269.4,25,1,194.62,4865.5,145.97,223.81,1216.25,2.93,-2.0,19.9,-21.9,166247.5
V8-G,444,2024-08-16,VALIDATION,BANKNIFTY,CE,166247.5,15,1,370.7,5560.5,278.02,426.3,1390.2,3.34,834.07,25.08,808.99,167056.49
V8-G,445,2024-08-16,VALIDATION,NIFTY50,CE,167056.49,25,1,195.73,4893.25,146.8,225.09,1223.25,2.93,733.99,22.07,711.92,167768.41
V8-G,446,2024-08-19,VALIDATION,BANKNIFTY,PE,167768.41,15,1,285.1,4276.5,213.83,327.87,1069.05,2.55,641.47,19.3,622.18,168390.59
V8-G,447,2024-08-19,VALIDATION,BANKNIFTY,PE,168390.59,15,1,250.33,3754.95,187.75,287.88,938.7,2.23,-5.1,15.34,-20.44,168370.15
V8-G,448,2024-08-19,VALIDATION,NIFTY50,PE,168370.15,25,1,158.66,3966.5,119.0,182.46,991.5,2.36,38.25,16.36,21.89,168392.04
V8-G,449,2024-08-20,VALIDATION,NIFTY50,CE,168392.04,50,2,129.68,6484.0,97.26,149.13,1621.0,3.85,-360.5,25.52,-386.02,168006.02
V8-G,450,2024-08-20,VALIDATION,BANKNIFTY,CE,168006.02,30,2,195.33,5859.9,146.5,224.63,1464.9,3.49,878.98,26.43,852.55,168858.57
V8-G,451,2024-08-20,VALIDATION,NIFTY50,CE,168858.57,50,2,130.73,6536.5,98.05,150.34,1634.0,3.87,980.47,29.49,950.99,169809.56
V8-G,452,2024-08-21,VALIDATION,BANKNIFTY,PE,169809.56,45,3,125.88,5664.6,94.41,144.76,1416.15,3.34,849.69,25.54,824.15,170633.71
V8-G,453,2024-08-21,VALIDATION,NIFTY50,CE,170633.71,50,2,94.98,4749.0,71.23,109.23,1187.5,2.78,1.0,19.43,-18.43,170615.28
V8-G,454,2024-08-21,VALIDATION,NIFTY50,CE,170615.28,50,2,111.28,5564.0,83.46,127.97,1391.0,3.26,834.6,25.09,809.51,171424.79
V8-G,455,2024-08-22,VALIDATION,BANKNIFTY,CE,171424.79,15,1,426.4,6396.0,319.8,490.36,1599.0,3.73,959.4,28.85,930.55,172355.34
V8-G,456,2024-08-22,VALIDATION,BANKNIFTY,CE,172355.34,15,1,420.93,6313.95,315.7,484.07,1578.45,3.66,947.09,28.48,918.61,173273.95
V8-G,457,2024-08-22,VALIDATION,BANKNIFTY,CE,173273.95,15,1,432.72,6490.8,324.54,497.63,1622.7,3.75,-366.9,25.54,-392.44,172881.51
V8-G,458,2024-08-23,VALIDATION,NIFTY50,PE,172881.51,25,1,198.62,4965.5,148.97,228.41,1241.25,2.87,0.25,20.33,-20.08,172861.43
V8-G,459,2024-08-26,VALIDATION,NIFTY50,CE,172861.43,25,1,155.97,3899.25,116.98,179.37,974.75,2.26,584.89,17.59,567.3,173428.73
V8-G,460,2024-08-26,VALIDATION,BANKNIFTY,CE,173428.73,15,1,297.46,4461.9,223.09,342.08,1115.55,2.57,-652.95,16.45,-669.4,172759.33
V8-G,461,2024-08-26,VALIDATION,BANKNIFTY,CE,172759.33,15,1,274.41,4116.15,205.81,315.57,1029.0,2.38,-230.25,16.2,-246.45,172512.88
V8-G,462,2024-08-27,VALIDATION,NIFTY50,PE,172512.88,50,2,124.17,6208.5,93.13,142.8,1552.0,3.6,-0.5,25.41,-25.91,172486.97
V8-G,463,2024-08-27,VALIDATION,BANKNIFTY,PE,172486.97,30,2,196.22,5886.6,147.16,225.65,1471.8,3.41,-43.5,23.95,-67.45,172419.52
V8-G,464,2024-08-27,VALIDATION,NIFTY50,CE,172419.52,50,2,124.38,6219.0,93.28,143.04,1555.0,3.61,-3.0,25.44,-28.44,172391.08
V8-G,465,2024-08-28,VALIDATION,NIFTY50,PE,172391.08,50,2,96.19,4809.5,72.14,110.62,1202.5,2.79,-1.0,19.67,-20.67,172370.41
V8-G,466,2024-08-28,VALIDATION,BANKNIFTY,PE,172370.41,60,4,113.51,6810.6,85.13,130.54,1702.8,3.95,-6.6,27.85,-34.45,172335.96
V8-G,467,2024-08-28,VALIDATION,NIFTY50,CE,172335.96,50,2,96.47,4823.5,72.35,110.94,1206.0,2.8,723.52,21.76,701.76,173037.72
V8-G,468,2024-08-29,VALIDATION,BANKNIFTY,CE,173037.72,15,1,410.26,6153.9,307.69,471.8,1538.55,3.56,-22.65,25.11,-47.76,172989.96
V8-G,469,2024-08-29,VALIDATION,NIFTY50,CE,172989.96,100,4,55.71,5571.0,41.78,64.07,1393.0,3.22,-3.0,22.79,-25.79,172964.17
V8-G,470,2024-08-29,VALIDATION,NIFTY50,CE,172964.17,100,4,55.68,5568.0,41.76,64.03,1392.0,3.22,835.2,25.12,810.08,173774.25
V8-G,471,2024-08-30,VALIDATION,BANKNIFTY,CE,173774.25,15,1,395.26,5928.9,296.44,454.55,1482.3,3.41,-251.85,23.56,-275.41,173498.84
V8-G,472,2024-08-30,VALIDATION,BANKNIFTY,PE,173498.84,15,1,377.95,5669.25,283.46,434.64,1417.35,3.27,0.0,23.19,-23.19,173475.65
V8-G,473,2024-09-02,VALIDATION,BANKNIFTY,PE,173475.65,15,1,289.12,4336.8,216.84,332.49,1084.2,2.5,-356.85,16.76,-373.61,173102.04
V8-G,474,2024-09-02,VALIDATION,NIFTY50,PE,173102.04,25,1,152.97,3824.25,114.73,175.92,956.0,2.21,573.64,17.24,556.4,173658.44
V8-G,475,2024-09-02,VALIDATION,BANKNIFTY,PE,173658.44,15,1,254.81,3822.15,191.11,293.03,955.5,2.2,-1.35,15.63,-16.98,173641.46
V8-G,476,2024-09-03,VALIDATION,NIFTY50,PE,173641.46,50,2,125.41,6270.5,94.06,144.22,1567.5,3.61,0.5,25.66,-25.16,173616.3
V8-G,477,2024-09-03,VALIDATION,BANKNIFTY,PE,173616.3,15,1,246.82,3702.3,185.12,283.84,925.5,2.13,555.34,16.7,538.64,174154.94
V8-G,478,2024-09-03,VALIDATION,BANKNIFTY,PE,174154.94,15,1,238.89,3583.35,179.17,274.72,895.8,2.06,537.5,16.16,521.34,174676.28
V8-G,479,2024-09-04,VALIDATION,BANKNIFTY,PE,174676.28,30,2,156.04,4681.2,117.03,179.45,1170.3,2.68,702.18,21.11,681.07,175357.35
V8-G,480,2024-09-04,VALIDATION,NIFTY50,CE,175357.35,50,2,96.66,4833.0,72.5,111.16,1208.0,2.76,724.95,21.8,703.15,176060.5
V8-G,481,2024-09-04,VALIDATION,NIFTY50,CE,176060.5,50,2,96.89,4844.5,72.67,111.42,1211.0,2.75,285.5,20.64,264.86,176325.36
V8-G,482,2024-09-05,VALIDATION,NIFTY50,PE,176325.36,75,3,80.22,6016.5,60.16,92.25,1504.5,3.41,-1258.5,21.13,-1279.63,175045.73
V8-G,483,2024-09-05,VALIDATION,NIFTY50,PE,175045.73,75,3,75.09,5631.75,56.32,86.35,1407.75,3.22,844.76,25.38,819.38,175865.11
V8-G,484,2024-09-05,VALIDATION,BANKNIFTY,PE,175865.11,15,1,460.86,6912.9,345.64,529.99,1728.3,3.93,-240.15,27.62,-267.77,175597.34
V8-G,485,2024-09-06,VALIDATION,BANKNIFTY,PE,175597.34,15,1,383.31,5749.65,287.48,440.81,1437.45,3.27,862.45,25.93,836.52,176433.86
V8-G,486,2024-09-06,VALIDATION,NIFTY50,PE,176433.86,25,1,199.42,4985.5,149.56,229.33,1246.5,2.83,747.82,22.48,725.34,177159.2
V8-G,487,2024-09-06,VALIDATION,BANKNIFTY,PE,177159.2,15,1,376.68,5650.2,282.51,433.18,1412.55,3.19,847.53,25.47,822.06,177981.26
V8-G,488,2024-09-09,VALIDATION,NIFTY50,CE,177981.26,25,1,146.05,3651.25,109.54,167.96,912.75,2.05,-13.25,14.9,-28.15,177953.11
V8-G,489,2024-09-09,VALIDATION,BANKNIFTY,CE,177953.11,15,1,252.06,3780.9,189.05,289.87,945.15,2.12,567.13,17.03,550.1,178503.21
V8-G,490,2024-09-09,VALIDATION,BANKNIFTY,CE,178503.21,15,1,302.96,4544.4,227.22,348.4,1136.1,2.55,-635.4,16.84,-652.24,177850.97
V8-G,491,2024-09-10,VALIDATION,NIFTY50,PE,177850.97,50,2,141.55,7077.5,106.16,162.78,1769.5,3.98,-396.0,27.86,-423.86,177427.11
V8-G,492,2024-09-10,VALIDATION,BANKNIFTY,CE,177427.11,30,2,227.08,6812.4,170.31,261.14,1703.1,3.84,-912.0,25.34,-937.34,176489.77
V8-G,493,2024-09-10,VALIDATION,NIFTY50,CE,176489.77,50,2,131.32,6566.0,98.49,151.02,1641.5,3.72,10.0,26.89,-16.89,176472.88
V8-G,494,2024-09-11,VALIDATION,BANKNIFTY,CE,176472.88,60,4,113.75,6825.0,85.31,130.81,1706.4,3.87,1023.75,30.78,992.97,177465.85
V8-G,495,2024-09-11,VALIDATION,NIFTY50,CE,177465.85,50,2,96.39,4819.5,72.29,110.85,1205.0,2.72,-12.0,19.67,-31.67,177434.18
V8-G,496,2024-09-11,VALIDATION,BANKNIFTY,CE,177434.18,60,4,113.87,6832.2,85.4,130.95,1708.2,3.85,1024.83,30.8,994.03,178428.21
V8-G,497,2024-09-12,VALIDATION,BANKNIFTY,PE,178428.21,15,1,409.27,6139.05,306.95,470.66,1534.8,3.44,-7.95,25.11,-33.06,178395.15
V8-G,498,2024-09-12,VALIDATION,BANKNIFTY,PE,178395.15,15,1,409.22,6138.3,306.92,470.6,1534.5,3.44,-5.25,25.11,-30.36,178364.79
V8-G,499,2024-09-12,VALIDATION,NIFTY50,PE,178364.79,100,4,58.16,5816.0,43.62,66.88,1454.0,3.26,-1454.0,19.75,-1473.75,176891.04
V8-G,500,2024-09-13,VALIDATION,BANKNIFTY,CE,176891.04,15,1,381.7,5725.5,286.27,438.95,1431.45,3.24,858.82,25.81,833.01,177724.05
V8-G,501,2024-09-13,VALIDATION,BANKNIFTY,CE,177724.05,15,1,432.04,6480.6,324.03,496.85,1620.15,3.65,-361.05,25.51,-386.56,177337.49
V8-G,502,2024-09-16,VALIDATION,BANKNIFTY,CE,177337.49,15,1,285.69,4285.35,214.27,328.54,1071.3,2.42,-409.2,16.4,-425.6,176911.89
V8-G,503,2024-09-16,VALIDATION,NIFTY50,CE,176911.89,25,1,162.23,4055.75,121.67,186.56,1014.0,2.29,-326.5,15.68,-342.18,176569.71
V8-G,504,2024-09-16,VALIDATION,NIFTY50,PE,176569.71,25,1,148.98,3724.5,111.73,171.33,931.25,2.11,0.0,15.23,-15.23,176554.48
V8-G,505,2024-09-17,VALIDATION,NIFTY50,CE,176554.48,50,2,140.22,7011.0,105.16,161.25,1753.0,3.97,1051.65,31.63,1020.02,177574.5
V8-G,506,2024-09-17,VALIDATION,NIFTY50,CE,177574.5,50,2,126.21,6310.5,94.66,145.14,1577.5,3.55,-7.5,25.8,-33.3,177541.2
V8-G,507,2024-09-17,VALIDATION,BANKNIFTY,CE,177541.2,30,2,200.91,6027.3,150.68,231.05,1506.9,3.39,-9.0,24.63,-33.63,177507.57
V8-G,508,2024-09-18,VALIDATION,NIFTY50,CE,177507.57,50,2,97.77,4888.5,73.33,112.44,1222.0,2.75,-8.5,19.98,-28.48,177479.09
V8-G,509,2024-09-18,VALIDATION,NIFTY50,CE,177479.09,50,2,121.72,6086.0,91.29,139.98,1521.5,3.43,912.9,27.44,885.46,178364.55
V8-G,510,2024-09-18,VALIDATION,NIFTY50,CE,178364.55,50,2,108.27,5413.5,81.2,124.51,1353.5,3.04,812.02,24.41,787.61,179152.16
V8-G,511,2024-09-19,VALIDATION,NIFTY50,CE,179152.16,125,5,56.69,7086.25,42.52,65.19,1771.25,3.96,-71.25,28.79,-100.04,179052.12
V8-G,512,2024-09-19,VALIDATION,NIFTY50,PE,179052.12,100,4,64.08,6408.0,48.06,73.69,1602.0,3.58,961.2,28.89,932.31,179984.43
V8-G,513,2024-09-19,VALIDATION,BANKNIFTY,PE,179984.43,15,1,458.49,6877.35,343.87,527.26,1719.3,3.82,-442.8,26.92,-469.72,179514.71
V8-G,514,2024-09-20,VALIDATION,NIFTY50,CE,179514.71,25,1,207.59,5189.75,155.69,238.73,1297.5,2.89,778.46,23.41,755.05,180269.76
V8-G,515,2024-09-20,VALIDATION,BANKNIFTY,CE,180269.76,15,1,394.19,5912.85,295.64,453.32,1478.25,3.28,886.93,26.67,860.26,181130.02
V8-G,516,2024-09-20,VALIDATION,NIFTY50,CE,181130.02,25,1,216.23,5405.75,162.17,248.66,1351.5,2.98,810.86,24.36,786.5,181916.52
V8-G,517,2024-09-23,VALIDATION,BANKNIFTY,CE,181916.52,15,1,267.6,4014.0,200.7,307.74,1003.5,2.21,602.1,18.11,583.99,182500.51
V8-G,518,2024-09-23,VALIDATION,NIFTY50,CE,182500.51,25,1,152.12,3803.0,114.09,174.94,950.75,2.08,-18.0,15.51,-33.51,182467.0
V8-G,519,2024-09-23,VALIDATION,BANKNIFTY,CE,182467.0,15,1,297.83,4467.45,223.37,342.5,1116.9,2.45,670.12,20.14,649.98,183116.98
V8-G,520,2024-09-24,VALIDATION,NIFTY50,CE,183116.98,50,2,139.64,6982.0,104.73,160.59,1745.5,3.81,-539.5,27.06,-566.56,182550.42
V8-G,521,2024-09-24,VALIDATION,NIFTY50,CE,182550.42,25,1,151.49,3787.25,113.62,174.21,946.75,2.07,26.25,15.57,10.68,182561.1
V8-G,522,2024-09-24,VALIDATION,NIFTY50,CE,182561.1,50,2,143.5,7175.0,107.62,165.02,1794.0,3.93,1076.25,32.36,1043.89,183604.99
V8-G,523,2024-09-25,VALIDATION,BANKNIFTY,CE,183604.99,45,3,134.04,6031.8,100.53,154.15,1507.95,3.29,904.77,27.19,877.58,184482.57
V8-G,524,2024-09-25,VALIDATION,BANKNIFTY,CE,184482.57,45,3,151.21,6804.45,113.41,173.89,1701.0,3.69,-711.9,25.86,-737.76,183744.81
V8-G,525,2024-09-25,VALIDATION,NIFTY50,PE,183744.81,50,2,111.86,5593.0,83.89,128.64,1398.5,3.04,-610.5,21.2,-631.7,183113.11
V8-G,526,2024-09-26,VALIDATION,NIFTY50,CE,183113.11,75,3,80.86,6064.5,60.64,92.99,1516.5,3.31,909.67,27.34,882.33,183995.44
V8-G,527,2024-09-26,VALIDATION,NIFTY50,CE,183995.44,75,3,79.57,5967.75,59.68,91.51,1491.75,3.24,895.16,26.91,868.25,184863.69
V8-G,528,2024-09-26,VALIDATION,BANKNIFTY,CE,184863.69,15,1,433.38,6500.7,325.03,498.39,1625.25,3.52,-10.05,26.59,-36.64,184827.05
V8-G,529,2024-09-27,VALIDATION,NIFTY50,CE,184827.05,25,1,227.74,5693.5,170.81,261.9,1423.25,3.08,393.25,24.39,368.86,185195.91
V8-G,530,2024-09-27,VALIDATION,NIFTY50,PE,185195.91,25,1,230.99,5774.75,173.24,265.64,1443.75,3.12,-528.75,22.16,-550.91,184645.0
V8-G,531,2024-09-27,VALIDATION,NIFTY50,PE,184645.0,25,1,210.57,5264.25,157.93,242.16,1316.0,2.85,789.64,23.74,765.9,185410.9
V8-G,532,2024-09-30,VALIDATION,BANKNIFTY,PE,185410.9,15,1,264.24,3963.6,198.18,303.88,990.9,2.14,594.54,17.88,576.66,185987.56
V8-G,533,2024-09-30,VALIDATION,NIFTY50,PE,185987.56,25,1,152.19,3804.75,114.14,175.02,951.25,2.05,570.71,17.15,553.56,186541.12
V8-G,534,2024-09-30,VALIDATION,BANKNIFTY,PE,186541.12,15,1,301.33,4519.95,226.0,346.53,1129.95,2.42,677.99,20.39,657.6,187198.72
V8-G,535,2024-10-01,VALIDATION,NIFTY50,PE,187198.72,50,2,127.9,6395.0,95.93,147.09,1598.5,3.42,-14.5,26.13,-40.63,187158.09
V8-G,536,2024-10-01,VALIDATION,NIFTY50,PE,187158.09,50,2,130.05,6502.5,97.54,149.56,1625.5,3.47,62.5,26.78,35.72,187193.81
V8-G,537,2024-10-03,VALIDATION,BANKNIFTY,PE,187193.81,15,1,418.86,6282.9,314.14,481.69,1570.8,3.36,942.43,28.32,914.11,188107.92
V8-G,538,2024-10-03,VALIDATION,NIFTY50,PE,188107.92,125,5,56.08,7010.0,42.06,64.49,1752.5,3.73,1051.5,31.63,1019.87,189127.79
V8-G,539,2024-10-03,VALIDATION,BANKNIFTY,PE,189127.79,15,1,452.14,6782.1,339.11,519.96,1695.45,3.59,159.75,28.18,131.57,189259.36
V8-G,540,2024-10-04,VALIDATION,BANKNIFTY,CE,189259.36,15,1,403.66,6054.9,302.75,464.21,1513.65,3.2,908.23,27.3,880.93,190140.29
V8-G,541,2024-10-04,VALIDATION,BANKNIFTY,CE,190140.29,15,1,384.36,5765.4,288.27,442.01,1441.35,3.03,864.81,26.0,838.81,190979.1
V8-G,542,2024-10-04,VALIDATION,NIFTY50,CE,190979.1,25,1,220.39,5509.75,165.29,253.45,1377.5,2.89,826.46,24.83,801.63,191780.73
V8-G,543,2024-10-07,VALIDATION,BANKNIFTY,PE,191780.73,15,1,294.42,4416.3,220.81,338.58,1104.15,2.3,-582.9,16.43,-599.33,191181.4
V8-G,544,2024-10-07,VALIDATION,NIFTY50,PE,191181.4,50,2,147.22,7361.0,110.41,169.3,1840.5,3.85,1104.15,33.19,1070.96,192252.36
V8-G,545,2024-10-07,VALIDATION,BANKNIFTY,PE,192252.36,30,2,255.79,7673.7,191.84,294.16,1918.5,3.99,1151.05,34.61,1116.44,193368.8
V8-G,546,2024-10-08,VALIDATION,BANKNIFTY,CE,193368.8,30,2,195.62,5868.6,146.72,224.96,1467.0,3.03,880.29,26.46,853.83,194222.63
V8-G,547,2024-10-08,VALIDATION,NIFTY50,CE,194222.63,50,2,123.21,6160.5,92.41,141.69,1540.0,3.17,924.07,27.77,896.3,195118.93
V8-G,548,2024-10-08,VALIDATION,NIFTY50,CE,195118.93,50,2,123.61,6180.5,92.71,142.15,1545.0,3.17,927.07,27.86,899.21,196018.14
V8-G,549,2024-10-09,VALIDATION,NIFTY50,CE,196018.14,75,3,96.79,7259.25,72.59,111.31,1815.0,3.7,1088.89,32.73,1056.16,197074.3
V8-G,550,2024-10-09,VALIDATION,BANKNIFTY,CE,197074.3,60,4,117.72,7063.2,88.29,135.38,1765.8,3.58,-327.0,27.99,-354.99,196719.31
V8-G,551,2024-10-09,VALIDATION,BANKNIFTY,CE,196719.31,60,4,123.25,7395.0,92.44,141.74,1848.6,3.76,-1848.75,25.11,-1873.86,194845.45
V8-G,552,2024-10-10,VALIDATION,NIFTY50,PE,194845.45,125,5,55.53,6941.25,41.65,63.86,1735.0,3.56,-36.25,28.29,-64.54,194780.91
V8-G,553,2024-10-10,VALIDATION,NIFTY50,CE,194780.91,100,4,63.64,6364.0,47.73,73.19,1591.0,3.27,-801.0,23.8,-824.8,193956.11
V8-G,554,2024-10-10,VALIDATION,BANKNIFTY,CE,193956.11,15,1,456.35,6845.25,342.26,524.8,1711.35,3.53,1026.79,30.87,995.92,194952.03
V8-G,555,2024-10-11,VALIDATION,NIFTY50,CE,194952.03,25,1,200.01,5000.25,150.01,230.01,1250.0,2.56,-0.75,20.46,-21.21,194930.82
V8-G,556,2024-10-11,VALIDATION,BANKNIFTY,PE,194930.82,15,1,389.99,5849.85,292.49,448.49,1462.5,3.0,-222.45,23.33,-245.78,194685.04
V8-G,557,2024-10-11,VALIDATION,NIFTY50,PE,194685.04,25,1,205.66,5141.5,154.25,236.51,1285.25,2.64,-145.75,20.63,-166.38,194518.66
V8-G,558,2024-10-14,VALIDATION,NIFTY50,CE,194518.66,50,2,150.69,7534.5,113.02,173.29,1883.5,3.87,1130.17,33.99,1096.18,195614.84
V8-G,559,2024-10-14,VALIDATION,BANKNIFTY,CE,195614.84,30,2,256.77,7703.1,192.58,295.29,1925.7,3.94,1155.46,34.74,1120.72,196735.56
V8-G,560,2024-10-14,VALIDATION,NIFTY50,CE,196735.56,50,2,150.28,7514.0,112.71,172.82,1878.5,3.82,-153.5,30.33,-183.83,196551.73
V8-G,561,2024-10-15,VALIDATION,NIFTY50,PE,196551.73,50,2,147.19,7359.5,110.39,169.27,1840.0,3.74,-926.5,27.55,-954.05,195597.68
V8-G,562,2024-10-15,VALIDATION,NIFTY50,PE,195597.68,50,2,124.43,6221.5,93.32,143.09,1555.5,3.18,-3.5,25.45,-28.95,195568.73
V8-G,563,2024-10-15,VALIDATION,BANKNIFTY,PE,195568.73,30,2,198.92,5967.6,149.19,228.76,1491.9,3.05,-29.4,24.33,-53.73,195515.0
V8-G,564,2024-10-16,VALIDATION,NIFTY50,CE,195515.0,50,2,114.53,5726.5,85.9,131.71,1431.5,2.93,-843.5,21.07,-864.57,194650.43
V8-G,565,2024-10-16,VALIDATION,BANKNIFTY,CE,194650.43,45,3,161.93,7286.85,121.45,186.22,1821.6,3.74,-1325.25,26.12,-1351.37,193299.06
V8-G,566,2024-10-16,VALIDATION,NIFTY50,CE,193299.06,75,3,96.25,7218.75,72.19,110.69,1804.5,3.73,-6.0,29.53,-35.53,193263.53
V8-G,567,2024-10-17,VALIDATION,NIFTY50,PE,193263.53,125,5,57.98,7247.5,43.48,66.68,1812.5,3.75,1087.12,32.69,1054.43,194317.96
V8-G,568,2024-10-17,VALIDATION,BANKNIFTY,PE,194317.96,15,1,410.83,6162.45,308.12,472.45,1540.65,3.17,924.37,27.77,896.6,195214.56
V8-G,569,2024-10-17,VALIDATION,BANKNIFTY,PE,195214.56,15,1,455.14,6827.1,341.36,523.41,1706.7,3.5,-664.65,26.07,-690.72,194523.84
V8-G,570,2024-10-18,VALIDATION,NIFTY50,CE,194523.84,25,1,201.6,5040.0,151.2,231.84,1260.0,2.59,-96.0,20.36,-116.36,194407.48
V8-G,571,2024-10-18,VALIDATION,BANKNIFTY,CE,194407.48,15,1,413.03,6195.45,309.77,474.98,1548.9,3.19,929.32,27.94,901.38,195308.86
V8-G,572,2024-10-18,VALIDATION,NIFTY50,CE,195308.86,25,1,198.95,4973.75,149.21,228.79,1243.5,2.55,746.06,22.44,723.62,196032.48
V8-G,573,2024-10-21,VALIDATION,NIFTY50,PE,196032.48,50,2,145.73,7286.5,109.3,167.59,1821.5,3.72,1.0,29.83,-28.83,196003.65
V8-G,574,2024-10-21,VALIDATION,NIFTY50,PE,196003.65,50,2,145.74,7287.0,109.31,167.6,1821.5,3.72,1093.05,32.86,1060.19,197063.84
V8-G,575,2024-10-21,VALIDATION,BANKNIFTY,PE,197063.84,15,1,279.92,4198.8,209.94,321.91,1049.7,2.13,629.82,18.93,610.89,197674.73
V8-G,576,2024-10-22,VALIDATION,BANKNIFTY,CE,197674.73,30,2,243.08,7292.4,182.31,279.54,1823.1,3.69,-1354.8,26.09,-1380.89,196293.84
V8-G,577,2024-10-22,VALIDATION,NIFTY50,CE,196293.84,50,2,141.34,7067.0,106.0,162.54,1767.0,3.6,257.0,29.64,227.36,196521.2
V8-G,578,2024-10-22,VALIDATION,NIFTY50,PE,196521.2,50,2,143.53,7176.5,107.65,165.06,1794.0,3.65,1076.47,32.36,1044.11,197565.31
V8-G,579,2024-10-23,VALIDATION,NIFTY50,CE,197565.31,75,3,94.21,7065.75,70.66,108.34,1766.25,3.58,1059.86,31.88,1027.98,198593.29
V8-G,580,2024-10-23,VALIDATION,NIFTY50,CE,198593.29,75,3,94.32,7074.0,70.74,108.47,1768.5,3.56,1061.1,31.89,1029.21,199622.5
V8-G,581,2024-10-23,VALIDATION,NIFTY50,CE,199622.5,50,2,115.5,5775.0,86.62,132.82,1444.0,2.89,866.25,26.04,840.21,200462.71
V8-G,582,2024-10-24,VALIDATION,NIFTY50,PE,200462.71,100,4,72.73,7273.0,54.55,83.64,1818.0,3.63,65.0,29.95,35.05,200497.76
V8-G,583,2024-10-24,VALIDATION,NIFTY50,PE,200497.76,125,5,54.2,6775.0,40.65,62.33,1693.75,3.38,0.0,27.72,-27.72,200470.04
V8-G,584,2024-10-24,VALIDATION,BANKNIFTY,CE,200470.04,15,1,414.21,6213.15,310.66,476.34,1553.25,3.1,-18.0,25.36,-43.36,200426.68
V8-G,585,2024-10-25,VALIDATION,NIFTY50,PE,200426.68,25,1,194.59,4864.75,145.94,223.78,1216.25,2.43,729.71,21.94,707.77,201134.45
V8-G,586,2024-10-25,VALIDATION,BANKNIFTY,PE,201134.45,15,1,372.03,5580.45,279.02,427.83,1395.15,2.77,837.07,25.17,811.9,201946.35
V8-G,587,2024-10-25,VALIDATION,NIFTY50,PE,201946.35,25,1,206.07,5151.75,154.55,236.98,1288.0,2.55,772.76,23.24,749.52,202695.87
V8-G,588,2024-10-28,VALIDATION,BANKNIFTY,CE,202695.87,30,2,255.61,7668.3,191.71,293.95,1917.0,3.78,1150.24,34.58,1115.66,203811.53
V8-G,589,2024-10-28,VALIDATION,NIFTY50,CE,203811.53,50,2,143.36,7168.0,107.52,164.86,1792.0,3.52,1075.2,32.34,1042.86,204854.39
V8-G,590,2024-10-28,VALIDATION,BANKNIFTY,CE,204854.39,30,2,255.07,7652.1,191.3,293.33,1913.1,3.74,1147.81,34.53,1113.28,205967.67
V8-G,591,2024-10-29,VALIDATION,NIFTY50,PE,205967.67,50,2,141.24,7062.0,105.93,162.43,1765.5,3.43,-1053.0,25.98,-1078.98,204888.69
V8-G,592,2024-10-29,VALIDATION,NIFTY50,PE,204888.69,50,2,133.13,6656.5,99.85,153.1,1664.0,3.25,-59.5,27.09,-86.59,204802.1
V8-G,593,2024-10-29,VALIDATION,BANKNIFTY,CE,204802.1,30,2,232.37,6971.1,174.28,267.23,1742.7,3.4,1045.67,31.43,1014.24,205816.34
V8-G,594,2024-10-30,VALIDATION,BANKNIFTY,PE,205816.34,45,3,154.49,6952.05,115.87,177.66,1737.9,3.38,1042.81,31.33,1011.48,206827.82
V8-G,595,2024-10-30,VALIDATION,BANKNIFTY,PE,206827.82,60,4,125.4,7524.0,94.05,144.21,1881.0,3.64,1128.6,33.95,1094.65,207922.47
V8-G,596,2024-10-30,VALIDATION,NIFTY50,CE,207922.47,75,3,94.0,7050.0,70.5,108.1,1762.5,3.39,1057.5,31.8,1025.7,208948.17
V8-G,597,2024-10-31,VALIDATION,NIFTY50,PE,208948.17,125,5,62.24,7780.0,46.68,71.58,1945.0,3.72,1167.0,35.07,1131.93,210080.1
V8-G,598,2024-10-31,VALIDATION,BANKNIFTY,CE,210080.1,15,1,449.73,6745.95,337.3,517.19,1686.45,3.21,-105.0,27.3,-132.3,209947.8
V8-G,599,2024-10-31,VALIDATION,NIFTY50,PE,209947.8,150,6,53.87,8080.5,40.4,61.95,2020.5,3.85,1212.07,36.45,1175.62,211123.42
V8-G,600,2024-11-04,VALIDATION,BANKNIFTY,PE,211123.42,30,2,254.8,7644.0,191.1,293.02,1911.0,3.62,1146.6,34.48,1112.12,212235.54
V8-G,601,2024-11-04,VALIDATION,NIFTY50,PE,212235.54,50,2,140.17,7008.5,105.13,161.2,1752.0,3.3,-64.5,28.52,-93.02,212142.52
V8-G,602,2024-11-04,VALIDATION,NIFTY50,PE,212142.52,50,2,140.46,7023.0,105.34,161.53,1756.0,3.31,0.0,28.72,-28.72,212113.8
V8-G,603,2024-11-05,VALIDATION,BANKNIFTY,CE,212113.8,30,2,196.83,5904.9,147.62,226.35,1476.3,2.78,-1476.23,20.06,-1496.29,210617.51
V8-G,604,2024-11-05,VALIDATION,BANKNIFTY,PE,210617.51,30,2,196.23,5886.9,147.17,225.66,1471.8,2.8,883.03,26.55,856.48,211473.99
V8-G,605,2024-11-05,VALIDATION,NIFTY50,PE,211473.99,50,2,118.46,5923.0,88.84,136.23,1481.0,2.8,-35.0,24.15,-59.15,211414.84
V8-H,1,2024-01-01,DEVELOPMENT,NIFTY50,CE,100000.0,25,1,127.68,3192.0,101.4,140.45,657.0,3.19,319.2,13.96,305.24,100305.24
V8-H,2,2024-01-01,DEVELOPMENT,BANKNIFTY,CE,100305.24,15,1,258.55,3878.25,204.92,284.41,804.45,3.87,387.83,16.95,370.88,100676.12
V8-H,3,2024-01-01,DEVELOPMENT,NIFTY50,CE,100676.12,25,1,144.42,3610.5,114.62,158.86,745.0,3.59,361.05,15.79,345.26,101021.38
V8-H,4,2024-01-02,DEVELOPMENT,NIFTY50,PE,101021.38,25,1,107.28,2682.0,84.5,118.01,569.5,2.65,268.2,11.74,256.46,101277.84
V8-H,5,2024-01-02,DEVELOPMENT,BANKNIFTY,PE,101277.84,15,1,214.66,3219.9,169.14,236.13,682.8,3.18,321.99,14.08,307.91,101585.75
V8-H,6,2024-01-02,DEVELOPMENT,NIFTY50,PE,101585.75,25,1,107.29,2682.25,84.83,118.02,561.5,2.64,-12.25,10.96,-23.21,101562.54
V8-H,7,2024-01-03,DEVELOPMENT,BANKNIFTY,PE,101562.54,30,2,139.34,4180.2,109.51,153.27,894.9,4.12,418.02,18.28,399.74,101962.28
V8-H,8,2024-01-03,DEVELOPMENT,NIFTY50,PE,101962.28,25,1,97.2,2430.0,76.74,106.92,511.5,2.38,243.0,10.62,232.38,102194.66
V8-H,9,2024-01-03,DEVELOPMENT,NIFTY50,PE,102194.66,50,2,82.9,4145.0,65.62,91.19,864.0,4.06,414.5,18.11,396.39,102591.05
V8-H,10,2024-01-04,DEVELOPMENT,BANKNIFTY,CE,102591.05,15,1,383.92,5758.8,303.33,422.31,1208.85,5.61,575.88,25.17,550.71,103141.76
V8-H,11,2024-01-04,DEVELOPMENT,NIFTY50,CE,103141.76,100,4,48.02,4802.0,38.1,52.82,992.0,4.66,480.2,20.98,459.22,103600.98
V8-H,12,2024-01-04,DEVELOPMENT,NIFTY50,CE,103600.98,100,4,48.05,4805.0,38.16,52.86,989.0,4.64,480.5,21.01,459.49,104060.47
V8-H,13,2024-01-05,DEVELOPMENT,BANKNIFTY,PE,104060.47,15,1,356.6,5349.0,281.57,392.26,1125.45,5.14,534.9,23.39,511.51,104571.98
V8-H,14,2024-01-05,DEVELOPMENT,NIFTY50,PE,104571.98,25,1,187.63,4690.75,148.85,206.39,969.5,4.49,469.08,20.52,448.55,105020.53
V8-H,15,2024-01-05,DEVELOPMENT,BANKNIFTY,PE,105020.53,15,1,354.33,5314.95,280.16,389.76,1112.55,5.06,531.5,23.23,508.27,105528.8
V8-H,16,2024-01-08,DEVELOPMENT,NIFTY50,PE,105528.8,25,1,151.97,3799.25,119.87,167.17,802.5,3.6,379.93,16.61,363.32,105892.12
V8-H,17,2024-01-08,DEVELOPMENT,BANKNIFTY,PE,105892.12,15,1,238.41,3576.15,187.68,262.25,760.95,3.38,357.62,15.62,342.0,106234.12
V8-H,18,2024-01-08,DEVELOPMENT,NIFTY50,PE,106234.12,25,1,141.43,3535.75,111.77,155.57,741.5,3.33,353.58,15.45,338.13,106572.25
V8-H,19,2024-01-09,DEVELOPMENT,BANKNIFTY,CE,106572.25,15,1,204.79,3071.85,161.33,225.27,651.9,2.88,-651.87,10.77,-662.64,105909.61
V8-H,20,2024-01-09,DEVELOPMENT,NIFTY50,CE,105909.61,25,1,107.66,2691.5,85.21,118.43,561.25,2.54,269.15,11.78,257.37,106166.98
V8-H,21,2024-01-09,DEVELOPMENT,NIFTY50,CE,106166.98,25,1,106.98,2674.5,84.36,117.68,565.5,2.52,49.75,11.09,38.66,106205.64
V8-H,22,2024-01-10,DEVELOPMENT,BANKNIFTY,CE,106205.64,30,2,118.86,3565.8,93.72,130.75,754.2,3.36,356.58,15.58,341.0,106546.64
V8-H,23,2024-01-10,DEVELOPMENT,BANKNIFTY,CE,106546.64,45,3,109.45,4925.25,86.31,120.4,1041.3,4.62,492.53,21.52,471.01,107017.65
V8-H,24,2024-01-10,DEVELOPMENT,BANKNIFTY,CE,107017.65,45,3,105.13,4730.85,82.83,115.64,1003.5,4.42,0.9,19.36,-18.46,106999.19
V8-H,25,2024-01-11,DEVELOPMENT,NIFTY50,PE,106999.19,100,4,48.09,4809.0,38.22,52.9,987.0,4.49,480.9,21.01,459.89,107459.08
V8-H,26,2024-01-11,DEVELOPMENT,NIFTY50,PE,107459.08,100,4,48.08,4808.0,38.07,52.89,1001.0,4.47,480.8,21.01,459.79,107918.87
V8-H,27,2024-01-11,DEVELOPMENT,BANKNIFTY,PE,107918.87,15,1,379.56,5693.4,298.77,417.52,1211.85,5.28,0.6,23.29,-22.69,107896.18
V8-H,28,2024-01-12,DEVELOPMENT,NIFTY50,CE,107896.18,25,1,174.73,4368.25,138.43,192.2,907.5,4.05,436.83,19.1,417.72,108313.9
V8-H,29,2024-01-12,DEVELOPMENT,BANKNIFTY,CE,108313.9,15,1,382.23,5733.45,302.1,420.45,1201.95,5.29,573.35,25.05,548.29,108862.19
V8-H,30,2024-01-12,DEVELOPMENT,NIFTY50,CE,108862.19,25,1,175.06,4376.5,138.89,192.57,904.25,4.02,437.65,19.14,418.51,109280.7
V8-H,31,2024-01-15,DEVELOPMENT,BANKNIFTY,CE,109280.7,15,1,247.64,3714.6,194.22,272.4,801.3,3.4,371.46,16.24,355.22,109635.92
V8-H,32,2024-01-15,DEVELOPMENT,BANKNIFTY,CE,109635.92,15,1,273.37,4100.55,216.16,300.71,858.15,3.74,410.06,17.93,392.13,110028.05
V8-H,33,2024-01-15,DEVELOPMENT,NIFTY50,CE,110028.05,25,1,149.64,3741.0,118.67,164.6,774.25,3.4,374.1,16.36,357.74,110385.79
V8-H,34,2024-01-16,DEVELOPMENT,NIFTY50,CE,110385.79,25,1,109.63,2740.75,86.58,120.59,576.25,2.48,274.08,11.99,262.09,110647.88
V8-H,35,2024-01-16,DEVELOPMENT,NIFTY50,CE,110647.88,25,1,127.32,3183.0,100.75,140.05,664.25,2.88,-471.5,11.73,-483.23,110164.65
V8-H,36,2024-01-16,DEVELOPMENT,BANKNIFTY,CE,110164.65,15,1,185.66,2784.9,146.52,204.23,587.1,2.53,-34.05,11.31,-45.36,110119.29
V8-H,37,2024-01-17,DEVELOPMENT,BANKNIFTY,PE,110119.29,45,3,102.85,4628.25,80.75,113.14,994.5,4.2,462.83,20.23,442.59,110561.88
V8-H,38,2024-01-17,DEVELOPMENT,BANKNIFTY,PE,110561.88,30,2,132.97,3989.1,104.39,146.27,857.4,3.61,398.91,17.44,381.47,110943.35
V8-H,39,2024-01-18,DEVELOPMENT,NIFTY50,PE,110943.35,75,3,51.91,3893.25,40.55,57.1,852.0,3.51,389.33,17.02,372.31,111315.66
V8-H,40,2024-01-18,DEVELOPMENT,NIFTY50,CE,111315.66,100,4,47.69,4769.0,37.39,52.46,1030.0,4.28,476.9,20.85,456.05,111771.71
V8-H,41,2024-01-18,DEVELOPMENT,BANKNIFTY,CE,111771.71,15,1,372.19,5582.85,289.54,409.41,1239.75,4.99,558.29,24.39,533.9,112305.61
V8-H,42,2024-01-19,DEVELOPMENT,NIFTY50,CE,112305.61,25,1,172.97,4324.25,136.62,190.27,908.75,3.85,4.75,17.72,-12.97,112292.64
V8-H,43,2024-01-19,DEVELOPMENT,BANKNIFTY,CE,112292.64,15,1,338.42,5076.3,265.16,372.26,1098.9,4.52,507.63,22.19,485.44,112778.08
V8-H,44,2024-01-19,DEVELOPMENT,BANKNIFTY,PE,112778.08,15,1,381.34,5720.1,299.74,419.47,1224.0,5.07,572.01,25.01,547.0,113325.08
V8-H,45,2024-01-20,DEVELOPMENT,NIFTY50,PE,113325.08,25,1,166.84,4171.0,132.36,183.52,862.0,3.68,417.1,18.24,398.86,113723.94
V8-H,46,2024-01-20,DEVELOPMENT,BANKNIFTY,PE,113723.94,15,1,306.55,4598.25,239.74,337.21,1002.15,4.04,459.83,20.11,439.72,114163.66
V8-H,47,2024-01-20,DEVELOPMENT,NIFTY50,PE,114163.66,25,1,159.46,3986.5,126.22,175.41,831.0,3.49,398.65,17.44,381.21,114544.87
V8-H,48,2024-01-23,DEVELOPMENT,NIFTY50,PE,114544.87,25,1,107.03,2675.75,84.08,117.73,573.75,2.34,267.58,11.69,255.89,114800.76
V8-H,49,2024-01-23,DEVELOPMENT,BANKNIFTY,PE,114800.76,15,1,175.83,2637.45,136.99,193.41,582.6,2.3,263.75,11.53,252.22,115052.98
V8-H,50,2024-01-23,DEVELOPMENT,NIFTY50,PE,115052.98,25,1,119.91,2997.75,94.25,131.9,641.5,2.61,299.78,13.12,286.66,115339.64
V8-H,51,2024-01-24,DEVELOPMENT,NIFTY50,CE,115339.64,50,2,82.22,4111.0,64.32,90.44,895.0,3.56,411.1,17.97,393.13,115732.77
V8-H,52,2024-01-24,DEVELOPMENT,BANKNIFTY,CE,115732.77,30,2,139.71,4191.3,107.83,153.68,956.4,3.62,-956.33,14.49,-970.82,114761.95
V8-H,53,2024-01-25,DEVELOPMENT,BANKNIFTY,PE,114761.95,15,1,403.53,6052.95,313.25,443.88,1354.2,5.27,605.3,26.46,578.84,115340.79
V8-H,54,2024-01-25,DEVELOPMENT,BANKNIFTY,PE,115340.79,15,1,357.12,5356.8,278.22,392.83,1183.5,4.64,535.68,23.4,512.28,115853.07
V8-H,55,2024-01-25,DEVELOPMENT,NIFTY50,PE,115853.07,100,4,48.9,4890.0,38.44,53.79,1046.0,4.22,489.0,21.37,467.63,116320.7
V8-H,56,2024-01-29,DEVELOPMENT,NIFTY50,CE,116320.7,25,1,127.05,3176.25,100.07,139.75,674.5,2.73,317.62,13.9,303.73,116624.43
V8-H,57,2024-01-29,DEVELOPMENT,BANKNIFTY,CE,116624.43,15,1,225.8,3387.0,176.29,248.38,742.65,2.9,338.7,14.81,323.89,116948.32
V8-H,58,2024-01-29,DEVELOPMENT,BANKNIFTY,CE,116948.32,15,1,225.91,3388.65,176.75,248.5,737.4,2.9,338.87,14.81,324.05,117272.37
V8-H,59,2024-01-30,DEVELOPMENT,BANKNIFTY,PE,117272.37,30,2,174.64,5239.2,136.72,192.1,1137.6,4.47,523.92,22.89,501.03,117773.4
V8-H,60,2024-01-30,DEVELOPMENT,NIFTY50,PE,117773.4,50,2,107.78,5389.0,85.07,118.56,1135.5,4.58,538.9,23.55,515.35,118288.75
V8-H,61,2024-01-30,DEVELOPMENT,NIFTY50,PE,118288.75,25,1,118.08,2952.0,93.38,129.89,617.5,2.5,295.2,12.91,282.29,118571.04
V8-H,62,2024-01-31,DEVELOPMENT,BANKNIFTY,CE,118571.04,30,2,151.92,4557.6,119.1,167.11,984.6,3.84,-984.45,15.93,-1000.38,117570.66
V8-H,63,2024-01-31,DEVELOPMENT,BANKNIFTY,CE,117570.66,45,3,120.31,5413.95,94.19,132.34,1175.4,4.6,541.4,23.65,517.75,118088.41
V8-H,64,2024-01-31,DEVELOPMENT,NIFTY50,CE,118088.41,50,2,100.05,5002.5,79.0,110.06,1052.5,4.24,500.25,21.85,478.4,118566.81
V8-H,65,2024-02-01,DEVELOPMENT,BANKNIFTY,PE,118566.81,15,1,373.41,5601.15,290.89,410.75,1237.8,4.72,560.12,24.48,535.63,119102.44
V8-H,66,2024-02-01,DEVELOPMENT,NIFTY50,CE,119102.44,100,4,50.06,5006.0,39.47,55.07,1059.0,4.2,500.6,21.89,478.71,119581.15
V8-H,67,2024-02-01,DEVELOPMENT,NIFTY50,CE,119581.15,100,4,48.3,4830.0,37.89,53.13,1041.0,4.04,483.0,21.1,461.9,120043.05
V8-H,68,2024-02-02,DEVELOPMENT,NIFTY50,CE,120043.05,25,1,175.54,4388.5,138.25,193.09,932.25,3.66,438.85,19.18,419.67,120462.72
V8-H,69,2024-02-02,DEVELOPMENT,NIFTY50,CE,120462.72,25,1,186.15,4653.75,146.84,204.77,982.75,3.86,-574.75,17.45,-592.2,119870.52
V8-H,70,2024-02-02,DEVELOPMENT,BANKNIFTY,CE,119870.52,15,1,343.04,5145.6,267.54,377.34,1132.5,4.29,514.56,22.48,492.08,120362.6
V8-H,71,2024-02-05,DEVELOPMENT,NIFTY50,CE,120362.6,25,1,128.42,3210.5,100.63,141.26,694.75,2.67,321.05,14.03,307.02,120669.62
V8-H,72,2024-02-05,DEVELOPMENT,NIFTY50,CE,120669.62,25,1,128.77,3219.25,101.63,141.65,678.5,2.67,-208.25,12.61,-220.86,120448.76
V8-H,73,2024-02-05,DEVELOPMENT,BANKNIFTY,CE,120448.76,15,1,228.14,3422.1,179.45,250.95,730.35,2.84,-60.45,13.83,-74.28,120374.48
V8-H,74,2024-02-06,DEVELOPMENT,BANKNIFTY,PE,120374.48,30,2,175.43,5262.9,137.76,192.97,1130.1,4.37,526.29,23.01,503.28,120877.76
V8-H,75,2024-02-06,DEVELOPMENT,NIFTY50,CE,120877.76,25,1,129.07,3226.75,102.19,141.98,672.0,2.67,322.68,14.11,308.57,121186.33
V8-H,76,2024-02-07,DEVELOPMENT,NIFTY50,PE,121186.33,50,2,97.26,4863.0,76.7,106.99,1028.0,4.01,-653.5,18.1,-671.6,120514.73
V8-H,77,2024-02-07,DEVELOPMENT,BANKNIFTY,PE,120514.73,45,3,101.5,4567.5,79.91,111.65,971.55,3.79,456.75,19.98,436.77,120951.5
V8-H,78,2024-02-07,DEVELOPMENT,BANKNIFTY,PE,120951.5,45,3,117.19,5273.55,92.43,128.91,1114.2,4.36,-721.8,19.57,-741.37,120210.13
V8-H,79,2024-02-08,DEVELOPMENT,BANKNIFTY,CE,120210.13,15,1,391.48,5872.2,306.5,430.63,1274.7,4.88,-1274.77,20.48,-1295.25,118914.88
V8-H,80,2024-02-08,DEVELOPMENT,NIFTY50,PE,118914.88,100,4,48.76,4876.0,38.37,53.64,1039.0,4.1,487.6,21.32,466.28,119381.16
V8-H,81,2024-02-08,DEVELOPMENT,BANKNIFTY,PE,119381.16,15,1,363.56,5453.4,283.03,399.92,1207.95,4.57,545.34,23.84,521.5,119902.66
V8-H,82,2024-02-09,DEVELOPMENT,BANKNIFTY,CE,119902.66,15,1,333.1,4996.5,259.83,366.41,1099.05,4.17,499.65,21.84,477.81,120380.47
V8-H,83,2024-02-09,DEVELOPMENT,NIFTY50,PE,120380.47,25,1,173.8,4345.0,136.8,191.18,925.0,3.61,-33.0,17.7,-50.7,120329.77
V8-H,84,2024-02-09,DEVELOPMENT,BANKNIFTY,CE,120329.77,15,1,334.23,5013.45,262.03,367.65,1083.0,4.17,501.35,21.9,479.45,120809.22
V8-H,85,2024-02-12,DEVELOPMENT,BANKNIFTY,PE,120809.22,15,1,224.51,3367.65,175.99,246.96,727.8,2.79,336.77,14.74,322.03,121131.25
V8-H,86,2024-02-12,DEVELOPMENT,NIFTY50,PE,121131.25,25,1,127.53,3188.25,100.47,140.28,676.5,2.63,318.83,13.95,304.88,121436.13
V8-H,87,2024-02-12,DEVELOPMENT,NIFTY50,PE,121436.13,25,1,127.25,3181.25,100.36,139.98,672.25,2.62,318.13,13.91,304.22,121740.35
V8-H,88,2024-02-13,DEVELOPMENT,NIFTY50,CE,121740.35,25,1,122.79,3069.75,96.4,135.07,659.75,2.52,306.98,13.41,293.57,122033.92
V8-H,89,2024-02-13,DEVELOPMENT,BANKNIFTY,CE,122033.92,30,2,174.58,5237.4,136.65,192.04,1137.9,4.29,523.74,22.89,500.85,122534.77
V8-H,90,2024-02-13,DEVELOPMENT,NIFTY50,CE,122534.77,50,2,107.88,5394.0,84.94,118.67,1147.0,4.4,539.4,23.56,515.84,123050.61
V8-H,91,2024-02-14,DEVELOPMENT,BANKNIFTY,CE,123050.61,45,3,100.74,4533.3,78.64,110.81,994.5,3.68,453.33,19.82,433.51,123484.12
V8-H,92,2024-02-14,DEVELOPMENT,BANKNIFTY,CE,123484.12,30,2,139.62,4188.6,109.3,153.58,909.6,3.39,418.86,18.32,400.54,123884.66
V8-H,93,2024-02-14,DEVELOPMENT,NIFTY50,CE,123884.66,50,2,83.37,4168.5,65.95,91.71,871.0,3.36,416.85,18.24,398.61,124283.27
V8-H,94,2024-02-15,DEVELOPMENT,BANKNIFTY,PE,124283.27,15,1,366.02,5490.3,283.03,402.62,1244.85,4.42,549.03,23.98,525.05,124808.32
V8-H,95,2024-02-15,DEVELOPMENT,BANKNIFTY,PE,124808.32,15,1,366.77,5501.55,284.34,403.45,1236.45,4.41,-377.85,21.46,-399.31,124409.01
V8-H,96,2024-02-15,DEVELOPMENT,NIFTY50,PE,124409.01,100,4,48.54,4854.0,38.35,53.39,1019.0,3.9,485.4,21.23,464.17,124873.18
V8-H,97,2024-02-16,DEVELOPMENT,NIFTY50,CE,124873.18,25,1,176.4,4410.0,139.52,194.04,922.0,3.53,441.0,19.28,421.72,125294.9
V8-H,98,2024-02-16,DEVELOPMENT,NIFTY50,CE,125294.9,25,1,176.54,4413.5,140.13,194.19,910.25,3.52,-7.25,18.04,-25.29,125269.61
V8-H,99,2024-02-16,DEVELOPMENT,BANKNIFTY,CE,125269.61,15,1,380.64,5709.6,298.45,418.7,1232.85,4.56,570.96,24.96,546.0,125815.61
V8-H,100,2024-02-19,DEVELOPMENT,NIFTY50,PE,125815.61,25,1,137.89,3447.25,108.98,151.68,722.75,2.74,344.73,15.06,329.67,126145.28
V8-H,101,2024-02-19,DEVELOPMENT,BANKNIFTY,PE,126145.28,15,1,233.49,3502.35,183.09,256.84,756.0,2.78,350.24,15.33,334.91,126480.19
V8-H,102,2024-02-19,DEVELOPMENT,NIFTY50,CE,126480.19,25,1,149.58,3739.5,118.36,164.54,780.5,2.96,373.95,16.36,357.59,126837.78
V8-H,103,2024-02-20,DEVELOPMENT,BANKNIFTY,CE,126837.78,30,2,179.85,5395.5,140.82,197.84,1170.9,4.25,539.55,23.58,515.97,127353.75
V8-H,104,2024-02-20,DEVELOPMENT,NIFTY50,CE,127353.75,50,2,109.73,5486.5,86.76,120.7,1148.5,4.31,548.65,23.97,524.68,127878.43
V8-H,105,2024-02-20,DEVELOPMENT,BANKNIFTY,CE,127878.43,30,2,180.1,5403.0,141.63,198.11,1154.1,4.23,540.3,23.59,516.71,128395.14
V8-H,106,2024-02-21,DEVELOPMENT,NIFTY50,PE,128395.14,50,2,85.41,4270.5,67.49,93.95,896.0,3.33,427.05,18.66,408.39,128803.53
V8-H,107,2024-02-21,DEVELOPMENT,BANKNIFTY,PE,128803.53,45,3,104.4,4698.0,81.77,114.84,1018.35,3.65,469.8,20.53,449.27,129252.8
V8-H,108,2024-02-21,DEVELOPMENT,NIFTY50,PE,129252.8,50,2,85.42,4271.0,67.62,93.96,890.0,3.3,427.1,18.66,408.44,129661.24
V8-H,109,2024-02-22,DEVELOPMENT,NIFTY50,PE,129661.24,100,4,48.64,4864.0,38.15,53.5,1049.0,3.75,486.4,21.27,465.13,130126.37
V8-H,110,2024-02-22,DEVELOPMENT,NIFTY50,PE,130126.37,75,3,72.69,5451.75,57.07,79.96,1171.5,4.19,545.18,23.81,521.37,130647.74
V8-H,111,2024-02-22,DEVELOPMENT,NIFTY50,PE,130647.74,125,5,48.65,6081.25,38.26,53.52,1298.75,4.65,-945.0,22.25,-967.25,129680.49
V8-H,112,2024-02-23,DEVELOPMENT,BANKNIFTY,CE,129680.49,15,1,351.38,5270.7,275.22,386.52,1142.4,4.06,527.07,23.03,504.04,130184.53
V8-H,113,2024-02-23,DEVELOPMENT,BANKNIFTY,CE,130184.53,15,1,346.04,5190.6,269.84,380.64,1143.0,3.99,519.06,22.68,496.38,130680.91
V8-H,114,2024-02-23,DEVELOPMENT,NIFTY50,PE,130680.91,25,1,177.78,4444.5,140.79,195.56,924.75,3.4,0.75,18.18,-17.43,130663.48
V8-H,115,2024-02-26,DEVELOPMENT,NIFTY50,PE,130663.48,25,1,129.89,3247.25,102.79,142.88,677.5,2.49,324.73,14.2,310.53,130974.01
V8-H,116,2024-02-26,DEVELOPMENT,BANKNIFTY,PE,130974.01,15,1,231.46,3471.9,182.45,254.61,735.15,2.65,347.19,15.19,332.0,131306.01
V8-H,117,2024-02-26,DEVELOPMENT,BANKNIFTY,PE,131306.01,15,1,231.41,3471.15,182.4,254.55,735.15,2.64,347.12,15.16,331.96,131637.97
V8-H,118,2024-02-27,DEVELOPMENT,NIFTY50,CE,131637.97,25,1,134.35,3358.75,106.22,147.78,703.25,2.55,335.88,14.69,321.19,131959.16
V8-H,119,2024-02-27,DEVELOPMENT,BANKNIFTY,PE,131959.16,15,1,218.1,3271.5,171.92,239.91,692.7,2.48,327.15,14.32,312.83,132271.99
V8-H,120,2024-02-27,DEVELOPMENT,NIFTY50,CE,132271.99,50,2,109.89,5494.5,87.11,120.88,1139.0,4.15,549.45,24.01,525.44,132797.43
V8-H,121,2024-02-28,DEVELOPMENT,BANKNIFTY,CE,132797.43,45,3,102.7,4621.5,80.18,112.97,1013.4,3.48,462.15,20.2,441.95,133239.38
V8-H,122,2024-02-28,DEVELOPMENT,BANKNIFTY,PE,133239.38,45,3,128.36,5776.2,100.45,141.2,1255.95,4.34,577.62,25.25,552.37,133791.75
V8-H,123,2024-02-28,DEVELOPMENT,BANKNIFTY,PE,133791.75,60,4,102.63,6157.8,80.49,112.89,1328.4,4.6,615.78,26.91,588.87,134380.62
V8-H,124,2024-02-29,DEVELOPMENT,BANKNIFTY,PE,134380.62,15,1,387.48,5812.2,301.41,426.23,1291.05,4.33,-717.15,21.77,-738.92,133641.7
V8-H,125,2024-02-29,DEVELOPMENT,NIFTY50,CE,133641.7,100,4,61.45,6145.0,48.2,67.6,1325.0,4.6,614.5,26.84,587.66,134229.36
V8-H,126,2024-02-29,DEVELOPMENT,NIFTY50,CE,134229.36,125,5,49.6,6200.0,39.04,54.56,1320.0,4.62,620.0,27.1,592.9,134822.26
V8-H,127,2024-03-01,DEVELOPMENT,NIFTY50,CE,134822.26,25,1,177.66,4441.5,140.38,195.43,932.0,3.29,444.15,19.4,424.75,135247.01
V8-H,128,2024-03-01,DEVELOPMENT,NIFTY50,CE,135247.01,25,1,178.37,4459.25,140.98,196.21,934.75,3.3,445.93,19.49,426.44,135673.45
V8-H,129,2024-03-01,DEVELOPMENT,BANKNIFTY,CE,135673.45,15,1,375.34,5630.1,295.74,412.87,1194.0,4.15,563.01,24.6,538.41,136211.86
V8-H,130,2024-03-04,DEVELOPMENT,NIFTY50,PE,136211.86,25,1,133.55,3338.75,105.66,146.91,697.25,2.45,333.88,14.6,319.28,136531.14
V8-H,131,2024-03-04,DEVELOPMENT,BANKNIFTY,CE,136531.14,15,1,261.8,3927.0,205.59,287.98,843.15,2.88,392.7,17.15,375.55,136906.69
V8-H,132,2024-03-04,DEVELOPMENT,BANKNIFTY,CE,136906.69,15,1,237.43,3561.45,187.62,261.17,747.15,2.6,356.14,15.58,340.56,137247.25
V8-H,133,2024-03-05,DEVELOPMENT,BANKNIFTY,CE,137247.25,30,2,182.03,5460.9,143.79,200.23,1147.2,3.98,546.09,23.85,522.24,137769.49
V8-H,134,2024-03-05,DEVELOPMENT,BANKNIFTY,CE,137769.49,30,2,182.32,5469.6,144.18,200.55,1144.2,3.97,546.96,23.89,523.07,138292.56
V8-H,135,2024-03-05,DEVELOPMENT,NIFTY50,PE,138292.56,50,2,110.77,5538.5,87.8,121.85,1148.5,4.0,-18.0,22.62,-40.62,138251.94
V8-H,136,2024-03-06,DEVELOPMENT,NIFTY50,PE,138251.94,75,3,85.8,6435.0,67.4,94.38,1380.0,4.65,643.5,28.13,615.37,138867.31
V8-H,137,2024-03-06,DEVELOPMENT,NIFTY50,PE,138867.31,50,2,105.15,5257.5,82.65,115.67,1125.0,3.79,525.75,22.97,502.78,139370.09
V8-H,138,2024-03-06,DEVELOPMENT,BANKNIFTY,CE,139370.09,45,3,106.47,4791.15,82.98,117.12,1057.05,3.44,479.12,20.94,458.18,139828.27
V8-H,139,2024-03-07,DEVELOPMENT,BANKNIFTY,PE,139828.27,15,1,402.13,6031.95,316.69,442.34,1281.6,4.31,603.2,26.35,576.85,140405.12
V8-H,140,2024-03-07,DEVELOPMENT,BANKNIFTY,PE,140405.12,15,1,382.84,5742.6,302.93,421.12,1198.65,4.09,-0.45,23.49,-23.94,140381.18
V8-H,141,2024-03-11,DEVELOPMENT,NIFTY50,PE,140381.18,50,2,132.6,6630.0,104.89,145.86,1385.5,4.72,663.0,28.97,634.03,141015.21
V8-H,142,2024-03-11,DEVELOPMENT,BANKNIFTY,PE,141015.21,15,1,275.1,4126.5,217.12,302.61,869.7,2.93,412.65,18.03,394.62,141409.83
V8-H,143,2024-03-11,DEVELOPMENT,BANKNIFTY,PE,141409.83,15,1,236.44,3546.6,186.88,260.08,743.4,2.51,354.66,15.49,339.17,141749.0
V8-H,144,2024-03-12,DEVELOPMENT,NIFTY50,CE,141749.0,50,2,124.41,6220.5,98.18,136.85,1311.5,4.39,-711.5,23.46,-734.96,141014.04
V8-H,145,2024-03-12,DEVELOPMENT,BANKNIFTY,CE,141014.04,30,2,182.08,5462.4,141.09,200.29,1229.7,3.87,546.24,23.88,522.36,141536.4
V8-H,146,2024-03-12,DEVELOPMENT,BANKNIFTY,CE,141536.4,30,2,197.81,5934.3,155.28,217.59,1275.9,4.19,593.43,25.94,567.49,142103.89
V8-H,147,2024-03-13,DEVELOPMENT,NIFTY50,PE,142103.89,75,3,85.8,6435.0,67.46,94.38,1375.5,4.53,643.5,28.13,615.37,142719.26
V8-H,148,2024-03-13,DEVELOPMENT,NIFTY50,PE,142719.26,75,3,86.42,6481.5,67.99,95.06,1382.25,4.54,648.15,28.32,619.83,143339.09
V8-H,149,2024-03-13,DEVELOPMENT,BANKNIFTY,PE,143339.09,60,4,105.06,6303.6,82.41,115.57,1359.0,4.4,630.36,27.55,602.81,143941.9
V8-H,150,2024-03-14,DEVELOPMENT,NIFTY50,CE,143941.9,100,4,55.18,5518.0,43.24,60.7,1194.0,3.83,551.8,24.11,527.69,144469.59
V8-H,151,2024-03-14,DEVELOPMENT,BANKNIFTY,CE,144469.59,15,1,376.2,5643.0,293.38,413.82,1242.3,3.91,564.3,24.68,539.62,145009.21
V8-H,152,2024-03-14,DEVELOPMENT,BANKNIFTY,CE,145009.21,15,1,405.74,6086.1,318.08,446.31,1314.9,4.2,608.61,26.59,582.02,145591.23
V8-H,153,2024-03-15,DEVELOPMENT,NIFTY50,PE,145591.23,25,1,185.05,4626.25,145.4,203.56,991.25,3.18,462.63,20.22,442.41,146033.64
V8-H,154,2024-03-15,DEVELOPMENT,NIFTY50,PE,146033.64,25,1,200.62,5015.5,158.0,220.68,1065.5,3.43,501.55,21.93,479.62,146513.26
V8-H,155,2024-03-15,DEVELOPMENT,NIFTY50,PE,146513.26,25,1,184.95,4623.75,145.71,203.44,981.0,3.16,-253.0,18.23,-271.23,146242.03
V8-H,156,2024-03-18,DEVELOPMENT,BANKNIFTY,PE,146242.03,15,1,230.45,3456.75,179.38,253.5,766.05,2.36,345.68,15.11,330.57,146572.6
V8-H,157,2024-03-18,DEVELOPMENT,NIFTY50,PE,146572.6,50,2,129.01,6450.5,101.45,141.91,1378.0,4.4,-75.5,26.17,-101.67,146470.93
V8-H,158,2024-03-18,DEVELOPMENT,BANKNIFTY,PE,146470.93,15,1,229.94,3449.1,179.79,252.93,752.25,2.35,344.91,15.06,329.85,146800.78
V8-H,159,2024-03-19,DEVELOPMENT,NIFTY50,PE,146800.78,50,2,108.51,5425.5,85.39,119.36,1156.0,3.7,542.55,23.71,518.84,147319.62
V8-H,160,2024-03-19,DEVELOPMENT,BANKNIFTY,PE,147319.62,30,2,221.37,6641.1,173.35,243.51,1440.6,4.51,664.11,29.01,635.1,147954.72
V8-H,161,2024-03-19,DEVELOPMENT,BANKNIFTY,PE,147954.72,30,2,178.49,5354.7,140.03,196.34,1153.8,3.62,535.47,23.4,512.07,148466.79
V8-H,162,2024-03-20,DEVELOPMENT,BANKNIFTY,CE,148466.79,60,4,107.43,6445.8,84.25,118.17,1390.8,4.34,644.58,28.17,616.41,149083.2
V8-H,163,2024-03-20,DEVELOPMENT,NIFTY50,PE,149083.2,75,3,92.9,6967.5,73.06,102.19,1488.0,4.67,696.75,30.46,666.29,149749.49
V8-H,164,2024-03-20,DEVELOPMENT,BANKNIFTY,PE,149749.49,45,3,134.56,6055.2,104.98,148.02,1331.1,4.04,-1331.2,21.08,-1352.28,148397.21
V8-H,165,2024-03-21,DEVELOPMENT,NIFTY50,CE,148397.21,125,5,48.93,6116.25,38.73,53.82,1275.0,4.12,-7.5,24.99,-32.49,148364.72
V8-H,166,2024-03-21,DEVELOPMENT,BANKNIFTY,CE,148364.72,15,1,418.31,6274.65,328.92,460.14,1340.85,4.23,-684.9,23.77,-708.67,147656.05
V8-H,167,2024-03-22,DEVELOPMENT,BANKNIFTY,CE,147656.05,15,1,344.52,5167.8,269.59,378.97,1123.95,3.5,516.78,22.61,494.17,148150.22
V8-H,168,2024-03-22,DEVELOPMENT,BANKNIFTY,CE,148150.22,15,1,345.27,5179.05,270.14,379.8,1126.95,3.5,517.91,22.65,495.26,148645.48
V8-H,169,2024-03-22,DEVELOPMENT,NIFTY50,CE,148645.48,25,1,176.38,4409.5,138.69,194.02,942.25,2.97,440.95,19.28,421.67,149067.15
V8-H,170,2024-03-27,DEVELOPMENT,NIFTY50,CE,149067.15,75,3,85.2,6390.0,67.49,93.72,1328.25,4.29,639.0,27.92,611.08,149678.23
V8-H,171,2024-03-27,DEVELOPMENT,BANKNIFTY,CE,149678.23,60,4,105.05,6303.0,82.84,115.56,1332.6,4.21,630.3,27.55,602.75,150280.98
V8-H,172,2024-03-27,DEVELOPMENT,BANKNIFTY,CE,150280.98,45,3,144.56,6505.2,113.99,159.02,1375.65,4.33,-1375.5,22.8,-1398.3,148882.68
V8-H,173,2024-03-28,DEVELOPMENT,NIFTY50,CE,148882.68,125,5,49.51,6188.75,39.12,54.46,1298.75,4.16,618.88,27.05,591.83,149474.51
V8-H,174,2024-03-28,DEVELOPMENT,NIFTY50,CE,149474.51,100,4,61.1,6110.0,48.41,67.21,1269.0,4.09,611.0,26.7,584.3,150058.81
V8-H,175,2024-03-28,DEVELOPMENT,NIFTY50,CE,150058.81,125,5,49.61,6201.25,39.28,54.57,1291.25,4.13,620.13,27.1,593.03,150651.84
V8-H,176,2024-04-01,DEVELOPMENT,NIFTY50,CE,150651.84,50,2,140.18,7009.0,110.34,154.2,1492.0,4.65,-428.0,27.48,-455.48,150196.36
V8-H,177,2024-04-02,DEVELOPMENT,NIFTY50,CE,150196.36,50,2,111.47,5573.5,88.16,122.62,1165.5,3.71,557.35,24.36,532.99,150729.35
V8-H,178,2024-04-02,DEVELOPMENT,BANKNIFTY,CE,150729.35,30,2,183.02,5490.6,144.23,201.32,1163.7,3.64,549.06,24.0,525.06,151254.41
V8-H,179,2024-04-02,DEVELOPMENT,BANKNIFTY,CE,151254.41,30,2,198.78,5963.4,156.85,218.66,1257.9,3.94,596.34,26.06,570.28,151824.69
V8-H,180,2024-04-03,DEVELOPMENT,BANKNIFTY,CE,151824.69,60,4,105.44,6326.4,83.21,115.98,1333.8,4.17,632.64,27.64,605.0,152429.69
V8-H,181,2024-04-03,DEVELOPMENT,NIFTY50,CE,152429.69,75,3,86.2,6465.0,68.22,94.82,1348.5,4.24,646.5,28.26,618.24,153047.93
V8-H,182,2024-04-03,DEVELOPMENT,BANKNIFTY,CE,153047.93,45,3,128.16,5767.2,101.3,140.98,1208.7,3.77,576.72,25.21,551.51,153599.44
V8-H,183,2024-04-04,DEVELOPMENT,NIFTY50,PE,153599.44,125,5,49.76,6220.0,39.0,54.74,1345.0,4.05,622.0,27.18,594.82,154194.26
V8-H,184,2024-04-04,DEVELOPMENT,NIFTY50,PE,154194.26,125,5,49.76,6220.0,38.99,54.74,1346.25,4.03,622.0,27.18,594.82,154789.08
V8-H,185,2024-04-04,DEVELOPMENT,NIFTY50,PE,154789.08,125,5,49.65,6206.25,38.86,54.62,1348.75,4.01,-318.75,24.52,-343.27,154445.81
V8-H,186,2024-04-05,DEVELOPMENT,BANKNIFTY,CE,154445.81,15,1,354.6,5319.0,278.8,390.06,1137.0,3.44,531.9,23.24,508.66,154954.47
V8-H,187,2024-04-05,DEVELOPMENT,BANKNIFTY,CE,154954.47,15,1,354.97,5324.55,279.81,390.47,1127.4,3.44,532.46,23.27,509.19,155463.66
V8-H,188,2024-04-05,DEVELOPMENT,NIFTY50,CE,155463.66,25,1,180.13,4503.25,142.66,198.14,936.75,2.9,450.33,19.69,430.63,155894.29
V8-H,189,2024-04-08,DEVELOPMENT,NIFTY50,CE,155894.29,50,2,147.78,7389.0,116.81,162.56,1548.5,4.74,738.9,32.3,706.6,156600.89
V8-H,190,2024-04-08,DEVELOPMENT,NIFTY50,CE,156600.89,50,2,147.68,7384.0,116.89,162.45,1539.5,4.72,738.4,32.26,706.14,157307.03
V8-H,191,2024-04-08,DEVELOPMENT,NIFTY50,CE,157307.03,25,1,157.15,3928.75,124.68,172.87,811.75,2.5,392.88,17.19,375.69,157682.72
V8-H,192,2024-04-09,DEVELOPMENT,BANKNIFTY,CE,157682.72,30,2,187.96,5638.8,148.7,206.76,1177.8,3.58,563.88,24.63,539.25,158221.97
V8-H,193,2024-04-09,DEVELOPMENT,BANKNIFTY,CE,158221.97,30,2,195.51,5865.3,154.77,215.06,1222.2,3.71,-275.7,23.24,-298.94,157923.03
V8-H,194,2024-04-09,DEVELOPMENT,NIFTY50,PE,157923.03,50,2,112.48,5624.0,89.16,123.73,1166.0,3.56,562.4,24.59,537.81,158460.84
V8-H,195,2024-04-10,DEVELOPMENT,BANKNIFTY,CE,158460.84,45,3,129.25,5816.25,101.59,142.18,1244.7,3.67,581.63,25.42,556.21,159017.05
V8-H,196,2024-04-10,DEVELOPMENT,BANKNIFTY,CE,159017.05,60,4,115.11,6906.6,90.75,126.62,1461.6,4.34,690.66,30.18,660.48,159677.53
V8-H,197,2024-04-10,DEVELOPMENT,BANKNIFTY,CE,159677.53,60,4,108.54,6512.4,85.7,119.39,1370.4,4.08,651.24,28.47,622.77,160300.3
V8-H,198,2024-04-12,DEVELOPMENT,BANKNIFTY,PE,160300.3,15,1,400.31,6004.65,315.48,440.34,1272.45,3.75,600.47,26.23,574.24,160874.54
V8-H,199,2024-04-12,DEVELOPMENT,NIFTY50,PE,160874.54,25,1,193.32,4833.0,153.42,212.65,997.5,3.0,483.3,21.1,462.2,161336.74
V8-H,200,2024-04-12,DEVELOPMENT,BANKNIFTY,PE,161336.74,15,1,358.06,5370.9,282.31,393.87,1136.25,3.33,537.09,23.47,513.62,161850.36
V8-H,201,2024-04-15,DEVELOPMENT,NIFTY50,PE,161850.36,50,2,131.35,6567.5,103.35,144.49,1400.0,4.06,656.75,28.72,628.03,162478.39
V8-H,202,2024-04-15,DEVELOPMENT,BANKNIFTY,PE,162478.39,30,2,238.41,7152.3,188.15,262.25,1507.8,4.4,715.23,31.26,683.97,163162.36
V8-H,203,2024-04-15,DEVELOPMENT,BANKNIFTY,PE,163162.36,30,2,260.35,7810.5,206.22,286.39,1623.9,4.79,781.05,34.13,746.92,163909.28
V8-H,204,2024-04-16,DEVELOPMENT,NIFTY50,PE,163909.28,50,2,119.82,5991.0,94.94,131.8,1244.0,3.66,599.1,26.19,572.91,164482.19
V8-H,205,2024-04-18,DEVELOPMENT,BANKNIFTY,PE,164482.19,15,1,390.1,5851.5,307.07,429.11,1245.45,3.56,585.15,25.56,559.59,165041.78
V8-H,206,2024-04-18,DEVELOPMENT,NIFTY50,CE,165041.78,125,5,59.39,7423.75,47.0,65.33,1548.75,4.5,-1548.4,26.07,-1574.47,163467.31
V8-H,207,2024-04-19,DEVELOPMENT,NIFTY50,CE,163467.31,25,1,191.8,4795.0,151.18,210.98,1015.5,2.93,479.5,20.94,458.56,163925.87
V8-H,208,2024-04-19,DEVELOPMENT,NIFTY50,CE,163925.87,25,1,182.69,4567.25,143.83,200.96,971.5,2.79,456.73,19.98,436.75,164362.62
V8-H,209,2024-04-19,DEVELOPMENT,BANKNIFTY,CE,164362.62,15,1,354.36,5315.4,277.36,389.8,1155.0,3.23,531.54,23.23,508.31,164870.93
V8-H,210,2024-04-22,DEVELOPMENT,BANKNIFTY,PE,164870.93,30,2,248.34,7450.2,196.45,273.17,1556.7,4.52,-375.9,29.43,-405.33,164465.6
V8-H,211,2024-04-23,DEVELOPMENT,BANKNIFTY,PE,164465.6,30,2,185.27,5558.1,146.49,203.8,1163.4,3.38,555.81,24.3,531.51,164997.11
V8-H,212,2024-04-23,DEVELOPMENT,NIFTY50,PE,164997.11,50,2,125.92,6296.0,99.94,138.51,1299.0,3.82,629.6,27.51,602.09,165599.2
V8-H,213,2024-04-23,DEVELOPMENT,BANKNIFTY,PE,165599.2,30,2,203.63,6108.9,161.07,223.99,1276.8,3.69,610.89,26.68,584.21,166183.41
V8-H,214,2024-04-24,DEVELOPMENT,BANKNIFTY,CE,166183.41,60,4,120.91,7254.6,95.63,133.0,1516.8,4.37,725.46,31.72,693.74,166877.15
V8-H,215,2024-04-24,DEVELOPMENT,NIFTY50,CE,166877.15,75,3,96.83,7262.25,76.89,106.51,1495.5,4.35,-815.25,27.44,-842.69,166034.46
V8-H,216,2024-04-24,DEVELOPMENT,BANKNIFTY,CE,166034.46,60,4,115.2,6912.0,91.53,126.72,1420.2,4.16,691.2,30.21,660.99,166695.45
V8-H,217,2024-04-25,DEVELOPMENT,BANKNIFTY,CE,166695.45,15,1,386.21,5793.15,303.28,424.83,1243.95,3.48,579.32,25.31,554.01,167249.46
V8-H,218,2024-04-25,DEVELOPMENT,NIFTY50,CE,167249.46,100,4,63.81,6381.0,50.29,70.19,1352.0,3.82,638.1,27.88,610.22,167859.68
V8-H,219,2024-04-25,DEVELOPMENT,NIFTY50,CE,167859.68,150,6,49.74,7461.0,39.32,54.71,1563.0,4.44,746.1,32.6,713.5,168573.18
V8-H,220,2024-04-26,DEVELOPMENT,NIFTY50,PE,168573.18,25,1,199.35,4983.75,157.5,219.29,1046.25,2.96,498.38,21.77,476.61,169049.79
V8-H,221,2024-04-26,DEVELOPMENT,BANKNIFTY,PE,169049.79,15,1,356.48,5347.2,280.5,392.13,1139.7,3.16,534.72,23.35,511.37,169561.16
V8-H,222,2024-04-26,DEVELOPMENT,BANKNIFTY,PE,169561.16,15,1,356.58,5348.7,281.27,392.24,1129.65,3.15,534.87,23.39,511.48,170072.64
V8-H,223,2024-04-29,DEVELOPMENT,NIFTY50,CE,170072.64,50,2,156.27,7813.5,123.5,171.9,1638.5,4.59,781.35,34.13,747.22,170819.86
V8-H,224,2024-04-29,DEVELOPMENT,NIFTY50,CE,170819.86,50,2,132.41,6620.5,104.94,145.65,1373.5,3.88,662.05,28.92,633.13,171452.99
V8-H,225,2024-04-29,DEVELOPMENT,BANKNIFTY,CE,171452.99,30,2,242.51,7275.3,190.87,266.76,1549.2,4.24,727.53,31.8,695.73,172148.72
V8-H,226,2024-04-30,DEVELOPMENT,NIFTY50,CE,172148.72,50,2,112.87,5643.5,89.3,124.16,1178.5,3.28,564.35,24.68,539.67,172688.39
V8-H,227,2024-04-30,DEVELOPMENT,BANKNIFTY,CE,172688.39,30,2,190.53,5715.9,149.22,209.58,1239.3,3.31,571.59,24.97,546.62,173235.01
V8-H,228,2024-04-30,DEVELOPMENT,NIFTY50,CE,173235.01,50,2,112.86,5643.0,89.33,124.15,1176.5,3.26,564.3,24.68,539.62,173774.63
V8-H,229,2024-05-02,DEVELOPMENT,NIFTY50,CE,173774.63,150,6,50.35,7552.5,39.73,55.39,1593.0,4.35,755.25,33.02,722.23,174496.86
V8-H,230,2024-05-02,DEVELOPMENT,NIFTY50,CE,174496.86,150,6,50.35,7552.5,39.73,55.39,1593.0,4.33,755.25,33.02,722.23,175219.09
V8-H,231,2024-05-02,DEVELOPMENT,BANKNIFTY,PE,175219.09,15,1,393.99,5909.85,309.53,433.39,1266.9,3.37,0.75,24.19,-23.44,175195.65
V8-H,232,2024-05-03,DEVELOPMENT,NIFTY50,PE,175195.65,25,1,197.13,4928.25,155.03,216.84,1052.5,2.81,492.83,21.52,471.31,175666.96
V8-H,233,2024-05-03,DEVELOPMENT,BANKNIFTY,PE,175666.96,15,1,360.2,5403.0,282.62,396.22,1163.7,3.08,540.3,23.59,516.71,176183.67
V8-H,234,2024-05-03,DEVELOPMENT,BANKNIFTY,PE,176183.67,15,1,398.59,5978.85,312.4,438.45,1292.85,3.39,-600.75,22.81,-623.56,175560.11
V8-H,235,2024-05-06,DEVELOPMENT,NIFTY50,PE,175560.11,50,2,137.11,6855.5,107.47,150.82,1482.0,3.9,685.55,29.96,655.59,176215.7
V8-H,236,2024-05-06,DEVELOPMENT,BANKNIFTY,CE,176215.7,30,2,243.58,7307.4,191.0,267.94,1577.4,4.15,-125.1,29.54,-154.64,176061.06
V8-H,237,2024-05-06,DEVELOPMENT,NIFTY50,PE,176061.06,50,2,132.24,6612.0,104.37,145.46,1393.5,3.76,661.2,28.89,632.31,176693.37
V8-H,238,2024-05-07,DEVELOPMENT,BANKNIFTY,PE,176693.37,30,2,227.1,6813.0,178.09,249.81,1470.3,3.86,681.3,29.76,651.54,177344.91
V8-H,239,2024-05-07,DEVELOPMENT,BANKNIFTY,PE,177344.91,30,2,215.21,6456.3,169.22,236.73,1379.7,3.64,645.63,28.21,617.42,177962.33
V8-H,240,2024-05-07,DEVELOPMENT,NIFTY50,PE,177962.33,75,3,110.52,8289.0,87.15,121.57,1752.75,4.66,828.9,36.23,792.67,178755.0
V8-H,241,2024-05-08,DEVELOPMENT,BANKNIFTY,PE,178755.0,45,3,154.5,6952.5,121.19,169.95,1498.95,3.89,-1498.95,24.27,-1523.22,177231.78
V8-H,242,2024-05-08,DEVELOPMENT,BANKNIFTY,PE,177231.78,60,4,121.03,7261.8,94.97,133.13,1563.6,4.1,726.18,31.73,694.45,177926.23
V8-H,243,2024-05-08,DEVELOPMENT,NIFTY50,CE,177926.23,75,3,89.53,6714.75,70.68,98.48,1413.75,3.77,671.48,29.34,642.14,178568.37
V8-H,244,2024-05-09,DEVELOPMENT,NIFTY50,PE,178568.37,150,6,54.88,8232.0,43.14,60.37,1761.0,4.61,823.2,35.97,787.23,179355.6
V8-H,245,2024-05-09,DEVELOPMENT,NIFTY50,PE,179355.6,150,6,49.2,7380.0,38.82,54.12,1557.0,4.11,738.0,32.26,705.74,180061.34
V8-H,246,2024-05-09,DEVELOPMENT,BANKNIFTY,PE,180061.34,15,1,382.8,5742.0,300.77,421.08,1230.45,3.19,574.2,25.09,549.11,180610.45
V8-H,247,2024-05-10,DEVELOPMENT,BANKNIFTY,CE,180610.45,15,1,371.52,5572.8,290.24,408.67,1219.2,3.09,557.28,24.36,532.92,181143.37
V8-H,248,2024-05-10,DEVELOPMENT,NIFTY50,CE,181143.37,25,1,176.32,4408.0,138.73,193.95,939.75,2.43,440.8,19.27,421.53,181564.9
V8-H,249,2024-05-10,DEVELOPMENT,BANKNIFTY,CE,181564.9,15,1,377.34,5660.1,295.36,415.07,1229.7,3.12,566.01,24.73,541.28,182106.18
V8-H,250,2024-05-13,DEVELOPMENT,NIFTY50,PE,182106.18,50,2,128.41,6420.5,100.94,141.25,1373.5,3.53,642.05,28.05,614.0,182720.18
V8-H,251,2024-05-13,DEVELOPMENT,BANKNIFTY,PE,182720.18,30,2,281.99,8459.7,221.57,310.19,1812.6,4.63,-1812.5,29.57,-1842.07,180878.11
V8-H,252,2024-05-13,DEVELOPMENT,NIFTY50,PE,180878.11,50,2,129.01,6450.5,101.61,141.91,1370.0,3.57,645.05,28.17,616.88,181494.99
V8-H,253,2024-05-14,DEVELOPMENT,NIFTY50,CE,181494.99,75,3,110.09,8256.75,87.08,121.1,1725.75,4.55,825.68,36.08,789.6,182284.59
V8-H,254,2024-05-14,DEVELOPMENT,NIFTY50,CE,182284.59,75,3,112.54,8440.5,89.16,123.79,1753.5,4.63,844.05,36.88,807.17,183091.76
V8-H,255,2024-05-14,DEVELOPMENT,BANKNIFTY,CE,183091.76,45,3,183.94,8277.3,145.17,202.33,1744.65,4.52,6.75,33.9,-27.15,183064.61
V8-H,256,2024-05-15,DEVELOPMENT,NIFTY50,CE,183064.61,100,4,85.34,8534.0,67.29,93.87,1805.0,4.66,853.4,37.3,816.1,183880.71
V8-H,257,2024-05-15,DEVELOPMENT,NIFTY50,PE,183880.71,75,3,107.43,8057.25,84.78,118.17,1698.75,4.38,805.73,35.21,770.51,184651.22
V8-H,258,2024-05-15,DEVELOPMENT,BANKNIFTY,PE,184651.22,75,5,105.74,7930.5,83.29,116.31,1683.75,4.29,793.05,34.68,758.37,185409.59
V8-H,259,2024-05-16,DEVELOPMENT,NIFTY50,PE,185409.59,125,5,58.26,7282.5,45.75,64.09,1563.75,3.93,728.25,31.85,696.4,186105.99
V8-H,260,2024-05-16,DEVELOPMENT,NIFTY50,PE,186105.99,125,5,59.41,7426.25,46.66,65.35,1593.75,3.99,742.63,32.46,710.16,186816.15
V8-H,261,2024-05-16,DEVELOPMENT,BANKNIFTY,PE,186816.15,15,1,398.63,5979.45,312.39,438.49,1293.6,3.2,597.95,26.14,571.81,187387.96
V8-H,262,2024-05-17,DEVELOPMENT,BANKNIFTY,CE,187387.96,15,1,353.44,5301.6,276.16,388.78,1159.2,2.83,530.16,23.18,506.98,187894.94
V8-H,263,2024-05-17,DEVELOPMENT,BANKNIFTY,CE,187894.94,15,1,363.37,5450.55,284.98,399.71,1175.85,2.9,545.06,23.8,521.26,188416.2
V8-H,264,2024-05-17,DEVELOPMENT,BANKNIFTY,CE,188416.2,15,1,374.42,5616.3,294.78,411.86,1194.6,2.98,561.63,24.56,537.07,188953.27
V8-H,265,2024-05-21,DEVELOPMENT,NIFTY50,CE,188953.27,75,3,118.95,8921.25,94.42,130.85,1839.75,4.72,892.13,39.0,853.13,189806.4
V8-H,266,2024-05-21,DEVELOPMENT,NIFTY50,CE,189806.4,75,3,111.93,8394.75,88.86,123.12,1730.25,4.42,839.48,36.67,802.81,190609.21
V8-H,267,2024-05-21,DEVELOPMENT,NIFTY50,CE,190609.21,50,2,135.05,6752.5,107.24,148.56,1390.5,3.54,-1164.0,24.38,-1188.38,189420.83
V8-H,268,2024-05-22,DEVELOPMENT,NIFTY50,PE,189420.83,75,3,93.11,6983.25,73.5,102.42,1470.75,3.69,698.33,30.51,667.82,190088.65
V8-H,269,2024-05-22,DEVELOPMENT,BANKNIFTY,PE,190088.65,75,5,105.96,7947.0,83.28,116.56,1701.0,4.18,794.7,34.73,759.97,190848.62
V8-H,270,2024-05-22,DEVELOPMENT,BANKNIFTY,PE,190848.62,60,4,121.33,7279.8,95.62,133.46,1542.6,3.81,727.98,31.81,696.17,191544.79
V8-H,271,2024-05-23,DEVELOPMENT,NIFTY50,CE,191544.79,100,4,74.31,7431.0,58.66,81.74,1565.0,3.88,743.1,32.47,710.63,192255.42
V8-H,272,2024-05-23,DEVELOPMENT,BANKNIFTY,CE,192255.42,15,1,386.37,5795.55,303.3,425.01,1246.05,3.01,579.56,25.33,554.23,192809.65
V8-H,273,2024-05-23,DEVELOPMENT,NIFTY50,CE,192809.65,100,4,75.52,7552.0,59.72,83.07,1580.0,3.92,755.2,33.02,722.18,193531.83
V8-H,274,2024-05-24,DEVELOPMENT,NIFTY50,CE,193531.83,25,1,186.93,4673.25,148.19,205.62,968.5,2.41,467.33,20.43,446.9,193978.73
V8-H,275,2024-05-24,DEVELOPMENT,BANKNIFTY,CE,193978.73,15,1,360.03,5400.45,284.93,396.03,1126.5,2.78,540.05,23.59,516.46,194495.19
V8-H,276,2024-05-24,DEVELOPMENT,BANKNIFTY,CE,194495.19,15,1,367.84,5517.6,290.97,404.62,1153.05,2.84,551.76,24.11,527.65,195022.84
V8-H,277,2024-05-27,DEVELOPMENT,BANKNIFTY,CE,195022.84,30,2,244.28,7328.4,192.12,268.71,1564.8,3.76,732.84,32.02,700.82,195723.66
V8-H,278,2024-05-27,DEVELOPMENT,NIFTY50,PE,195723.66,50,2,140.15,7007.5,110.72,154.17,1471.5,3.58,700.75,30.62,670.13,196393.79
V8-H,279,2024-05-27,DEVELOPMENT,BANKNIFTY,CE,196393.79,30,2,263.42,7902.6,207.89,289.76,1665.9,4.02,790.26,34.55,755.71,197149.5
V8-H,280,2024-05-28,DEVELOPMENT,BANKNIFTY,PE,197149.5,30,2,211.01,6330.3,164.81,232.11,1386.0,3.21,633.03,27.67,605.36,197754.86
V8-H,281,2024-05-28,DEVELOPMENT,NIFTY50,PE,197754.86,50,2,127.56,6378.0,100.68,140.32,1344.0,3.23,637.8,27.87,609.93,198364.79
V8-H,282,2024-05-28,DEVELOPMENT,BANKNIFTY,PE,198364.79,45,3,189.68,8535.6,148.86,208.65,1836.9,4.3,853.56,37.3,816.26,199181.05
V8-H,283,2024-05-29,DEVELOPMENT,NIFTY50,PE,199181.05,100,4,94.62,9462.0,74.75,104.08,1987.0,4.75,946.2,41.36,904.84,200085.89
V8-H,284,2024-05-29,DEVELOPMENT,NIFTY50,PE,200085.89,75,3,111.43,8357.25,88.26,122.57,1737.75,4.18,-1737.9,29.38,-1767.28,198318.61
V8-H,285,2024-05-29,DEVELOPMENT,BANKNIFTY,PE,198318.61,75,5,107.94,8095.5,85.31,118.73,1697.25,4.08,809.55,35.38,774.17,199092.78
V8-H,286,2024-05-30,DEVELOPMENT,BANKNIFTY,CE,199092.78,15,1,390.35,5855.25,305.31,429.39,1275.6,2.94,585.53,25.6,559.93,199652.71
V8-H,287,2024-05-30,DEVELOPMENT,NIFTY50,PE,199652.71,125,5,69.12,8640.0,54.51,76.03,1826.25,4.33,-1826.64,30.3,-1856.94,197795.77
V8-H,288,2024-05-30,DEVELOPMENT,NIFTY50,PE,197795.77,175,7,52.57,9199.75,41.6,57.83,1919.75,4.65,919.98,40.21,879.77,198675.54
V8-H,289,2024-05-31,DEVELOPMENT,NIFTY50,PE,198675.54,50,2,180.18,9009.0,141.71,198.2,1923.5,4.53,900.9,39.37,861.53,199537.07
V8-H,290,2024-05-31,DEVELOPMENT,BANKNIFTY,PE,199537.07,15,1,358.79,5381.85,280.14,394.67,1179.75,2.7,538.19,23.52,514.67,200051.74
V8-H,291,2024-05-31,DEVELOPMENT,BANKNIFTY,PE,200051.74,15,1,358.76,5381.4,281.36,394.64,1161.0,2.69,-225.6,21.39,-246.99,199804.75
V8-H,292,2024-06-04,DEVELOPMENT,BANKNIFTY,PE,199804.75,30,2,226.19,6785.7,168.86,248.81,1719.9,3.4,678.57,29.64,648.93,200453.68
V8-H,293,2024-06-04,DEVELOPMENT,NIFTY50,PE,200453.68,50,2,106.52,5326.0,77.28,117.17,1462.0,2.66,-1462.23,17.72,-1479.95,198973.73
V8-H,294,2024-06-04,DEVELOPMENT,BANKNIFTY,PE,198973.73,30,2,178.49,5354.7,127.11,196.34,1541.4,2.69,-1541.43,17.62,-1559.05,197414.68
V8-H,295,2024-06-05,DEVELOPMENT,BANKNIFTY,PE,197414.68,60,4,103.95,6237.0,76.63,114.35,1639.2,3.16,623.7,27.26,596.44,198011.12
V8-H,296,2024-06-05,DEVELOPMENT,BANKNIFTY,PE,198011.12,60,4,125.26,7515.6,93.4,137.79,1911.6,3.8,751.56,32.85,718.71,198729.83
V8-H,297,2024-06-05,DEVELOPMENT,BANKNIFTY,CE,198729.83,75,5,105.84,7938.0,79.81,116.42,1952.25,3.99,793.8,34.69,759.11,199488.94
V8-H,298,2024-06-06,DEVELOPMENT,NIFTY50,CE,199488.94,175,7,50.8,8890.0,39.61,55.88,1958.25,4.46,889.0,38.85,850.15,200339.09
V8-H,299,2024-06-06,DEVELOPMENT,NIFTY50,CE,200339.09,175,7,50.85,8898.75,39.76,55.94,1940.75,4.44,-56.0,36.26,-92.26,200246.83
V8-H,300,2024-06-06,DEVELOPMENT,BANKNIFTY,CE,200246.83,15,1,402.78,6041.7,312.81,443.06,1349.55,3.02,-246.75,24.03,-270.78,199976.05
V8-H,301,2024-06-07,DEVELOPMENT,BANKNIFTY,CE,199976.05,15,1,404.16,6062.4,313.76,444.58,1356.0,3.03,606.24,26.5,579.74,200555.79
V8-H,302,2024-06-07,DEVELOPMENT,NIFTY50,CE,200555.79,25,1,184.05,4601.25,143.81,202.46,1006.0,2.29,460.13,20.11,440.02,200995.81
V8-H,303,2024-06-07,DEVELOPMENT,BANKNIFTY,CE,200995.81,15,1,411.15,6167.25,321.23,452.26,1348.8,3.07,616.73,26.98,589.74,201585.55
V8-H,304,2024-06-10,DEVELOPMENT,BANKNIFTY,PE,201585.55,30,2,247.86,7435.8,192.31,272.65,1666.5,3.69,743.58,32.5,711.08,202296.63
V8-H,305,2024-06-10,DEVELOPMENT,NIFTY50,PE,202296.63,50,2,137.2,6860.0,108.68,150.92,1426.0,3.39,686.0,29.97,656.03,202952.66
V8-H,306,2024-06-10,DEVELOPMENT,NIFTY50,PE,202952.66,50,2,136.62,6831.0,107.76,150.28,1443.0,3.37,683.1,29.83,653.27,203605.93
V8-H,307,2024-06-11,DEVELOPMENT,BANKNIFTY,CE,203605.93,45,3,191.93,8636.85,150.28,211.12,1874.25,4.24,863.69,37.75,825.94,204431.87
V8-H,308,2024-06-11,DEVELOPMENT,BANKNIFTY,CE,204431.87,45,3,191.9,8635.5,150.56,211.09,1860.3,4.22,863.55,37.75,825.8,205257.67
V8-H,309,2024-06-11,DEVELOPMENT,NIFTY50,PE,205257.67,75,3,115.73,8679.75,91.74,127.3,1799.25,4.23,867.98,37.92,830.06,206087.73
V8-H,310,2024-06-12,DEVELOPMENT,NIFTY50,CE,206087.73,75,3,108.13,8109.75,85.51,118.94,1696.5,3.94,810.98,35.45,775.53,206863.26
V8-H,311,2024-06-12,DEVELOPMENT,BANKNIFTY,CE,206863.26,75,5,127.16,9537.0,100.04,139.88,2034.0,4.61,953.7,41.68,912.02,207775.28
V8-H,312,2024-06-12,DEVELOPMENT,BANKNIFTY,CE,207775.28,75,5,111.16,8337.0,87.53,122.28,1772.25,4.01,-139.5,33.74,-173.24,207602.04
V8-H,313,2024-06-13,DEVELOPMENT,BANKNIFTY,PE,207602.04,15,1,399.63,5994.45,314.23,439.59,1281.0,2.89,599.45,26.19,573.26,208175.3
V8-H,314,2024-06-13,DEVELOPMENT,NIFTY50,PE,208175.3,175,7,51.87,9077.25,41.06,57.06,1891.75,4.36,-22.75,37.09,-59.84,208115.46
V8-H,315,2024-06-13,DEVELOPMENT,BANKNIFTY,PE,208115.46,15,1,406.83,6102.45,321.1,447.51,1285.95,2.93,610.25,26.67,583.58,208699.04
V8-H,316,2024-06-14,DEVELOPMENT,BANKNIFTY,PE,208699.04,15,1,368.37,5525.55,289.68,405.21,1180.35,2.65,552.56,24.15,528.41,209227.45
V8-H,317,2024-06-18,DEVELOPMENT,BANKNIFTY,CE,209227.45,30,2,220.66,6619.8,173.43,242.73,1416.9,3.16,661.98,28.92,633.06,209860.51
V8-H,318,2024-06-18,DEVELOPMENT,BANKNIFTY,CE,209860.51,45,3,198.79,8945.55,157.35,218.67,1864.8,4.26,894.56,39.09,855.47,210715.98
V8-H,319,2024-06-18,DEVELOPMENT,BANKNIFTY,CE,210715.98,45,3,214.53,9653.85,170.11,235.98,1998.9,4.58,965.39,42.2,923.19,211639.17
V8-H,320,2024-06-19,DEVELOPMENT,BANKNIFTY,CE,211639.17,75,5,112.8,8460.0,87.59,124.08,1890.75,4.0,846.0,36.97,809.03,212448.2
V8-H,321,2024-06-19,DEVELOPMENT,NIFTY50,PE,212448.2,100,4,90.4,9040.0,71.13,99.44,1927.0,4.26,904.0,39.51,864.49,213312.69
V8-H,322,2024-06-19,DEVELOPMENT,BANKNIFTY,CE,213312.69,75,5,113.21,8490.75,87.91,124.53,1897.5,3.98,849.08,37.11,811.97,214124.66
V8-H,323,2024-06-20,DEVELOPMENT,BANKNIFTY,PE,214124.66,15,1,411.68,6175.2,319.63,452.85,1380.75,2.88,-244.2,24.59,-268.79,213855.87
V8-H,324,2024-06-20,DEVELOPMENT,NIFTY50,CE,213855.87,150,6,59.21,8881.5,46.76,65.13,1867.5,4.15,888.15,38.83,849.32,214705.19
V8-H,325,2024-06-20,DEVELOPMENT,NIFTY50,CE,214705.19,150,6,67.46,10119.0,53.27,74.21,2128.5,4.71,-2129.24,35.47,-2164.71,212540.48
V8-H,326,2024-06-21,DEVELOPMENT,BANKNIFTY,PE,212540.48,15,1,398.02,5970.3,311.79,437.82,1293.45,2.81,597.03,26.09,570.94,213111.42
V8-H,327,2024-06-21,DEVELOPMENT,BANKNIFTY,PE,213111.42,15,1,384.72,5770.8,302.02,423.19,1240.5,2.71,577.08,25.21,551.87,213663.29
V8-H,328,2024-06-21,DEVELOPMENT,BANKNIFTY,PE,213663.29,15,1,378.6,5679.0,297.62,416.46,1214.7,2.66,567.9,24.81,543.09,214206.38
V8-H,329,2024-06-24,DEVELOPMENT,BANKNIFTY,PE,214206.38,30,2,270.89,8126.7,211.48,297.98,1782.3,3.79,812.67,35.51,777.16,214983.54
V8-H,330,2024-06-24,DEVELOPMENT,BANKNIFTY,CE,214983.54,30,2,255.4,7662.0,199.83,280.94,1667.1,3.56,766.2,33.5,732.7,215716.24
V8-H,331,2024-06-24,DEVELOPMENT,NIFTY50,CE,215716.24,50,2,147.26,7363.0,116.08,161.99,1559.0,3.41,736.3,32.19,704.11,216420.35
V8-H,332,2024-06-25,DEVELOPMENT,NIFTY50,CE,216420.35,75,3,117.14,8785.5,92.66,128.85,1836.0,4.06,878.55,38.38,840.17,217260.52
V8-H,333,2024-06-25,DEVELOPMENT,BANKNIFTY,CE,217260.52,45,3,200.33,9014.85,158.1,220.36,1900.35,4.15,901.49,39.4,862.09,218122.61
V8-H,334,2024-06-25,DEVELOPMENT,NIFTY50,CE,218122.61,75,3,139.07,10430.25,110.12,152.98,2171.25,4.78,1043.03,45.58,997.44,219120.05
V8-H,335,2024-06-26,DEVELOPMENT,BANKNIFTY,PE,219120.05,75,5,116.61,8745.75,91.19,128.27,1906.5,3.99,874.58,38.22,836.36,219956.41
V8-H,336,2024-06-26,DEVELOPMENT,BANKNIFTY,PE,219956.41,75,5,133.69,10026.75,104.7,147.06,2174.25,4.56,-1425.0,37.05,-1462.05,218494.36
V8-H,337,2024-06-26,DEVELOPMENT,NIFTY50,CE,218494.36,100,4,91.73,9173.0,72.63,100.9,1910.0,4.2,917.3,40.1,877.2,219371.56
V8-H,338,2024-06-27,DEVELOPMENT,BANKNIFTY,CE,219371.56,15,1,424.88,6373.2,332.49,467.37,1385.85,2.91,-180.9,25.57,-206.47,219165.09
V8-H,339,2024-06-27,DEVELOPMENT,NIFTY50,CE,219165.09,150,6,65.88,9882.0,51.77,72.47,2116.5,4.51,988.2,43.21,944.99,220110.08
V8-H,340,2024-06-27,DEVELOPMENT,NIFTY50,CE,220110.08,175,7,53.08,9289.0,41.73,58.39,1986.25,4.22,928.9,40.59,888.31,220998.39
V8-H,341,2024-06-28,DEVELOPMENT,BANKNIFTY,CE,220998.39,15,1,389.76,5846.4,306.14,428.74,1254.3,2.65,-818.25,21.66,-839.91,220158.48
V8-H,342,2024-06-28,DEVELOPMENT,NIFTY50,CE,220158.48,50,2,193.34,9667.0,152.95,212.67,2019.5,4.39,-330.5,38.63,-369.13,219789.35
V8-H,343,2024-07-01,VALIDATION,BANKNIFTY,CE,219789.35,30,2,276.0,8280.0,216.04,303.6,1798.8,3.77,828.0,36.18,791.82,220581.17
V8-H,344,2024-07-01,VALIDATION,NIFTY50,CE,220581.17,50,2,141.42,7071.0,111.85,155.56,1478.5,3.21,707.1,30.88,676.22,221257.39
V8-H,345,2024-07-01,VALIDATION,NIFTY50,CE,221257.39,50,2,156.59,7829.5,124.21,172.25,1619.0,3.54,782.95,34.21,748.74,222006.13
V8-H,346,2024-07-02,VALIDATION,NIFTY50,PE,222006.13,75,3,119.69,8976.75,94.39,131.66,1897.5,4.04,897.68,39.25,858.43,222864.56
V8-H,347,2024-07-02,VALIDATION,BANKNIFTY,PE,222864.56,45,3,226.13,10175.85,177.08,248.74,2207.25,4.57,1017.59,44.47,973.12,223837.68
V8-H,348,2024-07-02,VALIDATION,BANKNIFTY,PE,223837.68,45,3,200.45,9020.25,157.72,220.5,1922.85,4.03,-7.65,36.9,-44.55,223793.13
V8-H,349,2024-07-03,VALIDATION,NIFTY50,CE,223793.13,100,4,93.35,9335.0,73.71,102.69,1964.0,4.17,10.0,38.24,-28.24,223764.89
V8-H,350,2024-07-03,VALIDATION,BANKNIFTY,CE,223764.89,60,4,166.88,10012.8,130.89,183.57,2159.4,4.47,1001.28,43.75,957.53,224722.42
V8-H,351,2024-07-03,VALIDATION,BANKNIFTY,CE,224722.42,75,5,117.88,8841.0,92.62,129.67,1894.5,3.93,884.1,38.64,845.46,225567.88
V8-H,352,2024-07-04,VALIDATION,NIFTY50,CE,225567.88,175,7,54.03,9455.25,42.73,59.43,1977.5,4.19,945.53,41.33,904.2,226472.08
V8-H,353,2024-07-04,VALIDATION,BANKNIFTY,PE,226472.08,15,1,431.14,6467.1,339.82,474.25,1369.8,2.86,-167.1,25.99,-193.09,226278.99
V8-H,354,2024-07-05,VALIDATION,NIFTY50,PE,226278.99,50,2,193.82,9691.0,153.15,213.2,2033.5,4.28,-195.0,39.11,-234.11,226044.88
V8-H,355,2024-07-05,VALIDATION,BANKNIFTY,PE,226044.88,15,1,388.16,5822.4,304.81,426.98,1250.25,2.58,582.24,25.43,556.81,226601.69
V8-H,356,2024-07-05,VALIDATION,BANKNIFTY,PE,226601.69,15,1,427.77,6416.55,338.71,470.55,1335.9,2.83,641.66,28.05,613.61,227215.3
V8-H,357,2024-07-08,VALIDATION,BANKNIFTY,CE,227215.3,30,2,260.9,7827.0,204.24,286.99,1699.8,3.44,-41.1,31.92,-73.02,227142.28
V8-H,358,2024-07-08,VALIDATION,NIFTY50,PE,227142.28,50,2,158.14,7907.0,125.16,173.95,1649.0,3.48,790.7,34.56,756.14,227898.42
V8-H,359,2024-07-08,VALIDATION,NIFTY50,PE,227898.42,50,2,163.47,8173.5,129.44,179.82,1701.5,3.59,-1038.5,30.56,-1069.06,226829.36
V8-H,360,2024-07-09,VALIDATION,NIFTY50,CE,226829.36,75,3,138.95,10421.25,110.07,152.84,2166.0,4.59,1042.13,45.54,996.59,227825.95
V8-H,361,2024-07-09,VALIDATION,NIFTY50,CE,227825.95,75,3,121.07,9080.25,96.16,133.18,1868.25,3.99,908.02,39.67,868.35,228694.3
V8-H,362,2024-07-09,VALIDATION,BANKNIFTY,CE,228694.3,45,3,202.12,9095.4,160.32,222.33,1881.0,3.98,-11.7,37.2,-48.9,228645.4
V8-H,363,2024-07-10,VALIDATION,BANKNIFTY,PE,228645.4,90,6,115.73,10415.7,91.19,127.3,2208.6,4.56,1041.57,45.53,996.04,229641.44
V8-H,364,2024-07-10,VALIDATION,NIFTY50,PE,229641.44,100,4,93.11,9311.0,73.39,102.42,1972.0,4.05,-146.0,37.71,-183.71,229457.73
V8-H,365,2024-07-10,VALIDATION,BANKNIFTY,PE,229457.73,90,6,115.73,10415.7,91.37,127.3,2192.4,4.54,1041.57,45.53,996.04,230453.77
V8-H,366,2024-07-11,VALIDATION,NIFTY50,PE,230453.77,200,8,53.87,10774.0,42.63,59.26,2248.0,4.68,1077.4,47.08,1030.32,231484.09
V8-H,367,2024-07-11,VALIDATION,BANKNIFTY,PE,231484.09,15,1,414.88,6223.2,326.49,456.37,1325.85,2.69,-413.1,24.33,-437.43,231046.66
V8-H,368,2024-07-11,VALIDATION,NIFTY50,PE,231046.66,200,8,53.87,10774.0,42.58,59.26,2258.0,4.66,-92.0,43.84,-135.84,230910.82
V8-H,369,2024-07-12,VALIDATION,BANKNIFTY,CE,230910.82,15,1,389.23,5838.45,305.09,428.15,1262.1,2.53,583.85,25.52,558.33,231469.15
V8-H,370,2024-07-12,VALIDATION,NIFTY50,CE,231469.15,50,2,196.08,9804.0,153.95,215.69,2106.5,4.24,980.4,42.84,937.56,232406.71
V8-H,371,2024-07-12,VALIDATION,BANKNIFTY,CE,232406.71,15,1,413.94,6209.1,325.1,455.33,1332.6,2.67,620.91,27.14,593.77,233000.48
V8-H,372,2024-07-15,VALIDATION,BANKNIFTY,PE,233000.48,30,2,296.81,8904.3,232.98,326.49,1914.9,3.82,890.43,38.92,851.51,233851.99
V8-H,373,2024-07-15,VALIDATION,NIFTY50,CE,233851.99,75,3,144.47,10835.25,114.52,158.92,2246.25,4.63,1083.53,47.37,1036.15,234888.14
V8-H,374,2024-07-15,VALIDATION,NIFTY50,CE,234888.14,50,2,159.18,7959.0,126.47,175.1,1635.5,3.39,-738.5,30.53,-769.03,234119.11
V8-H,375,2024-07-16,VALIDATION,NIFTY50,CE,234119.11,75,3,126.82,9511.5,100.76,139.5,1954.5,4.06,-360.0,37.93,-397.93,233721.18
V8-H,376,2024-07-16,VALIDATION,BANKNIFTY,PE,233721.18,45,3,212.88,9579.6,168.03,234.17,2018.25,4.1,957.96,41.88,916.08,234637.26
V8-H,377,2024-07-16,VALIDATION,BANKNIFTY,PE,234637.26,45,3,201.61,9072.45,159.67,221.77,1887.3,3.87,907.25,39.66,867.59,235504.85
V8-H,378,2024-07-18,VALIDATION,NIFTY50,PE,235504.85,150,6,66.7,10005.0,52.67,73.37,2104.5,4.25,1000.5,43.74,956.76,236461.61
V8-H,379,2024-07-18,VALIDATION,BANKNIFTY,CE,236461.61,15,1,440.07,6601.05,346.31,484.08,1406.4,2.79,660.11,28.85,631.26,237092.87
V8-H,380,2024-07-18,VALIDATION,NIFTY50,CE,237092.87,200,8,54.62,10924.0,43.16,60.08,2292.0,4.61,1092.4,47.73,1044.67,238137.54
V8-H,381,2024-07-19,VALIDATION,NIFTY50,PE,238137.54,50,2,197.83,9891.5,156.17,217.61,2083.0,4.15,989.15,43.24,945.91,239083.45
V8-H,382,2024-07-19,VALIDATION,NIFTY50,PE,239083.45,50,2,197.42,9871.0,156.45,217.16,2048.5,4.13,987.1,43.13,943.97,240027.42
V8-H,383,2024-07-19,VALIDATION,BANKNIFTY,PE,240027.42,15,1,385.32,5779.8,304.08,423.85,1218.6,2.41,577.98,25.26,552.72,240580.14
V8-H,384,2024-07-22,VALIDATION,BANKNIFTY,CE,240580.14,30,2,260.18,7805.4,204.74,286.2,1663.2,3.24,-39.9,31.85,-71.75,240508.39
V8-H,385,2024-07-22,VALIDATION,NIFTY50,CE,240508.39,75,3,149.37,11202.75,117.84,164.31,2364.75,4.66,-421.5,44.67,-466.17,240042.22
V8-H,386,2024-07-23,VALIDATION,NIFTY50,PE,240042.22,75,3,135.8,10185.0,107.25,149.38,2141.25,4.24,1018.5,44.51,973.99,241016.21
V8-H,387,2024-07-23,VALIDATION,BANKNIFTY,PE,241016.21,45,3,224.11,10084.95,175.95,246.52,2167.2,4.18,1008.5,44.08,964.42,241980.63
V8-H,388,2024-07-23,VALIDATION,NIFTY50,PE,241980.63,75,3,121.42,9106.5,95.81,133.56,1920.75,3.76,910.65,39.8,870.85,242851.48
V8-H,389,2024-07-24,VALIDATION,NIFTY50,CE,242851.48,100,4,93.91,9391.0,73.28,103.3,2063.0,3.87,939.1,41.04,898.06,243749.54
V8-H,390,2024-07-24,VALIDATION,BANKNIFTY,PE,243749.54,75,5,129.57,9717.75,99.37,142.53,2265.0,3.99,971.78,42.46,929.32,244678.86
V8-H,391,2024-07-24,VALIDATION,NIFTY50,PE,244678.86,100,4,104.34,10434.0,81.71,114.77,2263.0,4.26,1043.4,45.61,997.79,245676.65
V8-H,392,2024-07-25,VALIDATION,BANKNIFTY,PE,245676.65,15,1,426.77,6401.55,332.89,469.45,1408.2,2.61,-357.3,25.19,-382.49,245294.16
V8-H,393,2024-07-25,VALIDATION,NIFTY50,CE,245294.16,200,8,54.12,10824.0,42.88,59.53,2248.0,4.41,1082.4,47.31,1035.09,246329.25
V8-H,394,2024-07-25,VALIDATION,NIFTY50,CE,246329.25,150,6,72.85,10927.5,57.78,80.14,2260.5,4.44,-2261.16,38.44,-2299.6,244029.65
V8-H,395,2024-07-26,VALIDATION,NIFTY50,CE,244029.65,50,2,197.2,9860.0,156.35,216.92,2042.5,4.04,986.0,43.09,942.91,244972.56
V8-H,396,2024-07-26,VALIDATION,NIFTY50,CE,244972.56,50,2,198.45,9922.5,156.95,218.3,2075.0,4.05,992.25,43.36,948.89,245921.45
V8-H,397,2024-07-26,VALIDATION,BANKNIFTY,CE,245921.45,15,1,401.01,6015.15,315.87,441.11,1277.1,2.45,601.52,26.29,575.23,246496.68
V8-H,398,2024-07-29,VALIDATION,BANKNIFTY,CE,246496.68,30,2,257.51,7725.3,200.95,283.26,1696.8,3.13,772.53,33.76,738.77,247235.45
V8-H,399,2024-07-29,VALIDATION,NIFTY50,CE,247235.45,75,3,146.16,10962.0,114.87,160.78,2346.75,4.43,-66.0,44.68,-110.68,247124.77
V8-H,400,2024-07-29,VALIDATION,BANKNIFTY,CE,247124.77,30,2,294.4,8832.0,226.87,323.84,2025.9,3.57,883.2,38.58,844.62,247969.39
V8-H,401,2024-07-30,VALIDATION,NIFTY50,CE,247969.39,75,3,136.68,10251.0,107.69,150.35,2174.25,4.13,1025.1,44.79,980.31,248949.7
V8-H,402,2024-07-30,VALIDATION,NIFTY50,CE,248949.7,75,3,123.8,9285.0,98.09,136.18,1928.25,3.73,928.5,40.58,887.92,249837.62
V8-H,403,2024-07-30,VALIDATION,BANKNIFTY,CE,249837.62,45,3,198.82,8946.9,156.36,218.7,1910.7,3.58,894.69,39.09,855.6,250693.22
V8-H,404,2024-07-31,VALIDATION,NIFTY50,CE,250693.22,100,4,95.93,9593.0,75.87,105.52,2006.0,3.83,959.3,41.92,917.38,251610.6
V8-H,405,2024-07-31,VALIDATION,BANKNIFTY,CE,251610.6,90,6,114.42,10297.8,90.11,125.86,2187.9,4.09,1029.78,45.0,984.78,252595.38
V8-H,406,2024-07-31,VALIDATION,NIFTY50,CE,252595.38,125,5,96.92,12115.0,76.92,106.61,2500.0,4.8,1211.5,52.94,1158.56,253753.94
V8-H,407,2024-08-01,VALIDATION,NIFTY50,PE,253753.94,150,6,78.38,11757.0,62.19,86.22,2428.5,4.63,1175.7,51.37,1124.33,254878.27
V8-H,408,2024-08-01,VALIDATION,NIFTY50,PE,254878.27,150,6,75.1,11265.0,59.62,82.61,2322.0,4.42,1126.5,49.24,1077.26,255955.53
V8-H,409,2024-08-01,VALIDATION,BANKNIFTY,PE,255955.53,15,1,438.23,6573.45,347.1,482.05,1366.95,2.57,657.35,28.73,628.62,256584.15
V8-H,410,2024-08-02,VALIDATION,NIFTY50,PE,256584.15,50,2,221.54,11077.0,174.54,243.69,2350.0,4.32,1107.7,48.41,1059.29,257643.44
V8-H,411,2024-08-02,VALIDATION,BANKNIFTY,CE,257643.44,30,2,379.24,11377.2,298.42,417.16,2424.6,4.42,1137.72,49.73,1087.99,258731.43
V8-H,412,2024-08-02,VALIDATION,BANKNIFTY,CE,258731.43,30,2,394.96,11848.8,311.73,434.46,2496.9,4.58,1184.88,51.78,1133.1,259864.53
V8-H,413,2024-08-05,VALIDATION,BANKNIFTY,PE,259864.53,45,3,250.72,11282.4,195.12,275.79,2502.0,4.34,1128.24,49.32,1078.92,260943.45
V8-H,414,2024-08-05,VALIDATION,NIFTY50,PE,260943.45,75,3,150.54,11290.5,117.09,165.59,2508.75,4.33,1129.05,49.35,1079.7,262023.15
V8-H,415,2024-08-05,VALIDATION,BANKNIFTY,PE,262023.15,45,3,247.36,11131.2,194.16,272.1,2394.0,4.25,-194.85,44.99,-239.84,261783.31
V8-H,416,2024-08-06,VALIDATION,NIFTY50,PE,261783.31,100,4,120.2,12020.0,94.4,132.22,2580.0,4.59,1202.0,52.53,1149.47,262932.78
V8-H,417,2024-08-06,VALIDATION,BANKNIFTY,PE,262932.78,60,4,192.75,11565.0,150.9,212.03,2511.0,4.4,1156.5,50.53,1105.97,264038.75
V8-H,418,2024-08-06,VALIDATION,NIFTY50,PE,264038.75,100,4,119.95,11995.0,94.58,131.95,2537.0,4.54,1199.5,52.42,1147.08,265185.83
V8-H,419,2024-08-07,VALIDATION,BANKNIFTY,PE,265185.83,105,7,111.07,11662.35,86.47,122.18,2583.0,4.4,1166.24,50.97,1115.27,266301.1
V8-H,420,2024-08-07,VALIDATION,NIFTY50,CE,266301.1,125,5,93.26,11657.5,73.22,102.59,2505.0,4.38,1165.75,50.94,1114.81,267415.91
V8-H,421,2024-08-07,VALIDATION,BANKNIFTY,PE,267415.91,90,6,121.34,10920.6,94.83,133.47,2385.9,4.08,1092.06,47.73,1044.33,268460.24
V8-H,422,2024-08-08,VALIDATION,BANKNIFTY,PE,268460.24,15,1,427.93,6418.95,333.52,470.72,1416.15,2.39,641.9,28.05,613.85,269074.09
V8-H,423,2024-08-08,VALIDATION,NIFTY50,PE,269074.09,225,9,54.68,12303.0,42.79,60.15,2675.25,4.57,1230.3,53.78,1176.52,270250.61
V8-H,424,2024-08-08,VALIDATION,BANKNIFTY,CE,270250.61,30,2,402.33,12069.9,315.04,442.56,2618.7,4.47,1206.99,52.75,1154.24,271404.85
V8-H,425,2024-08-09,VALIDATION,NIFTY50,CE,271404.85,50,2,207.02,10351.0,162.57,227.72,2222.5,3.81,1035.1,45.24,989.86,272394.71
V8-H,426,2024-08-09,VALIDATION,BANKNIFTY,CE,272394.71,30,2,371.93,11157.9,292.11,409.12,2394.6,4.1,1115.79,48.76,1067.03,273461.74
V8-H,427,2024-08-12,VALIDATION,NIFTY50,PE,273461.74,75,3,147.64,11073.0,116.47,162.4,2337.75,4.05,-389.25,44.24,-433.49,273028.25
V8-H,428,2024-08-12,VALIDATION,BANKNIFTY,PE,273028.25,30,2,299.58,8987.4,235.02,329.54,1936.8,3.29,898.74,39.29,859.45,273887.7
V8-H,429,2024-08-12,VALIDATION,BANKNIFTY,CE,273887.7,45,3,251.53,11318.85,197.71,276.68,2421.9,4.13,1131.89,49.46,1082.43,274970.13
V8-H,430,2024-08-13,VALIDATION,BANKNIFTY,PE,274970.13,60,4,212.08,12724.8,166.68,233.29,2724.0,4.63,1272.48,55.61,1216.87,276187.0
V8-H,431,2024-08-13,VALIDATION,NIFTY50,PE,276187.0,100,4,120.7,12070.0,95.59,132.77,2511.0,4.37,1207.0,52.75,1154.25,277341.25
V8-H,432,2024-08-13,VALIDATION,BANKNIFTY,PE,277341.25,60,4,204.77,12286.2,161.34,225.25,2605.8,4.43,1228.62,53.7,1174.92,278516.17
V8-H,433,2024-08-14,VALIDATION,NIFTY50,PE,278516.17,125,5,92.72,11590.0,73.31,101.99,2426.25,4.16,-20.0,47.38,-67.38,278448.79
V8-H,434,2024-08-16,VALIDATION,NIFTY50,PE,278448.79,50,2,194.62,9731.0,153.32,214.08,2065.0,3.49,-651.0,38.02,-689.02,277759.77
V8-H,435,2024-08-16,VALIDATION,BANKNIFTY,CE,277759.77,30,2,370.7,11121.0,291.82,407.77,2366.4,4.0,1112.1,48.61,1063.49,278823.26
V8-H,436,2024-08-16,VALIDATION,BANKNIFTY,CE,278823.26,30,2,390.0,11700.0,307.42,429.0,2477.4,4.2,1170.0,51.15,1118.85,279942.11
V8-H,437,2024-08-19,VALIDATION,BANKNIFTY,PE,279942.11,45,3,285.1,12829.5,224.19,313.61,2740.95,4.58,1282.95,56.06,1226.89,281169.0
V8-H,438,2024-08-19,VALIDATION,BANKNIFTY,PE,281169.0,45,3,250.33,11264.85,197.09,275.36,2395.8,4.01,1126.49,49.24,1077.25,282246.25
V8-H,439,2024-08-19,VALIDATION,NIFTY50,PE,282246.25,75,3,158.66,11899.5,125.48,174.53,2488.5,4.22,1189.95,51.99,1137.96,283384.21
V8-H,440,2024-08-20,VALIDATION,NIFTY50,CE,283384.21,100,4,129.68,12968.0,102.72,142.65,2696.0,4.58,1296.8,56.69,1240.11,284624.32
V8-H,441,2024-08-20,VALIDATION,BANKNIFTY,CE,284624.32,60,4,195.33,11719.8,154.02,214.86,2478.6,4.12,1171.98,51.23,1120.75,285745.07
V8-H,442,2024-08-20,VALIDATION,NIFTY50,CE,285745.07,100,4,135.44,13544.0,107.6,148.98,2784.0,4.74,1354.4,59.19,1295.21,287040.28
V8-H,443,2024-08-21,VALIDATION,BANKNIFTY,PE,287040.28,105,7,125.88,13217.4,99.07,138.47,2815.05,4.6,1321.74,57.78,1263.96,288304.24
V8-H,444,2024-08-21,VALIDATION,NIFTY50,CE,288304.24,125,5,94.98,11872.5,75.3,104.48,2460.0,4.12,1187.25,51.89,1135.36,289439.6
V8-H,445,2024-08-21,VALIDATION,NIFTY50,CE,289439.6,125,5,111.28,13910.0,88.23,122.41,2881.25,4.81,1391.0,60.8,1330.2,290769.8
V8-H,446,2024-08-22,VALIDATION,BANKNIFTY,CE,290769.8,30,2,426.4,12792.0,335.16,469.04,2737.2,4.4,1279.2,55.91,1223.29,291993.09
V8-H,447,2024-08-22,VALIDATION,BANKNIFTY,CE,291993.09,30,2,420.93,12627.9,332.47,463.02,2653.8,4.32,1262.79,55.2,1207.59,293200.68
V8-H,448,2024-08-22,VALIDATION,BANKNIFTY,CE,293200.68,30,2,432.72,12981.6,342.98,475.99,2692.2,4.43,1298.16,56.74,1241.42,294442.1
V8-H,449,2024-08-23,VALIDATION,NIFTY50,PE,294442.1,50,2,198.62,9931.0,157.16,218.48,2073.0,3.37,-3.0,40.64,-43.64,294398.46
V8-H,450,2024-08-26,VALIDATION,NIFTY50,CE,294398.46,75,3,155.97,11697.75,123.43,171.57,2440.5,3.97,1169.78,51.12,1118.66,295517.12
V8-H,451,2024-08-26,VALIDATION,BANKNIFTY,CE,295517.12,45,3,297.46,13385.7,235.07,327.21,2807.55,4.53,1338.57,58.49,1280.08,296797.2
V8-H,452,2024-08-26,VALIDATION,NIFTY50,CE,296797.2,75,3,164.33,12324.75,130.59,180.76,2530.5,4.15,1232.48,53.87,1178.61,297975.81
V8-H,453,2024-08-27,VALIDATION,NIFTY50,PE,297975.81,100,4,124.17,12417.0,98.42,136.59,2575.0,4.17,1241.7,54.28,1187.42,299163.23
V8-H,454,2024-08-27,VALIDATION,BANKNIFTY,PE,299163.23,60,4,196.22,11773.2,154.23,215.84,2519.4,3.94,-180.0,47.67,-227.67,298935.56
V8-H,455,2024-08-27,VALIDATION,NIFTY50,CE,298935.56,100,4,124.38,12438.0,98.65,136.82,2573.0,4.16,1243.8,54.36,1189.44,300125.0
V8-H,456,2024-08-28,VALIDATION,NIFTY50,PE,300125.0,125,5,96.19,12023.75,76.17,105.81,2502.5,4.01,-11.25,49.17,-60.42,300064.58
V8-H,457,2024-08-28,VALIDATION,BANKNIFTY,PE,300064.58,120,8,113.51,13621.2,89.62,124.86,2866.8,4.54,1362.12,59.52,1302.6,301367.18
V8-H,458,2024-08-29,VALIDATION,BANKNIFTY,CE,301367.18,30,2,410.26,12307.8,324.25,451.29,2580.3,4.08,1230.78,53.79,1176.99,302544.17
V8-H,459,2024-08-29,VALIDATION,NIFTY50,CE,302544.17,250,10,55.71,13927.5,44.2,61.28,2877.5,4.6,1392.75,60.86,1331.89,303876.06
V8-H,460,2024-08-29,VALIDATION,NIFTY50,CE,303876.06,250,10,57.59,14397.5,45.73,63.35,2965.0,4.74,1439.75,62.93,1376.82,305252.88
V8-H,461,2024-08-30,VALIDATION,BANKNIFTY,CE,305252.88,30,2,395.26,11857.8,313.22,434.79,2461.2,3.88,-532.2,47.05,-579.25,304673.63
V8-H,462,2024-09-02,VALIDATION,BANKNIFTY,PE,304673.63,45,3,289.12,13010.4,228.97,318.03,2706.75,4.27,1301.04,56.86,1244.18,305917.81
V8-H,463,2024-09-02,VALIDATION,NIFTY50,PE,305917.81,75,3,152.97,11472.75,121.58,168.27,2354.25,3.75,1147.28,50.14,1097.14,307014.95
V8-H,464,2024-09-02,VALIDATION,BANKNIFTY,PE,307014.95,45,3,254.81,11466.45,201.84,280.29,2383.65,3.73,-28.8,46.84,-75.64,306939.31
V8-H,465,2024-09-03,VALIDATION,NIFTY50,PE,306939.31,100,4,125.41,12541.0,99.59,137.95,2582.0,4.09,1254.1,54.82,1199.28,308138.59
V8-H,466,2024-09-03,VALIDATION,BANKNIFTY,PE,308138.59,45,3,246.82,11106.9,194.95,271.5,2334.15,3.6,1110.69,48.53,1062.16,309200.75
V8-H,467,2024-09-03,VALIDATION,NIFTY50,PE,309200.75,100,4,125.39,12539.0,99.73,137.93,2566.0,4.06,2.0,51.33,-49.33,309151.42
V8-H,468,2024-09-04,VALIDATION,BANKNIFTY,PE,309151.42,90,6,156.04,14043.6,123.2,171.64,2955.6,4.54,1404.36,61.39,1342.97,310494.39
V8-H,469,2024-09-04,VALIDATION,NIFTY50,CE,310494.39,150,6,96.66,14499.0,76.89,106.33,2965.5,4.67,1449.9,63.34,1386.56,311880.95
V8-H,470,2024-09-04,VALIDATION,NIFTY50,CE,311880.95,150,6,96.89,14533.5,76.98,106.58,2986.5,4.66,1453.35,63.52,1389.83,313270.78
V8-H,471,2024-09-05,VALIDATION,NIFTY50,PE,313270.78,175,7,80.22,14038.5,63.6,88.24,2908.5,4.48,-2908.5,49.36,-2957.86,310312.92
V8-H,472,2024-09-05,VALIDATION,NIFTY50,PE,310312.92,200,8,75.09,15018.0,59.58,82.6,3102.0,4.84,1501.8,65.63,1436.17,311749.09
V8-H,473,2024-09-05,VALIDATION,BANKNIFTY,PE,311749.09,30,2,460.86,13825.8,365.44,506.95,2862.6,4.43,-1073.4,53.6,-1127.0,310622.09
V8-H,474,2024-09-06,VALIDATION,BANKNIFTY,PE,310622.09,30,2,383.31,11499.3,300.42,421.64,2486.7,3.7,1149.93,50.23,1099.7,311721.79
V8-H,475,2024-09-06,VALIDATION,NIFTY50,PE,311721.79,50,2,199.42,9971.0,156.78,219.36,2132.0,3.2,997.1,43.57,953.53,312675.32
V8-H,476,2024-09-06,VALIDATION,BANKNIFTY,PE,312675.32,30,2,376.68,11300.4,297.17,414.35,2385.3,3.61,1130.04,49.4,1080.64,313755.96
V8-H,477,2024-09-09,VALIDATION,NIFTY50,CE,313755.96,100,4,146.05,14605.0,115.53,160.66,3052.0,4.65,1460.5,63.85,1396.65,315152.61
V8-H,478,2024-09-09,VALIDATION,BANKNIFTY,CE,315152.61,45,3,252.06,11342.7,198.57,277.27,2407.05,3.6,1134.27,49.57,1084.7,316237.31
V8-H,479,2024-09-09,VALIDATION,BANKNIFTY,CE,316237.31,45,3,302.96,13633.2,238.55,333.26,2898.45,4.31,1363.32,59.57,1303.75,317541.06
V8-H,480,2024-09-10,VALIDATION,NIFTY50,PE,317541.06,100,4,141.55,14155.0,112.06,155.71,2949.0,4.46,-1757.0,53.06,-1810.06,315731.0
V8-H,481,2024-09-10,VALIDATION,BANKNIFTY,CE,315731.0,60,4,227.08,13624.8,179.64,249.79,2846.4,4.32,1362.48,59.56,1302.92,317033.92
V8-H,482,2024-09-10,VALIDATION,BANKNIFTY,CE,317033.92,60,4,220.98,13258.8,174.91,243.08,2764.2,4.18,-1419.6,50.32,-1469.92,315564.0
V8-H,483,2024-09-11,VALIDATION,BANKNIFTY,CE,315564.0,120,8,113.75,13650.0,89.58,125.13,2900.4,4.33,1365.0,59.65,1305.35,316869.35
V8-H,484,2024-09-11,VALIDATION,NIFTY50,CE,316869.35,150,6,96.39,14458.5,76.33,106.03,3009.0,4.56,1445.85,63.19,1382.66,318252.01
V8-H,485,2024-09-11,VALIDATION,BANKNIFTY,CE,318252.01,120,8,113.87,13664.4,89.64,125.26,2907.6,4.29,1366.44,59.73,1306.71,319558.72
V8-H,486,2024-09-12,VALIDATION,BANKNIFTY,PE,319558.72,30,2,409.27,12278.1,322.2,450.2,2612.1,3.84,1227.81,53.67,1174.14,320732.86
V8-H,487,2024-09-12,VALIDATION,NIFTY50,PE,320732.86,250,10,58.16,14540.0,45.86,63.98,3075.0,4.53,1454.0,63.55,1390.45,322123.31
V8-H,488,2024-09-12,VALIDATION,NIFTY50,PE,322123.31,225,9,64.34,14476.5,50.78,70.77,3051.0,4.49,1447.65,63.27,1384.38,323507.69
V8-H,489,2024-09-13,VALIDATION,BANKNIFTY,CE,323507.69,30,2,381.7,11451.0,301.57,419.87,2403.9,3.54,1145.1,50.02,1095.08,324602.77
V8-H,490,2024-09-13,VALIDATION,BANKNIFTY,CE,324602.77,30,2,432.04,12961.2,341.82,475.24,2706.6,3.99,-722.1,51.04,-773.14,323829.63
V8-H,491,2024-09-16,VALIDATION,BANKNIFTY,CE,323829.63,45,3,285.69,12856.05,225.72,314.26,2698.65,3.97,1285.61,56.19,1229.42,325059.05
V8-H,492,2024-09-16,VALIDATION,NIFTY50,CE,325059.05,75,3,162.23,12167.25,128.54,178.45,2526.75,3.74,-981.0,47.08,-1028.08,324030.97
V8-H,493,2024-09-16,VALIDATION,BANKNIFTY,CE,324030.97,60,4,258.87,15532.2,205.49,284.76,3202.8,4.79,4.2,63.57,-59.37,323971.6
V8-H,494,2024-09-17,VALIDATION,NIFTY50,CE,323971.6,100,4,140.22,14022.0,111.52,154.24,2870.0,4.33,1402.2,61.27,1340.93,325312.53
V8-H,495,2024-09-17,VALIDATION,NIFTY50,CE,325312.53,125,5,126.18,15772.5,100.4,138.8,3222.5,4.85,-37.5,64.43,-101.93,325210.6
V8-H,496,2024-09-17,VALIDATION,BANKNIFTY,CE,325210.6,75,5,200.91,15068.25,159.63,221.0,3096.0,4.63,-139.5,61.28,-200.78,325009.82
V8-H,497,2024-09-18,VALIDATION,NIFTY50,CE,325009.82,150,6,97.77,14665.5,77.6,107.55,3025.5,4.51,1466.55,64.1,1402.45,326412.27
V8-H,498,2024-09-18,VALIDATION,NIFTY50,CE,326412.27,125,5,108.27,13533.75,85.94,119.1,2791.25,4.15,1353.38,59.15,1294.23,327706.5
V8-H,499,2024-09-18,VALIDATION,BANKNIFTY,CE,327706.5,120,8,117.23,14067.6,92.57,128.95,2959.2,4.29,1406.76,61.47,1345.29,329051.79
V8-H,500,2024-09-19,VALIDATION,NIFTY50,CE,329051.79,250,10,56.69,14172.5,44.56,62.36,3032.5,4.31,-265.0,57.27,-322.27,328729.52
V8-H,501,2024-09-19,VALIDATION,BANKNIFTY,PE,328729.52,30,2,458.49,13754.7,360.31,504.34,2945.4,4.18,1375.47,60.11,1315.36,330044.88
V8-H,502,2024-09-19,VALIDATION,BANKNIFTY,PE,330044.88,30,2,423.66,12709.8,333.96,466.03,2691.0,3.85,-57.6,51.86,-109.46,329935.42
V8-H,503,2024-09-20,VALIDATION,NIFTY50,CE,329935.42,50,2,207.59,10379.5,163.22,228.35,2218.5,3.15,1037.95,45.37,992.58,330928.0
V8-H,504,2024-09-20,VALIDATION,BANKNIFTY,CE,330928.0,30,2,394.19,11825.7,310.89,433.61,2499.0,3.57,1182.57,51.68,1130.89,332058.89
V8-H,505,2024-09-20,VALIDATION,NIFTY50,CE,332058.89,50,2,216.23,10811.5,170.42,237.85,2290.5,3.26,1081.15,47.24,1033.91,333092.8
V8-H,506,2024-09-23,VALIDATION,BANKNIFTY,CE,333092.8,45,3,267.6,12042.0,208.12,294.36,2676.6,3.62,1204.2,52.62,1151.58,334244.38
V8-H,507,2024-09-23,VALIDATION,NIFTY50,CE,334244.38,100,4,152.12,15212.0,119.64,167.33,3248.0,4.55,1521.2,66.47,1454.73,335699.11
V8-H,508,2024-09-23,VALIDATION,BANKNIFTY,CE,335699.11,45,3,297.83,13402.35,232.75,327.61,2928.6,3.99,1340.24,58.56,1281.68,336980.79
V8-H,509,2024-09-24,VALIDATION,NIFTY50,CE,336980.79,100,4,139.64,13964.0,110.85,153.6,2879.0,4.14,1396.4,61.02,1335.38,338316.17
V8-H,510,2024-09-24,VALIDATION,NIFTY50,CE,338316.17,125,5,129.04,16130.0,102.6,141.94,3305.0,4.77,-75.0,65.79,-140.79,338175.38
V8-H,511,2024-09-24,VALIDATION,BANKNIFTY,PE,338175.38,75,5,207.71,15578.25,163.86,228.48,3288.75,4.61,1557.83,68.09,1489.74,339665.12
V8-H,512,2024-09-25,VALIDATION,BANKNIFTY,CE,339665.12,120,8,134.04,16084.8,106.14,147.44,3348.0,4.74,1608.48,70.3,1538.18,341203.3
V8-H,513,2024-09-25,VALIDATION,BANKNIFTY,CE,341203.3,105,7,151.21,15877.05,119.94,166.33,3283.35,4.65,-3283.15,55.86,-3339.01,337864.29
V8-H,514,2024-09-25,VALIDATION,NIFTY50,PE,337864.29,125,5,111.86,13982.5,88.84,123.05,2877.5,4.14,1398.25,61.11,1337.14,339201.43
V8-H,515,2024-09-26,VALIDATION,NIFTY50,CE,339201.43,200,8,80.86,16172.0,64.09,88.95,3354.0,4.77,1617.2,70.68,1546.52,340747.95
V8-H,516,2024-09-26,VALIDATION,NIFTY50,CE,340747.95,200,8,79.57,15914.0,63.09,87.53,3296.0,4.67,-3295.37,55.97,-3351.34,337396.61
V8-H,517,2024-09-26,VALIDATION,BANKNIFTY,CE,337396.61,30,2,433.38,13001.4,343.01,476.72,2711.1,3.85,1300.14,56.82,1243.32,338639.93
V8-H,518,2024-09-27,VALIDATION,NIFTY50,CE,338639.93,50,2,227.74,11387.0,180.56,250.51,2359.0,3.36,1138.7,49.77,1088.93,339728.86
V8-H,519,2024-09-27,VALIDATION,NIFTY50,PE,339728.86,50,2,230.99,11549.5,183.37,254.09,2381.0,3.4,1154.95,50.49,1104.46,340833.32
V8-H,520,2024-09-27,VALIDATION,BANKNIFTY,PE,340833.32,30,2,398.23,11946.9,314.45,438.05,2513.4,3.51,1194.69,52.21,1142.48,341975.8
V8-H,521,2024-09-30,VALIDATION,BANKNIFTY,PE,341975.8,60,4,264.24,15854.4,207.6,290.66,3398.4,4.64,1585.44,69.3,1516.14,343491.94
V8-H,522,2024-09-30,VALIDATION,NIFTY50,PE,343491.94,100,4,152.19,15219.0,120.6,167.41,3159.0,4.43,1521.9,66.52,1455.38,344947.32
V8-H,523,2024-09-30,VALIDATION,BANKNIFTY,PE,344947.32,45,3,301.33,13559.85,238.27,331.46,2837.7,3.93,1355.99,59.27,1296.72,346244.04
V8-H,524,2024-10-01,VALIDATION,NIFTY50,PE,346244.04,125,5,127.9,15987.5,100.98,140.69,3365.0,4.62,-25.0,65.36,-90.36,346153.68
V8-H,525,2024-10-03,VALIDATION,BANKNIFTY,PE,346153.68,30,2,418.86,12565.8,329.56,460.75,2679.0,3.63,1256.58,54.91,1201.67,347355.35
V8-H,526,2024-10-03,VALIDATION,NIFTY50,PE,347355.35,275,11,56.08,15422.0,44.27,61.69,3247.75,4.44,1542.2,67.39,1474.81,348830.16
V8-H,527,2024-10-03,VALIDATION,BANKNIFTY,PE,348830.16,30,2,452.14,13564.2,355.37,497.35,2903.1,3.89,1356.42,59.28,1297.14,350127.3
V8-H,528,2024-10-04,VALIDATION,BANKNIFTY,CE,350127.3,30,2,403.66,12109.8,315.23,444.03,2652.9,3.46,1210.98,52.93,1158.05,351285.35
V8-H,529,2024-10-04,VALIDATION,BANKNIFTY,CE,351285.35,30,2,384.36,11530.8,299.41,422.8,2548.5,3.28,1153.08,50.4,1102.68,352388.03
V8-H,530,2024-10-04,VALIDATION,NIFTY50,CE,352388.03,50,2,220.39,11019.5,172.78,242.43,2380.5,3.13,1101.95,48.15,1053.8,353441.83
V8-H,531,2024-10-07,VALIDATION,BANKNIFTY,PE,353441.83,45,3,294.42,13248.9,229.86,323.86,2905.2,3.75,1324.89,57.9,1266.99,354708.82
V8-H,532,2024-10-07,VALIDATION,NIFTY50,PE,354708.82,100,4,147.22,14722.0,115.6,161.94,3162.0,4.15,1472.2,64.34,1407.86,356116.68
V8-H,533,2024-10-07,VALIDATION,BANKNIFTY,PE,356116.68,60,4,255.79,15347.4,199.75,281.37,3362.4,4.31,1534.74,67.06,1467.68,357584.36
V8-H,534,2024-10-08,VALIDATION,BANKNIFTY,CE,357584.36,75,5,195.62,14671.5,149.45,215.18,3462.75,4.1,1467.15,64.13,1403.02,358987.38
V8-H,535,2024-10-08,VALIDATION,NIFTY50,CE,358987.38,125,5,123.21,15401.25,96.21,135.53,3375.0,4.29,1540.13,67.3,1472.83,360460.21
V8-H,536,2024-10-08,VALIDATION,NIFTY50,CE,360460.21,125,5,123.61,15451.25,96.94,135.97,3333.75,4.29,1545.13,67.51,1477.62,361937.83
V8-H,537,2024-10-09,VALIDATION,NIFTY50,CE,361937.83,150,6,96.79,14518.5,75.98,106.47,3121.5,4.01,1451.85,63.45,1388.4,363326.23
V8-H,538,2024-10-09,VALIDATION,BANKNIFTY,CE,363326.23,135,9,117.72,15892.2,91.42,129.49,3550.5,4.37,1589.22,69.46,1519.76,364845.99
V8-H,539,2024-10-09,VALIDATION,BANKNIFTY,CE,364845.99,120,8,123.25,14790.0,95.73,135.58,3302.4,4.05,1479.0,64.64,1414.36,366260.35
V8-H,540,2024-10-10,VALIDATION,NIFTY50,PE,366260.35,300,12,55.53,16659.0,43.76,61.08,3531.0,4.55,1665.9,72.8,1593.1,367853.45
V8-H,541,2024-10-10,VALIDATION,BANKNIFTY,CE,367853.45,30,2,456.35,13690.5,359.13,501.99,2916.6,3.72,1369.05,59.85,1309.2,369162.65
V8-H,542,2024-10-10,VALIDATION,BANKNIFTY,CE,369162.65,30,2,417.14,12514.2,328.82,458.85,2649.6,3.39,1251.42,54.71,1196.71,370359.36
V8-H,543,2024-10-11,VALIDATION,NIFTY50,CE,370359.36,75,3,200.01,15000.75,158.24,220.01,3132.75,4.05,-12.0,61.34,-73.34,370286.02
V8-H,544,2024-10-11,VALIDATION,BANKNIFTY,PE,370286.02,30,2,389.99,11699.7,307.31,428.99,2480.4,3.16,-411.3,46.72,-458.02,369828.0
V8-H,545,2024-10-14,VALIDATION,NIFTY50,CE,369828.0,100,4,150.69,15069.0,119.12,165.76,3157.0,4.07,1506.9,65.84,1441.06,371269.06
V8-H,546,2024-10-14,VALIDATION,NIFTY50,CE,371269.06,100,4,147.42,14742.0,116.64,162.16,3078.0,3.97,1474.2,64.43,1409.77,372678.83
V8-H,547,2024-10-14,VALIDATION,BANKNIFTY,CE,372678.83,60,4,256.77,15406.2,202.95,282.45,3229.2,4.13,1540.62,67.34,1473.28,374152.11
V8-H,548,2024-10-15,VALIDATION,NIFTY50,PE,374152.11,100,4,147.19,14719.0,116.24,161.91,3095.0,3.93,1471.9,64.32,1407.58,375559.69
V8-H,549,2024-10-15,VALIDATION,BANKNIFTY,PE,375559.69,75,5,198.92,14919.0,156.74,218.81,3163.5,3.97,-207.75,60.49,-268.24,375291.45
V8-H,550,2024-10-15,VALIDATION,NIFTY50,PE,375291.45,125,5,124.42,15552.5,98.57,136.86,3231.25,4.14,1555.25,67.97,1487.28,376778.73
V8-H,551,2024-10-16,VALIDATION,NIFTY50,CE,376778.73,150,6,114.53,17179.5,90.6,125.98,3589.5,4.56,-2929.5,62.15,-2991.65,373787.08
V8-H,552,2024-10-16,VALIDATION,BANKNIFTY,CE,373787.08,105,7,161.93,17002.65,127.54,178.12,3610.95,4.55,-3610.43,59.55,-3669.98,370117.1
V8-H,553,2024-10-17,VALIDATION,NIFTY50,PE,370117.1,300,12,57.98,17394.0,45.78,63.78,3660.0,4.7,1739.4,76.01,1663.39,371780.49
V8-H,554,2024-10-17,VALIDATION,BANKNIFTY,PE,371780.49,30,2,410.83,12324.9,323.41,451.91,2622.6,3.32,1232.49,53.87,1178.62,372959.11
V8-H,555,2024-10-17,VALIDATION,BANKNIFTY,PE,372959.11,30,2,455.14,13654.2,359.07,500.65,2882.1,3.66,1365.42,59.69,1305.73,374264.84
V8-H,556,2024-10-18,VALIDATION,NIFTY50,CE,374264.84,75,3,201.6,15120.0,158.74,221.76,3214.5,4.04,1512.0,66.09,1445.91,375710.75
V8-H,557,2024-10-18,VALIDATION,BANKNIFTY,CE,375710.75,30,2,413.03,12390.9,324.0,454.33,2670.9,3.3,1239.09,54.15,1184.94,376895.69
V8-H,558,2024-10-18,VALIDATION,NIFTY50,CE,376895.69,75,3,199.58,14968.5,157.2,219.54,3178.5,3.97,1496.85,65.42,1431.43,378327.12
V8-H,559,2024-10-21,VALIDATION,NIFTY50,PE,378327.12,100,4,145.73,14573.0,114.11,160.3,3162.0,3.85,1457.3,63.69,1393.61,379720.73
V8-H,560,2024-10-21,VALIDATION,NIFTY50,PE,379720.73,100,4,145.75,14575.0,114.35,160.33,3140.0,3.84,1457.5,63.69,1393.81,381114.54
V8-H,561,2024-10-21,VALIDATION,BANKNIFTY,PE,381114.54,60,4,279.92,16795.2,220.23,307.91,3581.4,4.41,1679.52,73.39,1606.13,382720.67
V8-H,562,2024-10-22,VALIDATION,BANKNIFTY,CE,382720.67,60,4,243.08,14584.8,189.91,267.39,3190.2,3.81,1458.48,63.73,1394.75,384115.42
V8-H,563,2024-10-22,VALIDATION,NIFTY50,CE,384115.42,125,5,141.34,17667.5,110.77,155.47,3821.25,4.6,1766.75,77.21,1689.54,385804.96
V8-H,564,2024-10-22,VALIDATION,NIFTY50,PE,385804.96,100,4,143.53,14353.0,112.66,157.88,3087.0,3.72,1435.3,62.72,1372.58,387177.54
V8-H,565,2024-10-23,VALIDATION,NIFTY50,CE,387177.54,175,7,94.21,16486.75,73.66,103.63,3596.25,4.26,1648.68,72.04,1576.63,388754.17
V8-H,566,2024-10-23,VALIDATION,NIFTY50,CE,388754.17,175,7,94.32,16506.0,73.93,103.75,3568.25,4.25,1650.6,72.14,1578.46,390332.63
V8-H,567,2024-10-23,VALIDATION,NIFTY50,CE,390332.63,150,6,115.5,17325.0,90.73,127.05,3715.5,4.44,1732.5,75.72,1656.78,391989.41
V8-H,568,2024-10-24,VALIDATION,NIFTY50,PE,391989.41,250,10,72.73,18182.5,57.28,80.0,3862.5,4.64,1818.25,79.47,1738.78,393728.19
V8-H,569,2024-10-24,VALIDATION,NIFTY50,PE,393728.19,350,14,54.2,18970.0,43.06,59.62,3899.0,4.82,1897.0,82.91,1814.09,395542.28
V8-H,570,2024-10-24,VALIDATION,BANKNIFTY,CE,395542.28,45,3,414.21,18639.45,327.0,455.63,3924.45,4.71,-69.75,76.07,-145.82,395396.46
V8-H,571,2024-10-25,VALIDATION,NIFTY50,PE,395396.46,75,3,194.59,14594.25,153.26,214.05,3099.75,3.69,1459.43,63.77,1395.66,396792.12
V8-H,572,2024-10-25,VALIDATION,BANKNIFTY,PE,396792.12,45,3,372.03,16741.35,289.41,409.23,3717.9,4.22,1674.14,73.18,1600.96,398393.08
V8-H,573,2024-10-25,VALIDATION,NIFTY50,PE,398393.08,75,3,206.07,15455.25,161.88,226.68,3314.25,3.88,1545.53,67.55,1477.98,399871.06
V8-H,574,2024-10-28,VALIDATION,BANKNIFTY,CE,399871.06,60,4,255.61,15336.6,198.82,281.17,3407.4,3.84,1533.66,67.02,1466.64,401337.7
V8-H,575,2024-10-28,VALIDATION,NIFTY50,CE,401337.7,125,5,143.36,17920.0,112.55,157.7,3851.25,4.47,1792.0,78.33,1713.67,403051.37
V8-H,576,2024-10-28,VALIDATION,BANKNIFTY,CE,403051.37,60,4,255.07,15304.2,198.68,280.58,3383.4,3.8,1530.42,66.88,1463.54,404514.91
V8-H,577,2024-10-29,VALIDATION,NIFTY50,PE,404514.91,125,5,141.24,17655.0,111.08,155.36,3770.0,4.36,-3769.95,61.76,-3831.71,400683.2
V8-H,578,2024-10-29,VALIDATION,BANKNIFTY,CE,400683.2,75,5,232.37,17427.75,181.19,255.61,3838.5,4.35,1742.78,76.17,1666.61,402349.81
V8-H,579,2024-10-29,VALIDATION,BANKNIFTY,CE,402349.81,75,5,238.19,17864.25,186.56,262.01,3872.25,4.44,1786.43,78.09,1708.34,404058.15
V8-H,580,2024-10-30,VALIDATION,BANKNIFTY,PE,404058.15,105,7,154.49,16221.45,120.78,169.94,3539.55,4.01,1622.15,70.9,1551.25,405609.4
V8-H,581,2024-10-30,VALIDATION,BANKNIFTY,PE,405609.4,135,9,125.4,16929.0,98.23,137.94,3667.95,4.17,1692.9,74.01,1618.89,407228.29
V8-H,582,2024-10-30,VALIDATION,NIFTY50,CE,407228.29,200,8,94.0,18800.0,74.27,103.4,3946.0,4.62,1880.0,82.16,1797.84,409026.13
V8-H,583,2024-10-31,VALIDATION,NIFTY50,PE,409026.13,300,12,62.24,18672.0,49.11,68.46,3939.0,4.56,1867.2,81.62,1785.58,410811.71
V8-H,584,2024-10-31,VALIDATION,BANKNIFTY,CE,410811.71,30,2,449.73,13491.9,353.33,494.7,2892.0,3.28,-1356.3,51.43,-1407.73,409403.98
V8-H,585,2024-10-31,VALIDATION,NIFTY50,PE,409403.98,350,14,53.87,18854.5,42.57,59.26,3955.0,4.61,1885.45,82.42,1803.03,411207.01
V8-H,586,2024-11-04,VALIDATION,BANKNIFTY,PE,411207.01,60,4,254.8,15288.0,199.84,280.28,3297.6,3.72,1528.8,66.81,1461.99,412669.0
V8-H,587,2024-11-04,VALIDATION,BANKNIFTY,PE,412669.0,60,4,270.09,16205.4,212.53,297.1,3453.6,3.93,1620.54,70.83,1549.71,414218.71
V8-H,588,2024-11-04,VALIDATION,NIFTY50,PE,414218.71,125,5,140.17,17521.25,110.17,154.19,3750.0,4.23,-463.75,70.42,-534.17,413684.54
V8-H,589,2024-11-05,VALIDATION,BANKNIFTY,CE,413684.54,90,6,196.83,17714.7,153.65,216.51,3886.2,4.28,1771.47,77.42,1694.05,415378.59
V8-H,590,2024-11-05,VALIDATION,BANKNIFTY,PE,415378.59,90,6,196.23,17660.7,152.68,215.85,3919.5,4.25,1766.07,77.18,1688.89,417067.48
V8-H,591,2024-11-05,VALIDATION,NIFTY50,PE,417067.48,150,6,118.46,17769.0,93.11,130.31,3802.5,4.26,-2595.0,65.49,-2660.49,414406.99
V8-I,1,2024-01-01,DEVELOPMENT,NIFTY50,CE,100000.0,25,1,127.68,3192.0,101.4,146.83,657.0,3.19,478.8,14.41,464.39,100464.39
V8-I,2,2024-01-01,DEVELOPMENT,BANKNIFTY,CE,100464.39,15,1,258.55,3878.25,204.92,297.33,804.45,3.86,581.74,17.49,564.25,101028.64
V8-I,3,2024-01-01,DEVELOPMENT,NIFTY50,CE,101028.64,25,1,144.42,3610.5,114.62,166.08,745.0,3.57,-496.25,13.39,-509.64,100519.0
V8-I,4,2024-01-02,DEVELOPMENT,NIFTY50,PE,100519.0,25,1,107.28,2682.0,84.5,123.37,569.5,2.67,402.3,12.1,390.2,100909.2
V8-I,5,2024-01-02,DEVELOPMENT,BANKNIFTY,PE,100909.2,15,1,214.66,3219.9,169.14,246.86,682.8,3.19,482.98,14.52,468.46,101377.66
V8-I,6,2024-01-02,DEVELOPMENT,NIFTY50,PE,101377.66,25,1,107.29,2682.25,84.83,123.38,561.5,2.65,-12.25,10.96,-23.21,101354.45
V8-I,7,2024-01-03,DEVELOPMENT,BANKNIFTY,PE,101354.45,30,2,139.34,4180.2,109.51,160.24,894.9,4.12,627.03,18.85,608.18,101962.63
V8-I,8,2024-01-03,DEVELOPMENT,NIFTY50,PE,101962.63,25,1,97.2,2430.0,76.74,111.78,511.5,2.38,364.5,10.95,353.55,102316.18
V8-I,9,2024-01-03,DEVELOPMENT,NIFTY50,PE,102316.18,50,2,82.9,4145.0,65.62,95.33,864.0,4.05,621.75,18.7,603.05,102919.23
V8-I,10,2024-01-04,DEVELOPMENT,BANKNIFTY,CE,102919.23,15,1,383.92,5758.8,303.33,441.51,1208.85,5.6,863.82,25.96,837.86,103757.09
V8-I,11,2024-01-04,DEVELOPMENT,NIFTY50,CE,103757.09,100,4,48.02,4802.0,38.1,55.22,992.0,4.63,720.3,21.64,698.66,104455.75
V8-I,12,2024-01-04,DEVELOPMENT,NIFTY50,CE,104455.75,100,4,48.05,4805.0,38.16,55.26,989.0,4.6,720.75,21.67,699.08,105154.83
V8-I,13,2024-01-05,DEVELOPMENT,BANKNIFTY,PE,105154.83,15,1,356.6,5349.0,281.57,410.09,1125.45,5.09,802.35,24.12,778.23,105933.06
V8-I,14,2024-01-05,DEVELOPMENT,NIFTY50,PE,105933.06,25,1,187.63,4690.75,148.85,215.77,969.5,4.43,703.61,21.15,682.46,106615.52
V8-I,15,2024-01-05,DEVELOPMENT,BANKNIFTY,PE,106615.52,15,1,354.33,5314.95,280.16,407.48,1112.55,4.99,797.24,23.96,773.28,107388.8
V8-I,16,2024-01-08,DEVELOPMENT,NIFTY50,PE,107388.8,25,1,151.97,3799.25,119.87,174.77,802.5,3.54,569.89,17.12,552.77,107941.57
V8-I,17,2024-01-08,DEVELOPMENT,BANKNIFTY,PE,107941.57,15,1,238.41,3576.15,187.68,274.17,760.95,3.31,536.42,16.12,520.3,108461.87
V8-I,18,2024-01-08,DEVELOPMENT,NIFTY50,PE,108461.87,25,1,141.43,3535.75,111.77,162.64,741.5,3.26,530.36,15.95,514.41,108976.28
V8-I,19,2024-01-09,DEVELOPMENT,BANKNIFTY,CE,108976.28,15,1,204.79,3071.85,161.33,235.51,651.9,2.82,-651.87,10.77,-662.64,108313.64
V8-I,20,2024-01-09,DEVELOPMENT,NIFTY50,CE,108313.64,25,1,107.66,2691.5,85.21,123.81,561.25,2.48,403.72,12.13,391.59,108705.23
V8-I,21,2024-01-09,DEVELOPMENT,NIFTY50,CE,108705.23,25,1,106.98,2674.5,84.36,123.03,565.5,2.46,49.75,11.09,38.66,108743.89
V8-I,22,2024-01-10,DEVELOPMENT,BANKNIFTY,CE,108743.89,30,2,118.86,3565.8,93.72,136.69,754.2,3.28,534.87,16.08,518.79,109262.68
V8-I,23,2024-01-10,DEVELOPMENT,BANKNIFTY,CE,109262.68,45,3,109.45,4925.25,86.31,125.87,1041.3,4.51,738.79,22.21,716.58,109979.26
V8-I,24,2024-01-10,DEVELOPMENT,BANKNIFTY,CE,109979.26,45,3,105.13,4730.85,82.83,120.9,1003.5,4.3,0.9,19.36,-18.46,109960.8
V8-I,25,2024-01-11,DEVELOPMENT,NIFTY50,PE,109960.8,100,4,48.09,4809.0,38.22,55.3,987.0,4.37,721.35,21.68,699.67,110660.47
V8-I,26,2024-01-11,DEVELOPMENT,NIFTY50,PE,110660.47,100,4,48.08,4808.0,38.07,55.29,1001.0,4.34,721.2,21.67,699.53,111360.0
V8-I,27,2024-01-11,DEVELOPMENT,BANKNIFTY,PE,111360.0,15,1,379.56,5693.4,298.77,436.49,1211.85,5.11,0.6,23.29,-22.69,111337.31
V8-I,28,2024-01-12,DEVELOPMENT,NIFTY50,CE,111337.31,25,1,174.73,4368.25,138.43,200.94,907.5,3.92,655.24,19.71,635.53,111972.84
V8-I,29,2024-01-12,DEVELOPMENT,BANKNIFTY,CE,111972.84,15,1,382.23,5733.45,302.1,439.56,1201.95,5.12,860.02,25.84,834.18,112807.02
V8-I,30,2024-01-12,DEVELOPMENT,NIFTY50,CE,112807.02,25,1,175.06,4376.5,138.89,201.32,904.25,3.88,656.47,19.72,636.75,113443.77
V8-I,31,2024-01-15,DEVELOPMENT,BANKNIFTY,CE,113443.77,15,1,247.64,3714.6,194.22,284.79,801.3,3.27,557.19,16.75,540.44,113984.21
V8-I,32,2024-01-15,DEVELOPMENT,BANKNIFTY,CE,113984.21,15,1,273.37,4100.55,216.16,314.38,858.15,3.6,615.08,18.49,596.59,114580.8
V8-I,33,2024-01-15,DEVELOPMENT,NIFTY50,CE,114580.8,25,1,149.64,3741.0,118.67,172.09,774.25,3.26,561.15,16.86,544.29,115125.09
V8-I,34,2024-01-16,DEVELOPMENT,NIFTY50,CE,115125.09,25,1,109.63,2740.75,86.58,126.07,576.25,2.38,411.11,12.37,398.74,115523.83
V8-I,35,2024-01-16,DEVELOPMENT,BANKNIFTY,CE,115523.83,15,1,185.66,2784.9,146.52,213.51,587.1,2.41,-34.05,11.31,-45.36,115478.47
V8-I,36,2024-01-16,DEVELOPMENT,NIFTY50,CE,115478.47,25,1,119.57,2989.25,94.77,137.51,620.0,2.59,-277.75,11.47,-289.22,115189.25
V8-I,37,2024-01-17,DEVELOPMENT,BANKNIFTY,PE,115189.25,45,3,102.85,4628.25,80.75,118.28,994.5,4.02,694.24,20.88,673.36,115862.61
V8-I,38,2024-01-17,DEVELOPMENT,BANKNIFTY,PE,115862.61,30,2,132.97,3989.1,104.39,152.92,857.4,3.44,598.36,18.0,580.36,116442.97
V8-I,39,2024-01-18,DEVELOPMENT,NIFTY50,PE,116442.97,100,4,51.91,5191.0,40.55,59.7,1136.0,4.46,778.65,23.41,755.24,117198.21
V8-I,40,2024-01-18,DEVELOPMENT,NIFTY50,CE,117198.21,100,4,47.69,4769.0,37.39,54.84,1030.0,4.07,715.35,21.52,693.83,117892.04
V8-I,41,2024-01-18,DEVELOPMENT,BANKNIFTY,CE,117892.04,15,1,372.19,5582.85,289.54,428.02,1239.75,4.74,837.43,25.17,812.26,118704.3
V8-I,42,2024-01-19,DEVELOPMENT,NIFTY50,CE,118704.3,25,1,172.97,4324.25,136.62,198.92,908.75,3.64,4.75,17.72,-12.97,118691.33
V8-I,43,2024-01-19,DEVELOPMENT,BANKNIFTY,CE,118691.33,15,1,338.42,5076.3,265.16,389.18,1098.9,4.28,-171.9,20.3,-192.2,118499.13
V8-I,44,2024-01-20,DEVELOPMENT,NIFTY50,PE,118499.13,25,1,166.84,4171.0,132.36,191.87,862.0,3.52,625.65,18.8,606.85,119105.98
V8-I,45,2024-01-20,DEVELOPMENT,BANKNIFTY,PE,119105.98,15,1,306.55,4598.25,239.74,352.53,1002.15,3.86,689.74,20.73,669.01,119774.99
V8-I,46,2024-01-20,DEVELOPMENT,NIFTY50,PE,119774.99,25,1,159.46,3986.5,126.22,183.38,831.0,3.33,597.97,18.0,579.97,120354.96
V8-I,47,2024-01-23,DEVELOPMENT,NIFTY50,PE,120354.96,50,2,107.03,5351.5,84.08,123.08,1147.5,4.45,802.72,24.12,778.6,121133.56
V8-I,48,2024-01-23,DEVELOPMENT,BANKNIFTY,PE,121133.56,30,2,175.83,5274.9,136.99,202.2,1165.2,4.35,791.23,23.78,767.45,121901.01
V8-I,49,2024-01-23,DEVELOPMENT,NIFTY50,PE,121901.01,25,1,119.91,2997.75,94.25,137.9,641.5,2.46,449.66,13.51,436.15,122337.16
V8-I,50,2024-01-24,DEVELOPMENT,NIFTY50,CE,122337.16,50,2,82.22,4111.0,64.32,94.55,895.0,3.36,616.65,18.53,598.12,122935.28
V8-I,51,2024-01-24,DEVELOPMENT,BANKNIFTY,CE,122935.28,30,2,139.71,4191.3,107.83,160.67,956.4,3.41,-956.33,14.49,-970.82,121964.46
V8-I,52,2024-01-25,DEVELOPMENT,BANKNIFTY,PE,121964.46,15,1,403.53,6052.95,313.25,464.06,1354.2,4.96,907.94,27.3,880.64,122845.1
V8-I,53,2024-01-25,DEVELOPMENT,BANKNIFTY,PE,122845.1,15,1,357.12,5356.8,278.22,410.69,1183.5,4.36,803.52,24.16,779.36,123624.46
V8-I,54,2024-01-25,DEVELOPMENT,NIFTY50,PE,123624.46,100,4,48.9,4890.0,38.44,56.23,1046.0,3.96,733.5,22.07,711.43,124335.89
V8-I,55,2024-01-29,DEVELOPMENT,NIFTY50,CE,124335.89,25,1,127.05,3176.25,100.07,146.11,674.5,2.55,476.44,14.32,462.12,124798.01
V8-I,56,2024-01-29,DEVELOPMENT,BANKNIFTY,CE,124798.01,15,1,225.8,3387.0,176.29,259.67,742.65,2.71,508.05,15.27,492.78,125290.79
V8-I,57,2024-01-29,DEVELOPMENT,BANKNIFTY,CE,125290.79,15,1,225.91,3388.65,176.75,259.8,737.4,2.7,508.3,15.28,493.02,125783.81
V8-I,58,2024-01-30,DEVELOPMENT,BANKNIFTY,PE,125783.81,30,2,174.64,5239.2,136.72,200.84,1137.6,4.17,785.88,23.63,762.25,126546.06
V8-I,59,2024-01-30,DEVELOPMENT,NIFTY50,PE,126546.06,50,2,107.78,5389.0,85.07,123.95,1135.5,4.26,808.35,24.3,784.05,127330.11
V8-I,60,2024-01-30,DEVELOPMENT,NIFTY50,PE,127330.11,50,2,118.08,5904.0,93.38,135.79,1235.0,4.64,885.6,26.63,858.97,128189.08
V8-I,61,2024-01-31,DEVELOPMENT,BANKNIFTY,CE,128189.08,30,2,151.92,4557.6,119.1,174.71,984.6,3.56,-984.45,15.93,-1000.38,127188.7
V8-I,62,2024-01-31,DEVELOPMENT,BANKNIFTY,CE,127188.7,45,3,120.31,5413.95,94.19,138.36,1175.4,4.26,812.09,24.41,787.68,127976.38
V8-I,63,2024-01-31,DEVELOPMENT,NIFTY50,CE,127976.38,50,2,100.05,5002.5,79.0,115.06,1052.5,3.91,750.37,22.57,727.8,128704.18
V8-I,64,2024-02-01,DEVELOPMENT,BANKNIFTY,PE,128704.18,15,1,373.41,5601.15,290.89,429.42,1237.8,4.35,840.17,25.25,814.92,129519.1
V8-I,65,2024-02-01,DEVELOPMENT,NIFTY50,CE,129519.1,100,4,50.06,5006.0,39.47,57.57,1059.0,3.87,750.9,22.58,728.32,130247.42
V8-I,66,2024-02-01,DEVELOPMENT,NIFTY50,CE,130247.42,125,5,48.3,6037.5,37.89,55.54,1301.25,4.64,905.62,27.22,878.4,131125.82
V8-I,67,2024-02-02,DEVELOPMENT,NIFTY50,CE,131125.82,25,1,175.54,4388.5,138.25,201.87,932.25,3.35,658.27,19.79,638.48,131764.3
V8-I,68,2024-02-02,DEVELOPMENT,NIFTY50,CE,131764.3,25,1,186.15,4653.75,146.84,214.07,982.75,3.53,-574.75,17.45,-592.2,131172.1
V8-I,69,2024-02-02,DEVELOPMENT,BANKNIFTY,CE,131172.1,15,1,343.04,5145.6,267.54,394.5,1132.5,3.92,-647.25,19.25,-666.5,130505.6
V8-I,70,2024-02-05,DEVELOPMENT,NIFTY50,CE,130505.6,25,1,128.42,3210.5,100.63,147.68,694.75,2.46,481.57,14.48,467.09,130972.69
V8-I,71,2024-02-05,DEVELOPMENT,NIFTY50,CE,130972.69,25,1,128.77,3219.25,101.63,148.09,678.5,2.46,-208.25,12.61,-220.86,130751.83
V8-I,72,2024-02-05,DEVELOPMENT,BANKNIFTY,CE,130751.83,15,1,228.14,3422.1,179.45,262.36,730.35,2.62,-60.45,13.83,-74.28,130677.55
V8-I,73,2024-02-06,DEVELOPMENT,BANKNIFTY,PE,130677.55,30,2,175.43,5262.9,137.76,201.74,1130.1,4.03,789.43,23.74,765.69,131443.24
V8-I,74,2024-02-06,DEVELOPMENT,NIFTY50,CE,131443.24,25,1,129.07,3226.75,102.19,148.43,672.0,2.45,484.01,14.56,469.45,131912.69
V8-I,75,2024-02-07,DEVELOPMENT,NIFTY50,PE,131912.69,50,2,97.26,4863.0,76.7,111.85,1028.0,3.69,-653.5,18.1,-671.6,131241.09
V8-I,76,2024-02-07,DEVELOPMENT,BANKNIFTY,PE,131241.09,60,4,101.5,6090.0,79.91,116.72,1295.4,4.64,913.5,27.47,886.03,132127.12
V8-I,77,2024-02-07,DEVELOPMENT,BANKNIFTY,PE,132127.12,45,3,117.19,5273.55,92.43,134.77,1114.2,3.99,-721.8,19.57,-741.37,131385.75
V8-I,78,2024-02-08,DEVELOPMENT,BANKNIFTY,CE,131385.75,15,1,391.48,5872.2,306.5,450.2,1274.7,4.47,-1274.77,20.48,-1295.25,130090.5
V8-I,79,2024-02-08,DEVELOPMENT,NIFTY50,PE,130090.5,125,5,48.76,6095.0,38.37,56.07,1298.75,4.69,914.25,27.47,886.78,130977.28
V8-I,80,2024-02-08,DEVELOPMENT,BANKNIFTY,PE,130977.28,15,1,363.56,5453.4,283.03,418.09,1207.95,4.16,818.01,24.58,793.43,131770.71
V8-I,81,2024-02-09,DEVELOPMENT,BANKNIFTY,CE,131770.71,15,1,333.1,4996.5,259.83,383.06,1099.05,3.79,749.47,22.53,726.95,132497.66
V8-I,82,2024-02-09,DEVELOPMENT,NIFTY50,PE,132497.66,25,1,173.8,4345.0,136.8,199.87,925.0,3.28,-33.0,17.7,-50.7,132446.96
V8-I,83,2024-02-09,DEVELOPMENT,BANKNIFTY,CE,132446.96,15,1,334.23,5013.45,262.03,384.36,1083.0,3.79,752.02,22.61,729.41,133176.37
V8-I,84,2024-02-12,DEVELOPMENT,BANKNIFTY,PE,133176.37,15,1,224.51,3367.65,175.99,258.19,727.8,2.53,505.15,15.18,489.97,133666.34
V8-I,85,2024-02-12,DEVELOPMENT,NIFTY50,PE,133666.34,25,1,127.53,3188.25,100.47,146.66,676.5,2.39,478.24,14.4,463.84,134130.18
V8-I,86,2024-02-12,DEVELOPMENT,NIFTY50,PE,134130.18,25,1,127.25,3181.25,100.36,146.34,672.25,2.37,477.19,14.35,462.84,134593.02
V8-I,87,2024-02-13,DEVELOPMENT,NIFTY50,CE,134593.02,50,2,122.79,6139.5,96.4,141.21,1319.5,4.56,920.92,27.68,893.24,135486.26
V8-I,88,2024-02-13,DEVELOPMENT,BANKNIFTY,CE,135486.26,30,2,174.58,5237.4,136.65,200.77,1137.9,3.87,785.61,23.62,761.99,136248.25
V8-I,89,2024-02-13,DEVELOPMENT,NIFTY50,CE,136248.25,50,2,107.88,5394.0,84.94,124.06,1147.0,3.96,4.0,22.1,-18.1,136230.15
V8-I,90,2024-02-14,DEVELOPMENT,BANKNIFTY,CE,136230.15,60,4,100.74,6044.4,78.64,115.85,1326.0,4.44,906.66,27.26,879.4,137109.55
V8-I,91,2024-02-14,DEVELOPMENT,BANKNIFTY,CE,137109.55,45,3,139.62,6282.9,109.3,160.56,1364.4,4.58,942.43,28.32,914.11,138023.66
V8-I,92,2024-02-14,DEVELOPMENT,NIFTY50,CE,138023.66,75,3,83.37,6252.75,65.95,95.88,1306.5,4.53,937.91,28.19,909.72,138933.38
V8-I,93,2024-02-15,DEVELOPMENT,BANKNIFTY,PE,138933.38,15,1,366.02,5490.3,283.03,420.92,1244.85,3.95,823.54,24.75,798.8,139732.18
V8-I,94,2024-02-15,DEVELOPMENT,BANKNIFTY,PE,139732.18,15,1,366.77,5501.55,284.34,421.79,1236.45,3.94,-377.85,21.46,-399.31,139332.87
V8-I,95,2024-02-15,DEVELOPMENT,NIFTY50,PE,139332.87,125,5,48.54,6067.5,38.35,55.82,1273.75,4.35,910.12,27.35,882.77,140215.64
V8-I,96,2024-02-16,DEVELOPMENT,NIFTY50,CE,140215.64,25,1,176.4,4410.0,139.52,202.86,922.0,3.15,-3.75,18.04,-21.79,140193.85
V8-I,97,2024-02-16,DEVELOPMENT,BANKNIFTY,CE,140193.85,15,1,380.64,5709.6,298.45,437.74,1232.85,4.07,856.44,25.75,830.69,141024.54
V8-I,98,2024-02-16,DEVELOPMENT,BANKNIFTY,CE,141024.54,15,1,341.16,5117.4,267.39,392.33,1106.55,3.63,-2.4,20.94,-23.34,141001.2
V8-I,99,2024-02-19,DEVELOPMENT,NIFTY50,PE,141001.2,25,1,137.89,3447.25,108.98,158.57,722.75,2.44,-200.5,13.56,-214.06,140787.14
V8-I,100,2024-02-19,DEVELOPMENT,BANKNIFTY,PE,140787.14,15,1,233.49,3502.35,183.09,268.51,756.0,2.49,525.35,15.81,509.54,141296.68
V8-I,101,2024-02-19,DEVELOPMENT,BANKNIFTY,CE,141296.68,15,1,245.7,3685.5,193.66,282.55,780.6,2.61,552.82,16.62,536.2,141832.88
V8-I,102,2024-02-20,DEVELOPMENT,BANKNIFTY,CE,141832.88,30,2,179.85,5395.5,140.82,206.83,1170.9,3.8,809.32,24.33,784.99,142617.87
V8-I,103,2024-02-20,DEVELOPMENT,NIFTY50,CE,142617.87,50,2,109.73,5486.5,86.76,126.19,1148.5,3.85,822.97,24.74,798.23,143416.1
V8-I,104,2024-02-20,DEVELOPMENT,BANKNIFTY,CE,143416.1,30,2,180.1,5403.0,141.63,207.11,1154.1,3.77,810.45,24.36,786.09,144202.19
V8-I,105,2024-02-21,DEVELOPMENT,NIFTY50,PE,144202.19,75,3,85.41,6405.75,67.49,98.22,1344.0,4.44,960.86,28.89,931.97,145134.16
V8-I,106,2024-02-21,DEVELOPMENT,BANKNIFTY,PE,145134.16,60,4,104.4,6264.0,81.77,120.06,1357.8,4.32,939.6,28.25,911.35,146045.51
V8-I,107,2024-02-21,DEVELOPMENT,NIFTY50,PE,146045.51,75,3,85.42,6406.5,67.62,98.23,1335.0,4.39,960.97,28.89,932.08,146977.59
V8-I,108,2024-02-22,DEVELOPMENT,NIFTY50,PE,146977.59,125,5,48.64,6080.0,38.15,55.94,1311.25,4.14,912.0,27.43,884.57,147862.16
V8-I,109,2024-02-22,DEVELOPMENT,NIFTY50,PE,147862.16,75,3,72.69,5451.75,57.07,83.59,1171.5,3.69,817.76,24.57,793.19,148655.35
V8-I,110,2024-02-22,DEVELOPMENT,NIFTY50,PE,148655.35,125,5,48.65,6081.25,38.26,55.95,1298.75,4.09,-945.0,22.25,-967.25,147688.1
V8-I,111,2024-02-23,DEVELOPMENT,BANKNIFTY,CE,147688.1,15,1,351.38,5270.7,275.22,404.09,1142.4,3.57,790.6,23.77,766.84,148454.94
V8-I,112,2024-02-23,DEVELOPMENT,BANKNIFTY,CE,148454.94,15,1,346.04,5190.6,269.84,397.95,1143.0,3.5,778.59,23.41,755.18,149210.12
V8-I,113,2024-02-23,DEVELOPMENT,NIFTY50,PE,149210.12,25,1,177.78,4444.5,140.79,204.45,924.75,2.98,0.75,18.18,-17.43,149192.69
V8-I,114,2024-02-26,DEVELOPMENT,NIFTY50,PE,149192.69,50,2,129.89,6494.5,102.79,149.37,1355.0,4.35,974.17,29.28,944.9,150137.59
V8-I,115,2024-02-26,DEVELOPMENT,BANKNIFTY,PE,150137.59,30,2,231.46,6943.8,182.45,266.18,1470.3,4.62,1041.57,31.3,1010.27,151147.86
V8-I,116,2024-02-26,DEVELOPMENT,BANKNIFTY,PE,151147.86,30,2,231.41,6942.3,182.4,266.12,1470.3,4.59,1041.34,31.3,1010.04,152157.9
V8-I,117,2024-02-27,DEVELOPMENT,NIFTY50,CE,152157.9,50,2,134.35,6717.5,106.22,154.5,1406.5,4.41,1007.62,30.28,977.34,153135.24
V8-I,118,2024-02-27,DEVELOPMENT,BANKNIFTY,PE,153135.24,30,2,218.1,6543.0,171.92,250.81,1385.4,4.27,981.45,29.5,951.95,154087.19
V8-I,119,2024-02-27,DEVELOPMENT,NIFTY50,CE,154087.19,50,2,109.89,5494.5,87.11,126.37,1139.0,3.57,824.17,24.78,799.39,154886.58
V8-I,120,2024-02-28,DEVELOPMENT,BANKNIFTY,CE,154886.58,60,4,102.7,6162.0,80.18,118.1,1351.2,3.98,-327.6,24.3,-351.9,154534.68
V8-I,121,2024-02-28,DEVELOPMENT,NIFTY50,PE,154534.68,75,3,84.65,6348.75,66.68,97.35,1347.75,4.11,952.31,28.61,923.7,155458.38
V8-I,122,2024-02-28,DEVELOPMENT,NIFTY50,PE,155458.38,75,3,84.45,6333.75,66.54,97.12,1343.25,4.07,950.06,28.56,921.5,156379.88
V8-I,123,2024-02-29,DEVELOPMENT,BANKNIFTY,PE,156379.88,15,1,387.48,5812.2,301.41,445.6,1291.05,3.72,-717.15,21.77,-738.92,155640.96
V8-I,124,2024-02-29,DEVELOPMENT,NIFTY50,CE,155640.96,100,4,61.45,6145.0,48.2,70.67,1325.0,3.95,921.75,27.71,894.04,156535.0
V8-I,125,2024-02-29,DEVELOPMENT,NIFTY50,CE,156535.0,125,5,49.6,6200.0,39.04,57.04,1320.0,3.96,930.0,27.97,902.03,157437.03
V8-I,126,2024-03-01,DEVELOPMENT,NIFTY50,CE,157437.03,25,1,177.66,4441.5,140.38,204.31,932.0,2.82,666.22,20.01,646.21,158083.24
V8-I,127,2024-03-01,DEVELOPMENT,NIFTY50,CE,158083.24,25,1,178.37,4459.25,140.98,205.13,934.75,2.82,668.89,20.1,648.79,158732.03
V8-I,128,2024-03-01,DEVELOPMENT,BANKNIFTY,CE,158732.03,15,1,375.34,5630.1,295.74,431.64,1194.0,3.55,844.51,25.38,819.14,159551.17
V8-I,129,2024-03-04,DEVELOPMENT,NIFTY50,PE,159551.17,50,2,133.55,6677.5,105.66,153.58,1394.5,4.19,1001.62,30.12,971.5,160522.67
V8-I,130,2024-03-04,DEVELOPMENT,BANKNIFTY,CE,160522.67,15,1,261.8,3927.0,205.59,301.07,843.15,2.45,589.05,17.7,571.35,161094.02
V8-I,131,2024-03-04,DEVELOPMENT,BANKNIFTY,CE,161094.02,30,2,237.43,7122.9,187.62,273.04,1494.3,4.42,1068.43,32.13,1036.3,162130.32
V8-I,132,2024-03-05,DEVELOPMENT,BANKNIFTY,CE,162130.32,30,2,182.03,5460.9,143.79,209.33,1147.2,3.37,819.13,24.62,794.52,162924.84
V8-I,133,2024-03-05,DEVELOPMENT,BANKNIFTY,CE,162924.84,30,2,182.32,5469.6,144.18,209.67,1144.2,3.36,820.44,24.67,795.77,163720.61
V8-I,134,2024-03-05,DEVELOPMENT,NIFTY50,PE,163720.61,50,2,110.77,5538.5,87.8,127.39,1148.5,3.38,-18.0,22.62,-40.62,163679.99
V8-I,135,2024-03-06,DEVELOPMENT,NIFTY50,PE,163679.99,75,3,85.8,6435.0,67.4,98.67,1380.0,3.93,965.25,29.01,936.24,164616.23
V8-I,136,2024-03-06,DEVELOPMENT,NIFTY50,PE,164616.23,50,2,105.15,5257.5,82.65,120.92,1125.0,3.19,788.62,23.71,764.91,165381.14
V8-I,137,2024-03-06,DEVELOPMENT,BANKNIFTY,CE,165381.14,60,4,106.47,6388.2,82.98,122.44,1409.4,3.86,958.23,28.81,929.42,166310.56
V8-I,138,2024-03-07,DEVELOPMENT,BANKNIFTY,PE,166310.56,15,1,402.13,6031.95,316.69,462.45,1281.6,3.63,904.79,27.2,877.59,167188.15
V8-I,139,2024-03-07,DEVELOPMENT,BANKNIFTY,PE,167188.15,15,1,382.84,5742.6,302.93,440.27,1198.65,3.43,-0.45,23.49,-23.94,167164.21
V8-I,140,2024-03-11,DEVELOPMENT,NIFTY50,PE,167164.21,50,2,132.6,6630.0,104.89,152.49,1385.5,3.97,994.5,29.91,964.59,168128.8
V8-I,141,2024-03-11,DEVELOPMENT,BANKNIFTY,PE,168128.8,15,1,275.1,4126.5,217.12,316.37,869.7,2.45,618.97,18.62,600.36,168729.16
V8-I,142,2024-03-11,DEVELOPMENT,BANKNIFTY,PE,168729.16,30,2,236.44,7093.2,186.88,271.91,1486.8,4.2,1063.98,32.01,1031.97,169761.13
V8-I,143,2024-03-12,DEVELOPMENT,NIFTY50,CE,169761.13,50,2,124.41,6220.5,98.18,143.07,1311.5,3.66,-711.5,23.46,-734.96,169026.17
V8-I,144,2024-03-12,DEVELOPMENT,BANKNIFTY,CE,169026.17,30,2,182.08,5462.4,141.09,209.39,1229.7,3.23,819.36,24.62,794.74,169820.91
V8-I,145,2024-03-12,DEVELOPMENT,BANKNIFTY,CE,169820.91,30,2,197.81,5934.3,155.28,227.48,1275.9,3.49,890.14,26.77,863.37,170684.28
V8-I,146,2024-03-13,DEVELOPMENT,NIFTY50,PE,170684.28,75,3,85.8,6435.0,67.46,98.67,1375.5,3.77,965.25,29.01,936.24,171620.52
V8-I,147,2024-03-13,DEVELOPMENT,NIFTY50,PE,171620.52,75,3,86.42,6481.5,67.99,99.38,1382.25,3.78,972.22,29.22,943.0,172563.52
V8-I,148,2024-03-13,DEVELOPMENT,BANKNIFTY,PE,172563.52,75,5,105.06,7879.5,82.41,120.82,1698.75,4.57,1181.92,35.53,1146.39,173709.91
V8-I,149,2024-03-14,DEVELOPMENT,NIFTY50,CE,173709.91,125,5,55.18,6897.5,43.24,63.46,1492.5,3.97,1034.62,31.09,1003.53,174713.44
V8-I,150,2024-03-14,DEVELOPMENT,BANKNIFTY,CE,174713.44,15,1,376.2,5643.0,293.38,432.63,1242.3,3.23,846.45,25.45,821.0,175534.44
V8-I,151,2024-03-14,DEVELOPMENT,BANKNIFTY,CE,175534.44,15,1,405.74,6086.1,318.08,466.6,1314.9,3.47,912.91,27.44,885.47,176419.91
V8-I,152,2024-03-15,DEVELOPMENT,NIFTY50,PE,176419.91,25,1,185.05,4626.25,145.4,212.81,991.25,2.62,693.94,20.85,673.09,177093.0
V8-I,153,2024-03-15,DEVELOPMENT,NIFTY50,PE,177093.0,25,1,200.62,5015.5,158.0,230.71,1065.5,2.83,752.32,22.61,729.71,177822.71
V8-I,154,2024-03-15,DEVELOPMENT,NIFTY50,PE,177822.71,25,1,184.95,4623.75,145.71,212.69,981.0,2.6,-253.0,18.23,-271.23,177551.48
V8-I,155,2024-03-18,DEVELOPMENT,BANKNIFTY,PE,177551.48,30,2,230.45,6913.5,179.38,265.02,1532.1,3.89,1037.02,31.18,1005.84,178557.32
V8-I,156,2024-03-18,DEVELOPMENT,NIFTY50,PE,178557.32,50,2,129.01,6450.5,101.45,148.36,1378.0,3.61,-75.5,26.17,-101.67,178455.65
V8-I,157,2024-03-18,DEVELOPMENT,BANKNIFTY,PE,178455.65,30,2,229.94,6898.2,179.79,264.43,1504.5,3.87,1034.73,31.11,1003.62,179459.27
V8-I,158,2024-03-19,DEVELOPMENT,NIFTY50,PE,179459.27,75,3,108.51,8138.25,85.39,124.79,1734.0,4.53,1220.74,36.7,1184.04,180643.31
V8-I,159,2024-03-19,DEVELOPMENT,BANKNIFTY,PE,180643.31,30,2,221.37,6641.1,173.35,254.58,1440.6,3.68,996.16,29.95,966.21,181609.52
V8-I,160,2024-03-19,DEVELOPMENT,BANKNIFTY,PE,181609.52,30,2,200.7,6021.0,157.52,230.8,1295.4,3.32,903.15,27.14,876.01,182485.53
V8-I,161,2024-03-20,DEVELOPMENT,BANKNIFTY,CE,182485.53,75,5,107.43,8057.25,84.25,123.54,1738.5,4.42,1208.59,36.33,1172.26,183657.79
V8-I,162,2024-03-20,DEVELOPMENT,NIFTY50,PE,183657.79,75,3,92.9,6967.5,73.06,106.83,1488.0,3.79,1045.12,31.43,1013.69,184671.48
V8-I,163,2024-03-20,DEVELOPMENT,BANKNIFTY,PE,184671.48,60,4,134.56,8073.6,104.98,154.74,1774.8,4.37,-1774.93,28.11,-1803.04,182868.44
V8-I,164,2024-03-21,DEVELOPMENT,NIFTY50,CE,182868.44,175,7,48.93,8562.75,38.73,56.27,1785.0,4.68,-10.5,35.02,-45.52,182822.92
V8-I,165,2024-03-21,DEVELOPMENT,BANKNIFTY,CE,182822.92,15,1,418.31,6274.65,328.92,481.06,1340.85,3.43,-684.9,23.77,-708.67,182114.25
V8-I,166,2024-03-22,DEVELOPMENT,BANKNIFTY,CE,182114.25,15,1,344.52,5167.8,269.59,396.2,1123.95,2.84,775.17,23.31,751.86,182866.11
V8-I,167,2024-03-22,DEVELOPMENT,BANKNIFTY,CE,182866.11,15,1,345.27,5179.05,270.14,397.06,1126.95,2.83,776.86,23.36,753.5,183619.61
V8-I,168,2024-03-22,DEVELOPMENT,NIFTY50,CE,183619.61,25,1,176.38,4409.5,138.69,202.84,942.25,2.4,661.42,19.89,641.53,184261.14
V8-I,169,2024-03-27,DEVELOPMENT,NIFTY50,CE,184261.14,100,4,85.2,8520.0,67.49,97.98,1771.0,4.62,1278.0,38.43,1239.57,185500.71
V8-I,170,2024-03-27,DEVELOPMENT,BANKNIFTY,CE,185500.71,75,5,105.05,7878.75,82.84,120.81,1665.75,4.25,1181.81,35.53,1146.28,186646.99
V8-I,171,2024-03-27,DEVELOPMENT,BANKNIFTY,CE,186646.99,60,4,144.56,8673.6,113.99,166.24,1834.2,4.65,-1834.0,30.41,-1864.41,184782.58
V8-I,172,2024-03-28,DEVELOPMENT,NIFTY50,CE,184782.58,175,7,49.51,8664.25,39.12,56.94,1818.25,4.69,1299.64,39.06,1260.58,186043.16
V8-I,173,2024-03-28,DEVELOPMENT,NIFTY50,CE,186043.16,125,5,61.1,7637.5,48.41,70.27,1586.25,4.11,1145.62,34.44,1111.18,187154.34
V8-I,174,2024-03-28,DEVELOPMENT,BANKNIFTY,CE,187154.34,15,1,385.48,5782.2,304.7,443.3,1211.7,3.09,867.33,26.07,841.26,187995.6
V8-I,175,2024-04-01,DEVELOPMENT,NIFTY50,CE,187995.6,50,2,140.18,7009.0,110.34,161.21,1492.0,3.73,-428.0,27.48,-455.48,187540.12
V8-I,176,2024-04-02,DEVELOPMENT,NIFTY50,CE,187540.12,75,3,111.47,8360.25,88.16,128.19,1748.25,4.46,1254.04,37.71,1216.33,188756.45
V8-I,177,2024-04-02,DEVELOPMENT,BANKNIFTY,CE,188756.45,45,3,183.02,8235.9,144.23,210.47,1745.55,4.36,1235.38,37.14,1198.25,189954.7
V8-I,178,2024-04-02,DEVELOPMENT,BANKNIFTY,CE,189954.7,45,3,195.22,8784.9,154.33,224.5,1840.05,4.62,1317.73,39.6,1278.14,191232.84
V8-I,179,2024-04-03,DEVELOPMENT,BANKNIFTY,CE,191232.84,75,5,105.44,7908.0,83.21,121.26,1667.25,4.14,1186.2,35.66,1150.54,192383.38
V8-I,180,2024-04-03,DEVELOPMENT,NIFTY50,CE,192383.38,100,4,86.2,8620.0,68.22,99.13,1798.0,4.48,1293.0,38.88,1254.12,193637.5
V8-I,181,2024-04-03,DEVELOPMENT,BANKNIFTY,CE,193637.5,60,4,128.16,7689.6,101.3,147.38,1611.6,3.97,1153.44,34.68,1118.76,194756.26
V8-I,182,2024-04-04,DEVELOPMENT,NIFTY50,PE,194756.26,175,7,49.76,8708.0,39.0,57.22,1883.0,4.47,1306.2,39.26,1266.94,196023.2
V8-I,183,2024-04-04,DEVELOPMENT,NIFTY50,PE,196023.2,175,7,49.76,8708.0,38.99,57.22,1884.75,4.44,1306.2,39.26,1266.94,197290.14
V8-I,184,2024-04-04,DEVELOPMENT,NIFTY50,PE,197290.14,175,7,49.65,8688.75,38.86,57.1,1888.25,4.4,-446.25,34.32,-480.57,196809.57
V8-I,185,2024-04-05,DEVELOPMENT,BANKNIFTY,CE,196809.57,15,1,354.6,5319.0,278.8,407.79,1137.0,2.7,797.85,23.99,773.86,197583.43
V8-I,186,2024-04-05,DEVELOPMENT,BANKNIFTY,CE,197583.43,15,1,354.97,5324.55,279.81,408.22,1127.4,2.69,798.68,23.99,774.69,198358.12
V8-I,187,2024-04-05,DEVELOPMENT,NIFTY50,CE,198358.12,50,2,180.13,9006.5,142.66,207.15,1873.5,4.54,1350.97,40.62,1310.35,199668.47
V8-I,188,2024-04-08,DEVELOPMENT,NIFTY50,CE,199668.47,50,2,147.78,7389.0,116.81,169.95,1548.5,3.7,1108.35,33.32,1075.03,200743.5
V8-I,189,2024-04-08,DEVELOPMENT,NIFTY50,CE,200743.5,50,2,135.19,6759.5,107.39,155.47,1390.0,3.37,1013.92,30.48,983.44,201726.94
V8-I,190,2024-04-08,DEVELOPMENT,NIFTY50,CE,201726.94,50,2,153.46,7673.0,121.76,176.48,1585.0,3.8,-2.5,31.39,-33.89,201693.05
V8-I,191,2024-04-09,DEVELOPMENT,BANKNIFTY,CE,201693.05,45,3,187.96,8458.2,148.7,216.15,1766.7,4.19,1268.73,38.14,1230.59,202923.64
V8-I,192,2024-04-09,DEVELOPMENT,BANKNIFTY,CE,202923.64,45,3,195.51,8797.95,154.77,224.84,1833.3,4.34,-413.55,34.86,-448.41,202475.23
V8-I,193,2024-04-09,DEVELOPMENT,NIFTY50,PE,202475.23,75,3,112.48,8436.0,89.16,129.35,1749.0,4.17,1265.4,38.04,1227.36,203702.59
V8-I,194,2024-04-10,DEVELOPMENT,BANKNIFTY,CE,203702.59,60,4,129.25,7755.0,101.59,148.64,1659.6,3.81,1163.25,34.99,1128.26,204830.85
V8-I,195,2024-04-10,DEVELOPMENT,BANKNIFTY,CE,204830.85,75,5,115.11,8633.25,90.75,132.38,1827.0,4.21,1294.99,38.93,1256.06,206086.91
V8-I,196,2024-04-10,DEVELOPMENT,BANKNIFTY,CE,206086.91,90,6,108.54,9768.6,85.7,124.82,2055.6,4.74,1465.29,44.04,1421.25,207508.16
V8-I,197,2024-04-12,DEVELOPMENT,BANKNIFTY,PE,207508.16,15,1,400.31,6004.65,315.48,460.36,1272.45,2.89,900.7,27.06,873.64,208381.8
V8-I,198,2024-04-12,DEVELOPMENT,NIFTY50,PE,208381.8,50,2,193.32,9666.0,153.42,222.32,1995.0,4.64,1449.9,43.58,1406.32,209788.12
V8-I,199,2024-04-12,DEVELOPMENT,BANKNIFTY,PE,209788.12,15,1,358.06,5370.9,282.31,411.77,1136.25,2.56,805.63,24.2,781.43,210569.55
V8-I,200,2024-04-15,DEVELOPMENT,NIFTY50,PE,210569.55,75,3,131.35,9851.25,103.35,151.05,2100.0,4.68,1477.69,44.43,1433.26,212002.81
V8-I,201,2024-04-15,DEVELOPMENT,BANKNIFTY,PE,212002.81,30,2,238.41,7152.3,188.15,274.17,1507.8,3.37,1072.84,32.26,1040.58,213043.39
V8-I,202,2024-04-15,DEVELOPMENT,BANKNIFTY,PE,213043.39,30,2,260.35,7810.5,206.22,299.4,1623.9,3.67,1171.57,35.23,1136.34,214179.73
V8-I,203,2024-04-16,DEVELOPMENT,NIFTY50,PE,214179.73,75,3,119.82,8986.5,94.94,137.79,1866.0,4.2,1347.97,40.52,1307.45,215487.18
V8-I,204,2024-04-18,DEVELOPMENT,BANKNIFTY,PE,215487.18,15,1,390.1,5851.5,307.07,448.62,1245.45,2.72,877.72,26.39,851.34,216338.52
V8-I,205,2024-04-18,DEVELOPMENT,NIFTY50,CE,216338.52,150,6,59.39,8908.5,47.0,68.3,1858.5,4.12,-1858.08,31.31,-1889.39,214449.13
V8-I,206,2024-04-19,DEVELOPMENT,NIFTY50,CE,214449.13,50,2,191.8,9590.0,151.18,220.57,2031.0,4.47,1438.5,43.25,1395.25,215844.38
V8-I,207,2024-04-19,DEVELOPMENT,NIFTY50,CE,215844.38,50,2,182.69,9134.5,143.83,210.09,1943.0,4.23,1370.17,41.19,1328.98,217173.36
V8-I,208,2024-04-19,DEVELOPMENT,BANKNIFTY,CE,217173.36,15,1,354.36,5315.4,277.36,407.51,1155.0,2.45,797.31,23.96,773.35,217946.71
V8-I,209,2024-04-22,DEVELOPMENT,BANKNIFTY,PE,217946.71,30,2,248.34,7450.2,196.45,285.59,1556.7,3.42,-375.9,29.43,-405.33,217541.38
V8-I,210,2024-04-23,DEVELOPMENT,BANKNIFTY,PE,217541.38,45,3,185.27,8337.15,146.49,213.06,1745.1,3.83,1250.57,37.59,1212.98,218754.36
V8-I,211,2024-04-23,DEVELOPMENT,NIFTY50,PE,218754.36,75,3,125.92,9444.0,99.94,144.81,1948.5,4.32,1416.6,42.58,1374.02,220128.38
V8-I,212,2024-04-23,DEVELOPMENT,BANKNIFTY,PE,220128.38,45,3,203.63,9163.35,161.07,234.17,1915.2,4.16,1374.5,41.32,1333.18,221461.56
V8-I,213,2024-04-24,DEVELOPMENT,BANKNIFTY,CE,221461.56,75,5,120.91,9068.25,95.63,139.05,1896.0,4.09,1360.24,40.89,1319.35,222780.91
V8-I,214,2024-04-24,DEVELOPMENT,NIFTY50,CE,222780.91,100,4,96.83,9683.0,76.89,111.35,1994.0,4.35,-1087.0,36.6,-1123.6,221657.31
V8-I,215,2024-04-25,DEVELOPMENT,BANKNIFTY,CE,221657.31,15,1,386.21,5793.15,303.28,444.14,1243.95,2.61,868.97,26.13,842.84,222500.15
V8-I,216,2024-04-25,DEVELOPMENT,NIFTY50,CE,222500.15,150,6,63.81,9571.5,50.29,73.38,2028.0,4.3,-2027.42,33.54,-2060.96,220439.19
V8-I,217,2024-04-25,DEVELOPMENT,BANKNIFTY,CE,220439.19,15,1,386.93,5803.95,305.09,444.97,1227.6,2.63,870.59,26.17,844.42,221283.61
V8-I,218,2024-04-26,DEVELOPMENT,NIFTY50,PE,221283.61,50,2,199.35,9967.5,157.5,229.25,2092.5,4.5,1495.12,44.95,1450.17,222733.78
V8-I,219,2024-04-26,DEVELOPMENT,BANKNIFTY,PE,222733.78,15,1,356.48,5347.2,280.5,409.95,1139.7,2.4,802.08,24.11,777.97,223511.75
V8-I,220,2024-04-26,DEVELOPMENT,BANKNIFTY,PE,223511.75,15,1,356.58,5348.7,281.27,410.07,1129.65,2.39,802.3,24.12,778.18,224289.93
V8-I,221,2024-04-29,DEVELOPMENT,NIFTY50,CE,224289.93,50,2,156.27,7813.5,123.5,179.71,1638.5,3.48,1172.02,35.24,1136.78,225426.71
V8-I,222,2024-04-29,DEVELOPMENT,BANKNIFTY,CE,225426.71,30,2,242.51,7275.3,190.87,278.89,1549.2,3.23,1091.29,32.81,1058.49,226485.2
V8-I,223,2024-04-29,DEVELOPMENT,NIFTY50,CE,226485.2,75,3,136.21,10215.75,107.99,156.64,2116.5,4.51,1532.36,46.07,1486.29,227971.49
V8-I,224,2024-04-30,DEVELOPMENT,NIFTY50,CE,227971.49,75,3,112.87,8465.25,89.3,129.8,1767.75,3.71,1269.79,38.17,1231.62,229203.11
V8-I,225,2024-04-30,DEVELOPMENT,BANKNIFTY,CE,229203.11,45,3,190.53,8573.85,149.22,219.11,1858.95,3.74,1286.08,38.67,1247.41,230450.52
V8-I,226,2024-04-30,DEVELOPMENT,NIFTY50,CE,230450.52,75,3,112.86,8464.5,89.33,129.79,1764.75,3.67,1269.67,38.17,1231.5,231682.02
V8-I,227,2024-05-02,DEVELOPMENT,NIFTY50,CE,231682.02,200,8,50.35,10070.0,39.73,57.9,2124.0,4.35,1510.5,45.42,1465.08,233147.1
V8-I,228,2024-05-02,DEVELOPMENT,BANKNIFTY,PE,233147.1,15,1,393.99,5909.85,309.53,453.09,1266.9,2.53,0.75,24.19,-23.44,233123.66
V8-I,229,2024-05-02,DEVELOPMENT,NIFTY50,CE,233123.66,200,8,50.41,10082.0,39.96,57.97,2090.0,4.32,1512.3,45.47,1466.83,234590.49
V8-I,230,2024-05-03,DEVELOPMENT,NIFTY50,PE,234590.49,50,2,197.13,9856.5,155.03,226.7,2105.0,4.2,1478.47,44.46,1434.01,236024.5
V8-I,231,2024-05-03,DEVELOPMENT,BANKNIFTY,PE,236024.5,30,2,360.2,10806.0,282.62,414.23,2327.4,4.58,1620.9,48.73,1572.17,237596.67
V8-I,232,2024-05-03,DEVELOPMENT,BANKNIFTY,PE,237596.67,15,1,398.59,5978.85,312.4,458.38,1292.85,2.52,-600.75,22.81,-623.56,236973.11
V8-I,233,2024-05-06,DEVELOPMENT,NIFTY50,PE,236973.11,75,3,137.11,10283.25,107.47,157.68,2223.0,4.34,1542.49,46.36,1496.13,238469.24
V8-I,234,2024-05-06,DEVELOPMENT,BANKNIFTY,CE,238469.24,45,3,243.58,10961.1,191.0,280.12,2366.1,4.6,-187.65,44.34,-231.99,238237.25
V8-I,235,2024-05-06,DEVELOPMENT,NIFTY50,PE,238237.25,75,3,132.24,9918.0,104.37,152.08,2090.25,4.16,1487.7,44.72,1442.98,239680.23
V8-I,236,2024-05-07,DEVELOPMENT,BANKNIFTY,PE,239680.23,45,3,227.1,10219.5,178.09,261.16,2205.45,4.26,1532.92,46.1,1486.82,241167.05
V8-I,237,2024-05-07,DEVELOPMENT,BANKNIFTY,PE,241167.05,45,3,215.21,9684.45,169.22,247.49,2069.55,4.02,1452.67,43.67,1409.0,242576.05
V8-I,238,2024-05-07,DEVELOPMENT,NIFTY50,PE,242576.05,100,4,110.52,11052.0,87.15,127.1,2337.0,4.56,-36.0,45.11,-81.11,242494.94
V8-I,239,2024-05-08,DEVELOPMENT,BANKNIFTY,PE,242494.94,60,4,154.5,9270.0,121.19,177.67,1998.6,3.82,-1998.6,32.38,-2030.98,240463.96
V8-I,240,2024-05-08,DEVELOPMENT,BANKNIFTY,PE,240463.96,90,6,121.03,10892.7,94.97,139.18,2345.4,4.53,1633.9,49.12,1584.78,242048.74
V8-I,241,2024-05-08,DEVELOPMENT,NIFTY50,CE,242048.74,125,5,89.53,11191.25,70.68,102.96,2356.25,4.62,1678.69,50.47,1628.22,243676.96
V8-I,242,2024-05-09,DEVELOPMENT,NIFTY50,PE,243676.96,200,8,54.88,10976.0,43.14,63.11,2348.0,4.5,1646.4,49.49,1596.91,245273.87
V8-I,243,2024-05-09,DEVELOPMENT,NIFTY50,PE,245273.87,225,9,49.2,11070.0,38.82,56.58,2335.5,4.51,1660.5,49.92,1610.58,246884.45
V8-I,244,2024-05-09,DEVELOPMENT,BANKNIFTY,PE,246884.45,30,2,382.8,11484.0,300.77,440.22,2460.9,4.65,1722.6,51.79,1670.81,248555.26
V8-I,245,2024-05-10,DEVELOPMENT,BANKNIFTY,CE,248555.26,30,2,371.52,11145.6,290.24,427.25,2438.4,4.48,1671.84,50.26,1621.58,250176.84
V8-I,246,2024-05-10,DEVELOPMENT,NIFTY50,CE,250176.84,50,2,176.32,8816.0,138.73,202.77,1879.5,3.52,1322.4,39.77,1282.63,251459.47
V8-I,247,2024-05-10,DEVELOPMENT,BANKNIFTY,CE,251459.47,30,2,377.34,11320.2,295.36,433.94,2459.4,4.5,1698.03,51.05,1646.98,253106.45
V8-I,248,2024-05-13,DEVELOPMENT,NIFTY50,PE,253106.45,75,3,128.41,9630.75,100.94,147.67,2060.25,3.81,1444.61,43.42,1401.19,254507.64
V8-I,249,2024-05-13,DEVELOPMENT,BANKNIFTY,PE,254507.64,30,2,281.99,8459.7,221.57,324.29,1812.6,3.32,-1812.5,29.57,-1842.07,252665.57
V8-I,250,2024-05-13,DEVELOPMENT,NIFTY50,PE,252665.57,75,3,129.01,9675.75,101.61,148.36,2055.0,3.83,-399.75,38.5,-438.25,252227.32
V8-I,251,2024-05-14,DEVELOPMENT,NIFTY50,CE,252227.32,100,4,110.09,11009.0,87.08,126.6,2301.0,4.36,1651.35,49.63,1601.72,253829.04
V8-I,252,2024-05-14,DEVELOPMENT,NIFTY50,CE,253829.04,100,4,112.54,11254.0,89.16,129.42,2338.0,4.43,-244.0,45.38,-289.38,253539.66
V8-I,253,2024-05-14,DEVELOPMENT,BANKNIFTY,CE,253539.66,60,4,183.94,11036.4,145.17,211.53,2326.2,4.35,9.0,45.19,-36.19,253503.47
V8-I,254,2024-05-15,DEVELOPMENT,NIFTY50,CE,253503.47,125,5,85.34,10667.5,67.29,98.14,2256.25,4.21,1600.12,48.1,1552.02,255055.49
V8-I,255,2024-05-15,DEVELOPMENT,NIFTY50,PE,255055.49,100,4,107.43,10743.0,84.78,123.54,2265.0,4.21,1611.45,48.44,1563.01,256618.5
V8-I,256,2024-05-15,DEVELOPMENT,BANKNIFTY,PE,256618.5,105,7,105.74,11102.7,83.29,121.6,2357.25,4.33,1665.4,50.07,1615.33,258233.83
V8-I,257,2024-05-16,DEVELOPMENT,NIFTY50,PE,258233.83,200,8,58.26,11652.0,45.75,67.0,2502.0,4.51,1747.8,52.57,1695.23,259929.06
V8-I,258,2024-05-16,DEVELOPMENT,NIFTY50,PE,259929.06,200,8,59.41,11882.0,46.66,68.32,2550.0,4.57,1782.3,53.58,1728.72,261657.78
V8-I,259,2024-05-16,DEVELOPMENT,BANKNIFTY,PE,261657.78,30,2,398.63,11958.9,312.39,458.42,2587.2,4.57,1793.83,53.94,1739.89,263397.67
V8-I,260,2024-05-17,DEVELOPMENT,BANKNIFTY,CE,263397.67,30,2,353.44,10603.2,276.16,406.46,2318.4,4.03,1590.48,47.82,1542.66,264940.33
V8-I,261,2024-05-17,DEVELOPMENT,BANKNIFTY,CE,264940.33,30,2,363.37,10901.1,284.98,417.88,2351.7,4.11,1635.16,49.15,1586.01,266526.34
V8-I,262,2024-05-17,DEVELOPMENT,BANKNIFTY,CE,266526.34,30,2,374.42,11232.6,294.78,430.58,2389.2,4.21,1684.89,50.67,1634.22,268160.56
V8-I,263,2024-05-21,DEVELOPMENT,NIFTY50,CE,268160.56,100,4,118.95,11895.0,94.42,136.79,2453.0,4.44,1784.25,53.66,1730.59,269891.15
V8-I,264,2024-05-21,DEVELOPMENT,NIFTY50,CE,269891.15,100,4,111.93,11193.0,88.86,128.72,2307.0,4.15,1678.95,50.48,1628.47,271519.62
V8-I,265,2024-05-21,DEVELOPMENT,NIFTY50,CE,271519.62,75,3,135.05,10128.75,107.24,155.31,2085.75,3.73,-1746.0,36.6,-1782.6,269737.02
V8-I,266,2024-05-22,DEVELOPMENT,NIFTY50,PE,269737.02,125,5,93.11,11638.75,73.5,107.08,2451.25,4.31,1745.81,52.48,1693.33,271430.35
V8-I,267,2024-05-22,DEVELOPMENT,BANKNIFTY,PE,271430.35,105,7,105.96,11125.8,83.28,121.85,2381.4,4.1,1668.87,50.16,1618.71,273049.06
V8-I,268,2024-05-22,DEVELOPMENT,BANKNIFTY,PE,273049.06,105,7,121.33,12739.65,95.62,139.53,2699.55,4.67,1910.95,57.47,1853.48,274902.54
V8-I,269,2024-05-23,DEVELOPMENT,NIFTY50,CE,274902.54,175,7,74.31,13004.25,58.66,85.46,2738.75,4.73,1950.64,58.65,1891.99,276794.53
V8-I,270,2024-05-23,DEVELOPMENT,BANKNIFTY,CE,276794.53,30,2,386.37,11591.1,303.3,444.33,2492.1,4.19,1738.66,52.26,1686.4,278480.93
V8-I,271,2024-05-23,DEVELOPMENT,NIFTY50,CE,278480.93,175,7,75.52,13216.0,59.72,86.85,2765.0,4.75,1982.4,59.61,1922.79,280403.72
V8-I,272,2024-05-24,DEVELOPMENT,NIFTY50,CE,280403.72,50,2,186.93,9346.5,148.19,214.97,1937.0,3.33,-190.0,37.71,-227.71,280176.01
V8-I,273,2024-05-24,DEVELOPMENT,BANKNIFTY,CE,280176.01,30,2,360.03,10800.9,284.93,414.03,2253.0,3.86,1620.13,48.69,1571.44,281747.45
V8-I,274,2024-05-24,DEVELOPMENT,BANKNIFTY,CE,281747.45,30,2,367.84,11035.2,290.97,423.02,2306.1,3.92,-212.4,44.57,-256.97,281490.48
V8-I,275,2024-05-27,DEVELOPMENT,BANKNIFTY,CE,281490.48,45,3,244.28,10992.6,192.12,280.92,2347.2,3.91,1648.89,49.57,1599.32,283089.8
V8-I,276,2024-05-27,DEVELOPMENT,NIFTY50,PE,283089.8,75,3,140.15,10511.25,110.72,161.17,2207.25,3.71,1576.69,47.4,1529.29,284619.09
V8-I,277,2024-05-27,DEVELOPMENT,BANKNIFTY,CE,284619.09,45,3,263.42,11853.9,207.89,302.93,2498.85,4.16,1778.08,53.46,1724.62,286343.71
V8-I,278,2024-05-28,DEVELOPMENT,BANKNIFTY,PE,286343.71,60,4,211.01,12660.6,164.81,242.66,2772.0,4.42,1899.09,57.09,1842.0,288185.71
V8-I,279,2024-05-28,DEVELOPMENT,NIFTY50,PE,288185.71,100,4,127.56,12756.0,100.68,146.69,2688.0,4.43,1913.4,57.51,1855.89,290041.6
V8-I,280,2024-05-28,DEVELOPMENT,NIFTY50,PE,290041.6,100,4,114.51,11451.0,90.76,131.69,2375.0,3.95,1717.65,51.63,1666.02,291707.62
V8-I,281,2024-05-29,DEVELOPMENT,NIFTY50,PE,291707.62,125,5,94.62,11827.5,74.75,108.81,2483.75,4.05,1774.12,53.32,1720.81,293428.43
V8-I,282,2024-05-29,DEVELOPMENT,NIFTY50,PE,293428.43,125,5,111.43,13928.75,88.26,128.14,2896.25,4.75,-2896.49,48.96,-2945.45,290482.98
V8-I,283,2024-05-29,DEVELOPMENT,BANKNIFTY,PE,290482.98,120,8,107.94,12952.8,85.31,124.13,2715.6,4.46,1942.92,58.4,1884.52,292367.5
V8-I,284,2024-05-30,DEVELOPMENT,BANKNIFTY,CE,292367.5,30,2,390.35,11710.5,305.31,448.9,2551.2,4.01,1756.57,52.82,1703.75,294071.25
V8-I,285,2024-05-30,DEVELOPMENT,NIFTY50,PE,294071.25,200,8,69.12,13824.0,54.51,79.49,2922.0,4.7,-2922.62,48.42,-2971.04,291100.21
V8-I,286,2024-05-30,DEVELOPMENT,NIFTY50,PE,291100.21,250,10,52.57,13142.5,41.6,60.46,2742.5,4.51,1971.37,59.27,1912.1,293012.31
V8-I,287,2024-05-31,DEVELOPMENT,NIFTY50,PE,293012.31,75,3,180.18,13513.5,141.71,207.21,2885.25,4.61,2027.02,60.96,1966.06,294978.37
V8-I,288,2024-05-31,DEVELOPMENT,BANKNIFTY,PE,294978.37,30,2,358.79,10763.7,280.14,412.61,2359.5,3.65,1614.55,48.53,1566.02,296544.39
V8-I,289,2024-05-31,DEVELOPMENT,BANKNIFTY,PE,296544.39,30,2,358.76,10762.8,281.36,412.57,2322.0,3.63,-451.2,42.8,-494.0,296050.39
V8-I,290,2024-06-04,DEVELOPMENT,BANKNIFTY,PE,296050.39,45,3,226.19,10178.55,168.86,260.12,2579.85,3.44,1526.78,45.9,1480.88,297531.27
V8-I,291,2024-06-04,DEVELOPMENT,NIFTY50,PE,297531.27,100,4,106.52,10652.0,77.28,122.5,2924.0,3.58,-2924.45,35.46,-2959.91,294571.36
V8-I,292,2024-06-04,DEVELOPMENT,BANKNIFTY,PE,294571.36,45,3,178.49,8032.05,127.11,205.26,2312.1,2.73,-2312.14,26.45,-2338.59,292232.77
V8-I,293,2024-06-05,DEVELOPMENT,BANKNIFTY,PE,292232.77,105,7,103.95,10914.75,76.63,119.54,2868.6,3.73,1637.21,49.22,1587.99,293820.76
V8-I,294,2024-06-05,DEVELOPMENT,BANKNIFTY,PE,293820.76,90,6,125.26,11273.4,93.4,144.05,2867.4,3.84,1691.01,50.84,1640.17,295460.93
V8-I,295,2024-06-05,DEVELOPMENT,BANKNIFTY,CE,295460.93,105,7,105.84,11113.2,79.81,121.72,2733.15,3.76,1666.98,50.12,1616.86,297077.79
V8-I,296,2024-06-06,DEVELOPMENT,NIFTY50,CE,297077.79,250,10,50.8,12700.0,39.61,58.42,2797.5,4.27,1905.0,57.27,1847.73,298925.52
V8-I,297,2024-06-06,DEVELOPMENT,NIFTY50,CE,298925.52,250,10,50.85,12712.5,39.76,58.48,2772.5,4.25,-80.0,51.8,-131.8,298793.72
V8-I,298,2024-06-06,DEVELOPMENT,BANKNIFTY,CE,298793.72,30,2,402.78,12083.4,312.81,463.2,2699.1,4.04,-493.5,48.08,-541.58,298252.14
V8-I,299,2024-06-07,DEVELOPMENT,BANKNIFTY,CE,298252.14,30,2,404.16,12124.8,313.76,464.78,2712.0,4.07,1818.72,54.68,1764.04,300016.18
V8-I,300,2024-06-07,DEVELOPMENT,NIFTY50,CE,300016.18,50,2,184.05,9202.5,143.81,211.66,2012.0,3.07,1380.37,41.49,1338.88,301355.06
V8-I,301,2024-06-07,DEVELOPMENT,BANKNIFTY,CE,301355.06,30,2,411.15,12334.5,321.23,472.82,2697.6,4.09,1850.17,55.63,1794.54,303149.6
V8-I,302,2024-06-10,DEVELOPMENT,BANKNIFTY,PE,303149.6,45,3,247.86,11153.7,192.31,285.04,2499.75,3.68,1673.05,50.29,1622.76,304772.36
V8-I,303,2024-06-10,DEVELOPMENT,NIFTY50,PE,304772.36,100,4,137.2,13720.0,108.68,157.78,2852.0,4.5,2058.0,61.88,1996.12,306768.48
V8-I,304,2024-06-10,DEVELOPMENT,NIFTY50,PE,306768.48,100,4,136.62,13662.0,107.76,157.11,2886.0,4.45,1302.0,59.53,1242.47,308010.95
V8-I,305,2024-06-11,DEVELOPMENT,BANKNIFTY,CE,308010.95,60,4,191.93,11515.8,150.28,220.72,2499.0,3.74,1727.37,51.93,1675.44,309686.39
V8-I,306,2024-06-11,DEVELOPMENT,BANKNIFTY,CE,309686.39,60,4,191.9,11514.0,150.56,220.69,2480.4,3.72,1727.1,51.93,1675.17,311361.56
V8-I,307,2024-06-11,DEVELOPMENT,NIFTY50,PE,311361.56,125,5,115.73,14466.25,91.74,133.09,2998.75,4.65,2169.94,65.22,2104.72,313466.28
V8-I,308,2024-06-12,DEVELOPMENT,NIFTY50,CE,313466.28,125,5,108.13,13516.25,85.51,124.35,2827.5,4.31,2027.44,60.97,1966.47,315432.75
V8-I,309,2024-06-12,DEVELOPMENT,BANKNIFTY,CE,315432.75,105,7,127.16,13351.8,100.04,146.23,2847.6,4.23,2002.77,60.2,1942.57,317375.32
V8-I,310,2024-06-12,DEVELOPMENT,BANKNIFTY,CE,317375.32,120,8,111.16,13339.2,87.53,127.83,2835.6,4.2,-223.2,53.98,-277.18,317098.14
V8-I,311,2024-06-13,DEVELOPMENT,BANKNIFTY,PE,317098.14,30,2,399.63,11988.9,314.23,459.57,2562.0,3.78,1798.33,54.08,1744.25,318842.39
V8-I,312,2024-06-13,DEVELOPMENT,NIFTY50,PE,318842.39,275,11,51.87,14264.25,41.06,59.65,2972.75,4.47,-35.75,58.29,-94.04,318748.35
V8-I,313,2024-06-13,DEVELOPMENT,BANKNIFTY,PE,318748.35,30,2,406.83,12204.9,321.1,467.85,2571.9,3.83,1830.73,55.04,1775.69,320524.04
V8-I,314,2024-06-14,DEVELOPMENT,BANKNIFTY,PE,320524.04,30,2,368.37,11051.1,289.68,423.63,2360.7,3.45,1657.66,49.83,1607.83,322131.87
V8-I,315,2024-06-18,DEVELOPMENT,BANKNIFTY,CE,322131.87,60,4,220.66,13239.6,173.43,253.76,2833.8,4.11,1985.94,59.71,1926.23,324058.1
V8-I,316,2024-06-18,DEVELOPMENT,BANKNIFTY,CE,324058.1,75,5,198.79,14909.25,157.35,228.61,3108.0,4.6,2236.39,67.25,2169.14,326227.24
V8-I,317,2024-06-18,DEVELOPMENT,BANKNIFTY,CE,326227.24,60,4,214.53,12871.8,170.11,246.71,2665.2,3.95,1930.77,58.06,1872.71,328099.95
V8-I,318,2024-06-19,DEVELOPMENT,BANKNIFTY,CE,328099.95,120,8,112.8,13536.0,87.59,129.72,3025.2,4.13,2030.4,61.04,1969.36,330069.31
V8-I,319,2024-06-19,DEVELOPMENT,NIFTY50,PE,330069.31,150,6,90.4,13560.0,71.13,103.96,2890.5,4.11,2034.0,61.16,1972.84,332042.15
V8-I,320,2024-06-19,DEVELOPMENT,BANKNIFTY,CE,332042.15,120,8,113.21,13585.2,87.91,130.19,3036.0,4.09,2037.78,61.25,1976.53,334018.68
V8-I,321,2024-06-20,DEVELOPMENT,BANKNIFTY,PE,334018.68,30,2,411.68,12350.4,319.63,473.43,2761.5,3.7,-488.4,49.18,-537.58,333481.1
V8-I,322,2024-06-20,DEVELOPMENT,NIFTY50,CE,333481.1,250,10,59.21,14802.5,46.76,68.09,3112.5,4.44,2220.37,66.73,2153.64,335634.74
V8-I,323,2024-06-20,DEVELOPMENT,NIFTY50,CE,335634.74,225,9,67.46,15178.5,53.27,77.58,3192.75,4.52,-3193.87,53.24,-3247.11,332387.63
V8-I,324,2024-06-21,DEVELOPMENT,BANKNIFTY,PE,332387.63,30,2,398.02,11940.6,311.79,457.72,2586.9,3.59,1791.09,53.87,1737.22,334124.85
V8-I,325,2024-06-21,DEVELOPMENT,BANKNIFTY,PE,334124.85,30,2,384.72,11541.6,302.02,442.43,2481.0,3.45,1731.24,52.05,1679.19,335804.04
V8-I,326,2024-06-21,DEVELOPMENT,BANKNIFTY,PE,335804.04,30,2,378.6,11358.0,297.62,435.39,2429.4,3.38,1703.7,51.21,1652.49,337456.53
V8-I,327,2024-06-24,DEVELOPMENT,BANKNIFTY,PE,337456.53,45,3,270.89,12190.05,211.48,311.52,2673.45,3.61,-1300.95,46.27,-1347.22,336109.31
V8-I,328,2024-06-24,DEVELOPMENT,NIFTY50,CE,336109.31,100,4,147.26,14726.0,116.08,169.35,3118.0,4.38,2208.9,66.4,2142.5,338251.81
V8-I,329,2024-06-24,DEVELOPMENT,NIFTY50,CE,338251.81,100,4,160.6,16060.0,126.99,184.69,3361.0,4.75,2409.0,72.4,2336.6,340588.41
V8-I,330,2024-06-25,DEVELOPMENT,NIFTY50,CE,340588.41,125,5,117.14,14642.5,92.66,134.71,3060.0,4.3,2196.37,66.03,2130.34,342718.75
V8-I,331,2024-06-25,DEVELOPMENT,BANKNIFTY,CE,342718.75,75,5,200.33,15024.75,158.1,230.38,3167.25,4.38,2253.71,67.75,2185.96,344904.71
V8-I,332,2024-06-25,DEVELOPMENT,NIFTY50,CE,344904.71,100,4,139.07,13907.0,110.12,159.93,2895.0,4.03,2086.05,62.72,2023.33,346928.04
V8-I,333,2024-06-26,DEVELOPMENT,BANKNIFTY,PE,346928.04,135,9,116.61,15742.35,91.19,134.1,3431.7,4.54,2361.35,70.98,2290.37,349218.41
V8-I,334,2024-06-26,DEVELOPMENT,BANKNIFTY,PE,349218.41,120,8,133.69,16042.8,104.7,153.74,3478.8,4.59,-2280.0,59.3,-2339.3,346879.11
V8-I,335,2024-06-26,DEVELOPMENT,NIFTY50,CE,346879.11,175,7,91.73,16052.75,72.63,105.49,3342.5,4.63,2407.91,72.39,2335.52,349214.63
V8-I,336,2024-06-27,DEVELOPMENT,BANKNIFTY,CE,349214.63,30,2,424.88,12746.4,332.49,488.61,2771.7,3.65,-361.8,51.17,-412.97,348801.66
V8-I,337,2024-06-27,DEVELOPMENT,NIFTY50,CE,348801.66,225,9,65.88,14823.0,51.77,75.76,3174.75,4.25,2223.45,66.83,2156.62,350958.28
V8-I,338,2024-06-27,DEVELOPMENT,NIFTY50,CE,350958.28,300,12,53.08,15924.0,41.73,61.04,3405.0,4.54,2388.6,71.81,2316.79,353275.07
V8-I,339,2024-06-28,DEVELOPMENT,BANKNIFTY,CE,353275.07,30,2,389.76,11692.8,306.14,448.22,2508.6,3.31,-1636.5,43.28,-1679.78,351595.29
V8-I,340,2024-06-28,DEVELOPMENT,NIFTY50,CE,351595.29,75,3,193.34,14500.5,152.95,222.34,3029.25,4.12,-495.75,57.97,-553.72,351041.57
V8-I,341,2024-07-01,VALIDATION,BANKNIFTY,CE,351041.57,45,3,276.0,12420.0,216.04,317.4,2698.2,3.54,1863.0,56.0,1807.0,352848.57
V8-I,342,2024-07-01,VALIDATION,NIFTY50,CE,352848.57,100,4,141.42,14142.0,111.85,162.63,2957.0,4.01,2121.3,63.76,2057.54,354906.11
V8-I,343,2024-07-01,VALIDATION,NIFTY50,CE,354906.11,100,4,160.94,16094.0,127.73,185.08,3321.0,4.53,2414.1,72.56,2341.54,357247.65
V8-I,344,2024-07-02,VALIDATION,NIFTY50,PE,357247.65,125,5,119.69,14961.25,94.39,137.64,3162.5,4.19,2244.19,67.46,2176.73,359424.38
V8-I,345,2024-07-02,VALIDATION,BANKNIFTY,PE,359424.38,60,4,226.13,13567.8,177.08,260.05,2943.0,3.77,2035.17,61.2,1973.97,361398.35
V8-I,346,2024-07-02,VALIDATION,BANKNIFTY,PE,361398.35,75,5,200.45,15033.75,157.72,230.52,3204.75,4.16,-12.75,61.5,-74.25,361324.1
V8-I,347,2024-07-03,VALIDATION,NIFTY50,CE,361324.1,175,7,93.35,16336.25,73.71,107.35,3437.0,4.52,17.5,66.89,-49.39,361274.71
V8-I,348,2024-07-03,VALIDATION,BANKNIFTY,CE,361274.71,90,6,166.88,15019.2,130.89,191.91,3239.1,4.16,2252.88,67.74,2185.14,363459.85
V8-I,349,2024-07-03,VALIDATION,BANKNIFTY,CE,363459.85,135,9,117.88,15913.8,92.62,135.56,3410.1,4.38,2387.07,71.77,2315.3,365775.15
V8-I,350,2024-07-04,VALIDATION,NIFTY50,CE,365775.15,300,12,54.03,16209.0,42.73,62.13,3390.0,4.43,-51.0,66.19,-117.19,365657.96
V8-I,351,2024-07-04,VALIDATION,BANKNIFTY,PE,365657.96,30,2,431.14,12934.2,339.82,495.81,2739.6,3.54,-334.2,52.01,-386.21,365271.75
V8-I,352,2024-07-05,VALIDATION,NIFTY50,PE,365271.75,75,3,193.82,14536.5,153.15,222.89,3050.25,3.98,-292.5,58.69,-351.19,364920.56
V8-I,353,2024-07-05,VALIDATION,BANKNIFTY,PE,364920.56,30,2,388.16,11644.8,304.81,446.38,2500.5,3.19,1746.72,52.51,1694.21,366614.77
V8-I,354,2024-07-05,VALIDATION,BANKNIFTY,PE,366614.77,30,2,427.77,12833.1,338.71,491.94,2671.8,3.5,1924.96,57.88,1867.09,368481.86
V8-I,355,2024-07-08,VALIDATION,BANKNIFTY,CE,368481.86,60,4,260.9,15654.0,204.24,300.03,3399.6,4.25,-82.2,63.83,-146.03,368335.83
V8-I,356,2024-07-08,VALIDATION,NIFTY50,PE,368335.83,100,4,158.14,15814.0,125.16,181.86,3298.0,4.29,2372.1,71.31,2300.79,370636.62
V8-I,357,2024-07-08,VALIDATION,NIFTY50,PE,370636.62,100,4,163.47,16347.0,129.44,187.99,3403.0,4.41,-2077.0,61.12,-2138.12,368498.5
V8-I,358,2024-07-09,VALIDATION,NIFTY50,CE,368498.5,125,5,138.95,17368.75,110.07,159.79,3610.0,4.71,2605.31,78.32,2526.99,371025.49
V8-I,359,2024-07-09,VALIDATION,NIFTY50,CE,371025.49,125,5,121.07,15133.75,96.16,139.23,3113.75,4.08,2270.06,68.24,2201.82,373227.31
V8-I,360,2024-07-09,VALIDATION,BANKNIFTY,CE,373227.31,75,5,202.12,15159.0,160.32,232.44,3135.0,4.06,-19.5,61.98,-81.48,373145.83
V8-I,361,2024-07-10,VALIDATION,BANKNIFTY,PE,373145.83,150,10,115.73,17359.5,91.19,133.09,3681.0,4.65,2603.92,78.28,2525.64,375671.47
V8-I,362,2024-07-10,VALIDATION,NIFTY50,PE,375671.47,175,7,93.11,16294.25,73.39,107.08,3451.0,4.34,-255.5,65.98,-321.48,375349.99
V8-I,363,2024-07-10,VALIDATION,BANKNIFTY,PE,375349.99,150,10,115.73,17359.5,91.37,133.09,3654.0,4.62,2603.92,78.28,2525.64,377875.63
V8-I,364,2024-07-11,VALIDATION,NIFTY50,PE,377875.63,325,13,53.87,17507.75,42.63,61.95,3653.0,4.63,2626.16,78.95,2547.21,380422.84
V8-I,365,2024-07-11,VALIDATION,BANKNIFTY,PE,380422.84,30,2,414.88,12446.4,326.49,477.11,2651.7,3.27,-826.2,48.63,-874.83,379548.01
V8-I,366,2024-07-11,VALIDATION,NIFTY50,PE,379548.01,325,13,53.87,17507.75,42.58,61.95,3669.25,4.61,-149.5,71.23,-220.73,379327.28
V8-I,367,2024-07-12,VALIDATION,BANKNIFTY,CE,379327.28,45,3,389.23,17515.35,305.09,447.61,3786.3,4.62,2627.3,79.0,2548.3,381875.58
V8-I,368,2024-07-12,VALIDATION,NIFTY50,CE,381875.58,75,3,196.08,14706.0,153.95,225.49,3159.75,3.85,2205.9,66.32,2139.58,384015.16
V8-I,369,2024-07-12,VALIDATION,BANKNIFTY,CE,384015.16,30,2,413.94,12418.2,325.1,476.03,2665.2,3.23,1862.73,56.0,1806.73,385821.89
V8-I,370,2024-07-15,VALIDATION,BANKNIFTY,PE,385821.89,60,4,296.81,17808.6,232.98,341.33,3829.8,4.62,2671.29,80.3,2590.99,388412.88
V8-I,371,2024-07-15,VALIDATION,NIFTY50,CE,388412.88,125,5,144.47,18058.75,114.52,166.14,3743.75,4.65,2708.81,81.42,2627.39,391040.27
V8-I,372,2024-07-15,VALIDATION,NIFTY50,CE,391040.27,100,4,159.18,15918.0,126.47,183.06,3271.0,4.07,-1477.0,61.04,-1538.04,389502.23
V8-I,373,2024-07-16,VALIDATION,NIFTY50,CE,389502.23,125,5,126.82,15852.5,100.76,145.84,3257.5,4.07,-600.0,63.2,-663.2,388839.03
V8-I,374,2024-07-16,VALIDATION,BANKNIFTY,PE,388839.03,75,5,212.88,15966.0,168.03,244.81,3363.75,4.11,2394.9,71.98,2322.92,391161.95
V8-I,375,2024-07-16,VALIDATION,BANKNIFTY,PE,391161.95,90,6,201.61,18144.9,159.67,231.85,3774.6,4.64,2721.73,81.83,2639.9,393801.85
V8-I,376,2024-07-18,VALIDATION,NIFTY50,PE,393801.85,275,11,66.7,18342.5,52.67,76.7,3858.25,4.66,2751.37,82.72,2668.66,396470.51
V8-I,377,2024-07-18,VALIDATION,BANKNIFTY,CE,396470.51,30,2,440.07,13202.1,346.31,506.08,2812.8,3.33,1980.31,59.53,1920.78,398391.29
V8-I,378,2024-07-18,VALIDATION,NIFTY50,CE,398391.29,325,13,54.62,17751.5,43.16,62.81,3724.5,4.46,2662.72,80.05,2582.67,400973.96
V8-I,379,2024-07-19,VALIDATION,NIFTY50,PE,400973.96,75,3,197.83,14837.25,156.17,227.5,3124.5,3.7,2225.59,66.91,2158.68,403132.64
V8-I,380,2024-07-19,VALIDATION,NIFTY50,PE,403132.64,75,3,197.42,14806.5,156.45,227.03,3072.75,3.67,2220.97,66.77,2154.21,405286.85
V8-I,381,2024-07-19,VALIDATION,BANKNIFTY,PE,405286.85,45,3,385.32,17339.4,304.08,443.12,3655.8,4.28,2600.91,78.2,2522.71,407809.56
V8-I,382,2024-07-22,VALIDATION,BANKNIFTY,CE,407809.56,60,4,260.18,15610.8,204.74,299.21,3326.4,3.83,-79.8,63.66,-143.46,407666.1
V8-I,383,2024-07-22,VALIDATION,NIFTY50,CE,407666.1,125,5,149.37,18671.25,117.84,171.78,3941.25,4.58,-702.5,74.45,-776.95,406889.15
V8-I,384,2024-07-23,VALIDATION,NIFTY50,PE,406889.15,125,5,135.8,16975.0,107.25,156.17,3568.75,4.17,2546.25,76.56,2469.69,409358.84
V8-I,385,2024-07-23,VALIDATION,BANKNIFTY,PE,409358.84,75,5,224.11,16808.25,175.95,257.73,3612.0,4.11,2521.24,75.79,2445.45,411804.29
V8-I,386,2024-07-23,VALIDATION,NIFTY50,PE,411804.29,150,6,121.42,18213.0,95.81,139.63,3841.5,4.42,2731.95,82.15,2649.8,414454.09
V8-I,387,2024-07-24,VALIDATION,NIFTY50,CE,414454.09,200,8,93.91,18782.0,73.28,108.0,4126.0,4.53,2817.3,84.7,2732.6,417186.69
V8-I,388,2024-07-24,VALIDATION,BANKNIFTY,PE,417186.69,135,9,129.57,17491.95,99.37,149.01,4077.0,4.19,2623.79,78.86,2544.93,419731.62
V8-I,389,2024-07-24,VALIDATION,NIFTY50,PE,419731.62,175,7,104.34,18259.5,81.71,119.99,3960.25,4.35,2738.92,82.35,2656.57,422388.19
V8-I,390,2024-07-25,VALIDATION,BANKNIFTY,PE,422388.19,30,2,426.77,12803.1,332.89,490.79,2816.4,3.03,-714.6,50.41,-765.01,421623.18
V8-I,391,2024-07-25,VALIDATION,NIFTY50,CE,421623.18,375,15,54.12,20295.0,42.88,62.24,4215.0,4.81,3044.25,91.52,2952.73,424575.91
V8-I,392,2024-07-25,VALIDATION,NIFTY50,CE,424575.91,275,11,72.85,20033.75,57.78,83.78,4144.25,4.72,-4145.46,70.45,-4215.91,420360.0
V8-I,393,2024-07-26,VALIDATION,NIFTY50,CE,420360.0,100,4,197.2,19720.0,156.35,226.78,4085.0,4.69,2958.0,88.93,2869.07,423229.07
V8-I,394,2024-07-26,VALIDATION,NIFTY50,CE,423229.07,100,4,198.45,19845.0,156.95,228.22,4150.0,4.69,2976.75,89.49,2887.26,426116.33
V8-I,395,2024-07-26,VALIDATION,BANKNIFTY,CE,426116.33,45,3,401.01,18045.45,315.87,461.16,3831.3,4.23,2706.82,81.38,2625.44,428741.77
V8-I,396,2024-07-29,VALIDATION,BANKNIFTY,CE,428741.77,75,5,257.51,19313.25,200.95,296.14,4242.0,4.5,2896.99,87.09,2809.9,431551.67
V8-I,397,2024-07-29,VALIDATION,NIFTY50,CE,431551.67,125,5,146.16,18270.0,114.87,168.08,3911.25,4.23,-110.0,74.45,-184.45,431367.22
V8-I,398,2024-07-29,VALIDATION,BANKNIFTY,CE,431367.22,60,4,294.4,17664.0,226.87,338.56,4051.8,4.09,-2965.8,64.04,-3029.84,428337.38
V8-I,399,2024-07-30,VALIDATION,NIFTY50,CE,428337.38,125,5,136.68,17085.0,107.69,157.18,3623.75,3.99,2562.75,77.05,2485.7,430823.08
V8-I,400,2024-07-30,VALIDATION,NIFTY50,CE,430823.08,150,6,123.8,18570.0,98.09,142.37,3856.5,4.31,2785.5,83.73,2701.77,433524.85
V8-I,401,2024-07-30,VALIDATION,BANKNIFTY,CE,433524.85,90,6,198.82,17893.8,156.36,228.64,3821.4,4.13,2684.07,80.71,2603.36,436128.21
V8-I,402,2024-07-31,VALIDATION,NIFTY50,CE,436128.21,200,8,95.93,19186.0,75.87,110.32,4012.0,4.4,2877.9,86.51,2791.39,438919.6
V8-I,403,2024-07-31,VALIDATION,BANKNIFTY,CE,438919.6,180,12,114.42,20595.6,90.11,131.58,4375.8,4.69,3089.34,92.88,2996.46,441916.06
V8-I,404,2024-07-31,VALIDATION,NIFTY50,CE,441916.06,200,8,96.92,19384.0,76.92,111.46,4000.0,4.39,2164.0,85.35,2078.65,443994.71
V8-I,405,2024-08-01,VALIDATION,NIFTY50,PE,443994.71,250,10,78.38,19595.0,62.19,90.14,4047.5,4.41,2939.25,88.35,2850.9,446845.61
V8-I,406,2024-08-01,VALIDATION,NIFTY50,PE,446845.61,275,11,75.1,20652.5,59.62,86.36,4257.0,4.62,-4257.99,72.66,-4330.65,442514.96
V8-I,407,2024-08-01,VALIDATION,BANKNIFTY,PE,442514.96,45,3,438.23,19720.35,347.1,503.96,4100.85,4.46,2958.05,88.93,2869.12,445384.08
V8-I,408,2024-08-02,VALIDATION,NIFTY50,PE,445384.08,75,3,221.54,16615.5,174.54,254.77,3525.0,3.73,2492.32,74.93,2417.39,447801.47
V8-I,409,2024-08-02,VALIDATION,BANKNIFTY,CE,447801.47,45,3,379.24,17065.8,298.42,436.13,3636.9,3.81,2559.87,76.97,2482.9,450284.37
V8-I,410,2024-08-02,VALIDATION,BANKNIFTY,CE,450284.37,45,3,394.96,17773.2,311.73,454.2,3745.35,3.95,2665.98,80.16,2585.82,452870.19
V8-I,411,2024-08-05,VALIDATION,BANKNIFTY,PE,452870.19,75,5,250.72,18804.0,195.12,288.33,4170.0,4.15,2820.6,84.78,2735.82,455606.01
V8-I,412,2024-08-05,VALIDATION,NIFTY50,PE,455606.01,125,5,150.54,18817.5,117.09,173.12,4181.25,4.13,2822.62,84.86,2737.76,458343.77
V8-I,413,2024-08-05,VALIDATION,BANKNIFTY,PE,458343.77,75,5,247.36,18552.0,194.16,284.46,3990.0,4.05,-324.75,75.03,-399.78,457943.99
V8-I,414,2024-08-06,VALIDATION,NIFTY50,PE,457943.99,175,7,120.2,21035.0,94.4,138.23,4515.0,4.59,3155.25,94.86,3060.39,461004.38
V8-I,415,2024-08-06,VALIDATION,BANKNIFTY,PE,461004.38,105,7,192.75,20238.75,150.9,221.66,4394.25,4.39,3035.81,91.27,2944.54,463948.92
V8-I,416,2024-08-06,VALIDATION,NIFTY50,PE,463948.92,175,7,119.95,20991.25,94.58,137.94,4439.75,4.52,3148.69,94.67,3054.02,467002.94
V8-I,417,2024-08-07,VALIDATION,BANKNIFTY,PE,467002.94,180,12,111.07,19992.6,86.47,127.73,4428.0,4.28,2998.89,90.15,2908.74,469911.68
V8-I,418,2024-08-07,VALIDATION,NIFTY50,CE,469911.68,225,9,93.26,20983.5,73.22,107.25,4509.0,4.47,3147.52,94.64,3052.88,472964.56
V8-I,419,2024-08-07,VALIDATION,BANKNIFTY,PE,472964.56,165,11,121.34,20021.1,94.83,139.54,4374.15,4.23,3003.16,90.27,2912.89,475877.45
V8-I,420,2024-08-08,VALIDATION,BANKNIFTY,PE,475877.45,45,3,427.93,19256.85,333.52,492.12,4248.45,4.05,2888.53,86.84,2801.69,478679.14
V8-I,421,2024-08-08,VALIDATION,NIFTY50,PE,478679.14,400,16,54.68,21872.0,42.79,62.88,4756.0,4.57,3280.8,98.63,3182.17,481861.31
V8-I,422,2024-08-08,VALIDATION,BANKNIFTY,CE,481861.31,45,3,402.33,18104.85,315.04,462.68,3928.05,3.76,2715.73,81.63,2634.1,484495.41
V8-I,423,2024-08-09,VALIDATION,NIFTY50,CE,484495.41,100,4,207.02,20702.0,162.57,238.07,4445.0,4.27,1164.0,87.95,1076.05,485571.46
V8-I,424,2024-08-09,VALIDATION,BANKNIFTY,CE,485571.46,60,4,371.93,22315.8,292.11,427.72,4789.2,4.6,3347.37,100.64,3246.73,488818.19
V8-I,425,2024-08-12,VALIDATION,NIFTY50,PE,488818.19,150,6,147.64,22146.0,116.47,169.79,4675.5,4.53,-778.5,88.46,-866.96,487951.23
V8-I,426,2024-08-12,VALIDATION,BANKNIFTY,PE,487951.23,75,5,299.58,22468.5,235.02,344.52,4842.0,4.6,3370.27,101.31,3268.96,491220.19
V8-I,427,2024-08-12,VALIDATION,BANKNIFTY,CE,491220.19,90,6,251.53,22637.7,197.71,289.26,4843.8,4.61,3395.66,102.1,3293.55,494513.74
V8-I,428,2024-08-13,VALIDATION,BANKNIFTY,PE,494513.74,105,7,212.08,22268.4,166.68,243.89,4767.0,4.5,3340.26,100.43,3239.83,497753.57
V8-I,429,2024-08-13,VALIDATION,NIFTY50,PE,497753.57,175,7,120.7,21122.5,95.59,138.8,4394.25,4.24,3168.37,95.26,3073.11,500826.68
V8-I,430,2024-08-13,VALIDATION,BANKNIFTY,PE,500826.68,105,7,204.77,21500.85,161.34,235.49,4560.15,4.29,3225.13,96.96,3128.17,503954.85
V8-I,431,2024-08-14,VALIDATION,NIFTY50,PE,503954.85,250,10,92.72,23180.0,73.31,106.63,4852.5,4.6,-40.0,94.76,-134.76,503820.09
V8-I,432,2024-08-16,VALIDATION,NIFTY50,PE,503820.09,100,4,194.62,19462.0,153.32,223.81,4130.0,3.86,-1302.0,76.02,-1378.02,502442.07
V8-I,433,2024-08-16,VALIDATION,BANKNIFTY,CE,502442.07,60,4,370.7,22242.0,291.82,426.3,4732.8,4.43,3336.3,100.31,3235.99,505678.06
V8-I,434,2024-08-16,VALIDATION,BANKNIFTY,CE,505678.06,60,4,371.62,22297.2,292.95,427.36,4720.2,4.41,3344.58,100.55,3244.03,508922.09
V8-I,435,2024-08-19,VALIDATION,BANKNIFTY,PE,508922.09,75,5,285.1,21382.5,224.19,327.87,4568.25,4.2,3207.37,96.43,3110.95,512033.04
V8-I,436,2024-08-19,VALIDATION,BANKNIFTY,PE,512033.04,90,6,250.33,22529.7,197.09,287.88,4791.6,4.4,3379.45,101.6,3277.85,515310.89
V8-I,437,2024-08-19,VALIDATION,NIFTY50,PE,515310.89,150,6,158.66,23799.0,125.48,182.46,4977.0,4.62,3569.85,107.31,3462.54,518773.43
V8-I,438,2024-08-20,VALIDATION,NIFTY50,CE,518773.43,175,7,129.68,22694.0,102.72,149.13,4718.0,4.37,3404.1,102.35,3301.75,522075.18
V8-I,439,2024-08-20,VALIDATION,BANKNIFTY,CE,522075.18,120,8,195.33,23439.6,154.02,224.63,4957.2,4.49,3515.94,105.7,3410.24,525485.42
V8-I,440,2024-08-20,VALIDATION,BANKNIFTY,CE,525485.42,90,6,243.23,21890.7,192.41,279.71,4573.8,4.17,3283.6,98.72,3184.88,528670.3
V8-I,441,2024-08-21,VALIDATION,BANKNIFTY,PE,528670.3,195,13,125.88,24546.6,99.07,144.76,5227.95,4.64,3681.99,110.7,3571.29,532241.59
V8-I,442,2024-08-21,VALIDATION,NIFTY50,CE,532241.59,250,10,94.98,23745.0,75.3,109.23,4920.0,4.46,3561.75,107.09,3454.66,535696.25
V8-I,443,2024-08-21,VALIDATION,NIFTY50,CE,535696.25,225,9,111.28,25038.0,88.23,127.97,5186.25,4.67,3755.7,112.91,3642.79,539339.04
V8-I,444,2024-08-22,VALIDATION,BANKNIFTY,CE,539339.04,45,3,426.4,19188.0,335.16,490.36,4105.8,3.56,2878.2,86.54,2791.66,542130.7
V8-I,445,2024-08-22,VALIDATION,BANKNIFTY,CE,542130.7,60,4,420.93,25255.8,332.47,484.07,5307.6,4.66,3788.37,113.89,3674.48,545805.18
V8-I,446,2024-08-22,VALIDATION,BANKNIFTY,CE,545805.18,60,4,432.72,25963.2,342.98,497.63,5384.4,4.76,-1470.6,102.17,-1572.77,544232.41
V8-I,447,2024-08-23,VALIDATION,NIFTY50,PE,544232.41,125,5,198.62,24827.5,157.16,228.41,5182.5,4.56,-7.5,101.56,-109.06,544123.35
V8-I,448,2024-08-26,VALIDATION,NIFTY50,CE,544123.35,150,6,155.97,23395.5,123.43,179.37,4881.0,4.3,3509.32,105.5,3403.83,547527.18
V8-I,449,2024-08-26,VALIDATION,BANKNIFTY,CE,547527.18,75,5,297.46,22309.5,235.07,342.08,4679.25,4.07,-3265.5,82.23,-3347.73,544179.45
V8-I,450,2024-08-26,VALIDATION,NIFTY50,CE,544179.45,150,6,164.33,24649.5,130.59,188.98,5061.0,4.53,-1479.0,96.77,-1575.77,542603.68
V8-I,451,2024-08-27,VALIDATION,NIFTY50,PE,542603.68,200,8,124.17,24834.0,98.42,142.8,5150.0,4.58,2.0,101.65,-99.65,542504.03
V8-I,452,2024-08-27,VALIDATION,BANKNIFTY,PE,542504.03,120,8,196.22,23546.4,154.23,225.65,5038.8,4.34,-360.0,95.37,-455.37,542048.66
V8-I,453,2024-08-28,VALIDATION,NIFTY50,PE,542048.66,250,10,96.19,24047.5,76.17,110.62,5005.0,4.44,-22.5,98.36,-120.86,541927.8
V8-I,454,2024-08-28,VALIDATION,BANKNIFTY,PE,541927.8,225,15,113.51,25539.75,89.62,130.54,5375.25,4.71,3830.96,115.19,3715.77,545643.57
V8-I,455,2024-08-29,VALIDATION,BANKNIFTY,CE,545643.57,60,4,410.26,24615.6,324.25,471.8,5160.6,4.51,3692.34,111.0,3581.34,549224.91
V8-I,456,2024-08-29,VALIDATION,NIFTY50,CE,549224.91,475,19,55.71,26462.25,44.2,64.07,5467.25,4.82,3969.34,119.34,3850.0,553074.91
V8-I,457,2024-08-29,VALIDATION,NIFTY50,CE,553074.91,450,18,57.15,25717.5,45.35,65.72,5310.0,4.65,3857.62,115.98,3741.64,556816.55
V8-I,458,2024-08-30,VALIDATION,BANKNIFTY,CE,556816.55,60,4,395.26,23715.6,313.22,454.55,4922.4,4.26,-1064.4,94.09,-1158.49,555658.06
V8-I,459,2024-09-02,VALIDATION,BANKNIFTY,PE,555658.06,90,6,289.12,26020.8,228.97,332.49,5413.5,4.68,3903.12,117.34,3785.78,559443.84
V8-I,460,2024-09-02,VALIDATION,NIFTY50,PE,559443.84,175,7,152.97,26769.75,121.58,175.92,5493.25,4.79,4015.46,120.73,3894.73,563338.57
V8-I,461,2024-09-02,VALIDATION,BANKNIFTY,PE,563338.57,105,7,254.81,26755.05,201.84,293.03,5561.85,4.75,-67.2,109.29,-176.49,563162.08
V8-I,462,2024-09-03,VALIDATION,NIFTY50,PE,563162.08,200,8,125.41,25082.0,99.59,144.22,5164.0,4.45,0.0,102.64,-102.64,563059.44
V8-I,463,2024-09-03,VALIDATION,BANKNIFTY,PE,563059.44,105,7,246.82,25916.1,194.95,283.84,5446.35,4.6,3887.41,116.88,3770.53,566829.97
V8-I,464,2024-09-03,VALIDATION,BANKNIFTY,PE,566829.97,105,7,238.89,25083.45,189.2,274.72,5217.45,4.43,3762.52,113.1,3649.42,570479.39
V8-I,465,2024-09-04,VALIDATION,BANKNIFTY,PE,570479.39,165,11,156.04,25746.6,123.2,179.45,5418.6,4.51,3861.99,116.11,3745.88,574225.27
V8-I,466,2024-09-04,VALIDATION,NIFTY50,CE,574225.27,275,11,96.66,26581.5,76.89,111.16,5436.75,4.63,3987.22,119.89,3867.33,578092.6
V8-I,467,2024-09-04,VALIDATION,NIFTY50,CE,578092.6,275,11,96.89,26644.75,76.98,111.42,5475.25,4.61,1570.25,113.4,1456.85,579549.45
V8-I,468,2024-09-05,VALIDATION,NIFTY50,PE,579549.45,325,13,80.22,26071.5,63.6,92.25,5401.5,4.5,-5401.49,91.67,-5493.16,574056.29
V8-I,469,2024-09-05,VALIDATION,NIFTY50,PE,574056.29,350,14,75.09,26281.5,59.58,86.35,5428.5,4.58,3942.22,118.52,3823.7,577879.99
V8-I,470,2024-09-05,VALIDATION,BANKNIFTY,PE,577879.99,60,4,460.86,27651.6,365.44,529.99,5725.2,4.79,-2146.8,107.2,-2254.0,575625.99
V8-I,471,2024-09-06,VALIDATION,BANKNIFTY,PE,575625.99,60,4,383.31,22998.6,300.42,440.81,4973.4,4.0,3449.79,103.7,3346.09,578972.08
V8-I,472,2024-09-06,VALIDATION,NIFTY50,PE,578972.08,125,5,199.42,24927.5,156.78,229.33,5330.0,4.31,3739.12,112.42,3626.7,582598.78
V8-I,473,2024-09-06,VALIDATION,BANKNIFTY,PE,582598.78,60,4,376.68,22600.8,297.17,433.18,4770.6,3.88,3390.12,101.94,3288.18,585886.96
V8-I,474,2024-09-09,VALIDATION,NIFTY50,CE,585886.96,175,7,146.05,25558.75,115.53,167.96,5341.0,4.36,3833.81,115.28,3718.53,589605.49
V8-I,475,2024-09-09,VALIDATION,BANKNIFTY,CE,589605.49,105,7,252.06,26466.3,198.57,289.87,5616.45,4.49,3969.94,119.34,3850.6,593456.09
V8-I,476,2024-09-09,VALIDATION,BANKNIFTY,CE,593456.09,90,6,302.96,27266.4,238.55,348.4,5796.9,4.59,4089.96,122.95,3967.01,597423.1
V8-I,477,2024-09-10,VALIDATION,NIFTY50,PE,597423.1,200,8,141.55,28310.0,112.06,162.78,5898.0,4.74,-3514.0,106.07,-3620.07,593803.03
V8-I,478,2024-09-10,VALIDATION,BANKNIFTY,CE,593803.03,120,8,227.08,27249.6,179.64,261.14,5692.8,4.59,-3571.2,101.57,-3672.77,590130.26
V8-I,479,2024-09-11,VALIDATION,BANKNIFTY,CE,590130.26,240,16,113.75,27300.0,89.58,130.81,5800.8,4.63,4095.0,123.12,3971.88,594102.14
V8-I,480,2024-09-11,VALIDATION,NIFTY50,CE,594102.14,275,11,96.39,26507.25,76.33,110.85,5516.5,4.46,-1069.75,105.5,-1175.25,592926.89
V8-I,481,2024-09-11,VALIDATION,BANKNIFTY,CE,592926.89,240,16,113.87,27328.8,89.64,130.95,5815.2,4.61,4099.32,123.25,3976.07,596902.96
V8-I,482,2024-09-12,VALIDATION,BANKNIFTY,PE,596902.96,60,4,409.27,24556.2,322.2,470.66,5224.2,4.11,3683.43,110.74,3572.69,600475.65
V8-I,483,2024-09-12,VALIDATION,NIFTY50,PE,600475.65,475,19,58.16,27626.0,45.86,66.88,5842.5,4.6,4143.9,124.58,4019.32,604494.97
V8-I,484,2024-09-12,VALIDATION,NIFTY50,PE,604494.97,425,17,64.34,27344.5,50.78,73.99,5763.0,4.52,4101.67,123.32,3978.35,608473.32
V8-I,485,2024-09-13,VALIDATION,BANKNIFTY,CE,608473.32,75,5,381.7,28627.5,301.57,438.95,6009.75,4.7,4294.12,129.08,4165.04,612638.36
V8-I,486,2024-09-13,VALIDATION,BANKNIFTY,CE,612638.36,60,4,432.04,25922.4,341.82,496.85,5413.2,4.23,-1444.2,102.07,-1546.27,611092.09
V8-I,487,2024-09-16,VALIDATION,BANKNIFTY,CE,611092.09,90,6,285.69,25712.1,225.72,328.54,5397.3,4.21,3856.81,115.95,3740.87,614832.96
V8-I,488,2024-09-16,VALIDATION,NIFTY50,CE,614832.96,175,7,162.23,28390.25,128.54,186.56,5895.75,4.62,-2289.0,109.82,-2398.82,612434.14
V8-I,489,2024-09-16,VALIDATION,BANKNIFTY,CE,612434.14,105,7,258.87,27181.35,205.49,297.7,5604.9,4.44,7.35,111.27,-103.92,612330.22
V8-I,490,2024-09-17,VALIDATION,NIFTY50,CE,612330.22,200,8,140.22,28044.0,111.52,161.25,5740.0,4.58,4206.6,126.47,4080.13,616410.35
V8-I,491,2024-09-17,VALIDATION,NIFTY50,CE,616410.35,225,9,126.21,28397.25,100.46,145.14,5793.75,4.61,-74.25,116.0,-190.25,616220.1
V8-I,492,2024-09-17,VALIDATION,BANKNIFTY,CE,616220.1,135,9,200.91,27122.85,159.63,231.05,5572.8,4.4,-251.1,110.3,-361.4,615858.7
V8-I,493,2024-09-18,VALIDATION,NIFTY50,CE,615858.7,300,12,97.77,29331.0,77.6,112.44,6051.0,4.76,4399.65,132.27,4267.38,620126.08
V8-I,494,2024-09-18,VALIDATION,NIFTY50,CE,620126.08,275,11,108.27,29774.25,85.94,124.51,6140.75,4.8,4466.14,134.27,4331.87,624457.95
V8-I,495,2024-09-18,VALIDATION,BANKNIFTY,CE,624457.95,240,16,117.23,28135.2,92.57,134.81,5918.4,4.51,4220.28,126.88,4093.4,628551.35
V8-I,496,2024-09-19,VALIDATION,NIFTY50,CE,628551.35,500,20,56.69,28345.0,44.56,65.19,6065.0,4.51,-530.0,114.53,-644.53,627906.82
V8-I,497,2024-09-19,VALIDATION,BANKNIFTY,PE,627906.82,60,4,458.49,27509.4,360.31,527.26,5890.8,4.38,4126.41,124.05,4002.36,631909.18
V8-I,498,2024-09-20,VALIDATION,NIFTY50,CE,631909.18,125,5,207.59,25948.75,163.22,238.73,5546.25,4.11,3892.31,117.01,3775.3,635684.48
V8-I,499,2024-09-20,VALIDATION,BANKNIFTY,CE,635684.48,75,5,394.19,29564.25,310.89,453.32,6247.5,4.65,4434.64,133.32,4301.32,639985.8
V8-I,500,2024-09-20,VALIDATION,NIFTY50,CE,639985.8,125,5,216.23,27028.75,170.42,248.66,5726.25,4.22,4054.31,121.89,3932.42,643918.22
V8-I,501,2024-09-23,VALIDATION,BANKNIFTY,CE,643918.22,105,7,267.6,28098.0,208.12,307.74,6245.4,4.36,4214.7,126.72,4087.98,648006.2
V8-I,502,2024-09-23,VALIDATION,NIFTY50,CE,648006.2,175,7,152.12,26621.0,119.64,174.94,5684.0,4.11,3993.15,120.05,3873.1,651879.3
V8-I,503,2024-09-23,VALIDATION,BANKNIFTY,CE,651879.3,90,6,297.83,26804.7,232.75,342.5,5857.2,4.11,4020.7,120.89,3899.81,655779.11
V8-I,504,2024-09-24,VALIDATION,NIFTY50,CE,655779.11,225,9,139.64,31419.0,110.85,160.59,6477.75,4.79,4712.85,141.7,4571.15,660350.26
V8-I,505,2024-09-24,VALIDATION,NIFTY50,CE,660350.26,225,9,129.04,29034.0,102.6,148.4,5949.0,4.4,-135.0,118.45,-253.45,660096.81
V8-I,506,2024-09-24,VALIDATION,BANKNIFTY,PE,660096.81,150,10,207.71,31156.5,163.86,238.87,6577.5,4.72,4673.47,140.49,4532.98,664629.79
V8-I,507,2024-09-25,VALIDATION,BANKNIFTY,CE,664629.79,225,15,134.04,30159.0,106.14,154.15,6277.5,4.54,4523.85,135.98,4387.87,669017.66
V8-I,508,2024-09-25,VALIDATION,BANKNIFTY,CE,669017.66,210,14,151.21,31754.1,119.94,173.89,6566.7,4.75,-6566.29,111.68,-6677.97,662339.69
V8-I,509,2024-09-25,VALIDATION,NIFTY50,PE,662339.69,275,11,111.86,30761.5,88.84,128.64,6330.5,4.64,-3685.0,115.63,-3800.63,658539.06
V8-I,510,2024-09-26,VALIDATION,NIFTY50,CE,658539.06,375,15,80.86,30322.5,64.09,92.99,6288.75,4.6,4548.37,136.76,4411.61,662950.67
V8-I,511,2024-09-26,VALIDATION,NIFTY50,CE,662950.67,400,16,79.57,31828.0,63.09,91.51,6592.0,4.8,-6590.73,111.92,-6702.65,656248.02
V8-I,512,2024-09-26,VALIDATION,BANKNIFTY,CE,656248.02,60,4,433.38,26002.8,343.01,498.39,5422.2,3.96,3900.42,117.25,3783.17,660031.19
V8-I,513,2024-09-27,VALIDATION,NIFTY50,CE,660031.19,125,5,227.74,28467.5,180.56,261.9,5897.5,4.31,-2307.5,110.06,-2417.56,657613.63
V8-I,514,2024-09-27,VALIDATION,BANKNIFTY,PE,657613.63,75,5,398.23,29867.25,314.45,457.96,6283.5,4.54,4480.09,134.69,4345.4,661959.03
V8-I,515,2024-09-30,VALIDATION,BANKNIFTY,PE,661959.03,105,7,264.24,27745.2,207.6,303.88,5947.2,4.19,4161.78,125.13,4036.65,665995.68
V8-I,516,2024-09-30,VALIDATION,NIFTY50,PE,665995.68,200,8,152.19,30438.0,120.6,175.02,6318.0,4.57,4565.7,137.26,4428.44,670424.12
V8-I,517,2024-09-30,VALIDATION,BANKNIFTY,PE,670424.12,105,7,301.33,31639.65,238.27,346.53,6621.3,4.72,4745.95,142.68,4603.27,675027.39
V8-I,518,2024-10-01,VALIDATION,NIFTY50,PE,675027.39,250,10,127.9,31975.0,100.98,147.09,6730.0,4.74,-50.0,130.71,-180.71,674846.68
V8-I,519,2024-10-03,VALIDATION,BANKNIFTY,PE,674846.68,75,5,418.86,31414.5,329.56,481.69,6697.5,4.66,4712.17,141.66,4570.51,679417.19
V8-I,520,2024-10-03,VALIDATION,NIFTY50,PE,679417.19,575,23,56.08,32246.0,44.27,64.49,6790.75,4.75,4836.9,145.4,4691.5,684108.69
V8-I,521,2024-10-03,VALIDATION,BANKNIFTY,PE,684108.69,60,4,452.14,27128.4,355.37,519.96,5806.2,3.97,1852.8,116.16,1736.64,685845.33
V8-I,522,2024-10-04,VALIDATION,BANKNIFTY,CE,685845.33,75,5,403.66,30274.5,315.23,464.21,6632.25,4.41,4541.17,136.54,4404.63,690249.96
V8-I,523,2024-10-04,VALIDATION,BANKNIFTY,CE,690249.96,75,5,384.36,28827.0,299.41,442.01,6371.25,4.18,4324.05,130.0,4194.05,694444.01
V8-I,524,2024-10-04,VALIDATION,NIFTY50,CE,694444.01,125,5,220.39,27548.75,172.78,253.45,5951.25,3.97,4132.31,124.22,4008.09,698452.1
V8-I,525,2024-10-07,VALIDATION,BANKNIFTY,PE,698452.1,105,7,294.42,30914.1,229.86,338.58,6778.8,4.43,4637.11,139.41,4497.7,702949.8
V8-I,526,2024-10-07,VALIDATION,NIFTY50,PE,702949.8,200,8,147.22,29444.0,115.6,169.3,6324.0,4.19,4416.6,132.77,4283.83,707233.63
V8-I,527,2024-10-07,VALIDATION,NIFTY50,PE,707233.63,200,8,155.42,31084.0,121.37,178.73,6810.0,4.4,4662.6,140.18,4522.42,711756.05
V8-I,528,2024-10-08,VALIDATION,BANKNIFTY,CE,711756.05,150,10,195.62,29343.0,149.45,224.96,6925.5,4.12,4401.45,132.32,4269.13,716025.18
V8-I,529,2024-10-08,VALIDATION,NIFTY50,CE,716025.18,250,10,123.21,30802.5,96.21,141.69,6750.0,4.3,4620.37,138.89,4481.48,720506.66
V8-I,530,2024-10-08,VALIDATION,NIFTY50,CE,720506.66,250,10,123.61,30902.5,96.94,142.15,6667.5,4.29,4635.38,139.36,4496.02,725002.68
V8-I,531,2024-10-09,VALIDATION,NIFTY50,CE,725002.68,325,13,96.79,31456.75,75.98,111.31,6763.25,4.34,4718.51,141.86,4576.65,729579.33
V8-I,532,2024-10-09,VALIDATION,BANKNIFTY,CE,729579.33,270,18,117.72,31784.4,91.42,135.38,7101.0,4.36,-2945.7,121.87,-3067.57,726511.76
V8-I,533,2024-10-09,VALIDATION,NIFTY50,CE,726511.76,350,14,96.53,33785.5,76.28,111.01,7087.5,4.65,5067.82,152.35,4915.47,731427.23
V8-I,534,2024-10-10,VALIDATION,NIFTY50,PE,731427.23,600,24,55.53,33318.0,43.76,63.86,7062.0,4.56,4997.7,150.25,4847.45,736274.68
V8-I,535,2024-10-10,VALIDATION,BANKNIFTY,CE,736274.68,75,5,456.35,34226.25,359.13,524.8,7291.5,4.65,5133.94,154.34,4979.6,741254.28
V8-I,536,2024-10-10,VALIDATION,BANKNIFTY,CE,741254.28,75,5,417.14,31285.5,328.82,479.71,6624.0,4.22,4692.82,141.09,4551.73,745806.01
V8-I,537,2024-10-11,VALIDATION,NIFTY50,CE,745806.01,175,7,200.01,35001.75,158.24,230.01,7309.75,4.69,-28.0,143.17,-171.17,745634.84
V8-I,538,2024-10-11,VALIDATION,BANKNIFTY,PE,745634.84,90,6,389.99,35099.1,307.31,448.49,7441.2,4.71,-1233.9,140.21,-1374.11,744260.73
V8-I,539,2024-10-14,VALIDATION,NIFTY50,CE,744260.73,225,9,150.69,33905.25,119.12,173.29,7103.25,4.56,5085.79,152.91,4932.88,749193.61
V8-I,540,2024-10-14,VALIDATION,BANKNIFTY,CE,749193.61,135,9,256.77,34663.95,202.95,295.29,7265.7,4.63,5199.59,156.31,5043.28,754236.89
V8-I,541,2024-10-14,VALIDATION,NIFTY50,CE,754236.89,225,9,150.28,33813.0,119.2,172.82,6993.0,4.48,-591.75,136.73,-728.48,753508.41
V8-I,542,2024-10-15,VALIDATION,NIFTY50,PE,753508.41,225,9,147.19,33117.75,116.24,169.27,6963.75,4.4,4967.66,149.34,4818.32,758326.73
V8-I,543,2024-10-15,VALIDATION,BANKNIFTY,PE,758326.73,165,11,198.92,32821.8,156.74,228.76,6959.7,4.33,-457.05,133.04,-590.09,757736.64
V8-I,544,2024-10-15,VALIDATION,NIFTY50,PE,757736.64,275,11,124.42,34215.5,98.57,143.08,7108.75,4.52,5132.32,154.29,4978.03,762714.67
V8-I,545,2024-10-16,VALIDATION,NIFTY50,CE,762714.67,300,12,114.53,34359.0,90.6,131.71,7179.0,4.5,-5859.0,124.32,-5983.32,756731.35
V8-I,546,2024-10-16,VALIDATION,BANKNIFTY,CE,756731.35,210,14,161.93,34005.3,127.54,186.22,7221.9,4.49,-7220.85,119.07,-7339.92,749391.43
V8-I,547,2024-10-17,VALIDATION,NIFTY50,PE,749391.43,600,24,57.98,34788.0,45.78,66.68,7320.0,4.64,5218.2,156.87,5061.33,754452.76
V8-I,548,2024-10-17,VALIDATION,BANKNIFTY,PE,754452.76,75,5,410.83,30812.25,323.41,472.45,6556.5,4.08,4621.84,138.94,4482.9,758935.66
V8-I,549,2024-10-17,VALIDATION,BANKNIFTY,PE,758935.66,75,5,455.14,34135.5,359.07,523.41,7205.25,4.5,5120.32,153.94,4966.38,763902.04
V8-I,550,2024-10-18,VALIDATION,NIFTY50,CE,763902.04,175,7,201.6,35280.0,158.74,231.84,7500.5,4.62,5292.0,158.78,5133.22,769035.26
V8-I,551,2024-10-18,VALIDATION,BANKNIFTY,CE,769035.26,75,5,413.03,30977.25,324.0,474.98,6677.25,4.03,4646.59,139.7,4506.89,773542.15
V8-I,552,2024-10-18,VALIDATION,NIFTY50,CE,773542.15,175,7,198.95,34816.25,157.21,228.79,7304.5,4.5,5222.44,156.98,5065.46,778607.61
V8-I,553,2024-10-21,VALIDATION,NIFTY50,PE,778607.61,225,9,145.73,32789.25,114.11,167.59,7114.5,4.21,4918.39,147.86,4770.53,783378.14
V8-I,554,2024-10-21,VALIDATION,BANKNIFTY,PE,783378.14,120,8,279.92,33590.4,220.23,321.91,7162.8,4.29,5038.56,151.47,4887.09,788265.23
V8-I,555,2024-10-21,VALIDATION,NIFTY50,PE,788265.23,225,9,163.59,36807.75,129.16,188.13,7746.75,4.67,-4079.25,139.28,-4218.53,784046.7
V8-I,556,2024-10-22,VALIDATION,BANKNIFTY,CE,784046.7,135,9,243.08,32815.8,189.91,279.54,7177.95,4.19,4922.37,147.99,4774.38,788821.08
V8-I,557,2024-10-22,VALIDATION,NIFTY50,CE,788821.08,250,10,141.34,35335.0,110.77,162.54,7642.5,4.48,5300.25,158.98,5141.27,793962.35
V8-I,558,2024-10-22,VALIDATION,NIFTY50,PE,793962.35,300,12,122.44,36732.0,96.16,140.81,7884.0,4.63,5509.8,164.33,5345.47,799307.82
V8-I,559,2024-10-23,VALIDATION,NIFTY50,CE,799307.82,375,15,94.21,35328.75,73.66,108.34,7706.25,4.42,5299.31,158.95,5140.36,804448.18
V8-I,560,2024-10-23,VALIDATION,NIFTY50,CE,804448.18,375,15,94.32,35370.0,73.93,108.47,7646.25,4.4,5305.5,159.1,5146.4,809594.58
V8-I,561,2024-10-23,VALIDATION,NIFTY50,CE,809594.58,325,13,115.5,37537.5,90.73,132.82,8050.25,4.64,5630.62,167.41,5463.21,815057.79
V8-I,562,2024-10-24,VALIDATION,NIFTY50,PE,815057.79,525,21,72.73,38183.25,57.28,83.64,8111.25,4.68,5727.49,169.89,5557.6,820615.39
V8-I,563,2024-10-24,VALIDATION,NIFTY50,PE,820615.39,725,29,54.2,39295.0,43.06,62.33,8076.5,4.79,5894.25,174.14,5720.11,826335.5
V8-I,564,2024-10-24,VALIDATION,BANKNIFTY,CE,826335.5,90,6,414.21,37278.9,327.0,476.34,7848.9,4.51,-139.5,152.17,-291.67,826043.83
V8-I,565,2024-10-25,VALIDATION,NIFTY50,PE,826043.83,175,7,194.59,34053.25,153.26,223.78,7232.75,4.12,5107.99,153.56,4954.43,830998.26
V8-I,566,2024-10-25,VALIDATION,BANKNIFTY,PE,830998.26,90,6,372.03,33482.7,289.41,427.83,7435.8,4.03,5022.4,150.98,4871.42,835869.68
V8-I,567,2024-10-25,VALIDATION,NIFTY50,PE,835869.68,175,7,206.07,36062.25,161.88,236.98,7733.25,4.31,5409.34,161.76,5247.58,841117.26
V8-I,568,2024-10-28,VALIDATION,BANKNIFTY,CE,841117.26,135,9,255.61,34507.35,198.82,293.95,7666.65,4.1,5176.1,155.63,5020.47,846137.73
V8-I,569,2024-10-28,VALIDATION,NIFTY50,CE,846137.73,250,10,143.36,35840.0,112.55,164.86,7702.5,4.24,5376.0,160.91,5215.09,851352.82
V8-I,570,2024-10-28,VALIDATION,BANKNIFTY,CE,851352.82,150,10,255.07,38260.5,198.68,293.33,8458.5,4.49,5739.07,170.18,5568.89,856921.71
V8-I,571,2024-10-29,VALIDATION,NIFTY50,PE,856921.71,275,11,141.24,38841.0,111.08,162.43,8294.0,4.53,-8293.89,135.88,-8429.77,848491.94
V8-I,572,2024-10-29,VALIDATION,BANKNIFTY,CE,848491.94,165,11,232.37,38341.05,181.19,267.23,8444.7,4.52,5751.16,170.49,5580.67,854072.61
V8-I,573,2024-10-29,VALIDATION,BANKNIFTY,CE,854072.61,165,11,238.19,39301.35,186.56,273.92,8518.95,4.6,5895.2,174.16,5721.04,859793.65
V8-I,574,2024-10-30,VALIDATION,BANKNIFTY,PE,859793.65,255,17,154.49,39394.95,120.78,177.66,8596.05,4.58,5909.24,174.52,5734.72,865528.37
V8-I,575,2024-10-30,VALIDATION,BANKNIFTY,PE,865528.37,315,21,125.4,39501.0,98.23,144.21,8558.55,4.56,5925.15,174.92,5750.23,871278.6
V8-I,576,2024-10-30,VALIDATION,NIFTY50,CE,871278.6,425,17,94.0,39950.0,74.27,108.1,8385.25,4.59,5992.5,176.66,5815.84,877094.44
V8-I,577,2024-10-31,VALIDATION,NIFTY50,PE,877094.44,650,26,62.24,40456.0,49.11,71.58,8534.5,4.61,6068.4,178.32,5890.08,882984.52
V8-I,578,2024-10-31,VALIDATION,BANKNIFTY,CE,882984.52,90,6,449.73,40475.7,353.33,517.19,8676.0,4.58,-4068.9,154.04,-4222.94,878761.58
V8-I,579,2024-10-31,VALIDATION,NIFTY50,PE,878761.58,775,31,53.87,41749.25,42.57,61.95,8757.5,4.75,6262.39,182.51,6079.88,884841.46
V8-I,580,2024-11-04,VALIDATION,BANKNIFTY,PE,884841.46,150,10,254.8,38220.0,199.84,293.02,8244.0,4.32,5733.0,170.03,5562.97,890404.43
V8-I,581,2024-11-04,VALIDATION,NIFTY50,PE,890404.43,275,11,140.17,38546.75,110.17,161.2,8250.0,4.33,-1020.25,154.93,-1175.18,889229.25
V8-I,582,2024-11-04,VALIDATION,BANKNIFTY,PE,889229.25,150,10,257.33,38599.5,203.25,295.93,8112.0,4.34,-688.5,156.07,-844.57,888384.68
V8-I,583,2024-11-05,VALIDATION,BANKNIFTY,CE,888384.68,195,13,196.83,38381.85,153.65,226.35,8420.1,4.32,5757.28,170.64,5586.64,893971.32
V8-I,584,2024-11-05,VALIDATION,BANKNIFTY,PE,893971.32,195,13,196.23,38264.85,152.68,225.66,8492.25,4.28,5739.73,170.19,5569.54,899540.86
V8-I,585,2024-11-05,VALIDATION,NIFTY50,PE,899540.86,350,14,118.46,41461.0,93.11,136.23,8872.5,4.61,-6055.0,151.97,-6206.97,893333.89
V8-J,1,2024-01-01,DEVELOPMENT,NIFTY50,CE,100000.0,25,1,127.68,3192.0,101.4,153.22,657.0,3.19,638.4,14.84,623.56,100623.56
V8-J,2,2024-01-01,DEVELOPMENT,BANKNIFTY,CE,100623.56,15,1,258.55,3878.25,204.92,310.26,804.45,3.85,775.65,18.04,757.61,101381.17
V8-J,3,2024-01-01,DEVELOPMENT,NIFTY50,CE,101381.17,25,1,144.42,3610.5,114.62,173.3,745.0,3.56,-496.25,13.39,-509.64,100871.53
V8-J,4,2024-01-02,DEVELOPMENT,NIFTY50,PE,100871.53,25,1,107.28,2682.0,84.5,128.74,569.5,2.66,536.4,12.47,523.93,101395.46
V8-J,5,2024-01-02,DEVELOPMENT,BANKNIFTY,PE,101395.46,15,1,214.66,3219.9,169.14,257.59,682.8,3.18,643.98,14.98,629.0,102024.46
V8-J,6,2024-01-02,DEVELOPMENT,NIFTY50,PE,102024.46,25,1,107.29,2682.25,84.83,128.75,561.5,2.63,-12.25,10.96,-23.21,102001.25
V8-J,7,2024-01-03,DEVELOPMENT,BANKNIFTY,PE,102001.25,30,2,139.34,4180.2,109.51,167.21,894.9,4.1,836.04,19.44,816.6,102817.85
V8-J,8,2024-01-03,DEVELOPMENT,NIFTY50,PE,102817.85,50,2,97.2,4860.0,76.74,116.64,1023.0,4.73,972.0,22.61,949.39,103767.24
V8-J,9,2024-01-03,DEVELOPMENT,NIFTY50,PE,103767.24,50,2,82.9,4145.0,65.62,99.48,864.0,3.99,829.0,19.26,809.74,104576.98
V8-J,10,2024-01-04,DEVELOPMENT,BANKNIFTY,CE,104576.98,15,1,383.92,5758.8,303.33,460.7,1208.85,5.51,1151.76,26.76,1125.0,105701.98
V8-J,11,2024-01-04,DEVELOPMENT,NIFTY50,CE,105701.98,100,4,48.02,4802.0,38.1,57.62,992.0,4.54,960.4,22.31,938.09,106640.07
V8-J,12,2024-01-04,DEVELOPMENT,BANKNIFTY,CE,106640.07,15,1,395.95,5939.25,313.11,475.14,1242.6,5.57,1187.85,27.6,1160.25,107800.32
V8-J,13,2024-01-05,DEVELOPMENT,BANKNIFTY,PE,107800.32,15,1,356.6,5349.0,281.57,427.92,1125.45,4.96,1069.8,24.86,1044.94,108845.26
V8-J,14,2024-01-05,DEVELOPMENT,NIFTY50,PE,108845.26,25,1,187.63,4690.75,148.85,225.16,969.5,4.31,938.15,21.8,916.35,109761.61
V8-J,15,2024-01-05,DEVELOPMENT,BANKNIFTY,PE,109761.61,15,1,356.21,5343.15,282.12,427.45,1111.35,4.87,1068.63,24.85,1043.78,110805.39
V8-J,16,2024-01-08,DEVELOPMENT,NIFTY50,PE,110805.39,25,1,151.97,3799.25,119.87,182.36,802.5,3.43,759.85,17.67,742.18,111547.57
V8-J,17,2024-01-08,DEVELOPMENT,BANKNIFTY,PE,111547.57,15,1,238.41,3576.15,187.68,286.09,760.95,3.21,715.23,16.63,698.6,112246.17
V8-J,18,2024-01-08,DEVELOPMENT,NIFTY50,PE,112246.17,25,1,141.43,3535.75,111.77,169.72,741.5,3.15,707.15,16.44,690.71,112936.88
V8-J,19,2024-01-09,DEVELOPMENT,BANKNIFTY,CE,112936.88,15,1,204.79,3071.85,161.33,245.75,651.9,2.72,-651.87,10.77,-662.64,112274.24
V8-J,20,2024-01-09,DEVELOPMENT,NIFTY50,CE,112274.24,50,2,107.66,5383.0,85.21,129.19,1122.5,4.79,1076.6,25.01,1051.59,113325.83
V8-J,21,2024-01-09,DEVELOPMENT,NIFTY50,CE,113325.83,50,2,106.98,5349.0,84.36,128.38,1131.0,4.72,99.5,22.17,77.33,113403.16
V8-J,22,2024-01-10,DEVELOPMENT,BANKNIFTY,CE,113403.16,45,3,118.86,5348.7,93.72,142.63,1131.3,4.72,1069.74,24.86,1044.88,114448.04
V8-J,23,2024-01-10,DEVELOPMENT,BANKNIFTY,CE,114448.04,45,3,109.45,4925.25,86.31,131.34,1041.3,4.3,985.05,22.9,962.15,115410.19
V8-J,24,2024-01-10,DEVELOPMENT,BANKNIFTY,CE,115410.19,45,3,105.13,4730.85,82.83,126.16,1003.5,4.1,0.9,19.36,-18.46,115391.73
V8-J,25,2024-01-11,DEVELOPMENT,NIFTY50,PE,115391.73,100,4,48.09,4809.0,38.22,57.71,987.0,4.17,961.8,22.36,939.44,116331.17
V8-J,26,2024-01-11,DEVELOPMENT,NIFTY50,PE,116331.17,100,4,48.08,4808.0,38.07,57.7,1001.0,4.13,961.6,22.35,939.25,117270.42
V8-J,27,2024-01-11,DEVELOPMENT,BANKNIFTY,PE,117270.42,15,1,379.56,5693.4,298.77,455.47,1211.85,4.85,0.6,23.29,-22.69,117247.73
V8-J,28,2024-01-12,DEVELOPMENT,NIFTY50,CE,117247.73,25,1,174.73,4368.25,138.43,209.68,907.5,3.73,873.65,20.31,853.34,118101.07
V8-J,29,2024-01-12,DEVELOPMENT,BANKNIFTY,CE,118101.07,15,1,382.23,5733.45,302.1,458.68,1201.95,4.85,1146.69,26.65,1120.04,119221.11
V8-J,30,2024-01-12,DEVELOPMENT,NIFTY50,CE,119221.11,25,1,175.06,4376.5,138.89,210.07,904.25,3.67,277.25,18.69,258.56,119479.67
V8-J,31,2024-01-15,DEVELOPMENT,BANKNIFTY,CE,119479.67,15,1,247.64,3714.6,194.22,297.17,801.3,3.11,742.92,17.28,725.64,120205.31
V8-J,32,2024-01-15,DEVELOPMENT,BANKNIFTY,CE,120205.31,15,1,273.37,4100.55,216.16,328.04,858.15,3.41,820.11,19.06,801.05,121006.36
V8-J,33,2024-01-15,DEVELOPMENT,NIFTY50,CE,121006.36,25,1,149.64,3741.0,118.67,179.57,774.25,3.09,748.2,17.39,730.81,121737.17
V8-J,34,2024-01-16,DEVELOPMENT,NIFTY50,CE,121737.17,50,2,109.63,5481.5,86.58,131.56,1152.5,4.5,1096.3,25.48,1070.82,122807.99
V8-J,35,2024-01-16,DEVELOPMENT,BANKNIFTY,CE,122807.99,30,2,185.66,5569.8,146.52,222.79,1174.2,4.54,-68.1,22.62,-90.72,122717.27
V8-J,36,2024-01-16,DEVELOPMENT,NIFTY50,CE,122717.27,25,1,119.57,2989.25,94.77,143.48,620.0,2.44,-277.75,11.47,-289.22,122428.05
V8-J,37,2024-01-17,DEVELOPMENT,BANKNIFTY,PE,122428.05,45,3,102.85,4628.25,80.75,123.42,994.5,3.78,925.65,21.51,904.14,123332.19
V8-J,38,2024-01-17,DEVELOPMENT,BANKNIFTY,PE,123332.19,30,2,132.97,3989.1,104.39,159.56,857.4,3.23,797.82,18.55,779.27,124111.46
V8-J,39,2024-01-18,DEVELOPMENT,NIFTY50,PE,124111.46,100,4,51.91,5191.0,40.55,62.29,1136.0,4.18,1038.2,24.13,1014.07,125125.53
V8-J,40,2024-01-18,DEVELOPMENT,NIFTY50,CE,125125.53,100,4,47.69,4769.0,37.39,57.23,1030.0,3.81,953.8,22.17,931.63,126057.16
V8-J,41,2024-01-18,DEVELOPMENT,BANKNIFTY,CE,126057.16,15,1,372.19,5582.85,289.54,446.63,1239.75,4.43,1116.57,25.95,1090.62,127147.78
V8-J,42,2024-01-19,DEVELOPMENT,NIFTY50,CE,127147.78,25,1,172.97,4324.25,136.62,207.56,908.75,3.4,4.75,17.72,-12.97,127134.81
V8-J,43,2024-01-19,DEVELOPMENT,BANKNIFTY,CE,127134.81,15,1,338.42,5076.3,265.16,406.1,1098.9,3.99,-171.9,20.3,-192.2,126942.61
V8-J,44,2024-01-20,DEVELOPMENT,NIFTY50,PE,126942.61,25,1,166.84,4171.0,132.36,200.21,862.0,3.29,834.2,19.4,814.8,127757.41
V8-J,45,2024-01-20,DEVELOPMENT,BANKNIFTY,PE,127757.41,15,1,306.55,4598.25,239.74,367.86,1002.15,3.6,-11.4,18.78,-30.18,127727.23
V8-J,46,2024-01-20,DEVELOPMENT,NIFTY50,PE,127727.23,25,1,159.46,3986.5,126.22,191.35,831.0,3.12,797.3,18.55,778.75,128505.98
V8-J,47,2024-01-23,DEVELOPMENT,NIFTY50,PE,128505.98,50,2,107.03,5351.5,84.08,128.44,1147.5,4.16,1070.3,24.88,1045.42,129551.4
V8-J,48,2024-01-23,DEVELOPMENT,BANKNIFTY,PE,129551.4,30,2,175.83,5274.9,136.99,211.0,1165.2,4.07,1054.98,24.51,1030.47,130581.87
V8-J,49,2024-01-23,DEVELOPMENT,BANKNIFTY,PE,130581.87,15,1,207.7,3115.5,161.92,249.24,686.7,2.39,623.1,14.5,608.6,131190.47
V8-J,50,2024-01-24,DEVELOPMENT,NIFTY50,CE,131190.47,50,2,82.22,4111.0,64.32,98.66,895.0,3.13,822.2,19.1,803.1,131993.57
V8-J,51,2024-01-24,DEVELOPMENT,BANKNIFTY,CE,131993.57,30,2,139.71,4191.3,107.83,167.65,956.4,3.18,-956.33,14.49,-970.82,131022.75
V8-J,52,2024-01-25,DEVELOPMENT,BANKNIFTY,PE,131022.75,15,1,403.53,6052.95,313.25,484.24,1354.2,4.62,1210.59,28.14,1182.45,132205.2
V8-J,53,2024-01-25,DEVELOPMENT,BANKNIFTY,PE,132205.2,15,1,357.12,5356.8,278.22,428.54,1183.5,4.05,1071.36,24.89,1046.47,133251.67
V8-J,54,2024-01-25,DEVELOPMENT,NIFTY50,PE,133251.67,125,5,48.9,6112.5,38.44,58.68,1307.5,4.59,1222.5,28.39,1194.11,134445.78
V8-J,55,2024-01-29,DEVELOPMENT,NIFTY50,CE,134445.78,25,1,127.05,3176.25,100.07,152.46,674.5,2.36,635.25,14.77,620.48,135066.26
V8-J,56,2024-01-29,DEVELOPMENT,BANKNIFTY,CE,135066.26,15,1,225.8,3387.0,176.29,270.96,742.65,2.51,677.4,15.76,661.64,135727.9
V8-J,57,2024-01-29,DEVELOPMENT,BANKNIFTY,CE,135727.9,15,1,225.91,3388.65,176.75,271.09,737.4,2.5,677.73,15.76,661.97,136389.87
V8-J,58,2024-01-30,DEVELOPMENT,BANKNIFTY,PE,136389.87,30,2,174.64,5239.2,136.72,209.57,1137.6,3.84,1047.84,24.35,1023.49,137413.36
V8-J,59,2024-01-30,DEVELOPMENT,NIFTY50,PE,137413.36,50,2,107.78,5389.0,85.07,129.34,1135.5,3.92,1077.8,25.06,1052.74,138466.1
V8-J,60,2024-01-30,DEVELOPMENT,NIFTY50,PE,138466.1,50,2,118.08,5904.0,93.38,141.7,1235.0,4.26,1180.8,27.44,1153.36,139619.46
V8-J,61,2024-01-31,DEVELOPMENT,BANKNIFTY,CE,139619.46,30,2,151.92,4557.6,119.1,182.3,984.6,3.26,-984.45,15.93,-1000.38,138619.08
V8-J,62,2024-01-31,DEVELOPMENT,BANKNIFTY,CE,138619.08,45,3,120.31,5413.95,94.19,144.37,1175.4,3.91,1082.79,25.18,1057.61,139676.69
V8-J,63,2024-01-31,DEVELOPMENT,NIFTY50,CE,139676.69,50,2,100.05,5002.5,79.0,120.06,1052.5,3.58,1000.5,23.24,977.26,140653.95
V8-J,64,2024-02-01,DEVELOPMENT,BANKNIFTY,PE,140653.95,15,1,373.41,5601.15,290.89,448.09,1237.8,3.98,1120.23,26.03,1094.2,141748.15
V8-J,65,2024-02-01,DEVELOPMENT,NIFTY50,CE,141748.15,125,5,50.06,6257.5,39.47,60.07,1323.75,4.41,1251.5,29.08,1222.42,142970.57
V8-J,66,2024-02-01,DEVELOPMENT,NIFTY50,CE,142970.57,125,5,48.3,6037.5,37.89,57.96,1301.25,4.22,1207.5,28.06,1179.44,144150.01
V8-J,67,2024-02-02,DEVELOPMENT,NIFTY50,CE,144150.01,25,1,175.54,4388.5,138.25,210.65,932.25,3.04,877.7,20.41,857.29,145007.3
V8-J,68,2024-02-02,DEVELOPMENT,NIFTY50,CE,145007.3,25,1,186.15,4653.75,146.84,223.38,982.75,3.21,-574.75,17.45,-592.2,144415.1
V8-J,69,2024-02-02,DEVELOPMENT,BANKNIFTY,CE,144415.1,15,1,343.04,5145.6,267.54,411.65,1132.5,3.56,-647.25,19.25,-666.5,143748.6
V8-J,70,2024-02-05,DEVELOPMENT,NIFTY50,CE,143748.6,50,2,128.42,6421.0,100.63,154.1,1389.5,4.47,1284.2,29.83,1254.37,145002.97
V8-J,71,2024-02-05,DEVELOPMENT,NIFTY50,CE,145002.97,50,2,128.77,6438.5,101.63,154.52,1357.0,4.44,-416.5,25.19,-441.69,144561.28
V8-J,72,2024-02-05,DEVELOPMENT,BANKNIFTY,CE,144561.28,15,1,228.14,3422.1,179.45,273.77,730.35,2.37,-60.45,13.83,-74.28,144487.0
V8-J,73,2024-02-06,DEVELOPMENT,BANKNIFTY,PE,144487.0,30,2,175.43,5262.9,137.76,210.52,1130.1,3.64,-25.5,21.47,-46.97,144440.03
V8-J,74,2024-02-06,DEVELOPMENT,NIFTY50,CE,144440.03,50,2,129.07,6453.5,102.19,154.88,1344.0,4.47,1212.0,29.77,1182.23,145622.26
V8-J,75,2024-02-07,DEVELOPMENT,NIFTY50,PE,145622.26,50,2,97.26,4863.0,76.7,116.71,1028.0,3.34,-653.5,18.1,-671.6,144950.66
V8-J,76,2024-02-07,DEVELOPMENT,BANKNIFTY,PE,144950.66,60,4,101.5,6090.0,79.91,121.8,1295.4,4.2,1218.0,28.3,1189.7,146140.36
V8-J,77,2024-02-07,DEVELOPMENT,BANKNIFTY,PE,146140.36,60,4,106.37,6382.2,84.02,127.64,1341.0,4.37,-313.2,25.26,-338.46,145801.9
V8-J,78,2024-02-08,DEVELOPMENT,BANKNIFTY,CE,145801.9,15,1,391.48,5872.2,306.5,469.78,1274.7,4.03,-1274.77,20.48,-1295.25,144506.65
V8-J,79,2024-02-08,DEVELOPMENT,NIFTY50,PE,144506.65,125,5,48.76,6095.0,38.37,58.51,1298.75,4.22,1219.0,28.31,1190.69,145697.34
V8-J,80,2024-02-08,DEVELOPMENT,BANKNIFTY,PE,145697.34,15,1,363.56,5453.4,283.03,436.27,1207.95,3.74,1090.68,25.35,1065.33,146762.67
V8-J,81,2024-02-09,DEVELOPMENT,BANKNIFTY,CE,146762.67,15,1,333.1,4996.5,259.83,399.72,1099.05,3.4,999.3,23.23,976.07,147738.74
V8-J,82,2024-02-09,DEVELOPMENT,NIFTY50,PE,147738.74,25,1,173.8,4345.0,136.8,208.56,925.0,2.94,-33.0,17.7,-50.7,147688.04
V8-J,83,2024-02-09,DEVELOPMENT,BANKNIFTY,CE,147688.04,15,1,334.23,5013.45,262.03,401.08,1083.0,3.39,1002.69,23.29,979.4,148667.44
V8-J,84,2024-02-12,DEVELOPMENT,BANKNIFTY,PE,148667.44,30,2,224.51,6735.3,175.99,269.41,1455.6,4.53,1347.06,31.3,1315.76,149983.2
V8-J,85,2024-02-12,DEVELOPMENT,NIFTY50,PE,149983.2,50,2,127.53,6376.5,100.47,153.04,1353.0,4.25,1275.3,29.63,1245.67,151228.87
V8-J,86,2024-02-12,DEVELOPMENT,NIFTY50,PE,151228.87,50,2,127.25,6362.5,100.36,152.7,1344.5,4.21,1272.5,29.57,1242.93,152471.8
V8-J,87,2024-02-13,DEVELOPMENT,NIFTY50,CE,152471.8,50,2,122.79,6139.5,96.4,147.35,1319.5,4.03,1227.9,28.52,1199.38,153671.18
V8-J,88,2024-02-13,DEVELOPMENT,BANKNIFTY,CE,153671.18,30,2,174.58,5237.4,136.65,209.5,1137.9,3.41,1047.48,24.35,1023.13,154694.31
V8-J,89,2024-02-13,DEVELOPMENT,NIFTY50,CE,154694.31,50,2,107.88,5394.0,84.94,129.46,1147.0,3.49,4.0,22.1,-18.1,154676.21
V8-J,90,2024-02-14,DEVELOPMENT,BANKNIFTY,CE,154676.21,60,4,100.74,6044.4,78.64,120.89,1326.0,3.91,1208.88,28.1,1180.78,155856.99
V8-J,91,2024-02-14,DEVELOPMENT,BANKNIFTY,CE,155856.99,45,3,139.62,6282.9,109.3,167.54,1364.4,4.03,1256.58,29.2,1227.38,157084.37
V8-J,92,2024-02-14,DEVELOPMENT,NIFTY50,CE,157084.37,75,3,83.37,6252.75,65.95,100.04,1306.5,3.98,1250.55,29.07,1221.48,158305.85
V8-J,93,2024-02-15,DEVELOPMENT,BANKNIFTY,PE,158305.85,15,1,366.02,5490.3,283.03,439.22,1244.85,3.47,1098.06,25.52,1072.54,159378.39
V8-J,94,2024-02-15,DEVELOPMENT,BANKNIFTY,PE,159378.39,15,1,366.77,5501.55,284.34,440.12,1236.45,3.45,-377.85,21.46,-399.31,158979.08
V8-J,95,2024-02-15,DEVELOPMENT,NIFTY50,PE,158979.08,150,6,48.54,7281.0,38.35,58.25,1528.5,4.58,1456.2,33.86,1422.34,160401.42
V8-J,96,2024-02-16,DEVELOPMENT,NIFTY50,CE,160401.42,25,1,176.4,4410.0,139.52,211.68,922.0,2.75,-3.75,18.04,-21.79,160379.63
V8-J,97,2024-02-16,DEVELOPMENT,BANKNIFTY,CE,160379.63,15,1,380.64,5709.6,298.45,456.77,1232.85,3.56,1141.92,26.54,1115.38,161495.01
V8-J,98,2024-02-19,DEVELOPMENT,NIFTY50,PE,161495.01,50,2,137.89,6894.5,108.98,165.47,1445.5,4.27,-401.0,27.09,-428.09,161066.92
V8-J,99,2024-02-19,DEVELOPMENT,BANKNIFTY,PE,161066.92,30,2,233.49,7004.7,183.09,280.19,1512.0,4.35,-75.6,28.45,-104.05,160962.87
V8-J,100,2024-02-20,DEVELOPMENT,BANKNIFTY,CE,160962.87,30,2,179.85,5395.5,140.82,215.82,1170.9,3.35,1079.1,25.09,1054.01,162016.88
V8-J,101,2024-02-20,DEVELOPMENT,NIFTY50,CE,162016.88,50,2,109.73,5486.5,86.76,131.68,1148.5,3.39,1097.3,25.52,1071.78,163088.66
V8-J,102,2024-02-20,DEVELOPMENT,BANKNIFTY,CE,163088.66,30,2,180.1,5403.0,141.63,216.12,1154.1,3.31,1080.6,25.11,1055.49,164144.15
V8-J,103,2024-02-21,DEVELOPMENT,NIFTY50,PE,164144.15,75,3,85.41,6405.75,67.49,102.49,1344.0,3.9,1281.15,29.78,1251.37,165395.52
V8-J,104,2024-02-21,DEVELOPMENT,BANKNIFTY,PE,165395.52,60,4,104.4,6264.0,81.77,125.28,1357.8,3.79,1252.8,29.12,1223.68,166619.2
V8-J,105,2024-02-21,DEVELOPMENT,NIFTY50,PE,166619.2,75,3,85.42,6406.5,67.62,102.5,1335.0,3.84,1281.3,29.78,1251.52,167870.72
V8-J,106,2024-02-22,DEVELOPMENT,NIFTY50,PE,167870.72,150,6,48.64,7296.0,38.15,58.37,1573.5,4.35,1459.2,33.93,1425.27,169295.99
V8-J,107,2024-02-22,DEVELOPMENT,NIFTY50,PE,169295.99,100,4,72.69,7269.0,57.07,87.23,1562.0,4.29,1453.8,33.8,1420.0,170715.99
V8-J,108,2024-02-22,DEVELOPMENT,NIFTY50,PE,170715.99,150,6,48.65,7297.5,38.26,58.38,1558.5,4.27,-1134.0,26.72,-1160.72,169555.27
V8-J,109,2024-02-23,DEVELOPMENT,BANKNIFTY,CE,169555.27,15,1,351.38,5270.7,275.22,421.66,1142.4,3.11,1054.14,24.51,1029.63,170584.9
V8-J,110,2024-02-23,DEVELOPMENT,BANKNIFTY,PE,170584.9,15,1,346.27,5194.05,270.28,415.52,1139.85,3.04,1038.81,24.14,1014.67,171599.57
V8-J,111,2024-02-23,DEVELOPMENT,NIFTY50,PE,171599.57,25,1,177.78,4444.5,140.79,213.34,924.75,2.59,0.75,18.18,-17.43,171582.14
V8-J,112,2024-02-26,DEVELOPMENT,NIFTY50,PE,171582.14,50,2,129.89,6494.5,102.79,155.87,1355.0,3.79,0.0,26.56,-26.56,171555.58
V8-J,113,2024-02-26,DEVELOPMENT,BANKNIFTY,PE,171555.58,30,2,231.46,6943.8,182.45,277.75,1470.3,4.05,1388.76,32.29,1356.47,172912.05
V8-J,114,2024-02-26,DEVELOPMENT,BANKNIFTY,PE,172912.05,30,2,250.12,7503.6,197.37,300.14,1582.5,4.34,1500.72,34.88,1465.84,174377.89
V8-J,115,2024-02-27,DEVELOPMENT,NIFTY50,CE,174377.89,50,2,134.35,6717.5,106.22,161.22,1406.5,3.85,1343.5,31.22,1312.28,175690.17
V8-J,116,2024-02-27,DEVELOPMENT,BANKNIFTY,PE,175690.17,30,2,218.1,6543.0,171.92,261.72,1385.4,3.72,1308.6,30.42,1278.18,176968.35
V8-J,117,2024-02-27,DEVELOPMENT,NIFTY50,CE,176968.35,75,3,109.89,8241.75,87.11,131.87,1708.5,4.66,1648.35,38.33,1610.02,178578.37
V8-J,118,2024-02-28,DEVELOPMENT,BANKNIFTY,CE,178578.37,75,5,102.7,7702.5,80.18,123.24,1689.0,4.31,-409.5,30.38,-439.88,178138.49
V8-J,119,2024-02-28,DEVELOPMENT,NIFTY50,PE,178138.49,75,3,84.65,6348.75,66.68,101.58,1347.75,3.56,1269.75,29.51,1240.24,179378.73
V8-J,120,2024-02-28,DEVELOPMENT,NIFTY50,PE,179378.73,100,4,84.45,8445.0,66.54,101.34,1791.0,4.71,1689.0,39.26,1649.74,181028.47
V8-J,121,2024-02-29,DEVELOPMENT,BANKNIFTY,PE,181028.47,15,1,387.48,5812.2,301.41,464.98,1291.05,3.21,-717.15,21.77,-738.92,180289.55
V8-J,122,2024-02-29,DEVELOPMENT,NIFTY50,CE,180289.55,125,5,61.45,7681.25,48.2,73.74,1656.25,4.26,1536.25,35.72,1500.53,181790.08
V8-J,123,2024-02-29,DEVELOPMENT,NIFTY50,CE,181790.08,150,6,49.6,7440.0,39.04,59.52,1584.0,4.09,1488.0,34.58,1453.42,183243.5
V8-J,124,2024-03-01,DEVELOPMENT,NIFTY50,CE,183243.5,25,1,177.66,4441.5,140.38,213.19,932.0,2.42,888.3,20.65,867.65,184111.15
V8-J,125,2024-03-01,DEVELOPMENT,NIFTY50,CE,184111.15,25,1,178.37,4459.25,140.98,214.04,934.75,2.42,891.85,20.74,871.11,184982.26
V8-J,126,2024-03-01,DEVELOPMENT,BANKNIFTY,CE,184982.26,15,1,375.34,5630.1,295.74,450.41,1194.0,3.04,1126.02,26.16,1099.86,186082.12
V8-J,127,2024-03-04,DEVELOPMENT,NIFTY50,PE,186082.12,50,2,133.55,6677.5,105.66,160.26,1394.5,3.59,-10.0,27.28,-37.28,186044.84
V8-J,128,2024-03-04,DEVELOPMENT,BANKNIFTY,CE,186044.84,30,2,261.8,7854.0,205.59,314.16,1686.3,4.22,1570.8,36.52,1534.28,187579.12
V8-J,129,2024-03-04,DEVELOPMENT,BANKNIFTY,CE,187579.12,30,2,237.43,7122.9,187.62,284.92,1494.3,3.8,1424.58,33.13,1391.45,188970.57
V8-J,130,2024-03-05,DEVELOPMENT,BANKNIFTY,CE,188970.57,45,3,182.03,8191.35,143.79,218.44,1720.8,4.33,1638.27,38.08,1600.19,190570.76
V8-J,131,2024-03-05,DEVELOPMENT,NIFTY50,PE,190570.76,75,3,110.77,8307.75,87.8,132.92,1722.75,4.36,-27.0,33.92,-60.92,190509.84
V8-J,132,2024-03-05,DEVELOPMENT,BANKNIFTY,CE,190509.84,45,3,183.07,8238.15,144.29,219.68,1745.1,4.32,1647.63,38.29,1609.34,192119.18
V8-J,133,2024-03-06,DEVELOPMENT,NIFTY50,PE,192119.18,100,4,85.8,8580.0,67.4,102.96,1840.0,4.47,1716.0,39.89,1676.11,193795.29
V8-J,134,2024-03-06,DEVELOPMENT,NIFTY50,PE,193795.29,75,3,105.15,7886.25,82.65,126.18,1687.5,4.07,1577.25,36.65,1540.6,195335.89
V8-J,135,2024-03-06,DEVELOPMENT,BANKNIFTY,CE,195335.89,75,5,106.47,7985.25,82.98,127.76,1761.75,4.09,1597.05,37.11,1559.94,196895.83
V8-J,136,2024-03-07,DEVELOPMENT,BANKNIFTY,PE,196895.83,15,1,402.13,6031.95,316.69,482.56,1281.6,3.06,1206.39,28.05,1178.34,198074.17
V8-J,137,2024-03-07,DEVELOPMENT,BANKNIFTY,PE,198074.17,15,1,382.84,5742.6,302.93,459.41,1198.65,2.9,-0.45,23.49,-23.94,198050.23
V8-J,138,2024-03-11,DEVELOPMENT,NIFTY50,PE,198050.23,50,2,132.6,6630.0,104.89,159.12,1385.5,3.35,1326.0,30.81,1295.19,199345.42
V8-J,139,2024-03-11,DEVELOPMENT,BANKNIFTY,PE,199345.42,30,2,275.1,8253.0,217.12,330.12,1739.4,4.14,1650.6,38.38,1612.22,200957.64
V8-J,140,2024-03-11,DEVELOPMENT,BANKNIFTY,PE,200957.64,30,2,236.44,7093.2,186.88,283.73,1486.8,3.53,1418.64,32.97,1385.67,202343.31
V8-J,141,2024-03-12,DEVELOPMENT,NIFTY50,CE,202343.31,75,3,124.41,9330.75,98.18,149.29,1967.25,4.61,-1067.25,35.23,-1102.48,201240.83
V8-J,142,2024-03-12,DEVELOPMENT,BANKNIFTY,CE,201240.83,45,3,182.08,8193.6,141.09,218.5,1844.55,4.07,1638.72,38.09,1600.63,202841.46
V8-J,143,2024-03-12,DEVELOPMENT,BANKNIFTY,CE,202841.46,45,3,197.81,8901.45,155.28,237.37,1913.85,4.39,1780.29,41.38,1738.91,204580.37
V8-J,144,2024-03-13,DEVELOPMENT,NIFTY50,PE,204580.37,100,4,85.8,8580.0,67.46,102.96,1834.0,4.19,1716.0,39.89,1676.11,206256.48
V8-J,145,2024-03-13,DEVELOPMENT,NIFTY50,PE,206256.48,100,4,86.42,8642.0,67.99,103.7,1843.0,4.19,1728.4,40.19,1688.21,207944.69
V8-J,146,2024-03-13,DEVELOPMENT,BANKNIFTY,PE,207944.69,90,6,105.06,9455.4,82.41,126.07,2038.5,4.55,1891.08,43.95,1847.13,209791.82
V8-J,147,2024-03-14,DEVELOPMENT,NIFTY50,CE,209791.82,175,7,55.18,9656.5,43.24,66.22,2089.5,4.6,1931.3,44.88,1886.42,211678.24
V8-J,148,2024-03-14,DEVELOPMENT,BANKNIFTY,CE,211678.24,15,1,376.2,5643.0,293.38,451.44,1242.3,2.67,1128.6,26.24,1102.36,212780.6
V8-J,149,2024-03-14,DEVELOPMENT,BANKNIFTY,CE,212780.6,15,1,405.74,6086.1,318.08,486.89,1314.9,2.86,-687.15,22.99,-710.14,212070.46
V8-J,150,2024-03-15,DEVELOPMENT,NIFTY50,PE,212070.46,50,2,185.05,9252.5,145.4,222.06,1982.5,4.36,1850.5,43.02,1807.48,213877.94
V8-J,151,2024-03-15,DEVELOPMENT,NIFTY50,PE,213877.94,50,2,184.95,9247.5,145.71,221.94,1962.0,4.32,-506.0,36.43,-542.43,213335.51
V8-J,152,2024-03-15,DEVELOPMENT,BANKNIFTY,PE,213335.51,15,1,341.81,5127.15,267.55,410.17,1113.9,2.4,1025.43,23.83,1001.6,214337.11
V8-J,153,2024-03-18,DEVELOPMENT,BANKNIFTY,PE,214337.11,30,2,230.45,6913.5,179.38,276.54,1532.1,3.23,1382.7,32.13,1350.57,215687.68
V8-J,154,2024-03-18,DEVELOPMENT,NIFTY50,PE,215687.68,75,3,129.01,9675.75,101.45,154.81,2067.0,4.49,-113.25,39.28,-152.53,215535.15
V8-J,155,2024-03-18,DEVELOPMENT,BANKNIFTY,PE,215535.15,30,2,229.94,6898.2,179.79,275.93,1504.5,3.2,1379.64,32.09,1347.55,216882.7
V8-J,156,2024-03-19,DEVELOPMENT,NIFTY50,PE,216882.7,75,3,108.51,8138.25,85.39,130.21,1734.0,3.75,1627.65,37.83,1589.82,218472.52
V8-J,157,2024-03-19,DEVELOPMENT,BANKNIFTY,PE,218472.52,45,3,221.37,9961.65,173.35,265.64,2160.9,4.56,1992.33,46.31,1946.02,220418.54
V8-J,158,2024-03-19,DEVELOPMENT,BANKNIFTY,PE,220418.54,45,3,200.7,9031.5,157.52,240.84,1943.1,4.1,1806.3,41.98,1764.32,222182.86
V8-J,159,2024-03-20,DEVELOPMENT,BANKNIFTY,CE,222182.86,90,6,107.43,9668.7,84.25,128.92,2086.2,4.35,1933.74,44.95,1888.79,224071.65
V8-J,160,2024-03-20,DEVELOPMENT,NIFTY50,PE,224071.65,100,4,92.9,9290.0,73.06,111.48,1984.0,4.15,1858.0,43.18,1814.82,225886.47
V8-J,161,2024-03-20,DEVELOPMENT,BANKNIFTY,PE,225886.47,75,5,134.56,10092.0,104.98,161.47,2218.5,4.47,-2218.67,35.13,-2253.8,223632.67
V8-J,162,2024-03-21,DEVELOPMENT,NIFTY50,CE,223632.67,200,8,48.93,9786.0,38.73,58.72,2040.0,4.38,-12.0,40.01,-52.01,223580.66
V8-J,163,2024-03-21,DEVELOPMENT,BANKNIFTY,CE,223580.66,15,1,418.31,6274.65,328.92,501.97,1340.85,2.81,-684.9,23.77,-708.67,222871.99
V8-J,164,2024-03-22,DEVELOPMENT,BANKNIFTY,CE,222871.99,15,1,344.52,5167.8,269.59,413.42,1123.95,2.32,1033.56,24.02,1009.54,223881.53
V8-J,165,2024-03-22,DEVELOPMENT,BANKNIFTY,CE,223881.53,15,1,345.27,5179.05,270.14,414.32,1126.95,2.31,1035.81,24.08,1011.73,224893.26
V8-J,166,2024-03-22,DEVELOPMENT,NIFTY50,CE,224893.26,50,2,176.38,8819.0,138.69,211.66,1884.5,3.92,1763.8,40.99,1722.81,226616.07
V8-J,167,2024-03-27,DEVELOPMENT,NIFTY50,CE,226616.07,125,5,85.2,10650.0,67.49,102.24,2213.75,4.7,2130.0,49.49,2080.51,228696.58
V8-J,168,2024-03-27,DEVELOPMENT,BANKNIFTY,CE,228696.58,90,6,105.05,9454.5,82.84,126.06,1998.9,4.13,1890.9,43.95,1846.95,230543.53
V8-J,169,2024-03-27,DEVELOPMENT,BANKNIFTY,CE,230543.53,75,5,144.56,10842.0,113.99,173.47,2292.75,4.7,-2292.5,38.01,-2330.51,228213.02
V8-J,170,2024-03-28,DEVELOPMENT,NIFTY50,CE,228213.02,200,8,49.51,9902.0,39.12,59.41,2078.0,4.34,1980.4,46.02,1934.38,230147.4
V8-J,171,2024-03-28,DEVELOPMENT,NIFTY50,CE,230147.4,175,7,61.1,10692.5,48.41,73.32,2220.75,4.65,2138.5,49.7,2088.8,232236.2
V8-J,172,2024-03-28,DEVELOPMENT,BANKNIFTY,CE,232236.2,15,1,385.48,5782.2,304.7,462.58,1211.7,2.49,1156.44,26.87,1129.57,233365.77
V8-J,173,2024-04-01,DEVELOPMENT,NIFTY50,CE,233365.77,75,3,140.18,10513.5,110.34,168.22,2238.0,4.51,-642.0,41.24,-683.24,232682.53
V8-J,174,2024-04-02,DEVELOPMENT,NIFTY50,CE,232682.53,75,3,111.47,8360.25,88.16,133.76,1748.25,3.59,1131.75,37.38,1094.37,233776.9
V8-J,175,2024-04-02,DEVELOPMENT,BANKNIFTY,CE,233776.9,60,4,183.02,10981.2,144.23,219.62,2327.4,4.7,2196.24,51.05,2145.19,235922.09
V8-J,176,2024-04-02,DEVELOPMENT,BANKNIFTY,CE,235922.09,45,3,195.22,8784.9,154.33,234.26,1840.05,3.72,1756.98,40.82,1716.16,237638.25
V8-J,177,2024-04-03,DEVELOPMENT,BANKNIFTY,CE,237638.25,105,7,105.44,11071.2,83.21,126.53,2334.15,4.66,2214.24,51.47,2162.77,239801.02
V8-J,178,2024-04-03,DEVELOPMENT,NIFTY50,CE,239801.02,125,5,86.2,10775.0,68.22,103.44,2247.5,4.49,2155.0,50.07,2104.93,241905.95
V8-J,179,2024-04-03,DEVELOPMENT,BANKNIFTY,CE,241905.95,90,6,128.16,11534.4,101.3,153.79,2417.4,4.77,2306.88,53.63,2253.25,244159.2
V8-J,180,2024-04-04,DEVELOPMENT,NIFTY50,PE,244159.2,225,9,49.76,11196.0,39.0,59.71,2421.0,4.59,2239.2,52.05,2187.15,246346.35
V8-J,181,2024-04-04,DEVELOPMENT,NIFTY50,PE,246346.35,225,9,49.76,11196.0,38.99,59.71,2423.25,4.54,2239.2,52.05,2187.15,248533.5
V8-J,182,2024-04-04,DEVELOPMENT,NIFTY50,PE,248533.5,225,9,49.65,11171.25,38.86,59.58,2427.75,4.49,-573.75,44.12,-617.87,247915.63
V8-J,183,2024-04-05,DEVELOPMENT,BANKNIFTY,CE,247915.63,30,2,354.6,10638.0,278.8,425.52,2274.0,4.29,2127.6,49.45,2078.15,249993.78
V8-J,184,2024-04-05,DEVELOPMENT,NIFTY50,CE,249993.78,50,2,180.13,9006.5,142.66,216.16,1873.5,3.6,1801.3,41.87,1759.43,251753.21
V8-J,185,2024-04-05,DEVELOPMENT,BANKNIFTY,CE,251753.21,30,2,380.26,11407.8,300.97,456.31,2378.7,4.53,2281.56,53.03,2228.53,253981.74
V8-J,186,2024-04-08,DEVELOPMENT,NIFTY50,CE,253981.74,75,3,147.78,11083.5,116.81,177.34,2322.75,4.36,2216.7,51.51,2165.19,256146.93
V8-J,187,2024-04-08,DEVELOPMENT,NIFTY50,CE,256146.93,75,3,135.19,10139.25,107.39,162.23,2085.0,3.96,2027.85,47.12,1980.73,258127.66
V8-J,188,2024-04-08,DEVELOPMENT,NIFTY50,CE,258127.66,75,3,153.46,11509.5,121.76,184.15,2377.5,4.46,-3.75,47.1,-50.85,258076.81
V8-J,189,2024-04-09,DEVELOPMENT,BANKNIFTY,CE,258076.81,60,4,187.96,11277.6,148.7,225.55,2355.6,4.37,2255.52,52.43,2203.09,260279.9
V8-J,190,2024-04-09,DEVELOPMENT,BANKNIFTY,CE,260279.9,60,4,195.51,11730.6,154.77,234.61,2444.4,4.51,-551.4,46.46,-597.86,259682.04
V8-J,191,2024-04-09,DEVELOPMENT,NIFTY50,PE,259682.04,100,4,112.48,11248.0,89.16,134.98,2332.0,4.33,2249.6,52.28,2197.32,261879.36
V8-J,192,2024-04-10,DEVELOPMENT,BANKNIFTY,CE,261879.36,90,6,129.25,11632.5,101.59,155.1,2489.4,4.44,2326.5,54.09,2272.41,264151.77
V8-J,193,2024-04-10,DEVELOPMENT,BANKNIFTY,CE,264151.77,105,7,115.11,12086.55,90.75,138.13,2557.8,4.58,2417.31,56.2,2361.11,266512.88
V8-J,194,2024-04-10,DEVELOPMENT,BANKNIFTY,CE,266512.88,105,7,108.54,11396.7,85.7,130.25,2398.2,4.28,2279.34,52.99,2226.35,268739.23
V8-J,195,2024-04-12,DEVELOPMENT,BANKNIFTY,PE,268739.23,30,2,400.31,12009.3,315.48,480.37,2544.9,4.47,2401.86,55.83,2346.03,271085.26
V8-J,196,2024-04-12,DEVELOPMENT,NIFTY50,PE,271085.26,50,2,193.32,9666.0,153.42,231.98,1995.0,3.57,1933.2,44.93,1888.27,272973.53
V8-J,197,2024-04-12,DEVELOPMENT,BANKNIFTY,PE,272973.53,30,2,358.06,10741.8,282.31,429.67,2272.5,3.94,2148.36,49.94,2098.42,275071.95
V8-J,198,2024-04-15,DEVELOPMENT,NIFTY50,PE,275071.95,75,3,131.35,9851.25,103.35,157.62,2100.0,3.58,1970.25,45.81,1924.44,276996.39
V8-J,199,2024-04-15,DEVELOPMENT,BANKNIFTY,PE,276996.39,45,3,238.41,10728.45,188.15,286.09,2261.7,3.87,2145.69,49.86,2095.83,279092.22
V8-J,200,2024-04-15,DEVELOPMENT,BANKNIFTY,PE,279092.22,45,3,277.33,12479.85,219.73,332.8,2592.0,4.47,2495.97,58.02,2437.95,281530.17
V8-J,201,2024-04-16,DEVELOPMENT,NIFTY50,PE,281530.17,100,4,119.82,11982.0,94.94,143.78,2488.0,4.26,2396.4,55.71,2340.69,283870.86
V8-J,202,2024-04-18,DEVELOPMENT,BANKNIFTY,PE,283870.86,30,2,390.1,11703.0,307.07,468.12,2490.9,4.12,2340.6,54.4,2286.2,286157.06
V8-J,203,2024-04-18,DEVELOPMENT,NIFTY50,CE,286157.06,225,9,59.39,13362.75,47.0,71.27,2787.75,4.67,-2787.12,46.92,-2834.04,283323.02
V8-J,204,2024-04-19,DEVELOPMENT,NIFTY50,CE,283323.02,50,2,191.8,9590.0,151.18,230.16,2031.0,3.38,1918.0,44.58,1873.42,285196.44
V8-J,205,2024-04-19,DEVELOPMENT,NIFTY50,CE,285196.44,50,2,182.69,9134.5,143.83,219.23,1943.0,3.2,1826.9,42.46,1784.44,286980.88
V8-J,206,2024-04-19,DEVELOPMENT,BANKNIFTY,CE,286980.88,30,2,354.36,10630.8,277.36,425.23,2310.0,3.7,2126.16,49.41,2076.75,289057.63
V8-J,207,2024-04-22,DEVELOPMENT,BANKNIFTY,PE,289057.63,45,3,248.34,11175.3,196.45,298.01,2335.05,3.87,-563.85,44.16,-608.01,288449.62
V8-J,208,2024-04-23,DEVELOPMENT,BANKNIFTY,PE,288449.62,60,4,185.27,11116.2,146.49,222.32,2326.8,3.85,2223.24,51.68,2171.56,290621.18
V8-J,209,2024-04-23,DEVELOPMENT,NIFTY50,PE,290621.18,100,4,125.92,12592.0,99.94,151.1,2598.0,4.33,2518.4,58.54,2459.86,293081.04
V8-J,210,2024-04-23,DEVELOPMENT,BANKNIFTY,PE,293081.04,60,4,203.63,12217.8,161.07,244.36,2553.6,4.17,2443.56,56.8,2386.76,295467.8
V8-J,211,2024-04-24,DEVELOPMENT,BANKNIFTY,CE,295467.8,105,7,120.91,12695.55,95.63,145.09,2654.4,4.3,2539.11,59.02,2480.09,297947.89
V8-J,212,2024-04-24,DEVELOPMENT,NIFTY50,CE,297947.89,125,5,96.83,12103.75,76.89,116.2,2492.5,4.06,-1358.75,45.74,-1404.49,296543.4
V8-J,213,2024-04-25,DEVELOPMENT,BANKNIFTY,CE,296543.4,30,2,386.21,11586.3,303.28,463.45,2487.9,3.91,2317.26,53.86,2263.4,298806.8
V8-J,214,2024-04-25,DEVELOPMENT,NIFTY50,CE,298806.8,200,8,63.81,12762.0,50.29,76.57,2704.0,4.27,-2703.23,44.7,-2747.93,296058.87
V8-J,215,2024-04-25,DEVELOPMENT,BANKNIFTY,CE,296058.87,30,2,386.93,11607.9,305.09,464.32,2455.2,3.92,2321.58,53.96,2267.62,298326.49
V8-J,216,2024-04-26,DEVELOPMENT,NIFTY50,PE,298326.49,50,2,199.35,9967.5,157.5,239.22,2092.5,3.34,1993.5,46.32,1947.18,300273.67
V8-J,217,2024-04-26,DEVELOPMENT,BANKNIFTY,PE,300273.67,30,2,356.48,10694.4,280.5,427.78,2279.4,3.56,2138.88,49.7,2089.18,302362.85
V8-J,218,2024-04-26,DEVELOPMENT,NIFTY50,PE,302362.85,75,3,181.64,13623.0,143.87,217.97,2832.75,4.51,2724.6,63.34,2661.26,305024.11
V8-J,219,2024-04-29,DEVELOPMENT,NIFTY50,CE,305024.11,75,3,156.27,11720.25,123.5,187.52,2457.75,3.84,2344.05,54.49,2289.56,307313.67
V8-J,220,2024-04-29,DEVELOPMENT,BANKNIFTY,CE,307313.67,45,3,242.51,10912.95,190.87,291.01,2323.8,3.55,2182.59,50.71,2131.88,309445.55
V8-J,221,2024-04-29,DEVELOPMENT,NIFTY50,CE,309445.55,100,4,141.03,14103.0,111.83,169.24,2920.0,4.56,2820.6,65.55,2755.05,312200.6
V8-J,222,2024-04-30,DEVELOPMENT,NIFTY50,CE,312200.6,125,5,112.87,14108.75,89.3,135.44,2946.25,4.52,2821.75,65.58,2756.17,314956.77
V8-J,223,2024-04-30,DEVELOPMENT,BANKNIFTY,CE,314956.77,75,5,190.53,14289.75,149.22,228.64,3098.25,4.54,2857.95,66.42,2791.53,317748.3
V8-J,224,2024-04-30,DEVELOPMENT,BANKNIFTY,CE,317748.3,75,5,190.77,14307.75,149.72,228.92,3078.75,4.5,2861.55,66.51,2795.04,320543.34
V8-J,225,2024-05-02,DEVELOPMENT,NIFTY50,CE,320543.34,300,12,50.35,15105.0,39.73,60.42,3186.0,4.71,3021.0,70.22,2950.78,323494.12
V8-J,226,2024-05-02,DEVELOPMENT,BANKNIFTY,PE,323494.12,30,2,393.99,11819.7,309.53,472.79,2533.8,3.65,1.5,48.36,-46.86,323447.26
V8-J,227,2024-05-02,DEVELOPMENT,NIFTY50,CE,323447.26,225,9,63.81,14357.25,50.46,76.57,3003.75,4.44,-3003.22,50.41,-3053.63,320393.63
V8-J,228,2024-05-03,DEVELOPMENT,NIFTY50,PE,320393.63,75,3,197.13,14784.75,155.03,236.56,3157.5,4.61,2956.95,68.71,2888.24,323281.87
V8-J,229,2024-05-03,DEVELOPMENT,BANKNIFTY,PE,323281.87,30,2,360.2,10806.0,282.62,432.24,2327.4,3.34,2161.2,50.23,2110.97,325392.84
V8-J,230,2024-05-03,DEVELOPMENT,BANKNIFTY,PE,325392.84,30,2,398.59,11957.7,312.4,478.31,2585.7,3.67,-1201.5,45.59,-1247.09,324145.75
V8-J,231,2024-05-06,DEVELOPMENT,NIFTY50,PE,324145.75,100,4,137.11,13711.0,107.47,164.53,2964.0,4.23,2742.2,63.73,2678.47,326824.22
V8-J,232,2024-05-06,DEVELOPMENT,BANKNIFTY,CE,326824.22,60,4,243.58,14614.8,191.0,292.3,3154.8,4.47,-250.2,59.12,-309.32,326514.9
V8-J,233,2024-05-06,DEVELOPMENT,NIFTY50,PE,326514.9,100,4,132.24,13224.0,104.37,158.69,2787.0,4.05,2644.8,61.48,2583.32,329098.22
V8-J,234,2024-05-07,DEVELOPMENT,BANKNIFTY,PE,329098.22,60,4,227.1,13626.0,178.09,272.52,2940.6,4.14,2725.2,63.35,2661.85,331760.07
V8-J,235,2024-05-07,DEVELOPMENT,BANKNIFTY,PE,331760.07,60,4,215.21,12912.6,169.22,258.25,2759.4,3.89,2582.52,60.02,2522.5,334282.57
V8-J,236,2024-05-07,DEVELOPMENT,NIFTY50,PE,334282.57,125,5,110.52,13815.0,87.15,132.62,2921.25,4.13,-45.0,56.41,-101.41,334181.16
V8-J,237,2024-05-08,DEVELOPMENT,BANKNIFTY,PE,334181.16,90,6,154.5,13905.0,121.19,185.4,2997.9,4.16,-2997.89,48.57,-3046.46,331134.7
V8-J,238,2024-05-08,DEVELOPMENT,BANKNIFTY,PE,331134.7,120,8,121.03,14523.6,94.97,145.24,3127.2,4.39,2904.72,67.53,2837.19,333971.89
V8-J,239,2024-05-08,DEVELOPMENT,NIFTY50,CE,333971.89,175,7,89.53,15667.75,70.68,107.44,3298.75,4.69,-682.5,62.23,-744.73,333227.16
V8-J,240,2024-05-09,DEVELOPMENT,NIFTY50,PE,333227.16,275,11,54.88,15092.0,43.14,65.86,3228.5,4.53,3018.4,70.15,2948.25,336175.41
V8-J,241,2024-05-09,DEVELOPMENT,NIFTY50,PE,336175.41,300,12,49.2,14760.0,38.82,59.04,3114.0,4.39,2952.0,68.62,2883.38,339058.79
V8-J,242,2024-05-09,DEVELOPMENT,BANKNIFTY,PE,339058.79,30,2,382.8,11484.0,300.77,459.36,2460.9,3.39,2296.8,53.38,2243.42,341302.21
V8-J,243,2024-05-10,DEVELOPMENT,BANKNIFTY,CE,341302.21,30,2,371.52,11145.6,290.24,445.82,2438.4,3.27,-911.1,43.07,-954.17,340348.04
V8-J,244,2024-05-10,DEVELOPMENT,NIFTY50,CE,340348.04,75,3,176.32,13224.0,138.73,211.58,2819.25,3.89,2644.8,61.48,2583.32,342931.36
V8-J,245,2024-05-10,DEVELOPMENT,NIFTY50,CE,342931.36,75,3,184.09,13806.75,145.16,220.91,2919.75,4.03,218.25,57.12,161.13,343092.49
V8-J,246,2024-05-13,DEVELOPMENT,NIFTY50,PE,343092.49,100,4,128.41,12841.0,100.94,154.09,2747.0,3.74,2568.2,59.71,2508.49,345600.98
V8-J,247,2024-05-13,DEVELOPMENT,BANKNIFTY,PE,345600.98,45,3,281.99,12689.55,221.57,338.39,2718.9,3.67,-2718.75,44.37,-2763.12,342837.86
V8-J,248,2024-05-13,DEVELOPMENT,NIFTY50,PE,342837.86,125,5,129.01,16126.25,101.61,154.81,3425.0,4.7,-666.25,64.13,-730.38,342107.48
V8-J,249,2024-05-14,DEVELOPMENT,NIFTY50,CE,342107.48,125,5,110.09,13761.25,87.08,132.11,2876.25,4.02,2752.25,63.98,2688.27,344795.75
V8-J,250,2024-05-14,DEVELOPMENT,NIFTY50,CE,344795.75,125,5,112.54,14067.5,89.16,135.05,2922.5,4.08,-305.0,56.73,-361.73,344434.02
V8-J,251,2024-05-14,DEVELOPMENT,BANKNIFTY,CE,344434.02,75,5,183.94,13795.5,145.17,220.73,2907.75,4.01,11.25,56.48,-45.23,344388.79
V8-J,252,2024-05-15,DEVELOPMENT,NIFTY50,CE,344388.79,175,7,85.34,14934.5,67.29,102.41,3158.75,4.34,2986.9,69.43,2917.47,347306.26
V8-J,253,2024-05-15,DEVELOPMENT,NIFTY50,PE,347306.26,150,6,107.43,16114.5,84.78,128.92,3397.5,4.64,3222.9,74.93,3147.97,350454.23
V8-J,254,2024-05-15,DEVELOPMENT,BANKNIFTY,PE,350454.23,150,10,105.74,15861.0,83.29,126.89,3367.5,4.53,3172.2,73.74,3098.46,353552.69
V8-J,255,2024-05-16,DEVELOPMENT,NIFTY50,PE,353552.69,275,11,58.26,16021.5,45.75,69.91,3440.25,4.53,3204.3,74.47,3129.83,356682.52
V8-J,256,2024-05-16,DEVELOPMENT,NIFTY50,PE,356682.52,275,11,59.41,16337.75,46.66,71.29,3506.25,4.58,3267.55,75.95,3191.6,359874.12
V8-J,257,2024-05-16,DEVELOPMENT,BANKNIFTY,PE,359874.12,30,2,398.63,11958.9,312.39,478.36,2587.2,3.32,2391.78,55.59,2336.19,362210.31
V8-J,258,2024-05-17,DEVELOPMENT,BANKNIFTY,CE,362210.31,45,3,353.44,15904.8,276.16,424.13,3477.6,4.39,3180.96,73.95,3107.01,365317.32
V8-J,259,2024-05-17,DEVELOPMENT,BANKNIFTY,CE,365317.32,45,3,363.37,16351.65,284.98,436.04,3527.55,4.48,3270.33,76.02,3194.31,368511.63
V8-J,260,2024-05-17,DEVELOPMENT,BANKNIFTY,CE,368511.63,45,3,374.42,16848.9,294.78,449.3,3583.8,4.57,2359.8,75.53,2284.27,370795.9
V8-J,261,2024-05-21,DEVELOPMENT,NIFTY50,CE,370795.9,150,6,118.95,17842.5,94.42,142.74,3679.5,4.81,3568.5,82.96,3485.54,374281.44
V8-J,262,2024-05-21,DEVELOPMENT,NIFTY50,CE,374281.44,150,6,111.93,16789.5,88.86,134.32,3460.5,4.49,3357.9,78.05,3279.85,377561.29
V8-J,263,2024-05-21,DEVELOPMENT,NIFTY50,CE,377561.29,125,5,135.05,16881.25,107.24,162.06,3476.25,4.47,-2910.0,61.01,-2971.01,374590.28
V8-J,264,2024-05-22,DEVELOPMENT,NIFTY50,PE,374590.28,175,7,93.11,16294.25,73.5,111.73,3431.75,4.35,-1190.0,63.38,-1253.38,373336.9
V8-J,265,2024-05-22,DEVELOPMENT,BANKNIFTY,PE,373336.9,150,10,105.96,15894.0,83.28,127.15,3402.0,4.26,3178.8,73.89,3104.91,376441.81
V8-J,266,2024-05-22,DEVELOPMENT,BANKNIFTY,PE,376441.81,135,9,121.33,16379.55,95.62,145.6,3470.85,4.35,3275.91,76.14,3199.77,379641.58
V8-J,267,2024-05-23,DEVELOPMENT,NIFTY50,CE,379641.58,225,9,74.31,16719.75,58.66,89.17,3521.25,4.4,3343.95,77.73,3266.22,382907.8
V8-J,268,2024-05-23,DEVELOPMENT,BANKNIFTY,CE,382907.8,45,3,386.37,17386.65,303.3,463.64,3738.15,4.54,3477.33,80.84,3396.49,386304.29
V8-J,269,2024-05-23,DEVELOPMENT,NIFTY50,CE,386304.29,225,9,75.52,16992.0,59.72,90.62,3555.0,4.4,3398.4,79.0,3319.4,389623.69
V8-J,270,2024-05-24,DEVELOPMENT,NIFTY50,CE,389623.69,100,4,186.93,18693.0,148.19,224.32,3874.0,4.8,-380.0,75.44,-455.44,389168.25
V8-J,271,2024-05-24,DEVELOPMENT,BANKNIFTY,CE,389168.25,45,3,360.03,16201.35,284.93,432.04,3379.5,4.16,3240.27,75.31,3164.96,392333.21
V8-J,272,2024-05-24,DEVELOPMENT,BANKNIFTY,CE,392333.21,45,3,367.84,16552.8,290.97,441.41,3459.15,4.22,-318.6,66.85,-385.45,391947.76
V8-J,273,2024-05-27,DEVELOPMENT,BANKNIFTY,CE,391947.76,75,5,244.28,18321.0,192.12,293.14,3912.0,4.67,3664.2,85.16,3579.04,395526.8
V8-J,274,2024-05-27,DEVELOPMENT,NIFTY50,PE,395526.8,125,5,140.15,17518.75,110.72,168.18,3678.75,4.43,3503.75,81.43,3422.32,398949.12
V8-J,275,2024-05-27,DEVELOPMENT,BANKNIFTY,CE,398949.12,60,4,263.42,15805.2,207.89,316.1,3331.8,3.96,3161.04,73.48,3087.56,402036.68
V8-J,276,2024-05-28,DEVELOPMENT,BANKNIFTY,PE,402036.68,75,5,211.01,15825.75,164.81,253.21,3465.0,3.94,3165.15,73.56,3091.59,405128.27
V8-J,277,2024-05-28,DEVELOPMENT,NIFTY50,PE,405128.27,150,6,127.56,19134.0,100.68,153.07,4032.0,4.72,3826.8,88.95,3737.85,408866.12
V8-J,278,2024-05-28,DEVELOPMENT,NIFTY50,PE,408866.12,150,6,114.51,17176.5,90.76,137.41,3562.5,4.2,3435.3,79.85,3355.45,412221.57
V8-J,279,2024-05-29,DEVELOPMENT,NIFTY50,PE,412221.57,200,8,94.62,18924.0,74.75,113.54,3974.0,4.59,3784.8,87.97,3696.83,415918.4
V8-J,280,2024-05-29,DEVELOPMENT,NIFTY50,PE,415918.4,175,7,111.43,19500.25,88.26,133.72,4054.75,4.69,-4055.09,68.52,-4123.61,411794.79
V8-J,281,2024-05-29,DEVELOPMENT,BANKNIFTY,PE,411794.79,180,12,107.94,19429.2,85.31,129.53,4073.4,4.72,3885.84,90.3,3795.54,415590.33
V8-J,282,2024-05-30,DEVELOPMENT,BANKNIFTY,CE,415590.33,45,3,390.35,17565.75,305.31,468.42,3826.8,4.23,3513.15,81.65,3431.5,419021.83
V8-J,283,2024-05-30,DEVELOPMENT,NIFTY50,PE,419021.83,275,11,69.12,19008.0,54.51,82.94,4017.75,4.54,-4018.61,66.61,-4085.22,414936.61
V8-J,284,2024-05-30,DEVELOPMENT,NIFTY50,PE,414936.61,375,15,52.57,19713.75,41.6,63.08,4113.75,4.75,3942.75,91.65,3851.1,418787.71
V8-J,285,2024-05-31,DEVELOPMENT,NIFTY50,PE,418787.71,100,4,180.18,18018.0,141.71,216.22,3847.0,4.3,-58.0,73.58,-131.58,418656.13
V8-J,286,2024-05-31,DEVELOPMENT,BANKNIFTY,PE,418656.13,45,3,358.79,16145.55,280.14,430.55,3539.25,3.86,3229.11,75.05,3154.06,421810.19
V8-J,287,2024-05-31,DEVELOPMENT,BANKNIFTY,PE,421810.19,45,3,358.76,16144.2,281.36,430.51,3483.0,3.83,-676.8,64.19,-740.99,421069.2
V8-J,288,2024-06-04,DEVELOPMENT,BANKNIFTY,PE,421069.2,60,4,226.19,13571.4,168.86,271.43,3439.8,3.22,2714.28,63.1,2651.18,423720.38
V8-J,289,2024-06-04,DEVELOPMENT,NIFTY50,PE,423720.38,125,5,106.52,13315.0,77.28,127.82,3655.0,3.14,-3655.56,44.33,-3699.89,420020.49
V8-J,290,2024-06-04,DEVELOPMENT,BANKNIFTY,PE,420020.49,75,5,178.49,13386.75,127.11,214.19,3853.5,3.19,-3853.57,44.06,-3897.63,416122.86
V8-J,291,2024-06-05,DEVELOPMENT,BANKNIFTY,PE,416122.86,150,10,103.95,15592.5,76.63,124.74,4098.0,3.75,3118.5,72.48,3046.02,419168.88
V8-J,292,2024-06-05,DEVELOPMENT,BANKNIFTY,PE,419168.88,120,8,125.26,15031.2,93.4,150.31,3823.2,3.59,3006.24,69.87,2936.37,422105.25
V8-J,293,2024-06-05,DEVELOPMENT,BANKNIFTY,CE,422105.25,150,10,105.84,15876.0,79.81,127.01,3904.5,3.76,3175.2,73.79,3101.41,425206.66
V8-J,294,2024-06-06,DEVELOPMENT,NIFTY50,CE,425206.66,375,15,50.8,19050.0,39.61,60.96,4196.25,4.48,3810.0,88.55,3721.45,428928.11
V8-J,295,2024-06-06,DEVELOPMENT,BANKNIFTY,CE,428928.11,45,3,402.78,18125.1,312.81,483.34,4048.65,4.23,-740.25,72.11,-812.36,428115.75
V8-J,296,2024-06-06,DEVELOPMENT,NIFTY50,CE,428115.75,275,11,65.29,17954.75,50.72,78.35,4006.75,4.19,-4007.64,62.33,-4069.97,424045.78
V8-J,297,2024-06-07,DEVELOPMENT,BANKNIFTY,CE,424045.78,45,3,404.16,18187.2,313.76,484.99,4068.0,4.29,3637.44,84.56,3552.88,427598.66
V8-J,298,2024-06-07,DEVELOPMENT,NIFTY50,CE,427598.66,100,4,184.05,18405.0,143.81,220.86,4024.0,4.3,3681.0,85.57,3595.43,431194.09
V8-J,299,2024-06-07,DEVELOPMENT,BANKNIFTY,CE,431194.09,45,3,411.15,18501.75,321.23,493.38,4046.4,4.29,3700.35,86.0,3614.35,434808.44
V8-J,300,2024-06-10,DEVELOPMENT,BANKNIFTY,PE,434808.44,75,5,247.86,18589.5,192.31,297.43,4166.25,4.28,3717.9,86.42,3631.48,438439.92
V8-J,301,2024-06-10,DEVELOPMENT,NIFTY50,PE,438439.92,150,6,137.2,20580.0,108.68,164.64,4278.0,4.69,4116.0,95.68,4020.32,442460.24
V8-J,302,2024-06-10,DEVELOPMENT,NIFTY50,PE,442460.24,150,6,136.62,20493.0,107.76,163.94,4329.0,4.63,1953.0,89.29,1863.71,444323.95
V8-J,303,2024-06-11,DEVELOPMENT,BANKNIFTY,CE,444323.95,105,7,191.93,20152.65,150.28,230.32,4373.25,4.54,4030.53,93.67,3936.86,448260.81
V8-J,304,2024-06-11,DEVELOPMENT,NIFTY50,PE,448260.81,175,7,115.73,20252.75,91.74,138.88,4198.25,4.52,4050.55,94.15,3956.4,452217.21
V8-J,305,2024-06-11,DEVELOPMENT,BANKNIFTY,CE,452217.21,90,6,212.29,19106.1,167.67,254.75,4015.8,4.22,3821.22,88.81,3732.41,455949.62
V8-J,306,2024-06-12,DEVELOPMENT,NIFTY50,CE,455949.62,200,8,108.13,21626.0,85.51,129.76,4524.0,4.74,-3880.0,77.73,-3957.73,451991.89
V8-J,307,2024-06-12,DEVELOPMENT,BANKNIFTY,CE,451991.89,165,11,127.16,20981.4,100.04,152.59,4474.8,4.64,4196.28,97.55,4098.73,456090.62
V8-J,308,2024-06-12,DEVELOPMENT,BANKNIFTY,CE,456090.62,180,12,111.16,20008.8,87.53,133.39,4253.4,4.39,-334.8,80.95,-415.75,455674.87
V8-J,309,2024-06-13,DEVELOPMENT,BANKNIFTY,PE,455674.87,45,3,399.63,17983.35,314.23,479.56,3843.0,3.95,3596.67,83.6,3513.07,459187.94
V8-J,310,2024-06-13,DEVELOPMENT,NIFTY50,PE,459187.94,400,16,51.87,20748.0,41.06,62.24,4324.0,4.52,-52.0,84.75,-136.75,459051.19
V8-J,311,2024-06-14,DEVELOPMENT,BANKNIFTY,PE,459051.19,45,3,368.37,16576.65,289.68,442.04,3541.05,3.61,908.55,70.37,838.18,459889.37
V8-J,312,2024-06-18,DEVELOPMENT,BANKNIFTY,CE,459889.37,90,6,220.66,19859.4,173.43,264.79,4250.7,4.32,3971.88,92.33,3879.55,463768.92
V8-J,313,2024-06-18,DEVELOPMENT,BANKNIFTY,CE,463768.92,105,7,198.79,20872.95,157.35,238.55,4351.2,4.5,4174.59,97.03,4077.56,467846.48
V8-J,314,2024-06-18,DEVELOPMENT,BANKNIFTY,CE,467846.48,105,7,193.84,20353.2,153.79,232.61,4205.25,4.35,4070.64,94.62,3976.02,471822.5
V8-J,315,2024-06-19,DEVELOPMENT,BANKNIFTY,CE,471822.5,180,12,112.8,20304.0,87.59,135.36,4537.8,4.3,4060.8,94.38,3966.42,475788.92
V8-J,316,2024-06-19,DEVELOPMENT,NIFTY50,PE,475788.92,225,9,90.4,20340.0,71.13,108.48,4335.75,4.28,4068.0,94.53,3973.47,479762.39
V8-J,317,2024-06-19,DEVELOPMENT,BANKNIFTY,CE,479762.39,180,12,113.21,20377.8,87.91,135.85,4554.0,4.25,4075.56,94.73,3980.83,483743.22
V8-J,318,2024-06-20,DEVELOPMENT,BANKNIFTY,PE,483743.22,45,3,411.68,18525.6,319.63,494.02,4142.25,3.83,-732.6,73.78,-806.38,482936.84
V8-J,319,2024-06-20,DEVELOPMENT,NIFTY50,CE,482936.84,375,15,59.21,22203.75,46.76,71.05,4668.75,4.6,4440.75,103.21,4337.54,487274.38
V8-J,320,2024-06-20,DEVELOPMENT,NIFTY50,CE,487274.38,325,13,67.46,21924.5,53.27,80.95,4611.75,4.5,-4613.36,76.9,-4690.26,482584.12
V8-J,321,2024-06-21,DEVELOPMENT,BANKNIFTY,PE,482584.12,45,3,398.02,17910.9,311.79,477.62,3880.35,3.71,3582.18,83.26,3498.92,486083.04
V8-J,322,2024-06-21,DEVELOPMENT,BANKNIFTY,PE,486083.04,45,3,384.72,17312.4,302.02,461.66,3721.5,3.56,3462.48,80.47,3382.01,489465.05
V8-J,323,2024-06-21,DEVELOPMENT,BANKNIFTY,PE,489465.05,60,4,378.6,22716.0,297.62,454.32,4858.8,4.64,4543.2,105.61,4437.59,493902.64
V8-J,324,2024-06-24,DEVELOPMENT,BANKNIFTY,PE,493902.64,75,5,270.89,20316.75,211.48,325.07,4455.75,4.11,-2168.25,77.11,-2245.36,491657.28
V8-J,325,2024-06-24,DEVELOPMENT,NIFTY50,CE,491657.28,150,6,147.26,22089.0,116.08,176.71,4677.0,4.49,4417.8,102.69,4315.11,495972.39
V8-J,326,2024-06-24,DEVELOPMENT,NIFTY50,CE,495972.39,125,5,160.6,20075.0,126.99,192.72,4201.25,4.05,4015.0,93.31,3921.69,499894.08
V8-J,327,2024-06-25,DEVELOPMENT,NIFTY50,CE,499894.08,200,8,117.14,23428.0,92.66,140.57,4896.0,4.69,4685.6,108.9,4576.7,504470.78
V8-J,328,2024-06-25,DEVELOPMENT,BANKNIFTY,CE,504470.78,105,7,200.33,21034.65,158.1,240.4,4434.15,4.17,4206.93,97.79,4109.14,508579.92
V8-J,329,2024-06-25,DEVELOPMENT,NIFTY50,CE,508579.92,175,7,139.07,24337.25,110.12,166.88,5066.25,4.79,4867.45,113.13,4754.32,513334.24
V8-J,330,2024-06-26,DEVELOPMENT,BANKNIFTY,PE,513334.24,195,13,116.61,22738.95,91.19,139.93,4956.9,4.43,4547.79,105.69,4442.1,517776.34
V8-J,331,2024-06-26,DEVELOPMENT,BANKNIFTY,PE,517776.34,165,11,133.69,22058.85,104.7,160.43,4783.35,4.26,-3135.0,81.55,-3216.55,514559.79
V8-J,332,2024-06-26,DEVELOPMENT,NIFTY50,CE,514559.79,250,10,91.73,22932.5,72.63,110.08,4775.0,4.46,4586.5,106.62,4479.88,519039.67
V8-J,333,2024-06-27,DEVELOPMENT,BANKNIFTY,CE,519039.67,45,3,424.88,19119.6,332.49,509.86,4157.55,3.68,-542.7,76.74,-619.44,518420.23
V8-J,334,2024-06-27,DEVELOPMENT,NIFTY50,CE,518420.23,350,14,65.88,23058.0,51.77,79.06,4938.5,4.45,4611.6,107.17,4504.43,522924.66
V8-J,335,2024-06-27,DEVELOPMENT,NIFTY50,CE,522924.66,450,18,53.08,23886.0,41.73,63.7,5107.5,4.57,4777.2,111.02,4666.18,527590.84
V8-J,336,2024-06-28,DEVELOPMENT,BANKNIFTY,CE,527590.84,60,4,389.76,23385.6,306.14,467.71,5017.2,4.43,-3273.0,86.6,-3359.6,524231.24
V8-J,337,2024-06-28,DEVELOPMENT,NIFTY50,CE,524231.24,125,5,193.34,24167.5,152.95,232.01,5048.75,4.61,-826.25,96.6,-922.85,523308.39
V8-J,338,2024-07-01,VALIDATION,BANKNIFTY,CE,523308.39,75,5,276.0,20700.0,216.04,331.2,4497.0,3.96,4140.0,96.23,4043.77,527352.16
V8-J,339,2024-07-01,VALIDATION,NIFTY50,CE,527352.16,175,7,141.42,24748.5,111.85,169.7,5174.75,4.69,4949.7,115.03,4834.67,532186.83
V8-J,340,2024-07-01,VALIDATION,BANKNIFTY,CE,532186.83,90,6,260.91,23481.9,206.07,313.09,4935.6,4.41,4696.38,109.16,4587.22,536774.05
V8-J,341,2024-07-02,VALIDATION,NIFTY50,PE,536774.05,200,8,119.69,23938.0,94.39,143.63,5060.0,4.46,4787.6,111.28,4676.32,541450.37
V8-J,342,2024-07-02,VALIDATION,BANKNIFTY,PE,541450.37,105,7,226.13,23743.65,177.08,271.36,5150.25,4.39,4748.73,110.37,4638.36,546088.73
V8-J,343,2024-07-02,VALIDATION,BANKNIFTY,PE,546088.73,120,8,200.45,24054.0,157.72,240.54,5127.6,4.4,-20.4,98.37,-118.77,545969.96
V8-J,344,2024-07-03,VALIDATION,NIFTY50,CE,545969.96,275,11,93.35,25671.25,73.71,112.02,5401.0,4.7,27.5,105.15,-77.65,545892.31
V8-J,345,2024-07-03,VALIDATION,BANKNIFTY,CE,545892.31,150,10,166.88,25032.0,130.89,200.26,5398.5,4.59,5006.4,116.38,4890.02,550782.33
V8-J,346,2024-07-03,VALIDATION,BANKNIFTY,CE,550782.33,210,14,117.88,24754.8,92.62,141.46,5304.6,4.49,4950.96,115.07,4835.89,555618.22
V8-J,347,2024-07-04,VALIDATION,NIFTY50,CE,555618.22,475,19,54.03,25664.25,42.73,64.84,5367.5,4.62,-80.75,104.79,-185.54,555432.68
V8-J,348,2024-07-04,VALIDATION,BANKNIFTY,PE,555432.68,60,4,431.14,25868.4,339.82,517.37,5479.2,4.66,-668.4,104.0,-772.4,554660.28
V8-J,349,2024-07-05,VALIDATION,NIFTY50,PE,554660.28,125,5,193.82,24227.5,153.15,232.58,5083.75,4.37,-487.5,97.79,-585.29,554074.99
V8-J,350,2024-07-05,VALIDATION,BANKNIFTY,PE,554074.99,60,4,388.16,23289.6,304.81,465.79,5001.0,4.2,4657.92,108.26,4549.66,558624.65
V8-J,351,2024-07-05,VALIDATION,BANKNIFTY,PE,558624.65,60,4,427.77,25666.2,338.71,513.32,5343.6,4.59,5133.24,119.31,5013.93,563638.58
V8-J,352,2024-07-08,VALIDATION,BANKNIFTY,CE,563638.58,90,6,260.9,23481.0,204.24,313.08,5099.4,4.17,-123.3,95.75,-219.05,563419.53
V8-J,353,2024-07-08,VALIDATION,NIFTY50,PE,563419.53,150,6,158.14,23721.0,125.16,189.77,4947.0,4.21,4744.2,110.26,4633.94,568053.47
V8-J,354,2024-07-08,VALIDATION,NIFTY50,PE,568053.47,150,6,163.47,24520.5,129.44,196.16,5104.5,4.32,-3115.5,91.68,-3207.18,564846.29
V8-J,355,2024-07-09,VALIDATION,NIFTY50,CE,564846.29,175,7,138.95,24316.25,110.07,166.74,5054.0,4.3,4863.25,113.04,4750.21,569596.5
V8-J,356,2024-07-09,VALIDATION,NIFTY50,CE,569596.5,225,9,121.12,27252.0,96.24,145.34,5598.0,4.78,5450.4,126.69,5323.71,574920.21
V8-J,357,2024-07-09,VALIDATION,BANKNIFTY,CE,574920.21,135,9,202.12,27286.2,160.32,242.54,5643.0,4.75,-35.1,111.57,-146.67,574773.54
V8-J,358,2024-07-10,VALIDATION,BANKNIFTY,PE,574773.54,225,15,115.73,26039.25,91.19,138.88,5521.5,4.53,5207.85,121.04,5086.81,579860.35
V8-J,359,2024-07-10,VALIDATION,NIFTY50,PE,579860.35,275,11,93.11,25605.25,73.39,111.73,5423.0,4.42,-401.5,103.66,-505.16,579355.19
V8-J,360,2024-07-10,VALIDATION,BANKNIFTY,PE,579355.19,240,16,115.73,27775.2,91.8,138.88,5743.2,4.79,-24.0,113.59,-137.59,579217.6
V8-J,361,2024-07-11,VALIDATION,NIFTY50,PE,579217.6,500,20,53.87,26935.0,42.63,64.64,5620.0,4.65,5387.0,125.22,5261.78,584479.38
V8-J,362,2024-07-11,VALIDATION,BANKNIFTY,PE,584479.38,60,4,414.88,24892.8,326.49,497.86,5303.4,4.26,-1652.4,97.28,-1749.68,582729.7
V8-J,363,2024-07-11,VALIDATION,NIFTY50,PE,582729.7,500,20,53.87,26935.0,42.58,64.64,5645.0,4.62,-230.0,109.58,-339.58,582390.12
V8-J,364,2024-07-12,VALIDATION,BANKNIFTY,CE,582390.12,60,4,389.23,23353.8,305.09,467.08,5048.4,4.01,4670.76,108.57,4562.19,586952.31
V8-J,365,2024-07-12,VALIDATION,NIFTY50,CE,586952.31,125,5,196.08,24510.0,153.95,235.3,5266.25,4.18,4902.0,113.94,4788.06,591740.37
V8-J,366,2024-07-12,VALIDATION,BANKNIFTY,CE,591740.37,60,4,413.94,24836.4,325.1,496.73,5330.4,4.2,4967.28,115.46,4851.82,596592.19
V8-J,367,2024-07-15,VALIDATION,BANKNIFTY,PE,596592.19,90,6,296.81,26712.9,232.98,356.17,5744.7,4.48,5342.58,124.17,5218.41,601810.6
V8-J,368,2024-07-15,VALIDATION,NIFTY50,CE,601810.6,200,8,144.47,28894.0,114.52,173.36,5990.0,4.8,5778.8,134.31,5644.49,607455.09
V8-J,369,2024-07-15,VALIDATION,NIFTY50,CE,607455.09,175,7,159.18,27856.5,126.47,191.02,5724.25,4.59,-2584.75,106.8,-2691.55,604763.54
V8-J,370,2024-07-16,VALIDATION,NIFTY50,CE,604763.54,225,9,126.82,28534.5,100.76,152.18,5863.5,4.72,-1080.0,113.77,-1193.77,603569.77
V8-J,371,2024-07-16,VALIDATION,BANKNIFTY,PE,603569.77,120,8,212.88,25545.6,168.03,255.46,5382.0,4.23,5109.12,118.76,4990.36,608560.13
V8-J,372,2024-07-16,VALIDATION,BANKNIFTY,PE,608560.13,135,9,201.61,27217.35,159.67,241.93,5661.9,4.47,5443.47,126.53,5316.94,613877.07
V8-J,373,2024-07-18,VALIDATION,NIFTY50,PE,613877.07,425,17,66.7,28347.5,52.67,80.04,5962.75,4.62,5669.5,131.78,5537.72,619414.79
V8-J,374,2024-07-18,VALIDATION,BANKNIFTY,CE,619414.79,60,4,440.07,26404.2,346.31,528.08,5625.6,4.26,5280.84,122.73,5158.11,624572.9
V8-J,375,2024-07-18,VALIDATION,NIFTY50,CE,624572.9,525,21,54.62,28675.5,43.16,65.54,6016.5,4.59,5735.1,133.3,5601.8,630174.7
V8-J,376,2024-07-19,VALIDATION,NIFTY50,PE,630174.7,150,6,197.83,29674.5,156.17,237.4,6249.0,4.71,5934.9,137.94,5796.96,635971.66
V8-J,377,2024-07-19,VALIDATION,NIFTY50,PE,635971.66,150,6,197.42,29613.0,156.45,236.9,6145.5,4.66,5922.6,137.65,5784.95,641756.61
V8-J,378,2024-07-19,VALIDATION,BANKNIFTY,PE,641756.61,75,5,385.32,28899.0,304.08,462.38,6093.0,4.5,5779.8,134.35,5645.45,647402.06
V8-J,379,2024-07-22,VALIDATION,BANKNIFTY,CE,647402.06,105,7,260.18,27318.9,204.74,312.22,5821.2,4.22,-139.65,111.41,-251.06,647151.0
V8-J,380,2024-07-22,VALIDATION,NIFTY50,CE,647151.0,200,8,149.37,29874.0,117.84,179.24,6306.0,4.62,-1124.0,119.12,-1243.12,645907.88
V8-J,381,2024-07-23,VALIDATION,NIFTY50,PE,645907.88,225,9,135.8,30555.0,107.25,162.96,6423.75,4.73,6111.0,142.04,5968.96,651876.84
V8-J,382,2024-07-23,VALIDATION,BANKNIFTY,PE,651876.84,135,9,224.11,30254.85,175.95,268.93,6501.6,4.64,6050.97,140.65,5910.32,657787.16
V8-J,383,2024-07-23,VALIDATION,NIFTY50,PE,657787.16,250,10,121.42,30355.0,95.81,145.7,6402.5,4.61,6071.0,141.11,5929.89,663717.05
V8-J,384,2024-07-24,VALIDATION,NIFTY50,CE,663717.05,300,12,93.91,28173.0,73.28,112.69,6189.0,4.24,5634.6,130.97,5503.63,669220.68
V8-J,385,2024-07-24,VALIDATION,BANKNIFTY,PE,669220.68,210,14,129.57,27209.7,99.37,155.48,6342.0,4.07,5441.94,126.5,5315.44,674536.12
V8-J,386,2024-07-24,VALIDATION,NIFTY50,PE,674536.12,275,11,104.34,28693.5,81.71,125.21,6223.25,4.25,5738.7,133.37,5605.33,680141.45
V8-J,387,2024-07-25,VALIDATION,BANKNIFTY,PE,680141.45,60,4,426.77,25606.2,332.89,512.12,5632.8,3.76,-1429.2,100.82,-1530.02,678611.43
V8-J,388,2024-07-25,VALIDATION,NIFTY50,CE,678611.43,600,24,54.12,32472.0,42.88,64.94,6744.0,4.79,6494.4,150.94,6343.46,684954.89
V8-J,389,2024-07-25,VALIDATION,NIFTY50,CE,684954.89,450,18,72.85,32782.5,57.78,87.42,6781.5,4.79,-6783.48,115.29,-6898.77,678056.12
V8-J,390,2024-07-26,VALIDATION,NIFTY50,CE,678056.12,150,6,197.2,29580.0,156.35,236.64,6127.5,4.36,5916.0,137.52,5778.48,683834.6
V8-J,391,2024-07-26,VALIDATION,NIFTY50,CE,683834.6,150,6,198.45,29767.5,156.95,238.14,6225.0,4.35,5953.5,138.37,5815.13,689649.73
V8-J,392,2024-07-26,VALIDATION,BANKNIFTY,CE,689649.73,75,5,401.01,30075.75,315.87,481.21,6385.5,4.36,6015.15,139.81,5875.34,695525.07
V8-J,393,2024-07-29,VALIDATION,BANKNIFTY,CE,695525.07,120,8,257.51,30901.2,200.95,309.01,6787.2,4.44,6180.24,143.65,6036.59,701561.66
V8-J,394,2024-07-29,VALIDATION,NIFTY50,CE,701561.66,200,8,146.16,29232.0,114.87,175.39,6258.0,4.17,-176.0,119.13,-295.13,701266.53
V8-J,395,2024-07-29,VALIDATION,BANKNIFTY,CE,701266.53,90,6,294.4,26496.0,226.87,353.28,6077.7,3.78,-4448.7,96.05,-4544.75,696721.78
V8-J,396,2024-07-30,VALIDATION,NIFTY50,CE,696721.78,225,9,136.68,30753.0,107.69,164.02,6522.75,4.41,6150.6,142.97,6007.63,702729.41
V8-J,397,2024-07-30,VALIDATION,NIFTY50,CE,702729.41,250,10,123.8,30950.0,98.09,148.56,6427.5,4.4,-582.5,125.04,-707.54,702021.87
V8-J,398,2024-07-30,VALIDATION,BANKNIFTY,CE,702021.87,165,11,198.82,32805.3,156.36,238.58,7005.9,4.67,6561.06,152.51,6408.55,708430.42
V8-J,399,2024-07-31,VALIDATION,NIFTY50,CE,708430.42,350,14,95.93,33575.5,75.87,115.12,7021.0,4.74,6715.1,155.91,6559.19,714989.61
V8-J,400,2024-07-31,VALIDATION,BANKNIFTY,CE,714989.61,285,19,114.42,32609.7,90.11,137.3,6928.35,4.56,6521.94,151.59,6370.35,721359.96
V8-J,401,2024-07-31,VALIDATION,NIFTY50,CE,721359.96,350,14,96.92,33922.0,76.92,116.3,7000.0,4.7,3787.0,149.36,3637.64,724997.6
V8-J,402,2024-08-01,VALIDATION,NIFTY50,PE,724997.6,425,17,78.38,33311.5,62.19,94.06,6880.75,4.59,-6878.77,117.18,-6995.95,718001.65
V8-J,403,2024-08-01,VALIDATION,NIFTY50,PE,718001.65,450,18,75.1,33795.0,59.62,90.12,6966.0,4.71,-6967.62,118.91,-7086.53,710915.12
V8-J,404,2024-08-01,VALIDATION,BANKNIFTY,PE,710915.12,75,5,438.23,32867.25,347.1,525.88,6834.75,4.62,6573.45,152.78,6420.67,717335.79
V8-J,405,2024-08-02,VALIDATION,NIFTY50,PE,717335.79,150,6,221.54,33231.0,174.54,265.85,7050.0,4.63,6646.2,154.47,6491.73,723827.52
V8-J,406,2024-08-02,VALIDATION,BANKNIFTY,CE,723827.52,75,5,379.24,28443.0,298.42,455.09,6061.5,3.93,5688.6,132.23,5556.37,729383.89
V8-J,407,2024-08-05,VALIDATION,BANKNIFTY,PE,729383.89,120,8,250.72,30086.4,195.12,300.86,6672.0,4.12,6017.28,139.88,5877.4,735261.29
V8-J,408,2024-08-05,VALIDATION,NIFTY50,PE,735261.29,200,8,150.54,30108.0,117.09,180.65,6690.0,4.09,6021.6,139.96,5881.64,741142.93
V8-J,409,2024-08-05,VALIDATION,BANKNIFTY,PE,741142.93,135,9,247.36,33393.6,194.16,296.83,7182.0,4.51,-584.55,135.03,-719.58,740423.35
V8-J,410,2024-08-06,VALIDATION,NIFTY50,PE,740423.35,275,11,120.2,33055.0,94.4,144.24,7095.0,4.46,6611.0,153.65,6457.35,746880.7
V8-J,411,2024-08-06,VALIDATION,BANKNIFTY,PE,746880.7,165,11,192.75,31803.75,150.9,231.3,6905.25,4.26,6360.75,147.84,6212.91,753093.61
V8-J,412,2024-08-06,VALIDATION,NIFTY50,PE,753093.61,275,11,119.95,32986.25,94.58,143.94,6976.75,4.38,6597.25,153.33,6443.92,759537.53
V8-J,413,2024-08-07,VALIDATION,BANKNIFTY,PE,759537.53,300,20,111.07,33321.0,86.47,133.28,7380.0,4.39,6664.2,154.89,6509.31,766046.84
V8-J,414,2024-08-07,VALIDATION,NIFTY50,CE,766046.84,375,15,93.26,34972.5,73.22,111.91,7515.0,4.57,6994.5,161.42,6833.08,772879.92
V8-J,415,2024-08-07,VALIDATION,BANKNIFTY,PE,772879.92,285,19,121.34,34581.9,94.83,145.61,7555.35,4.47,6916.38,159.88,6756.5,779636.42
V8-J,416,2024-08-08,VALIDATION,BANKNIFTY,PE,779636.42,75,5,427.93,32094.75,333.52,513.52,7080.75,4.12,6418.95,149.18,6269.77,785906.19
V8-J,417,2024-08-08,VALIDATION,NIFTY50,PE,785906.19,650,26,54.68,35542.0,42.79,65.62,7728.5,4.52,7108.4,163.67,6944.73,792850.92
V8-J,418,2024-08-08,VALIDATION,BANKNIFTY,CE,792850.92,90,6,402.33,36209.7,315.04,482.8,7856.1,4.57,7241.94,166.29,7075.65,799926.57
V8-J,419,2024-08-09,VALIDATION,NIFTY50,CE,799926.57,175,7,207.02,36228.5,162.57,248.42,7778.75,4.53,2037.0,153.93,1883.07,801809.64
V8-J,420,2024-08-09,VALIDATION,BANKNIFTY,CE,801809.64,90,6,371.93,33473.7,292.11,446.32,7183.8,4.17,6694.74,155.49,6539.25,808348.89
V8-J,421,2024-08-12,VALIDATION,NIFTY50,PE,808348.89,250,10,147.64,36910.0,116.47,177.17,7792.5,4.57,-1297.5,147.44,-1444.94,806903.95
V8-J,422,2024-08-12,VALIDATION,BANKNIFTY,PE,806903.95,120,8,299.58,35949.6,235.02,359.5,7747.2,4.46,-5862.0,130.82,-5992.82,800911.13
V8-J,423,2024-08-13,VALIDATION,BANKNIFTY,PE,800911.13,165,11,212.08,34993.2,166.68,254.5,7491.0,4.37,6998.64,161.5,6837.14,807748.27
V8-J,424,2024-08-13,VALIDATION,NIFTY50,PE,807748.27,300,12,120.7,36210.0,95.59,144.84,7533.0,4.48,7242.0,166.3,7075.7,814823.97
V8-J,425,2024-08-13,VALIDATION,BANKNIFTY,PE,814823.97,180,12,204.77,36858.6,161.34,245.72,7817.4,4.52,7371.72,168.85,7202.87,822026.84
V8-J,426,2024-08-14,VALIDATION,NIFTY50,PE,822026.84,400,16,92.72,37088.0,73.31,111.26,7764.0,4.51,-64.0,151.6,-215.6,821811.24
V8-J,427,2024-08-16,VALIDATION,NIFTY50,PE,821811.24,175,7,194.62,34058.5,153.32,233.54,7227.5,4.14,-2278.5,133.04,-2411.54,819399.7
V8-J,428,2024-08-16,VALIDATION,BANKNIFTY,CE,819399.7,90,6,370.7,33363.0,291.82,444.84,7099.2,4.07,6672.6,155.06,6517.54,825917.24
V8-J,429,2024-08-16,VALIDATION,BANKNIFTY,CE,825917.24,90,6,371.62,33445.8,292.95,445.94,7080.3,4.05,23.4,136.94,-113.54,825803.7
V8-J,430,2024-08-19,VALIDATION,BANKNIFTY,PE,825803.7,135,9,285.1,38488.5,224.19,342.12,8222.85,4.66,7697.7,175.26,7522.44,833326.14
V8-J,431,2024-08-19,VALIDATION,NIFTY50,PE,833326.14,250,10,158.66,39665.0,125.48,190.39,8295.0,4.76,7933.0,179.91,7753.09,841079.23
V8-J,432,2024-08-19,VALIDATION,BANKNIFTY,PE,841079.23,150,10,250.83,37624.5,197.51,301.0,7998.0,4.47,7524.9,171.86,7353.04,848432.27
V8-J,433,2024-08-20,VALIDATION,NIFTY50,CE,848432.27,300,12,129.68,38904.0,102.72,155.62,8088.0,4.59,7780.8,176.91,7603.89,856036.16
V8-J,434,2024-08-20,VALIDATION,BANKNIFTY,CE,856036.16,195,13,195.33,38089.35,154.02,234.4,8055.45,4.45,7617.87,173.68,7444.19,863480.35
V8-J,435,2024-08-20,VALIDATION,BANKNIFTY,CE,863480.35,165,11,243.23,40132.95,192.41,291.88,8385.3,4.65,8026.59,181.67,7844.92,871325.27
V8-J,436,2024-08-21,VALIDATION,BANKNIFTY,PE,871325.27,315,21,125.88,39652.2,99.07,151.06,8445.15,4.55,7930.44,179.86,7750.58,879075.85
V8-J,437,2024-08-21,VALIDATION,NIFTY50,CE,879075.85,425,17,94.98,40366.5,75.3,113.98,8364.0,4.59,8073.3,182.45,7890.85,886966.7
V8-J,438,2024-08-21,VALIDATION,NIFTY50,CE,886966.7,375,15,111.28,41730.0,88.23,133.54,8643.75,4.7,8346.0,187.01,8158.99,895125.69
V8-J,439,2024-08-22,VALIDATION,BANKNIFTY,CE,895125.69,90,6,426.4,38376.0,335.16,511.68,8211.6,4.29,7675.2,174.82,7500.38,902626.07
V8-J,440,2024-08-22,VALIDATION,BANKNIFTY,CE,902626.07,90,6,432.72,38944.8,342.98,519.26,8076.6,4.31,-2205.9,153.25,-2359.15,900266.92
V8-J,441,2024-08-23,VALIDATION,NIFTY50,PE,900266.92,200,8,198.62,39724.0,157.16,238.34,8292.0,4.41,-12.0,162.53,-174.53,900092.39
V8-J,442,2024-08-26,VALIDATION,NIFTY50,CE,900092.39,275,11,155.97,42891.75,123.43,187.16,8948.5,4.77,-412.5,171.23,-583.73,899508.66
V8-J,443,2024-08-26,VALIDATION,BANKNIFTY,CE,899508.66,135,9,297.46,40157.1,235.07,356.95,8422.65,4.46,-5877.9,147.89,-6025.79,893482.87
V8-J,444,2024-08-27,VALIDATION,NIFTY50,PE,893482.87,325,13,124.17,40355.25,98.42,149.0,8368.75,4.52,3.25,164.74,-161.49,893321.38
V8-J,445,2024-08-27,VALIDATION,BANKNIFTY,PE,893321.38,210,14,196.22,41206.2,154.23,235.46,8817.9,4.61,-630.0,165.82,-795.82,892525.56
V8-J,446,2024-08-28,VALIDATION,NIFTY50,PE,892525.56,425,17,96.19,40880.75,76.17,115.43,8508.5,4.58,-38.25,166.17,-204.42,892321.14
V8-J,447,2024-08-28,VALIDATION,BANKNIFTY,PE,892321.14,360,24,113.51,40863.6,89.62,136.21,8600.4,4.58,115.2,166.46,-51.26,892269.88
V8-J,448,2024-08-29,VALIDATION,BANKNIFTY,CE,892269.88,90,6,410.26,36923.4,324.25,492.31,7740.9,4.14,-403.2,149.97,-553.17,891716.71
V8-J,449,2024-08-29,VALIDATION,NIFTY50,CE,891716.71,750,30,55.71,41782.5,44.2,66.85,8632.5,4.69,8356.5,187.19,8169.31,899886.02
V8-J,450,2024-08-29,VALIDATION,NIFTY50,CE,899886.02,750,30,57.15,42862.5,45.35,68.58,8850.0,4.76,8572.5,190.81,8381.69,908267.71
V8-J,451,2024-08-30,VALIDATION,BANKNIFTY,CE,908267.71,105,7,395.26,41502.3,313.22,474.31,8614.2,4.57,-1862.7,163.77,-2026.47,906241.24
V8-J,452,2024-09-02,VALIDATION,BANKNIFTY,PE,906241.24,150,10,289.12,43368.0,228.97,346.94,9022.5,4.79,8673.6,192.5,8481.1,914722.34
V8-J,453,2024-09-02,VALIDATION,NIFTY50,PE,914722.34,275,11,152.97,42066.75,121.58,183.56,8632.25,4.6,8413.35,188.14,8225.21,922947.55
V8-J,454,2024-09-02,VALIDATION,BANKNIFTY,PE,922947.55,165,11,254.81,42043.65,201.84,305.77,8740.05,4.56,-105.6,169.41,-275.01,922672.54
V8-J,455,2024-09-03,VALIDATION,NIFTY50,PE,922672.54,350,14,125.41,43893.5,99.59,150.49,9037.0,4.76,0.0,175.04,-175.04,922497.5
V8-J,456,2024-09-03,VALIDATION,BANKNIFTY,PE,922497.5,165,11,246.82,40725.3,194.95,296.18,8558.55,4.41,8145.06,183.66,7961.4,930458.9
V8-J,457,2024-09-04,VALIDATION,BANKNIFTY,PE,930458.9,270,18,156.04,42130.8,123.2,187.25,8866.8,4.53,8426.16,188.36,8237.8,938696.7
V8-J,458,2024-09-04,VALIDATION,NIFTY50,CE,938696.7,450,18,96.66,43497.0,76.89,115.99,8896.5,4.63,8699.4,192.94,8506.46,947203.16
V8-J,459,2024-09-04,VALIDATION,NIFTY50,CE,947203.16,475,19,96.89,46022.75,76.98,116.27,9457.25,4.86,2712.25,187.18,2525.07,949728.23
V8-J,460,2024-09-05,VALIDATION,NIFTY50,PE,949728.23,550,22,80.22,44121.0,63.6,96.26,9141.0,4.65,-9140.99,152.7,-9293.69,940434.54
V8-J,461,2024-09-05,VALIDATION,NIFTY50,PE,940434.54,600,24,75.09,45054.0,59.58,90.11,9306.0,4.79,9010.8,198.16,8812.64,949247.18
V8-J,462,2024-09-05,VALIDATION,BANKNIFTY,PE,949247.18,90,6,460.86,41477.4,365.44,553.03,8587.8,4.37,-3220.2,159.91,-3380.11,945867.07
V8-J,463,2024-09-06,VALIDATION,BANKNIFTY,PE,945867.07,105,7,383.31,40247.55,300.42,459.97,8703.45,4.26,8049.51,182.05,7867.46,953734.53
V8-J,464,2024-09-06,VALIDATION,NIFTY50,PE,953734.53,200,8,199.42,39884.0,156.78,239.3,8528.0,4.18,7976.8,180.76,7796.04,961530.57
V8-J,465,2024-09-06,VALIDATION,BANKNIFTY,PE,961530.57,120,8,376.68,45201.6,297.17,452.02,9541.2,4.7,9040.32,198.65,8841.67,970372.24
V8-J,466,2024-09-09,VALIDATION,NIFTY50,CE,970372.24,300,12,146.05,43815.0,115.53,175.26,9156.0,4.52,8763.0,194.01,8568.99,978941.23
V8-J,467,2024-09-09,VALIDATION,BANKNIFTY,CE,978941.23,180,12,252.06,45370.8,198.57,302.47,9628.2,4.63,9074.16,199.22,8874.94,987816.17
V8-J,468,2024-09-09,VALIDATION,BANKNIFTY,CE,987816.17,150,10,302.96,45444.0,238.55,363.55,9661.5,4.6,9088.8,199.47,8889.33,996705.5
V8-J,469,2024-09-10,VALIDATION,NIFTY50,PE,996705.5,325,13,141.55,46003.75,112.06,169.86,9584.25,4.62,-5710.25,168.67,-5878.92,990826.58
V8-J,470,2024-09-10,VALIDATION,BANKNIFTY,CE,990826.58,195,13,227.08,44280.6,179.64,272.5,9250.8,4.47,-5803.2,162.56,-5965.76,984860.82
V8-J,471,2024-09-11,VALIDATION,BANKNIFTY,CE,984860.82,405,27,113.75,46068.75,89.58,136.5,9788.85,4.68,9213.75,201.56,9012.19,993873.01
V8-J,472,2024-09-11,VALIDATION,NIFTY50,CE,993873.01,475,19,96.39,45785.25,76.33,115.67,9528.5,4.61,-1847.75,176.49,-2024.24,991848.77
V8-J,473,2024-09-11,VALIDATION,BANKNIFTY,CE,991848.77,405,27,113.87,46117.35,89.64,136.64,9813.15,4.65,9223.47,201.72,9021.75,1000870.52
V8-J,474,2024-09-12,VALIDATION,BANKNIFTY,PE,1000870.52,105,7,409.27,42973.35,322.2,491.12,9142.35,4.29,-4153.8,162.56,-4316.36,996554.16
V8-J,475,2024-09-12,VALIDATION,NIFTY50,PE,996554.16,800,32,58.16,46528.0,45.86,69.79,9840.0,4.67,9305.6,203.1,9102.5,1005656.66
V8-J,476,2024-09-12,VALIDATION,NIFTY50,PE,1005656.66,725,29,64.34,46646.5,50.78,77.21,9831.0,4.64,9329.3,203.48,9125.82,1014782.48
V8-J,477,2024-09-13,VALIDATION,BANKNIFTY,CE,1014782.48,120,8,381.7,45804.0,301.57,458.04,9615.6,4.51,9160.8,200.67,8960.13,1023742.61
V8-J,478,2024-09-13,VALIDATION,BANKNIFTY,CE,1023742.61,105,7,432.04,45364.2,341.82,518.45,9473.1,4.43,-2527.35,173.78,-2701.13,1021041.48
V8-J,479,2024-09-16,VALIDATION,BANKNIFTY,CE,1021041.48,165,11,285.69,47138.85,225.72,342.83,9895.05,4.62,9427.77,205.13,9222.64,1030264.12
V8-J,480,2024-09-16,VALIDATION,NIFTY50,CE,1030264.12,300,12,162.23,48669.0,128.54,194.68,10107.0,4.72,-3924.0,180.34,-4104.34,1026159.78
V8-J,481,2024-09-16,VALIDATION,BANKNIFTY,CE,1026159.78,180,12,258.87,46596.6,205.49,310.64,9608.4,4.54,12.6,182.92,-170.32,1025989.46
V8-J,482,2024-09-17,VALIDATION,NIFTY50,CE,1025989.46,350,14,140.22,49077.0,111.52,168.26,10045.0,4.78,-2422.0,184.82,-2606.82,1023382.64
V8-J,483,2024-09-17,VALIDATION,BANKNIFTY,CE,1023382.64,240,16,200.91,48218.4,159.63,241.09,9907.2,4.71,-446.4,186.67,-633.07,1022749.57
V8-J,484,2024-09-18,VALIDATION,NIFTY50,CE,1022749.57,500,20,97.77,48885.0,77.6,117.32,10085.0,4.78,9777.0,210.99,9566.01,1032315.58
V8-J,485,2024-09-18,VALIDATION,NIFTY50,CE,1032315.58,450,18,108.27,48721.5,85.94,129.92,10048.5,4.72,9744.3,210.45,9533.85,1041849.43
V8-J,486,2024-09-18,VALIDATION,BANKNIFTY,CE,1041849.43,420,28,117.23,49236.6,92.57,140.68,10357.2,4.73,9847.32,212.18,9635.14,1051484.57
V8-J,487,2024-09-19,VALIDATION,NIFTY50,CE,1051484.57,850,34,56.69,48186.5,44.56,68.03,10310.5,4.58,-901.0,185.58,-1086.58,1050397.99
V8-J,488,2024-09-19,VALIDATION,BANKNIFTY,PE,1050397.99,105,7,458.49,48141.45,360.31,550.19,10308.9,4.58,-3579.45,179.55,-3759.0,1046638.99
V8-J,489,2024-09-20,VALIDATION,NIFTY50,CE,1046638.99,225,9,207.59,46707.75,163.22,249.11,9983.25,4.46,9341.55,203.7,9137.85,1055776.84
V8-J,490,2024-09-20,VALIDATION,BANKNIFTY,CE,1055776.84,120,8,394.19,47302.8,310.89,473.03,9996.0,4.48,9460.56,205.69,9254.87,1065031.71
V8-J,491,2024-09-20,VALIDATION,NIFTY50,CE,1065031.71,225,9,216.23,48651.75,170.42,259.48,10307.25,4.57,9730.35,210.21,9520.14,1074551.85
V8-J,492,2024-09-23,VALIDATION,BANKNIFTY,CE,1074551.85,180,12,267.6,48168.0,208.12,321.12,10706.4,4.48,9633.6,208.6,9425.0,1083976.85
V8-J,493,2024-09-23,VALIDATION,NIFTY50,CE,1083976.85,325,13,152.12,49439.0,119.64,182.54,10556.0,4.56,9887.8,212.85,9674.95,1093651.8
V8-J,494,2024-09-23,VALIDATION,BANKNIFTY,CE,1093651.8,165,11,297.83,49141.95,232.75,357.4,10738.2,4.49,9828.39,211.86,9616.53,1103268.33
V8-J,495,2024-09-24,VALIDATION,NIFTY50,CE,1103268.33,375,15,139.64,52365.0,110.85,167.57,10796.25,4.75,10473.0,222.66,10250.34,1113518.67
V8-J,496,2024-09-24,VALIDATION,NIFTY50,CE,1113518.67,400,16,128.82,51528.0,102.19,154.58,10652.0,4.63,12.0,197.29,-185.29,1113333.38
V8-J,497,2024-09-24,VALIDATION,BANKNIFTY,PE,1113333.38,240,16,207.71,49850.4,163.86,249.25,10524.0,4.48,9970.08,214.24,9755.84,1123089.22
V8-J,498,2024-09-25,VALIDATION,BANKNIFTY,CE,1123089.22,390,26,134.04,52275.6,106.14,160.85,10881.0,4.65,10455.12,222.35,10232.77,1133321.99
V8-J,499,2024-09-25,VALIDATION,BANKNIFTY,CE,1133321.99,360,24,151.21,54435.6,119.94,181.45,11257.2,4.8,-11256.5,181.07,-11437.57,1121884.42
V8-J,500,2024-09-25,VALIDATION,NIFTY50,PE,1121884.42,475,19,111.86,53133.5,88.84,134.23,10934.5,4.74,-6365.0,187.99,-6552.99,1115331.43
V8-J,501,2024-09-26,VALIDATION,NIFTY50,CE,1115331.43,650,26,80.86,52559.0,64.09,97.03,10900.5,4.71,-10899.8,176.39,-11076.19,1104255.24
V8-J,502,2024-09-26,VALIDATION,BANKNIFTY,CE,1104255.24,120,8,433.38,52005.6,343.01,520.06,10844.4,4.71,10401.12,221.45,10179.67,1114434.91
V8-J,503,2024-09-26,VALIDATION,NIFTY50,CE,1114434.91,925,37,57.95,53603.75,46.0,69.54,11053.75,4.81,10720.75,226.8,10493.95,1124928.86
V8-J,504,2024-09-27,VALIDATION,NIFTY50,CE,1124928.86,225,9,227.74,51241.5,180.56,273.29,10615.5,4.56,-4153.5,187.33,-4340.83,1120588.03
V8-J,505,2024-09-27,VALIDATION,BANKNIFTY,PE,1120588.03,120,8,398.23,47787.6,314.45,477.88,10053.6,4.26,9557.52,207.32,9350.2,1129938.23
V8-J,506,2024-09-30,VALIDATION,BANKNIFTY,PE,1129938.23,195,13,264.24,51526.8,207.6,317.09,11044.8,4.56,10305.36,219.85,10085.51,1140023.74
V8-J,507,2024-09-30,VALIDATION,NIFTY50,PE,1140023.74,350,14,152.19,53266.5,120.6,182.63,11056.5,4.67,10653.3,225.68,10427.62,1150451.36
V8-J,508,2024-09-30,VALIDATION,BANKNIFTY,PE,1150451.36,180,12,301.33,54239.4,238.27,361.6,11350.8,4.71,10847.88,228.93,10618.95,1161070.31
V8-J,509,2024-10-01,VALIDATION,NIFTY50,PE,1161070.31,425,17,127.9,54357.5,100.98,153.48,11441.0,4.68,-85.0,205.32,-290.32,1160779.99
V8-J,510,2024-10-03,VALIDATION,BANKNIFTY,PE,1160779.99,120,8,418.86,50263.2,329.56,502.63,10716.0,4.33,10052.64,215.61,9837.03,1170617.02
V8-J,511,2024-10-03,VALIDATION,NIFTY50,PE,1170617.02,975,39,56.08,54678.0,44.27,67.3,11514.75,4.67,10935.6,230.41,10705.19,1181322.21
V8-J,512,2024-10-03,VALIDATION,BANKNIFTY,PE,1181322.21,120,8,452.14,54256.8,355.37,542.57,11612.4,4.59,3705.6,213.33,3492.27,1184814.48
V8-J,513,2024-10-04,VALIDATION,BANKNIFTY,CE,1184814.48,120,8,403.66,48439.2,315.23,484.39,10611.6,4.09,9687.84,209.5,9478.34,1194292.82
V8-J,514,2024-10-04,VALIDATION,BANKNIFTY,CE,1194292.82,135,9,384.36,51888.6,299.41,461.23,11468.25,4.34,10377.72,221.06,10156.66,1204449.48
V8-J,515,2024-10-04,VALIDATION,NIFTY50,CE,1204449.48,250,10,220.39,55097.5,172.78,264.47,11902.5,4.57,11019.5,231.81,10787.69,1215237.17
V8-J,516,2024-10-07,VALIDATION,BANKNIFTY,PE,1215237.17,180,12,294.42,52995.6,229.86,353.3,11620.8,4.36,10599.12,224.77,10374.35,1225611.52
V8-J,517,2024-10-07,VALIDATION,NIFTY50,PE,1225611.52,375,15,147.22,55207.5,115.6,176.66,11857.5,4.5,11041.5,232.18,10809.32,1236420.84
V8-J,518,2024-10-07,VALIDATION,NIFTY50,PE,1236420.84,350,14,155.42,54397.0,121.37,186.5,11917.5,4.4,10879.4,229.46,10649.94,1247070.78
V8-J,519,2024-10-08,VALIDATION,BANKNIFTY,CE,1247070.78,270,18,195.62,52817.4,149.45,234.74,12465.9,4.24,10563.48,224.17,10339.31,1257410.09
V8-J,520,2024-10-08,VALIDATION,NIFTY50,CE,1257410.09,450,18,123.21,55444.5,96.21,147.85,12150.0,4.41,11088.9,232.97,10855.93,1268266.02
V8-J,521,2024-10-08,VALIDATION,NIFTY50,CE,1268266.02,475,19,123.61,58714.75,96.94,148.33,12668.25,4.63,11742.95,243.94,11499.01,1279765.03
V8-J,522,2024-10-09,VALIDATION,NIFTY50,CE,1279765.03,600,24,96.79,58074.0,75.98,116.15,12486.0,4.54,11614.8,241.78,11373.02,1291138.05
V8-J,523,2024-10-09,VALIDATION,BANKNIFTY,CE,1291138.05,480,32,117.72,56505.6,91.42,141.26,12624.0,4.38,-5236.8,200.3,-5437.1,1285700.95
V8-J,524,2024-10-09,VALIDATION,NIFTY50,CE,1285700.95,625,25,96.53,60331.25,76.28,115.84,12656.25,4.69,12066.25,249.34,11816.91,1297517.86
V8-J,525,2024-10-10,VALIDATION,NIFTY50,PE,1297517.86,1100,44,55.53,61083.0,43.76,66.64,12947.0,4.71,12216.6,251.86,11964.74,1309482.6
V8-J,526,2024-10-10,VALIDATION,BANKNIFTY,CE,1309482.6,120,8,456.35,54762.0,359.13,547.62,11666.4,4.18,10952.4,230.68,10721.72,1320204.32
V8-J,527,2024-10-10,VALIDATION,BANKNIFTY,CE,1320204.32,135,9,417.14,56313.9,328.82,500.57,11923.2,4.27,11262.78,235.89,11026.89,1331231.21
V8-J,528,2024-10-11,VALIDATION,NIFTY50,CE,1331231.21,300,12,200.01,60003.0,158.24,240.01,12531.0,4.51,-48.0,221.85,-269.85,1330961.36
V8-J,529,2024-10-11,VALIDATION,BANKNIFTY,PE,1330961.36,150,10,389.99,58498.5,307.31,467.99,12402.0,4.4,-2056.5,213.05,-2269.55,1328691.81
V8-J,530,2024-10-14,VALIDATION,NIFTY50,CE,1328691.81,400,16,150.69,60276.0,119.12,180.83,12628.0,4.54,12055.2,249.16,11806.04,1340497.85
V8-J,531,2024-10-14,VALIDATION,BANKNIFTY,CE,1340497.85,240,16,256.77,61624.8,202.95,308.12,12916.8,4.6,12324.96,253.69,12071.27,1352569.12
V8-J,532,2024-10-14,VALIDATION,NIFTY50,CE,1352569.12,425,17,150.28,63869.0,119.2,180.34,13209.0,4.72,-1117.75,230.77,-1348.52,1351220.6
V8-J,533,2024-10-15,VALIDATION,NIFTY50,PE,1351220.6,425,17,147.19,62555.75,116.24,176.63,13153.75,4.63,12511.15,256.8,12254.35,1363474.95
V8-J,534,2024-10-15,VALIDATION,BANKNIFTY,PE,1363474.95,315,21,198.92,62659.8,156.74,238.7,13286.7,4.6,-872.55,227.76,-1100.31,1362374.64
V8-J,535,2024-10-15,VALIDATION,NIFTY50,PE,1362374.64,525,21,124.42,65320.5,98.57,149.3,13571.25,4.79,13064.1,266.06,12798.04,1375172.68
V8-J,536,2024-10-16,VALIDATION,NIFTY50,CE,1375172.68,550,22,114.53,62991.5,90.6,137.44,13161.5,4.58,-10741.5,207.12,-10948.62,1364224.06
V8-J,537,2024-10-16,VALIDATION,BANKNIFTY,CE,1364224.06,390,26,161.93,63152.7,127.54,194.32,13412.1,4.63,-13410.15,201.73,-13611.88,1350612.18
V8-J,538,2024-10-17,VALIDATION,NIFTY50,PE,1350612.18,1100,44,57.98,63778.0,45.78,69.58,13420.0,4.72,12755.6,260.89,12494.71,1363106.89
V8-J,539,2024-10-17,VALIDATION,BANKNIFTY,PE,1363106.89,150,10,410.83,61624.5,323.41,493.0,13113.0,4.52,12324.9,253.69,12071.21,1375178.1
V8-J,540,2024-10-17,VALIDATION,BANKNIFTY,PE,1375178.1,135,9,455.14,61443.9,359.07,546.17,12969.45,4.47,-5991.3,213.02,-6204.32,1368973.78
V8-J,541,2024-10-18,VALIDATION,NIFTY50,CE,1368973.78,300,12,201.6,60480.0,158.74,241.92,12858.0,4.42,12096.0,249.84,11846.16,1380819.94
V8-J,542,2024-10-18,VALIDATION,BANKNIFTY,CE,1380819.94,150,10,413.03,61954.5,324.0,495.64,13354.5,4.49,12390.9,254.79,12136.11,1392956.05
V8-J,543,2024-10-18,VALIDATION,NIFTY50,CE,1392956.05,325,13,198.95,64658.75,157.21,238.74,13565.5,4.64,8193.25,253.47,7939.78,1400895.83
V8-J,544,2024-10-21,VALIDATION,NIFTY50,PE,1400895.83,425,17,145.73,61935.25,114.11,174.88,13438.5,4.42,12387.05,254.73,12132.32,1413028.15
V8-J,545,2024-10-21,VALIDATION,BANKNIFTY,PE,1413028.15,225,15,279.92,62982.0,220.23,335.9,13430.25,4.46,12596.4,258.24,12338.16,1425366.31
V8-J,546,2024-10-21,VALIDATION,NIFTY50,PE,1425366.31,400,16,163.59,65436.0,129.16,196.31,13772.0,4.59,-7252.0,221.88,-7473.88,1417892.43
V8-J,547,2024-10-22,VALIDATION,BANKNIFTY,CE,1417892.43,255,17,243.08,61985.4,189.91,291.7,13558.35,4.37,12397.08,254.89,12142.19,1430034.62
V8-J,548,2024-10-22,VALIDATION,NIFTY50,CE,1430034.62,450,18,141.34,63603.0,110.77,169.61,13756.5,4.45,-12222.0,205.66,-12427.66,1417606.96
V8-J,549,2024-10-22,VALIDATION,BANKNIFTY,PE,1417606.96,270,18,228.38,61662.6,178.1,274.06,13575.6,4.35,12332.52,253.81,12078.71,1429685.67
V8-J,550,2024-10-23,VALIDATION,NIFTY50,CE,1429685.67,675,27,94.21,63591.75,73.66,113.05,13871.25,4.45,12718.35,260.28,12458.07,1442143.74
V8-J,551,2024-10-23,VALIDATION,NIFTY50,CE,1442143.74,700,28,94.32,66024.0,73.93,113.18,14273.0,4.58,13204.8,268.43,12936.37,1455080.11
V8-J,552,2024-10-23,VALIDATION,NIFTY50,CE,1455080.11,575,23,115.5,66412.5,90.73,138.6,14242.75,4.56,13282.5,269.72,13012.78,1468092.89
V8-J,553,2024-10-24,VALIDATION,NIFTY50,PE,1468092.89,950,38,72.73,69093.5,57.28,87.28,14677.5,4.71,13818.7,278.7,13540.0,1481632.89
V8-J,554,2024-10-24,VALIDATION,NIFTY50,PE,1481632.89,1325,53,54.2,71815.0,43.06,65.04,14760.5,4.85,14363.0,287.83,14075.17,1495708.06
V8-J,555,2024-10-24,VALIDATION,BANKNIFTY,CE,1495708.06,165,11,414.21,68344.65,327.0,497.05,14389.65,4.57,-255.75,245.68,-501.43,1495206.63
V8-J,556,2024-10-25,VALIDATION,NIFTY50,PE,1495206.63,350,14,194.59,68106.5,153.26,233.51,14465.5,4.55,13621.3,275.39,13345.91,1508552.54
V8-J,557,2024-10-25,VALIDATION,BANKNIFTY,PE,1508552.54,180,12,372.03,66965.4,289.41,446.44,14871.6,4.44,13393.08,271.58,13121.5,1521674.04
V8-J,558,2024-10-25,VALIDATION,NIFTY50,PE,1521674.04,325,13,206.07,66972.75,161.88,247.28,14361.75,4.4,13394.55,271.6,13122.95,1534796.99
V8-J,559,2024-10-28,VALIDATION,BANKNIFTY,CE,1534796.99,270,18,255.61,69014.7,198.82,306.73,15333.3,4.5,13802.94,278.44,13524.5,1548321.49
V8-J,560,2024-10-28,VALIDATION,NIFTY50,CE,1548321.49,500,20,143.36,71680.0,112.55,172.03,15405.0,4.63,14336.0,287.37,14048.63,1562370.12
V8-J,561,2024-10-28,VALIDATION,NIFTY50,CE,1562370.12,450,18,164.55,74047.5,129.91,197.46,15588.0,4.74,14809.5,295.3,14514.2,1576884.32
V8-J,562,2024-10-29,VALIDATION,NIFTY50,PE,1576884.32,500,20,141.24,70620.0,111.08,169.49,15080.0,4.48,-15079.8,219.84,-15299.64,1561584.68
V8-J,563,2024-10-29,VALIDATION,BANKNIFTY,CE,1561584.68,300,20,232.37,69711.0,181.19,278.84,15354.0,4.46,13942.2,280.77,13661.43,1575246.11
V8-J,564,2024-10-29,VALIDATION,BANKNIFTY,CE,1575246.11,300,20,238.19,71457.0,186.56,285.83,15489.0,4.54,14291.4,286.62,14004.78,1589250.89
V8-J,565,2024-10-30,VALIDATION,BANKNIFTY,PE,1589250.89,465,31,154.49,71837.85,120.78,185.39,15675.15,4.52,14367.57,287.9,14079.67,1603330.56
V8-J,566,2024-10-30,VALIDATION,BANKNIFTY,PE,1603330.56,585,39,125.4,73359.0,98.23,150.48,15894.45,4.58,14671.8,292.99,14378.81,1617709.37
V8-J,567,2024-10-30,VALIDATION,NIFTY50,CE,1617709.37,800,32,94.0,75200.0,74.27,112.8,15784.0,4.65,15040.0,299.17,14740.83,1632450.2
V8-J,568,2024-10-31,VALIDATION,NIFTY50,PE,1632450.2,1225,49,62.24,76244.0,49.11,74.69,16084.25,4.67,15248.8,302.67,14946.13,1647396.33
V8-J,569,2024-10-31,VALIDATION,BANKNIFTY,CE,1647396.33,165,11,449.73,74205.45,353.33,539.68,15906.0,4.5,-7459.65,246.98,-7706.63,1639689.7
V8-J,570,2024-10-31,VALIDATION,NIFTY50,PE,1639689.7,1450,58,53.87,78111.5,42.57,64.64,16385.0,4.76,15622.3,308.91,15313.39,1655003.09
V8-J,571,2024-11-04,VALIDATION,BANKNIFTY,PE,1655003.09,300,20,254.8,76440.0,199.84,305.76,16488.0,4.62,15288.0,303.31,14984.69,1669987.78
V8-J,572,2024-11-04,VALIDATION,NIFTY50,PE,1669987.78,550,22,140.17,77093.5,110.17,168.2,16500.0,4.62,-2040.5,267.24,-2307.74,1667680.04
V8-J,573,2024-11-04,VALIDATION,BANKNIFTY,PE,1667680.04,300,20,257.33,77199.0,203.25,308.8,16224.0,4.63,-1377.0,269.01,-1646.01,1666034.03
V8-J,574,2024-11-05,VALIDATION,BANKNIFTY,CE,1666034.03,375,25,196.83,73811.25,153.65,236.2,16192.5,4.43,14762.25,294.5,14467.75,1680501.78
V8-J,575,2024-11-05,VALIDATION,BANKNIFTY,PE,1680501.78,375,25,196.23,73586.25,152.68,235.48,16331.25,4.38,14717.25,293.76,14423.49,1694925.27
V8-J,576,2024-11-05,VALIDATION,NIFTY50,PE,1694925.27,650,26,118.46,76999.0,93.11,142.15,16477.5,4.54,-11245.0,246.81,-11491.81,1683433.46
