i,timestamp,direction,spot,open,high,low,prev_open,prev_high,prev_low,prev_close,ema20,ema50,rsi,ema_sep_pct,body_pct,upper_wick,lower_wick,close_loc,range_vs_atr,pullback_depth_pct,band_pos,sig_bull,prev_bull,u5,u10,u15,u30,u60,next_dirs,contract_found,premium,option_atr,strike,strike_dist,expiry,dte,instrument_key,o5,o10,o15,o30,o60,opt_next_dirs
116,2024-10-03T12:40:00+05:30,PE,25396.95,25410.2,25410.55,25393.7,25386.9,25414.3,25386.8,25409.9,25423.219166,25515.962198,38.5172,0.36347064351455866,0.7863501483680204,0.020771513353031158,0.1928783382789484,0.1928783382789484,0.7158143830856138,-0.04983305189353406,0.13898163783692663,False,True,-0.07619025119158868,-0.05394348533977792,-0.08701832306636105,-0.18663658431426394,-0.4437540728315831,"down,up,down",True,43.95,11.153384,25400.0,3.0499999999992724,2024-10-03,0.0,NSE_FO|58530|03-10-2024,0.0,21.84300341296927,21.84300341296927,21.27417519908986,40.386803185438,"flat,up,flat"
143,2024-10-03T14:55:00+05:30,PE,25246.75,25268.7,25273.85,25240.95,25245.2,25269.25,25239.25,25268.7,25276.137759,25359.468363,40.0141,0.32859759836913605,0.6671732522797016,0.15653495440723889,0.1762917933130595,0.1762917933130595,1.2491517443340174,-0.009051062396540216,0.1616382986685874,False,True,0.029904839236730558,0.06119599552417926,0.04634259855229179,0.07624743778902235,-0.22656381514452642,"up,up,down",True,5.55,8.017341,25250.0,3.25,2024-10-03,0.0,NSE_FO|58523|03-10-2024,0.0,-53.153153153153156,-53.153153153153156,-96.39639639639638,-99.09909909909909,"flat,down,flat"
150,2024-10-04T09:15:00+05:30,PE,25166.1,25181.9,25287.9,25164.2,25248.75,25274.1,25245.85,25266.0,25258.161976,25331.016632,44.4514,0.28761047003523804,0.1277283751010737,0.856911883589324,0.015359741309602312,0.015359741309602312,3.998810765962366,0.1177362946213535,0.23207571923408596,False,True,-0.10212150472261135,-0.14146013883755745,0.12973802059119793,0.15755321643004463,0.0395373140852207,"down,down,up",True,157.9,0.0,25150.0,-16.099999999998545,2024-10-10,6.0,NSE_FO|48531|10-10-2024,0.0,4.211526282457255,4.211526282457255,-6.58644711842939,-6.839772007599754,"flat,up,flat"
161,2024-10-04T10:10:00+05:30,PE,25213.7,25237.5,25237.9,25200.8,25257.7,25262.4,25237.0,25237.05,25231.566916,25288.901045,48.8465,0.22671656984214728,0.6415094339622068,0.010781671159068239,0.347708894878725,0.347708894878725,0.8936236436341198,0.02509984425892201,0.18061102458829267,False,False,-0.14932358202089124,-0.08110669992900973,-0.05790502782218469,0.27445396748593315,0.4715690279490825,"down,up,up",True,157.75,23.015226,25200.0,-13.700000000000728,2024-10-10,6.0,NSE_FO|48536|10-10-2024,0.0,9.477020602218692,9.477020602218692,5.388272583201268,-17.629160063391446,"flat,up,flat"
162,2024-10-04T10:15:00+05:30,PE,25176.05,25212.0,25222.0,25176.05,25237.5,25237.9,25200.8,25213.7,25226.279591,25284.475514,44.9731,0.2301646437861837,0.7823721436343887,0.21762785636561136,0.0,0.0,1.0984138927293707,-0.016964812367835053,0.15724177090676097,False,False,0.06831889831804722,0.09155526780412049,0.3268979843938953,0.45201689701124387,0.5969959544884892,"up,up,up",True,172.7,22.937363,25200.0,23.950000000000728,2024-10-10,6.0,NSE_FO|48536|10-10-2024,0.0,-2.431962941517075,-2.431962941517075,-20.353213665315565,-23.074696004632308,"flat,down,flat"
231,2024-10-07T09:45:00+05:30,PE,25038.0,25072.9,25072.9,25034.0,25081.25,25094.2,25063.5,25071.95,25057.615308,25107.200668,51.0219,0.19749457797260211,0.8971722365038599,0.0,0.10282776349614012,0.10282776349614012,1.0548893933556573,0.06099819081794759,0.2005545504544168,False,False,0.13219905743269647,0.15875868679606997,-0.015576323987544752,0.08267433501078651,-0.5505631440210821,"up,up,down",True,157.9,20.427557,25050.0,12.0,2024-10-10,3.0,NSE_FO|47173|10-10-2024,0.0,0.0,0.0,-12.3812539582014,-1.2666244458518048,"flat,flat,flat"
234,2024-10-07T10:00:00+05:30,PE,25034.1,25077.05,25086.25,25027.75,25073.0,25083.75,25057.25,25077.75,25058.162002,25101.917485,52.4433,0.17431131715793233,0.7341880341880467,0.1572649572649697,0.10854700854698367,0.10854700854698367,1.4978933090795814,0.11209121402342773,0.2289395633463478,False,True,0.02596458430700525,0.09866542036662285,0.09826596522344395,-0.06151609205043448,-0.7927187316500177,"up,up,down",True,155.9,22.363349,25050.0,15.900000000001455,2024-10-10,3.0,NSE_FO|47173|10-10-2024,0.0,0.0,0.0,-2.219371391917901,-3.880692751763958,"flat,flat,flat"
238,2024-10-07T10:20:00+05:30,PE,25049.5,25059.0,25066.95,25041.4,25059.45,25079.75,25053.1,25058.7,25056.194385,25094.540031,49.1632,0.15280473741551792,0.37181996086106733,0.31115459882586904,0.3170254403130636,0.3170254403130636,0.7047891873477037,0.04292597205599886,0.1905144289199983,False,False,-0.11517195952014429,-0.12295654603884018,-0.3135791133555531,-0.5758597976007506,-0.37266212898460466,"down,down,down",True,153.35,16.668092,25050.0,0.5,2024-10-10,3.0,NSE_FO|47173|10-10-2024,0.0,0.0,0.0,9.944571242256277,26.14933159439191,"flat,flat,flat"
239,2024-10-07T10:25:00+05:30,PE,25020.65,25049.45,25053.15,25019.5,25059.0,25066.95,25041.4,25049.5,25052.809206,25091.642383,47.1669,0.15476538525157252,0.8558692421990498,0.10995542347698567,0.0341753343239645,0.0341753343239645,0.9330086223028725,0.0013603025401163966,0.167422390300066,False,False,-0.007793562517363567,-0.19863592672452846,-0.19304054850694488,-0.494591467447888,-0.18164995713540907,"down,down,up",True,147.1,14.897818,25000.0,-20.650000000001455,2024-10-10,3.0,NSE_FO|47171|10-10-2024,0.0,0.0,0.0,2.379333786539769,15.363698164513934,"flat,flat,flat"
240,2024-10-07T10:30:00+05:30,PE,25018.7,25021.4,25035.55,24998.1,25049.45,25053.15,25019.5,25020.65,25049.56071,25088.781897,41.4788,0.15632957853840276,0.07209612817091256,0.37783711615480753,0.5500667556742799,0.5500667556742799,1.0355325075913444,-0.05593195889622565,0.13559335616876186,False,False,-0.19085723878538852,-0.18526142445451677,-0.4738455635184853,-0.7316527237626227,-0.20704513024257565,"down,up,down",True,150.6,16.642807,25000.0,-18.700000000000728,2024-10-10,3.0,NSE_FO|47171|10-10-2024,0.0,0.0,0.0,13.413014608233745,41.26826029216468,"flat,flat,flat"
241,2024-10-07T10:35:00+05:30,PE,24970.95,25018.35,25019.7,24968.55,25021.4,25035.55,24998.1,25018.7,25042.073976,25084.161039,41.1179,0.16778341892544663,0.9266862170087287,0.026392961876874767,0.04692082111439662,0.04692082111439662,1.3736954693590164,-0.08934553911725474,0.11703025604596941,False,False,0.005606514770154188,-0.28352946123395095,-0.2631057288569347,-0.42449326116947894,-0.13836077522080364,"up,down,up",True,150.4,17.10299,24950.0,-20.950000000000728,2024-10-10,3.0,NSE_FO|47167|10-10-2024,0.0,-0.6981382978723479,-0.6981382978723479,30.086436170212767,45.61170212765957,"flat,down,flat"
253,2024-10-07T11:35:00+05:30,PE,24936.4,24965.75,24966.9,24931.6,24979.55,24990.0,24941.3,24966.9,24958.859957,25021.221089,48.3128,0.2492329681999965,0.8314447592066891,0.032577903682758085,0.13597733711055282,0.13597733711055282,0.7254134270861259,0.03221318206782099,0.18456287892656997,False,False,0.0485234436406159,0.02025151986653756,-0.1457708410195625,-0.11990503841774056,-0.11048106382638596,"up,down,down",True,174.35,30.574035,24950.0,13.599999999998545,2024-10-10,3.0,NSE_FO|47167|10-10-2024,0.0,-4.186980212216795,-4.186980212216795,11.356466876971616,10.52480642386005,"flat,down,flat"
256,2024-10-07T11:50:00+05:30,PE,24900.05,24941.1,24958.7,24900.05,24948.0,24976.85,24935.55,24941.45,24950.951155,25010.831159,44.8792,0.23941628976394455,0.6999147485080691,0.3000852514919309,0.0,0.0,1.2110892160589863,0.03105631104748116,0.18392017280415632,False,False,0.01566261915137301,-0.0712849974196839,0.025903562442648624,0.15983903646779532,-0.3431720016626502,"up,down,up",True,169.65,25.803611,24900.0,-0.049999999999272404,2024-10-10,3.0,NSE_FO|47165|10-10-2024,0.0,0.5599764220453808,0.5599764220453808,0.17683465959327024,-13.645741231948131,"flat,up,flat"
258,2024-10-07T12:00:00+05:30,PE,24882.3,24904.1,24924.9,24882.25,24901.45,24913.6,24889.95,24903.95,24940.362964,25001.763673,39.8632,0.24558551069862902,0.5111371629542445,0.4876905041032169,0.0011723329425385861,0.0011723329425385861,0.919747967923104,-0.06199975526546416,0.13222235818585443,False,True,0.09725789014681412,0.17341644462128283,0.0994682967410569,0.05526016485614272,-0.35527262351148337,"up,up,down",True,183.4,24.639111,24900.0,17.700000000000728,2024-10-10,3.0,NSE_FO|47165|10-10-2024,0.0,-7.333696837513641,-7.333696837513641,-10.905125408942203,-8.369683751363137,"flat,down,flat"
261,2024-10-07T12:15:00+05:30,PE,24907.05,24924.75,24933.8,24902.0,24907.6,24929.2,24899.3,24925.45,24933.265281,24991.725509,45.6633,0.23391833420604458,0.5566037735849413,0.2845911949685371,0.15880503144652164,0.15880503144652164,0.7276729182541917,0.00214460077319591,0.16785811154066305,False,True,0.13168962201464757,0.07788959350867106,-0.04416420250491327,-0.33865913466267,-0.5066838505563714,"up,down,down",True,163.4,23.134348,24900.0,-7.049999999999272,2024-10-10,3.0,NSE_FO|47165|10-10-2024,0.0,-10.342717258261937,-10.342717258261937,2.845777233782133,27.723378212974286,"flat,down,flat"
263,2024-10-07T12:25:00+05:30,PE,24926.45,24939.6,24945.05,24921.55,24907.75,24960.05,24899.75,24939.85,24933.183597,24987.21113,48.9003,0.21622074075779582,0.5595744680850135,0.23191489361705223,0.20851063829793426,0.20851063829793426,0.5419868569340357,0.04759281121817021,0.19310711734343194,False,True,-0.12195880279783705,-0.07060772793559525,-0.19136298991633677,-0.41943397475372246,-0.5227378948867539,"down,up,down",True,174.25,24.709527,24950.0,23.549999999999272,2024-10-10,3.0,NSE_FO|47167|10-10-2024,0.0,8.493543758967007,8.493543758967007,15.868005738880923,35.064562410329984,"flat,up,flat"
264,2024-10-07T12:30:00+05:30,PE,24896.05,24925.85,24927.4,24892.8,24939.6,24945.05,24921.55,24926.45,24929.647064,24983.636183,46.7223,0.21609792347494508,0.8612716763005027,0.044797687861352964,0.09393063583814436,0.09393063583814436,0.8096722037403482,-0.009013621389145661,0.16165909922825375,False,False,0.051413778490962514,-0.06948893499169255,-0.29462505096189373,-0.41030605256656305,-0.5306062608325359,"up,down,down",True,168.05,21.531571,24900.0,3.9500000000007276,2024-10-10,3.0,NSE_FO|47165|10-10-2024,0.0,-4.135673906575434,-4.135673906575434,24.189229396013076,32.966379053853004,"flat,down,flat"
266,2024-10-07T12:40:00+05:30,PE,24878.75,24911.45,24915.55,24875.3,24899.9,24916.6,24892.25,24908.85,24923.007688,24976.70522,44.6022,0.21499045421331325,0.8124223602484653,0.10186335403723093,0.0857142857143038,0.0857142857143038,0.9737120015846468,-0.029922905346584573,0.1500428303630098,False,True,-0.22529266944681414,-0.25785057529016314,-0.22850826508565963,-0.3412550871727939,-0.5956890920966718,"down,down,up",True,179.1,20.709803,24900.0,21.25,2024-10-10,3.0,NSE_FO|47165|10-10-2024,0.0,16.527079843662758,16.527079843662758,16.83417085427136,28.112786152987155,"flat,up,flat"
267,2024-10-07T12:45:00+05:30,PE,24822.7,24880.1,24880.1,24822.5,24911.45,24915.55,24875.3,24878.75,24913.454574,24970.665799,40.2586,0.22911373473385818,0.996527777777765,0.0,0.003472222222234942,0.003472222222234942,1.3553475342851404,-0.13388177019340436,0.09228790544811227,False,False,-0.03263142204515296,-0.003222856498282912,-0.11602283393828741,-0.16859568056658697,-0.4796013326511591,"down,up,down",True,164.9,18.60809,24800.0,-22.700000000000728,2024-10-10,3.0,NSE_FO|47151|10-10-2024,0.0,1.9708914493632503,1.9708914493632503,7.610673135233465,12.64402668283808,"flat,up,flat"
284,2024-10-07T14:10:00+05:30,PE,24763.1,24817.65,24835.6,24763.1,24781.55,24827.25,24781.55,24819.3,24797.508281,24873.494069,49.8445,0.30548899880818664,0.7524137931034884,0.2475862068965116,0.0,0.0,1.6198182823058178,0.15361107482394157,0.252006152679967,False,True,-0.04805537271180837,-0.12215756508676216,-0.1663765845148511,0.21624917720318906,0.06077591254730995,"down,down,down",True,172.4,22.979105,24750.0,-13.099999999998545,2024-10-10,3.0,NSE_FO|47149|10-10-2024,0.0,4.089327146171684,4.089327146171684,13.486078886310903,-8.903712296983755,"flat,up,flat"
285,2024-10-07T14:15:00+05:30,PE,24751.2,24761.55,24771.2,24744.0,24817.65,24835.6,24763.1,24763.1,24793.097969,24868.698223,41.8123,0.303997633177604,0.38051470588228925,0.3547794117647499,0.26470588235296083,0.26470588235296083,0.6252304962794815,-0.08832284302420743,0.11759842054210945,False,False,-0.07413781958047361,-0.11837809883964928,0.062017195125887006,0.5201767995087107,0.22584763567018087,"down,down,up",True,179.45,21.714636,24750.0,-1.2000000000007276,2024-10-10,3.0,NSE_FO|47149|10-10-2024,0.0,5.238227918640293,5.238227918640293,-2.1733073279464907,-26.441905823349117,"flat,up,flat"
286,2024-10-07T14:20:00+05:30,PE,24732.85,24750.75,24762.2,24729.45,24761.55,24771.2,24744.0,24751.2,24787.360067,24863.370842,40.3303,0.3057138771851442,0.5465648854962276,0.34961832061070924,0.10381679389306313,0.10381679389306313,0.7663361156755235,-0.10150361689180809,0.11027576839344246,False,False,-0.04427310237193485,0.13625603195750077,0.06287184857387204,0.5419917235579519,0.32446725710947183,"down,up,down",True,188.85,21.120273,24750.0,17.150000000001455,2024-10-10,3.0,NSE_FO|47149|10-10-2024,0.0,3.6007413290971737,3.6007413290971737,-1.6944665078104257,-28.196981731532965,"flat,up,flat"
287,2024-10-07T14:25:00+05:30,PE,24721.9,24732.5,24748.7,24718.85,24750.75,24762.2,24729.45,24732.85,24781.125775,24857.822966,38.0884,0.30854347585025477,0.35510887772186833,0.5427135678391807,0.102177554438951,0.102177554438951,0.7138518174201458,-0.13084867610297135,0.09397295772057213,False,False,0.18060909557921445,0.10719240835049086,0.3832634223097739,0.3147007309308721,0.3927691641823587,"up,down,up",True,172.0,18.758516,24700.0,-21.900000000001455,2024-10-10,3.0,NSE_FO|47147|10-10-2024,0.0,-9.156976744186046,-9.156976744186046,-20.348837209302324,-21.918604651162784,"flat,down,flat"
294,2024-10-07T15:00:00+05:30,PE,24788.8,24796.6,24847.55,24787.2,24866.35,24872.95,24793.7,24799.7,24796.730976,24846.319884,49.2444,0.1995825065100878,0.12924606462302338,0.8442419221209935,0.026512013255983156,0.026512013255983156,1.1532519104998273,0.20494243394093575,0.2805235744116332,False,False,0.043971470986903176,-0.0429629510101248,0.0738236622990999,-0.044979990963652204,0.3646808235977597,"up,down,up",True,175.65,29.993077,24800.0,11.200000000000728,2024-10-10,3.0,NSE_FO|47151|10-10-2024,0.0,-9.109023626530032,-9.109023626530032,-12.325647594648451,6.091659550241952,"flat,down,flat"
296,2024-10-07T15:10:00+05:30,PE,24778.15,24801.1,24801.1,24767.45,24788.55,24803.45,24770.2,24799.7,24795.217193,24841.89002,49.3824,0.18787953316926612,0.6820208023773723,0.0,0.31797919762262766,0.31797919762262766,0.6766478219409967,0.023725571565708762,0.1798475397587272,False,True,0.1168368098506026,0.14105169272119625,0.1648629942106192,0.23024317796122498,0.31580243077065884,"up,up,up",True,170.8,27.508022,24800.0,21.849999999998545,2024-10-10,3.0,NSE_FO|47151|10-10-2024,0.0,-9.836065573770497,-9.836065573770497,-13.348946135831389,-3.5421545667447374,"flat,down,flat"
300,2024-10-08T09:15:00+05:30,PE,24777.65,24832.2,24865.1,24765.8,24813.65,24832.4,24811.1,24819.0,24797.825778,24836.256133,52.2246,0.15473489560666073,0.5493454179254751,0.3313192346424779,0.11933534743204703,0.11933534743204703,2.0281839132662625,0.2712908083243491,0.31738378240242004,False,True,0.13035941665169726,0.23226577177415642,0.10957455610196211,0.40984516287863965,0.26959780285862167,"up,up,down",True,186.35,31.4861,24800.0,22.349999999998545,2024-10-10,2.0,NSE_FO|47151|10-10-2024,0.0,0.0,0.0,-11.591092031124225,-10.517842768983094,"flat,flat,flat"
361,2024-10-08T14:20:00+05:30,CE,25029.0,25015.4,25032.5,25012.6,25036.85,25044.0,25013.7,25014.35,24991.081398,24950.388204,60.492,0.16309643628500992,0.6834170854270126,0.17587939698491176,0.14070351758807567,0.8241206030150883,0.7826900735312331,-0.08610512549377797,0.8811695141632183,True,False,0.01877821726797206,-0.09109433057652833,-0.12445563146750352,-0.35778496943545196,0.0005993048064303616,"up,down,down",True,123.9,14.503763,25050.0,21.0,2024-10-10,2.0,NSE_FO|47172|10-10-2024,0.0,1.2510088781275197,1.2510088781275197,-19.57223567393059,-41.04116222760291,"flat,up,flat"
380,2024-10-09T09:40:00+05:30,CE,25086.55,25051.4,25091.0,25048.6,25059.55,25066.4,25042.5,25050.75,25029.123465,24990.569632,59.0977,0.15427352624501298,0.8290094339621842,0.10495283018869281,0.06603773584912298,0.8950471698113072,1.3955128206816534,-0.07781548973232477,0.8765641609624056,True,False,0.03866613783083257,-0.009965499440935482,-0.03826751785318645,0.3366345711148035,0.37191243913570926,"up,down,down",True,104.85,0.0,25100.0,13.450000000000728,2024-10-10,1.0,NSE_FO|48516|10-10-2024,0.0,3.9580352885073973,3.9580352885073973,-0.2861230329041461,57.46304244158321,"flat,up,flat"
385,2024-10-09T10:05:00+05:30,CE,25178.25,25044.75,25178.5,25044.75,25077.85,25083.0,25031.35,25044.95,25056.576601,25009.888366,52.745,0.186679101948621,0.9981308411214953,0.001869158878504673,0.0,0.9981308411214953,3.533731161448,0.04719958830899776,0.8071113398283384,True,False,-0.028794693832970914,-0.16144886956004273,-0.15429984212563838,0.039915403175356794,0.11895187314448276,"down,down,up",True,102.55,15.83105,25200.0,21.75,2024-10-10,1.0,NSE_FO|48534|10-10-2024,0.0,6.1921014139444255,6.1921014139444255,-15.650901999024864,-1.0238907849829324,"flat,up,flat"
390,2024-10-09T10:30:00+05:30,CE,25144.45,25117.65,25144.45,25117.65,25138.2,25140.55,25109.5,25117.6,25089.678227,25033.737696,58.3339,0.22346056221935495,1.0,0.0,0.0,1.0,0.7338110936410934,-0.1114871731192614,0.8952706517329274,True,False,0.17439236093849156,0.14078653539845895,0.2422005651346433,0.2103843989428992,0.303247834015061,"up,down,up",True,107.0,19.195178,25150.0,5.549999999999272,2024-10-10,1.0,NSE_FO|48530|10-10-2024,0.0,19.20560747663551,19.20560747663551,21.82242990654205,14.532710280373829,"flat,up,flat"
391,2024-10-09T10:35:00+05:30,CE,25188.3,25144.1,25193.0,25143.7,25117.65,25144.45,25117.65,25144.45,25099.070777,25039.798962,61.7892,0.23671042682870586,0.896551724137959,0.09533468559839345,0.008113590263647528,0.9046653144016066,1.316970522219397,-0.17781225208104806,0.9321179178228136,True,True,-0.03354732157390823,0.06769015773195997,0.08893017790006255,0.0790049348308598,0.057963419524152814,"down,up,up",True,101.5,16.696087,25200.0,11.700000000000728,2024-10-10,1.0,NSE_FO|48534|10-10-2024,0.0,-6.600985221674879,-6.600985221674879,6.157635467980295,3.4975369458128047,"flat,down,flat"
622,2024-10-14T11:05:00+05:30,CE,25093.25,25075.25,25097.7,25075.1,25090.05,25093.05,25073.85,25075.4,25078.499769,25039.749162,53.5621,0.15475637055823846,0.7964601769910735,0.19690265486726982,0.006637168141656669,0.8030973451327302,1.1008251073853519,0.013556508687980487,0.8258019396177954,True,False,0.03287736741952517,0.07472128958982993,0.08129676307374077,0.1500403494963843,0.2365177886483359,"up,up,up",True,125.6,11.431209,25100.0,6.75,2024-10-17,3.0,NSE_FO|48310|17-10-2024,0.0,4.339171974522307,4.339171974522307,9.315286624203836,15.485668789808932,"flat,up,flat"
623,2024-10-14T11:10:00+05:30,CE,25101.5,25094.05,25103.5,25089.85,25075.25,25097.7,25075.1,25093.25,25080.690267,25042.170764,58.8542,0.15381854617562887,0.5457875457875409,0.1465201465201309,0.3076923076923282,0.8534798534798691,0.6811845644875908,-0.03652105624879362,0.8536228090271157,True,True,0.041830169511782166,0.04840348186363944,0.04581399517957094,0.11333984024859362,0.21154114295957827,"up,up,down",True,131.05,10.951654,25100.0,-1.5,2024-10-17,3.0,NSE_FO|48310|17-10-2024,0.0,4.6547119420068634,4.6547119420068634,4.196871423120946,9.194963754292242,"flat,up,flat"
624,2024-10-14T11:15:00+05:30,CE,25112.0,25102.35,25121.05,25100.35,25094.05,25103.5,25089.85,25101.5,25083.672146,25044.909165,61.0628,0.1547738933474381,0.46618357487928097,0.4371980676327997,0.0966183574879193,0.5628019323672003,1.0305755331212403,-0.0664888852912922,0.8702716029396137,True,True,0.006570563873850969,0.00398215992354253,0.0031857279388311263,0.12683179356482377,0.11229690984390223,"up,down,down",True,137.15,11.102957,25100.0,-12.0,2024-10-17,3.0,NSE_FO|48310|17-10-2024,0.0,0.10936930368210403,0.10936930368210403,-1.0207801676996031,9.733868027706885,"flat,up,flat"
865,2024-10-17T12:35:00+05:30,PE,24786.2,24790.65,24792.35,24783.5,24789.6,24797.9,24789.05,24791.25,24797.421774,24843.092653,41.349,0.18383733312883666,0.502824858757227,0.1920903954799287,0.3050847457628442,0.3050847457628442,0.5277423415193353,-0.02045282790373691,0.1553039844979239,False,True,-0.04659851046146352,-0.02703117057072374,-0.012506959517805,0.01755008835561137,-0.04316918285175109,"down,up,up",True,29.35,6.131112,24800.0,13.799999999999272,2024-10-17,0.0,NSE_FO|48252|17-10-2024,0.0,19.761499148211232,19.761499148211232,15.843270868824527,15.33219761499148,"flat,up,flat"
866,2024-10-17T12:40:00+05:30,PE,24774.65,24786.2,24791.85,24773.3,24790.65,24792.35,24783.5,24786.2,24795.253033,24840.408627,39.4397,0.18178281475981226,0.6226415094339475,0.3045822102424819,0.07277628032357066,0.07277628032357066,1.0978460142833182,-0.013724534270625218,0.15904192540521092,False,False,0.019576462230540267,0.03410744450475421,0.07648947613789533,0.04884024597723296,-0.005650937551091358,"up,up,up",True,10.4,2.626463,24750.0,-24.650000000001455,2024-10-17,0.0,NSE_FO|48248|17-10-2024,0.0,-8.653846153846157,-8.653846153846157,-21.634615384615383,-16.826923076923077,"flat,down,flat"
907,2024-10-18T09:50:00+05:30,PE,24631.6,24703.05,24705.9,24626.35,24654.35,24705.6,24647.3,24703.8,24688.991053,24738.327695,49.1835,0.1994340224136092,0.8981772470144326,0.03582652419864335,0.06599622878692404,0.06599622878692404,2.180718604210783,0.06848780075176568,0.20471544486209103,False,True,0.06008541873042317,0.04851491579922022,0.11651699442992225,0.17294857012943612,0.3704590850777051,"up,down,up",True,151.69,27.591327,24650.0,18.400000000001455,2024-10-24,6.0,NSE_FO|43836|24-10-2024,0.0,-2.432592787922736,-2.432592787922736,-12.288219394818372,-17.85879095523766,"flat,down,flat"
1083,2024-10-22T12:00:00+05:30,PE,24660.4,24683.05,24696.25,24658.95,24632.9,24686.35,24626.9,24683.1,24694.619436,24735.281128,44.9545,0.16438742616096397,0.6072386058980767,0.3538873994638334,0.03887399463808997,0.03887399463808997,1.0067680454197403,0.006602912040110614,0.17033495113339617,False,True,0.022100209242336254,-0.02716906457316478,-0.03345444518337091,-0.03649575838185917,-0.21410844917358562,"up,down,down",True,105.7,18.685145,24650.0,-10.400000000001455,2024-10-24,2.0,NSE_FO|43836|24-10-2024,0.0,0.0,0.0,0.2838221381267712,2.980132450331118,"flat,flat,flat"
1085,2024-10-22T12:10:00+05:30,PE,24653.7,24665.65,24670.05,24652.7,24660.75,24671.6,24657.6,24665.85,24688.243348,24729.465854,42.6845,0.16669387945284106,0.6887608069165262,0.2536023054753998,0.057636887608074,0.057636887608074,0.5085980478687366,-0.07369235527838615,0.12572646928978523,False,True,-0.006287088753409315,0.16894015908361754,-0.05090513797117379,-0.08720800528926692,-0.13020357999003063,"down,up,down",True,108.3,14.82831,24650.0,-3.7000000000007276,2024-10-24,2.0,NSE_FO|43836|24-10-2024,0.0,0.0,0.0,0.5078485687903944,6.278855032317633,"flat,flat,flat"
1086,2024-10-22T12:15:00+05:30,PE,24652.15,24653.7,24657.05,24641.85,24665.65,24670.05,24652.7,24653.7,24684.805886,24726.43386,40.8126,0.1683541356416316,0.10197368421047356,0.22039473684199898,0.6776315789475275,0.6776315789475275,0.4639460928825794,-0.11244117587224282,0.10419934673764424,False,False,0.1752382652222913,-0.04462085457049385,-0.0030423309934427623,-0.181120105142965,-0.2904411988406779,"up,down,up",True,108.85,13.474245,24650.0,-2.150000000001455,2024-10-24,2.0,NSE_FO|43836|24-10-2024,0.0,0.0,0.0,-18.5576481396417,-2.802021129995404,"flat,flat,flat"
1088,2024-10-22T12:25:00+05:30,PE,24641.15,24695.65,24695.65,24635.9,24652.45,24702.0,24651.05,24695.35,24681.556746,24721.918223,49.6236,0.1632619145323924,0.9121338912133892,0.0,0.08786610878661087,0.08786610878661087,1.6645109740581718,0.05710034478391274,0.19838908043550726,False,True,0.041597084551654444,-0.05113397710740847,-0.0363213567548622,-0.07446892697784878,-0.22360969354109764,"up,down,up",True,115.1,19.512657,24650.0,8.849999999998545,2024-10-24,2.0,NSE_FO|43836|24-10-2024,0.0,0.0,0.0,-8.079930495221545,0.30408340573415166,"flat,flat,flat"
1090,2024-10-22T12:35:00+05:30,PE,24628.55,24651.1,24651.1,24615.45,24641.05,24653.8,24619.55,24651.4,24673.909944,24715.599751,43.1291,0.16867811188079987,0.6325385694249832,0.0,0.36746143057501673,0.36746143057501673,0.9960589593141854,-0.09244559963041965,0.11530800020532045,False,True,0.014820198509459368,-0.08546991195177658,-0.08567292836971135,-0.12018571941912351,-0.1329757537492057,"up,down,down",True,118.85,21.377058,24650.0,21.450000000000728,2024-10-24,2.0,NSE_FO|43836|24-10-2024,0.0,0.0,0.0,-2.860748843079505,13.925115692048811,"flat,flat,flat"
1092,2024-10-22T12:45:00+05:30,PE,24607.5,24633.4,24634.1,24607.5,24628.05,24636.0,24620.5,24632.2,24663.991133,24708.218225,40.6715,0.17899749628749684,0.9736842105264237,0.026315789473576236,0.0,0.0,0.7872450905575588,-0.12119341447543405,0.09933699195809056,False,True,-0.00020319008432092818,0.06217616580310585,0.00040638016864185636,-0.10951945545057697,0.021334958854007924,"down,up,down",True,107.95,16.450555,24600.0,-7.5,2024-10-24,2.0,NSE_FO|43752|24-10-2024,0.0,0.0,0.0,2.825382121352475,4.168596572487263,"flat,flat,flat"
1098,2024-10-22T13:15:00+05:30,PE,24580.55,24621.9,24622.05,24577.3,24599.1,24624.4,24587.65,24621.6,24637.449793,24686.403256,42.6821,0.19830131790504382,0.9240223463687639,0.0033519553072137924,0.07262569832402235,0.07262569832402235,1.3571613050050653,-0.06250562915150372,0.13194131713805318,False,True,0.022578827568948915,0.022375414707970324,0.07953442864378248,0.13099788247212016,0.04108939791828166,"up,down,up",True,121.9,20.240364,24600.0,19.450000000000728,2024-10-24,2.0,NSE_FO|43752|24-10-2024,0.0,0.0,0.0,-1.886792452830198,-5.291222313371618,"flat,flat,flat"
1107,2024-10-22T14:00:00+05:30,PE,24589.9,24605.7,24618.0,24589.9,24611.25,24615.5,24599.65,24605.85,24614.476897,24659.719972,43.9235,0.18346954081948202,0.5622775800711776,0.4377224199288224,0.0,0.0,0.9987228786761236,0.014313133749468108,0.17461840763859213,False,False,-0.004880052379231829,0.17344519497841723,0.003050032737018044,-0.0876376073103303,-0.46828169289017624,"down,up,down",True,119.55,16.459974,24600.0,10.099999999998545,2024-10-24,2.0,NSE_FO|43752|24-10-2024,0.0,0.0,0.0,-1.9657047260560385,-6.106231702216643,"flat,flat,flat"
1108,2024-10-22T14:05:00+05:30,PE,24588.7,24591.15,24592.6,24581.25,24605.7,24618.0,24589.9,24589.9,24612.021954,24656.934875,40.4315,0.1821512739831138,0.21585903083709618,0.12775330396451767,0.6563876651983861,0.6563876651983861,0.4213544984214072,-0.07891246820883312,0.12282640655064951,False,False,0.17833395014782621,0.007930472127443614,0.015250907937385871,-0.15738936991382516,-0.4233652043418407,"up,down,up",True,117.2,13.981865,24600.0,11.299999999999272,2024-10-24,2.0,NSE_FO|43752|24-10-2024,0.0,0.0,0.0,-17.235494880546078,-3.0716723549488125,"flat,flat,flat"
1110,2024-10-22T14:15:00+05:30,PE,24590.65,24633.0,24633.45,24585.5,24588.7,24632.75,24585.6,24632.55,24611.755387,24653.416699,52.2096,0.16898798454045544,0.8832116788320731,0.009384775808148504,0.10740354535977846,0.10740354535977846,1.610220355717346,0.08814736153057502,0.2156374230725448,False,True,0.007319855310857062,-0.04554576637868754,-0.09068487412899988,-0.13501066462253225,-0.49551353868239423,"up,down,down",True,112.25,18.681367,24600.0,9.349999999998545,2024-10-24,2.0,NSE_FO|43752|24-10-2024,0.0,0.0,0.0,1.202672605790641,14.120267260579059,"flat,flat,flat"
1112,2024-10-22T14:25:00+05:30,PE,24579.45,24592.5,24592.85,24560.9,24591.25,24605.25,24585.05,24592.45,24607.01518,24648.218952,43.7012,0.16716734008344003,0.40845070422536656,0.010954616588374858,0.5805946791862586,0.5805946791862586,1.0905059527800713,-0.05756561653813701,0.13468576858992515,False,True,-0.045159676070872956,-0.11981553696279097,-0.10028702839160947,-0.25529456517538024,-0.39748651820932007,"down,down,up",True,128.3,18.279221,24600.0,20.549999999999272,2024-10-24,2.0,NSE_FO|43752|24-10-2024,0.0,0.0,0.0,-0.15588464536244506,3.858144972720178,"flat,flat,flat"
1113,2024-10-22T14:30:00+05:30,PE,24568.35,24579.85,24581.9,24566.25,24592.5,24592.85,24560.9,24579.45,24603.332782,24645.086836,41.1796,0.1694214115691634,0.7348242811500915,0.13099041533563704,0.13418530351427155,0.13418530351427155,0.5525457406367754,-0.08711332805968572,0.11827037330017852,False,False,-0.0746895904690325,-0.05515225890220252,-0.04436602376634091,-0.3809779655532364,-0.22956364591027817,"down,up,up",True,103.05,13.766437,24550.0,-18.349999999998545,2024-10-24,2.0,NSE_FO|43750|24-10-2024,0.0,0.0,0.0,4.512372634643383,3.9301310043668094,"flat,flat,flat"
1114,2024-10-22T14:35:00+05:30,PE,24550.0,24568.7,24569.15,24541.15,24579.85,24581.9,24566.25,24568.35,24598.25347,24641.357941,39.1048,0.17492733599830768,0.6678571428571688,0.016071428571454556,0.3160714285713766,0.3160714285713766,0.9893873017722788,-0.11831518865960446,0.1009360063002222,False,False,0.019551934826880946,0.030346232179229035,-0.10325865580447471,-0.2663951120162992,-0.38004073319755305,"up,up,down",True,107.7,13.672434,24550.0,0.0,2024-10-24,2.0,NSE_FO|43750|24-10-2024,0.0,0.0,0.0,0.09285051067780345,12.859795728876502,"flat,flat,flat"
1117,2024-10-22T14:50:00+05:30,PE,24524.65,24557.6,24559.15,24524.65,24554.75,24562.85,24542.55,24557.45,24584.339979,24630.486271,38.172,0.18735436845326936,0.9550724637680316,0.044927536231968414,0.0,0.0,1.2441826796283333,-0.10246351547983877,0.10974249140009232,False,True,-0.032416364759540815,-0.20346875490578437,-0.16330508284523085,-0.16901362506702736,-0.4627996729820813,"down,down,up",False,,,,,,,,,,,,,
1126,2024-10-23T09:20:00+05:30,PE,24456.7,24511.65,24516.75,24451.85,24378.15,24518.3,24378.1,24511.95,24522.362885,24585.123415,42.5348,0.2552784826034585,0.8466872110939829,0.07858243451461372,0.0747303543914033,0.0747303543914033,1.7563804986989782,-0.022888842426485614,0.15395064309639683,False,True,0.13902120891207725,0.05397293993057414,-0.18624753135132405,0.20894069927667488,0.14351895390628558,"up,down,down",True,106.65,0.0,24450.0,-6.700000000000728,2024-10-24,1.0,NSE_FO|43725|24-10-2024,0.0,-14.439756211908113,-14.439756211908113,21.98781059540552,-22.972339428035628,"flat,down,flat"
1129,2024-10-23T09:35:00+05:30,PE,24411.15,24468.55,24475.5,24408.35,24490.5,24495.4,24453.2,24469.9,24504.782089,24570.54141,38.8276,0.2676348066682726,0.8548026805658462,0.10349962769918954,0.04169769173496426,0.04169769173496426,1.5970616918888996,-0.11949540662573271,0.10028032965236851,False,False,-0.013928061562038064,0.3506594322676258,0.3959256323442272,0.44569796998502437,0.497723376407912,"down,up,up",True,108.85,0.0,24400.0,-11.150000000001455,2024-10-24,1.0,NSE_FO|43714|24-10-2024,0.0,0.41341295360588226,0.41341295360588226,-38.86081763895269,-41.34129536058796,"flat,up,flat"
1138,2024-10-23T10:20:00+05:30,PE,24491.8,24546.95,24546.95,24490.9,24517.3,24556.55,24511.45,24545.5,24506.022584,24550.432464,54.9571,0.18089245501122705,0.9839429081177907,0.0,0.016057091882209256,0.016057091882209256,1.2609593792903107,0.16700962328633373,0.25944979071463176,False,True,0.013473897386060937,0.08370148376191215,0.1667905176426485,0.13535142374182974,0.3150033888893485,"up,up,up",True,107.15,25.79037,24500.0,8.200000000000728,2024-10-24,1.0,NSE_FO|43727|24-10-2024,0.0,-1.2599160055996346,-1.2599160055996346,-21.745216985534306,-17.125524965002338,"flat,down,flat"
1142,2024-10-23T10:40:00+05:30,PE,24497.15,24531.65,24533.45,24496.4,24511.9,24535.6,24499.3,24532.65,24507.190957,24544.368048,53.0802,0.1514689273209084,0.9311740890688442,0.04858299595139832,0.020242914979757484,0.020242914979757484,0.8670367240249317,0.10714831841019894,0.22619351022788717,False,True,0.14083270911105986,0.113482588790938,0.14552713274808626,0.24737571513420353,0.3479996652671841,"up,down,up",True,104.45,22.972006,24500.0,2.849999999998545,2024-10-24,1.0,NSE_FO|43727|24-10-2024,0.0,-18.717089516515077,-18.717089516515077,-22.690282431785548,-31.306845380564862,"flat,down,flat"
1301,2024-10-25T11:25:00+05:30,PE,24147.35,24187.55,24189.4,24146.3,24197.15,24213.75,24183.7,24188.15,24210.85423,24284.612127,38.2744,0.3037227714993823,0.9327146171693432,0.04292343387475845,0.02436194895589836,0.02436194895589836,1.2118825676232494,-0.08861409761170318,0.11743661243794251,False,False,-0.060876245219442675,0.03416523966397969,0.009731916752779013,-0.008282482342782956,-0.10974289104187417,"down,up,down",True,167.05,19.239173,24150.0,2.650000000001455,2024-10-31,6.0,NSE_FO|49009|31-10-2024,0.0,3.9209817419934048,3.9209817419934048,-5.9862316671655185,-5.178090392098177,"flat,up,flat"
1310,2024-10-25T12:10:00+05:30,PE,24137.75,24148.7,24153.95,24134.85,24154.55,24163.6,24144.9,24149.5,24171.651131,24242.340277,38.6533,0.2915937372064164,0.5732984293193443,0.27486910994761254,0.15183246073304313,0.15183246073304313,0.6445970148206752,-0.07323095515513374,0.12598280269159645,False,False,-0.009528642893390114,-0.1503868421870277,-0.07001481082537293,-0.06545763378939326,-0.046400348002613036,"down,down,up",True,165.5,15.865601,24150.0,12.25,2024-10-31,6.0,NSE_FO|49009|31-10-2024,0.0,3.293051359516609,3.293051359516609,9.728096676737156,8.489425981873119,"flat,up,flat"
1320,2024-10-25T13:00:00+05:30,PE,24121.35,24136.8,24140.7,24116.0,24118.35,24139.15,24117.25,24136.55,24140.787853,24202.855714,43.7492,0.2564485023314697,0.625506072874505,0.15789473684215952,0.21659919028333552,0.21659919028333552,0.9131923088356024,-0.0003639193572963172,0.1664644892459451,False,True,0.035860347783193955,0.021557665719376104,-0.03150735758984694,-0.05949086597557162,-0.05555244627683698,"up,down,down",True,154.65,14.387848,24100.0,-21.349999999998545,2024-10-31,6.0,NSE_FO|49007|31-10-2024,0.0,-2.398965405754936,-2.398965405754936,-0.1939864209505408,4.655674102812796,"flat,down,flat"
1323,2024-10-25T13:15:00+05:30,PE,24113.75,24126.1,24132.55,24112.95,24130.45,24131.55,24117.5,24126.55,24136.144939,24193.848944,42.1297,0.23850692435735824,0.6301020408162991,0.3290816326531228,0.04081632653057815,0.04081632653057815,0.779356314509819,-0.014894420832688642,0.1583919884262854,False,False,-0.03856720750608791,-0.007879321963616008,-0.027992328028614382,0.011818982945408925,-0.07547561038826697,"down,up,down",True,154.35,13.356669,24100.0,-13.75,2024-10-31,6.0,NSE_FO|49007|31-10-2024,0.0,3.1746031746031784,3.1746031746031784,4.8590864917395535,0.5442176870748322,"flat,up,flat"
1324,2024-10-25T13:20:00+05:30,PE,24104.45,24114.15,24120.15,24099.7,24126.1,24132.55,24112.95,24113.75,24133.126374,24190.343103,38.9397,0.23652714951737885,0.4743276283618769,0.29339853300732455,0.2322738386307986,0.2322738386307986,0.8241541568864983,-0.05376996663796624,0.13679446297891185,False,False,0.030699725569336023,0.010578959486730759,-0.010786390064914083,0.06637778501480017,-0.0856688287847325,"up,down,down",True,159.25,12.928709,24100.0,-4.450000000000728,2024-10-31,6.0,NSE_FO|49007|31-10-2024,0.0,-0.43956043956043245,-0.43956043956043245,4.17582417582418,-3.924646781789639,"flat,down,flat"
1327,2024-10-25T13:35:00+05:30,PE,24101.85,24106.85,24121.05,24097.45,24111.7,24121.6,24102.4,24107.0,24126.237684,24180.891129,38.414,0.22601915168649167,0.21186440677967408,0.6016949152543052,0.1864406779660207,0.1864406779660207,0.9890695244628553,-0.02150225023871337,0.15472097208960361,False,False,0.11741837244860005,0.06119862168256794,0.07717249920650152,0.07924702875506313,-0.06119862168256794,"up,down,up",True,165.9,11.958004,24100.0,-1.8499999999985448,2024-10-31,6.0,NSE_FO|49007|31-10-2024,0.0,-11.428571428571432,-11.428571428571432,-7.775768535262209,-8.077154912597953,"flat,down,flat"
1329,2024-10-25T13:45:00+05:30,PE,24116.6,24130.4,24134.2,24115.5,24102.1,24131.2,24092.0,24130.15,24125.656925,24176.458093,47.7612,0.21012659424545999,0.7379679144386296,0.2032085561496858,0.0588235294116846,0.0588235294116846,0.7629670949836393,0.035410745608127764,0.1863393031156266,False,True,0.0159641077100511,-0.03255019364254723,-0.03586741082904646,-0.08728427721983727,0.019488650970703698,"up,down,down",True,155.19,13.621417,24100.0,-16.599999999998545,2024-10-31,6.0,NSE_FO|49007|31-10-2024,0.0,-1.411173400347959,-1.411173400347959,1.1018751208196456,7.126747857465045,"flat,down,flat"
1331,2024-10-25T13:55:00+05:30,PE,24108.75,24120.5,24121.75,24104.55,24116.2,24129.1,24115.65,24120.45,24123.598073,24171.692611,45.2664,0.19897050146215578,0.6831395348836921,0.07267441860464809,0.24418604651165987,0.24418604651165987,0.7396602379298083,-0.007660851397078499,0.16241063811273695,False,True,-0.0033182972986955874,0.050604033805156746,-0.02965728210712482,-0.0939492922694103,0.1447607196557327,"down,up,down",True,156.8,12.167456,24100.0,-8.75,2024-10-31,6.0,NSE_FO|49007|31-10-2024,0.0,0.06377551020407801,0.06377551020407801,4.113520408163258,7.8125,"flat,up,flat"
1334,2024-10-25T14:10:00+05:30,PE,24101.6,24120.9,24123.3,24098.5,24107.35,24123.5,24101.65,24120.95,24120.054895,24164.724512,46.7206,0.1848546503305552,0.7782258064517531,0.09677419354830193,0.12499999999994499,0.12499999999994499,1.0893453372746817,0.013453970209126044,0.174141094560627,False,True,-0.025102067912500716,-0.07385401799050384,-0.06431108308162115,-0.03423009260795964,0.2937564311083203,"down,down,up",True,163.25,11.550713,24100.0,-1.5999999999985448,2024-10-31,6.0,NSE_FO|49007|31-10-2024,0.0,1.8376722817764166,1.8376722817764166,3.5528330781010786,0.3062787136294028,"flat,up,flat"
1335,2024-10-25T14:15:00+05:30,PE,24095.55,24101.9,24107.25,24089.5,24120.9,24123.3,24098.5,24101.6,24117.721095,24162.011786,41.0924,0.1833071326687347,0.3577464788733624,0.30140845070414335,0.34084507042249423,0.34084507042249423,0.7921390176753215,-0.043416602085889516,0.1425463321745043,False,False,-0.048764190898319404,-0.03921885991397054,-0.01058286696090885,0.10686620558567868,0.4673062038426273,"down,up,up",True,166.25,11.316431,24100.0,4.450000000000728,2024-10-31,6.0,NSE_FO|49007|31-10-2024,0.0,4.511278195488721,4.511278195488721,-0.36090225563909434,-13.774436090225567,"flat,up,flat"
1336,2024-10-25T14:20:00+05:30,PE,24083.8,24095.45,24099.25,24073.9,24101.9,24107.25,24089.5,24095.55,24114.490515,24158.944657,39.4906,0.18400696980411432,0.4595660749507741,0.14990138067059133,0.39053254437863455,0.39053254437863455,1.1207962348673628,-0.06320065103810187,0.13155519386771933,False,False,0.009549987958707814,0.03819995183484636,0.013702156636408178,0.2142519037693478,0.5694699341466108,"up,up,down",True,173.75,12.140699,24100.0,16.200000000000728,2024-10-31,6.0,NSE_FO|49007|31-10-2024,0.0,-2.705035971223015,-2.705035971223015,-2.446043165467626,-18.76258992805755,"flat,down,flat"
1373,2024-10-28T11:10:00+05:30,CE,24399.35,24372.9,24400.65,24356.4,24379.85,24382.85,24359.9,24373.2,24341.946527,24266.660285,61.5457,0.3102455843358682,0.5977401129942845,0.0293785310735121,0.3728813559322034,0.9706214689264879,1.213561679292919,-0.05937681682099521,0.8663204537894461,True,False,0.0043033933281128815,0.017623420296044405,0.025000666001357346,0.11680639033416874,0.3325908272146654,"up,up,up",True,116.15,15.816695,24400.0,0.6500000000014552,2024-10-31,3.0,NSE_FO|49018|31-10-2024,0.0,0.6457167455876023,0.6457167455876023,1.678863538527756,10.796383986224702,"flat,up,flat"
1394,2024-10-28T12:55:00+05:30,CE,24428.35,24418.8,24430.95,24406.9,24427.95,24428.25,24396.0,24418.8,24430.594892,24364.881545,51.1644,0.2697051774236352,0.39708939708937885,0.10810810810820214,0.494802494802419,0.8918918918917979,0.9103095987548052,0.09698860017427825,0.7794507776809643,True,False,-0.07163807625156837,-0.016579097646788558,-0.027836509629177872,0.03295351507573337,-0.04953261272250702,"down,up,down",True,109.05,14.925578,24450.0,21.650000000001455,2024-10-31,3.0,NSE_FO|54752|31-10-2024,0.0,-9.582760201742323,-9.582760201742323,-7.2902338376891365,0.09170105456213529,"flat,down,flat"
1399,2024-10-28T13:20:00+05:30,CE,24455.05,24426.6,24455.05,24422.75,24423.55,24440.9,24417.05,24425.65,24430.088595,24376.361323,52.6031,0.22040726787761555,0.8808049535604139,0.0,0.11919504643958612,1.0,1.2304550032128694,0.03003916654441866,0.8166449074753243,True,True,-0.07626236707754766,-0.08178269927888104,-0.17583280344959426,-0.20527457518999442,-0.3007558765980821,"down,down,down",True,124.4,15.057496,24450.0,-5.049999999999272,2024-10-31,3.0,NSE_FO|54752|31-10-2024,0.0,-12.258842443729904,-12.258842443729904,-22.30707395498392,-24.55787781350483,"flat,down,flat"
1404,2024-10-28T13:45:00+05:30,CE,24429.75,24417.35,24433.7,24416.85,24413.35,24421.45,24405.15,24418.0,24428.361133,24385.363314,49.2205,0.17632634152846302,0.7359050445103767,0.23442136498517602,0.029673590504447196,0.7655786350148239,0.6778054983019738,0.047122002730055075,0.8071544429277512,True,True,-0.10192490713167943,-0.05526049181837718,-0.22738669040820833,-0.23209406563718715,-0.1223917559533006,"down,up,down",True,105.45,13.276357,24450.0,20.25,2024-10-31,3.0,NSE_FO|54752|31-10-2024,0.0,-11.000474158368903,-11.000474158368903,-20.10431484115695,-23.61308677098151,"flat,down,flat"
1437,2024-10-29T10:15:00+05:30,PE,24205.05,24226.1,24229.15,24196.15,24174.5,24230.7,24166.55,24225.15,24261.073791,24315.575567,38.2066,0.22414347482676214,0.6378787878787658,0.09242424242433062,0.26969696969690354,0.26969696969690354,0.8506231291285349,-0.13158441079322727,0.09356421622598468,False,True,0.07601719475895095,0.07333180472669959,-0.11567833985056837,-0.201817389346432,-0.10906814900195545,"up,down,down",True,109.25,21.274613,24200.0,-5.049999999999272,2024-10-31,2.0,NSE_FO|49011|31-10-2024,0.0,0.0,0.0,-13.455377574370711,8.512585812356976,"flat,flat,flat"
1440,2024-10-29T10:30:00+05:30,PE,24177.05,24220.8,24222.9,24176.8,24222.8,24242.5,24213.5,24222.8,24246.840356,24303.312642,39.6053,0.2323645621149071,0.9490238611713216,0.045553145336270785,0.005422993492407552,0.005422993492407552,1.2254965487386007,-0.09873598229088432,0.1118133431717334,False,False,0.026678192748911585,-0.02647138505317157,-0.0862388091185589,0.011788038656503514,0.017371846441152777,"up,down,down",True,118.55,21.144891,24200.0,22.950000000000728,2024-10-31,2.0,NSE_FO|49011|31-10-2024,0.0,0.0,0.0,-1.6026992830029452,10.662167861661747,"flat,flat,flat"
1446,2024-10-29T11:00:00+05:30,PE,24179.9,24205.9,24206.45,24168.35,24183.0,24209.35,24174.2,24206.15,24217.095955,24277.072826,43.3617,0.24705149352176242,0.6824146981626905,0.01443569553803782,0.3031496062992716,0.3031496062992716,1.088021418201427,-0.04396049394106618,0.14224417003274073,False,True,0.03287854788480138,0.0506619134074169,-0.005169583000756827,0.005583149640811354,0.4110852402201738,"up,up,down",True,118.0,19.619412,24200.0,20.099999999998545,2024-10-31,2.0,NSE_FO|49011|31-10-2024,0.0,0.0,0.0,-4.6186440677966125,0.8898305084745739,"flat,flat,flat"
1449,2024-10-29T11:15:00+05:30,PE,24178.65,24194.4,24199.5,24178.2,24186.95,24198.45,24171.1,24192.15,24209.004844,24266.783512,42.1097,0.23809776013962014,0.7394366197183351,0.23943661971824973,0.021126760563415163,0.021126760563415163,0.6508892537603377,-0.039261605593650974,0.1448546635590856,False,True,0.06348576119840663,0.047769416406620184,0.010753288541744658,0.23739952396017897,0.522361670316578,"up,down,down",True,119.05,15.994913,24200.0,21.349999999998545,2024-10-31,2.0,NSE_FO|49011|31-10-2024,0.0,0.0,0.0,-7.853842923141532,-4.7039059218815575,"flat,flat,flat"
1452,2024-10-29T11:30:00+05:30,PE,24181.25,24190.15,24192.25,24177.95,24192.85,24202.55,24188.35,24190.2,24203.571355,24257.908975,42.8568,0.223999603824049,0.6223776223777558,0.14685314685305256,0.23076923076919162,0.23076923076919162,0.48753194996310517,-0.04677555569773905,0.14068024683458646,False,False,0.1871284569656242,0.24171620573791977,0.22662186611527224,0.4054794520547915,0.4400103385887887,"up,up,down",True,113.45,11.748713,24200.0,18.75,2024-10-31,2.0,NSE_FO|49011|31-10-2024,0.0,0.0,0.0,-15.29308065226973,-21.68356104010578,"flat,flat,flat"
1505,2024-10-30T09:40:00+05:30,CE,24401.05,24397.8,24421.05,24392.15,24363.7,24398.35,24359.65,24397.85,24406.194566,24369.43843,50.0613,0.15082881825767197,0.11245674740485279,0.6920415224914017,0.19550173010374547,0.3079584775085982,0.8758898085764892,0.057545087424494185,0.8013638403197282,True,True,-0.10778224707543024,0.06372676585638434,0.008811096243815144,0.07048876995047643,0.00860618702884582,"down,up,down",True,111.85,21.824054,24400.0,-1.0499999999992724,2024-10-31,1.0,NSE_FO|49018|31-10-2024,0.0,0.0,0.0,-18.596334376396957,0.5811354492624101,"flat,flat,flat"
1585,2024-10-31T10:05:00+05:30,PE,24279.5,24291.7,24292.35,24276.3,24297.05,24304.65,24286.25,24291.45,24306.650051,24344.518222,40.5576,0.1555511210149027,0.7601246105919801,0.04049844236746708,0.1993769470405528,0.1993769470405528,0.6245422941597814,-0.05883184630542565,0.1339823076080939,False,False,-0.022446920241358873,-0.10811590024506271,-0.06404579995469128,-0.05271937230997044,-0.11532362692806689,"down,down,up",True,42.55,11.991459,24300.0,20.5,2024-10-31,0.0,NSE_FO|49015|31-10-2024,0.0,0.0,0.0,0.0,7.873090481786138,"flat,flat,flat"
1592,2024-10-31T10:40:00+05:30,PE,24254.3,24267.05,24271.6,24254.3,24259.15,24272.5,24257.6,24266.7,24283.947086,24324.335186,38.4352,0.16603989252395152,0.7369942196532102,0.2630057803467898,0.0,0.0,0.7832067435820632,-0.05084464216741697,0.13841964324032793,False,True,-0.07462594261635482,-0.06370004494048778,0.006184470382571338,-0.004741427293295693,-0.03318999105312985,"down,up,up",True,26.55,6.873241,24250.0,-4.299999999999272,2024-10-31,0.0,NSE_FO|49013|31-10-2024,0.0,0.0,0.0,28.06026365348399,33.709981167608284,"flat,flat,flat"
1597,2024-10-31T11:05:00+05:30,PE,24251.5,24266.5,24269.45,24251.3,24257.2,24269.5,24255.65,24266.0,24270.887897,24310.881555,43.796,0.1645092873720737,0.8264462809916693,0.16253443526173506,0.011019283746595679,0.011019283746595679,0.86329908675806,-0.0059243691705960395,0.16337535046077717,False,True,0.006803702863746387,-0.02309135517390077,0.03463703276086615,-0.04432715502133889,-0.05133703069913502,"up,down,up",True,26.0,6.885018,24250.0,-1.5,2024-10-31,0.0,NSE_FO|49013|31-10-2024,0.0,0.0,0.0,14.999999999999995,25.15384615384615,"flat,flat,flat"
1599,2024-10-31T11:15:00+05:30,PE,24245.9,24252.65,24256.4,24241.05,24251.35,24258.5,24247.9,24253.15,24266.979661,24306.15806,40.4387,0.16118713168608578,0.4397394136807192,0.24429967426706622,0.31596091205221455,0.31596091205221455,0.770298996950378,-0.04359694180237257,0.14244614344312767,False,True,0.057741721280711374,0.019797161581955183,-0.010723462523569687,-0.019178500282527995,-0.07217715160088921,"up,down,down",True,32.54,6.00841,24250.0,4.099999999998545,2024-10-31,0.0,NSE_FO|49013|31-10-2024,0.0,0.0,0.0,-25.93730792870313,-24.247080516287646,"flat,flat,flat"
1601,2024-10-31T11:25:00+05:30,PE,24250.7,24259.95,24264.05,24249.1,24246.4,24263.15,24246.35,24259.9,24264.819179,24302.240331,44.2242,0.15398231393616868,0.6187290969899364,0.2742474916386853,0.10702341137137826,0.10702341137137826,0.770848023058448,-0.003169935017132423,0.16490559165714586,False,True,-0.030514583084205633,-0.04102974347132548,-0.018349985773609533,-0.06453421963077954,-0.11257407002684158,"down,down,up",True,24.65,6.17208,24250.0,-0.7000000000007276,2024-10-31,0.0,NSE_FO|49013|31-10-2024,0.0,0.0,0.0,15.821501014198795,29.208924949290072,"flat,flat,flat"
1602,2024-10-31T11:30:00+05:30,PE,24243.3,24250.4,24255.4,24238.2,24259.95,24264.05,24249.1,24250.7,24262.769733,24299.928946,41.4557,0.15291901915670317,0.41279069767452803,0.29069767441859234,0.29651162790687957,0.29651162790687957,0.8940873019070689,-0.03037465664926088,0.14979185741707993,False,False,-0.010518370023879887,0.012168310419789087,-0.008455944529000888,-0.012580795518758885,-0.0839407176415692,"down,up,down",True,28.55,6.217997,24250.0,6.700000000000728,2024-10-31,0.0,NSE_FO|49013|31-10-2024,0.0,0.0,0.0,11.558669001751316,-2.451838879159367,"flat,flat,flat"
1697,2024-11-04T12:10:00+05:30,PE,23923.65,23927.2,23936.45,23917.25,23946.15,23950.85,23925.65,23927.25,23912.48769,24002.315407,48.4632,0.3742460486699515,0.18489583333328843,0.48177083333331505,0.3333333333333965,0.3333333333333965,0.6309988020882356,0.10020835268435838,0.2223379737135327,False,False,-0.020063828053005748,-0.1504787103974519,-0.15883863875286586,-0.1571666530817922,-0.07503035698984363,"down,down,down",True,211.65,20.527602,23900.0,-23.650000000001455,2024-11-07,3.0,NSE_FO|50367|07-11-2024,0.0,1.110323647531299,1.110323647531299,7.606898180959128,8.032128514056225,"flat,up,flat"
1699,2024-11-04T12:20:00+05:30,PE,23887.65,23918.65,23919.4,23883.9,23920.1,23940.3,23918.05,23918.85,23910.670422,23994.67393,46.6875,0.3500923090060162,0.8732394366197183,0.02112676056338028,0.1056338028169014,0.1056338028169014,1.173638143358676,0.03650913105293029,0.18694951725163217,False,False,-0.008372527226411974,-0.00753527450378296,-0.02176857078867418,-0.0952374972004362,-0.06258464101743255,"down,up,down",True,226.25,19.365873,23900.0,12.349999999998545,2024-11-07,3.0,NSE_FO|50367|07-11-2024,0.0,0.6629834254143646,0.6629834254143646,2.961325966850824,8.44198895027624,"flat,up,flat"
1704,2024-11-04T12:45:00+05:30,PE,23867.45,23885.95,23889.85,23864.15,23881.9,23897.45,23873.5,23886.05,23898.885087,23974.101324,40.7247,0.31373954745366434,0.7198443579767352,0.15175097276257818,0.1284046692606866,0.1284046692606866,0.961243090036614,-0.03780547488767547,0.1456636250624023,False,True,-0.010684006879659421,-0.03959367255404632,0.12171388229575959,0.03561335626554157,0.11752407567628412,"down,down,up",True,216.45,16.4932,23850.0,-17.450000000000728,2024-11-07,3.0,NSE_FO|50365|07-11-2024,0.0,2.055902055902064,2.055902055902064,-7.599907599907595,-4.088704088704087,"flat,up,flat"
1710,2024-11-04T13:15:00+05:30,PE,23875.95,23905.6,23916.4,23874.55,23897.15,23917.25,23880.1,23905.7,23892.444142,23954.819074,50.0117,0.26038573619493166,0.7084826762245225,0.2580645161290883,0.03345280764638906,0.03345280764638906,1.5155591430026265,0.10026541385897686,0.22236967436609878,False,True,-0.013612023814759202,-0.024711058617568955,0.028061710633506633,0.08188155863954846,0.20501802022537627,"down,down,up",True,231.65,18.665255,23900.0,24.049999999999272,2024-11-07,3.0,NSE_FO|50367|07-11-2024,0.0,-0.7122814590977793,-0.7122814590977793,-2.9138786963090872,-5.763004532700192,"flat,down,flat"
1711,2024-11-04T13:20:00+05:30,PE,23872.7,23875.3,23881.95,23870.9,23905.6,23916.4,23874.55,23875.95,23890.563747,23951.598718,42.5002,0.2548262924684531,0.23529411764694264,0.6018099547513025,0.16289592760175484,0.16289592760175484,0.4180782482816236,-0.036055017751856405,0.14663610124897145,False,False,-0.011100545811749216,0.041679407859189485,0.037281078386599824,0.10974879255384068,0.257197552015473,"down,up,down",True,205.5,16.034834,23850.0,-22.700000000000728,2024-11-07,3.0,NSE_FO|50365|07-11-2024,0.0,0.24330900243309003,0.24330900243309003,-0.7299270072992701,-5.401459854014596,"flat,up,flat"
1712,2024-11-04T13:25:00+05:30,PE,23870.05,23872.75,23886.15,23866.45,23875.3,23881.95,23870.9,23872.7,23888.610057,23948.400729,41.7622,0.2496645712446111,0.13705583756348366,0.680203045685328,0.18274111675118843,0.18274111675118843,0.759160641166296,-0.010298033222235844,0.1609455370987607,False,False,0.05278581318431333,0.04838699541894245,0.05131954059585128,0.18621661873352058,0.27691605170496997,"up,down,up",True,206.0,15.534117,23850.0,-20.049999999999272,2024-11-07,3.0,NSE_FO|50365|07-11-2024,0.0,-2.500000000000003,-2.500000000000003,-1.8689320388349486,-11.286407766990292,"flat,down,flat"
1828,2024-11-06T10:35:00+05:30,CE,24328.95,24306.35,24333.65,24304.2,24324.45,24324.45,24281.25,24313.0,24316.285279,24214.433467,55.0082,0.42062438561202287,0.7674023769100722,0.15959252971139598,0.0730050933785319,0.8404074702886041,0.8293957687072533,0.04970035044964728,0.8057220275279818,True,False,-0.12125471917201523,-0.09926445654252014,0.07583557860080573,0.11282854377192902,0.21702539567058698,"down,up,up",True,94.9,19.076874,24350.0,21.049999999999272,2024-11-07,1.0,NSE_FO|50390|07-11-2024,0.0,-10.484720758693364,-10.484720758693364,11.064278187565858,6.26975763962064,"flat,down,flat"
1831,2024-11-06T10:50:00+05:30,CE,24347.4,24303.8,24365.35,24300.0,24298.45,24319.7,24296.1,24304.8,24316.946423,24226.130275,52.57,0.3748685694707043,0.6671767406274393,0.27467482784999986,0.05814843152256093,0.7253251721500001,1.7746362416620216,0.06968976575106726,0.7946167968049694,True,True,0.05667956332092655,0.022589681033703804,0.03696493260060622,0.07701027625126297,0.3199520277319049,"up,down,up",True,105.4,19.725544,24350.0,2.599999999998545,2024-11-07,1.0,NSE_FO|50390|07-11-2024,0.0,-0.7115749525616698,-0.7115749525616698,-4.316888045540807,-2.2770398481973486,"flat,down,flat"
1835,2024-11-06T11:10:00+05:30,CE,24369.05,24356.55,24371.85,24356.55,24351.6,24358.85,24349.55,24356.4,24331.232776,24245.930156,60.2011,0.3518224273152617,0.8169934640523264,0.18300653594767358,0.0,0.8169934640523264,0.46862444482932725,-0.10405236854653373,0.8911402047480772,True,True,-0.05293599873609278,-0.011900340801130194,-0.029135317133817465,0.09315094351236805,0.22241326600750022,"down,up,down",True,105.35,14.996689,24350.0,-19.049999999999272,2024-11-07,1.0,NSE_FO|50390|07-11-2024,0.0,-5.932605600379687,-5.932605600379687,-4.74608448030375,8.97009966777409,"flat,down,flat"
1837,2024-11-06T11:20:00+05:30,CE,24366.15,24355.8,24366.15,24353.9,24367.0,24370.2,24353.45,24356.15,24336.705288,24254.797503,58.9352,0.33769725346034535,0.8448979591838517,0.0,0.15510204081614834,1.0,0.40647461974133414,-0.07065340931123838,0.872585227395134,True,False,-0.017237027597715383,0.09439324636842505,0.06402324536292579,0.24275480533444063,0.18160439790446992,"down,up,down",True,103.0,13.3365,24350.0,-16.150000000001455,2024-11-07,1.0,NSE_FO|50390|07-11-2024,0.0,-2.572815533980588,-2.572815533980588,7.766990291262135,38.592233009708735,"flat,down,flat"
1839,2024-11-06T11:30:00+05:30,CE,24389.15,24362.05,24392.05,24361.3,24365.9,24372.05,24360.35,24361.95,24343.875304,24264.1035,59.5324,0.3287646873085584,0.8813008130082011,0.09430894308935991,0.024390243902439025,0.9056910569106401,1.0618797564659066,-0.07157733015965262,0.8730985167553683,True,False,-0.030341360810038298,0.010660478122437825,0.016605744767649845,0.20746930499832317,0.18860845908939014,"down,up,up",True,92.95,11.609971,24400.0,10.849999999998545,2024-11-07,1.0,NSE_FO|50392|07-11-2024,0.0,-5.594405594405597,-5.594405594405597,-2.2592791823561145,24.045185583647115,"flat,down,flat"
1850,2024-11-06T12:25:00+05:30,CE,24426.5,24409.6,24432.1,24408.75,24414.65,24419.0,24399.1,24410.4,24393.698475,24318.553849,60.9561,0.3090012114478229,0.7237687366168097,0.23982869379010252,0.0364025695930877,0.7601713062098975,0.9939028423577532,-0.061702513111837366,0.8676125072843626,True,False,0.035412359527568237,0.0579288887069431,-0.018217919063315362,0.019855484821806418,0.11258264589687429,"up,up,down",True,77.45,11.152013,24450.0,23.5,2024-11-07,1.0,NSE_FO|50394|07-11-2024,0.0,8.198837959974169,8.198837959974169,-0.25823111684958405,7.617817947062609,"flat,up,flat"
1856,2024-11-06T12:55:00+05:30,CE,24431.35,24412.45,24433.05,24410.65,24417.8,24421.55,24405.45,24413.0,24408.352566,24341.615013,56.8643,0.2741706043923564,0.8437499999999848,0.07589285714289702,0.0803571428571182,0.9241071428571029,1.0554193143241235,-0.009412491047020983,0.8385624950261283,True,False,-0.016372406764259856,0.013711890665076562,0.10601133379858853,0.09270875330262739,0.23330679639070295,"down,up,up",True,83.35,9.803109,24450.0,18.650000000001455,2024-11-07,1.0,NSE_FO|50394|07-11-2024,0.0,-0.41991601679663393,-0.41991601679663393,7.498500299940012,6.41871625674866,"flat,down,flat"
1859,2024-11-06T13:10:00+05:30,CE,24457.25,24434.45,24466.95,24434.35,24427.35,24441.4,24424.65,24434.7,24416.76083,24352.760586,61.9081,0.2628048831424541,0.6993865030674156,0.29754601226994104,0.0030674846626434385,0.702453987730059,1.5181609538410699,-0.07203727850087348,0.8733540436116035,True,True,-0.03393676721626214,-0.024941479520381664,-0.01328849318709176,0.03311901378936121,0.11223665784174724,"down,up,up",True,89.6,10.44397,24450.0,-7.25,2024-11-07,1.0,NSE_FO|50394|07-11-2024,0.0,-5.636160714285712,-5.636160714285712,-1.0044642857142763,3.515625000000006,"flat,down,flat"
1881,2024-11-06T15:00:00+05:30,CE,24490.0,24464.95,24496.8,24464.95,24463.35,24470.65,24455.15,24464.95,24475.279023,24428.165954,49.8818,0.19286371759843288,0.7864992150706567,0.21350078492934327,0.0,0.7864992150706567,1.4875539606111845,0.04220186004944821,0.8098878555280912,True,True,-0.03327888934259475,-0.07492854226214186,-0.017149857084527265,-0.1447529603919997,-0.5024499795835005,"down,down,up",True,72.45,12.425508,24500.0,10.0,2024-11-07,1.0,NSE_FO|50396|07-11-2024,0.0,-7.5224292615597,-7.5224292615597,-8.088336783988957,-38.026224982746726,"flat,down,flat"
1884,2024-11-06T15:15:00+05:30,CE,24485.8,24470.95,24494.65,24470.9,24481.65,24482.15,24463.0,24471.65,24476.480598,24434.007873,51.0834,0.17382627205802254,0.6252631578946756,0.37263157894746035,0.002105263157864101,0.6273684210525396,1.1338125039802787,0.022799838308669357,0.8206667564951905,True,False,0.04267779692720159,0.033080397618220285,-0.12762499081100065,-0.5088663633616158,-1.081647322121387,"up,down,down",True,66.59,11.042923,24500.0,14.200000000000728,2024-11-07,1.0,NSE_FO|50396|07-11-2024,0.0,1.9672623517044634,1.9672623517044634,-32.57245832707614,-67.41252440306353,"flat,up,flat"
1885,2024-11-06T15:20:00+05:30,CE,24496.25,24485.5,24496.25,24483.8,24470.95,24494.65,24470.9,24485.8,24478.363398,24436.44874,55.2587,0.1715251608200804,0.8634538152609937,0.0,0.1365461847390063,1.0,0.6120915063528082,-0.0222098263335781,0.8456721257408809,True,True,-0.009593305097713098,-0.17023013726591102,-0.4047558299739815,-0.632954023575034,-1.112619278460986,"down,down,down",True,67.9,9.955633,24500.0,3.75,2024-11-07,1.0,NSE_FO|50396|07-11-2024,0.0,3.9617083946980816,3.9617083946980816,-45.58173784977909,-73.56406480117819,"flat,up,flat"
1908,2024-11-07T11:00:00+05:30,PE,24239.1,24253.5,24260.35,24235.6,24232.25,24257.6,24231.25,24252.7,24270.51054,24335.063777,39.7845,0.26526841101198106,0.5818181818182406,0.276767676767618,0.1414141414141414,0.1414141414141414,0.8425293281906024,-0.04186372587117718,0.14340904118267642,False,True,-0.07013461720938484,-0.02434083773736573,-0.18544417903303792,-0.09241267208765103,-0.16894191616024148,"down,up,down",True,45.0,14.871263,24250.0,10.900000000001455,2024-11-07,0.0,NSE_FO|50387|07-11-2024,0.0,27.44444444444445,27.44444444444445,95.55555555555556,29.666666666666668,"flat,up,flat"
1917,2024-11-07T11:45:00+05:30,PE,24209.85,24217.55,24218.1,24206.5,24219.1,24226.65,24216.4,24217.75,24237.340268,24298.704223,38.7045,0.2525400302700771,0.6637931034484219,0.0474137931033915,0.28879310344818665,0.28879310344818665,0.47404418083586264,-0.079382753170338,0.12256513712758978,False,False,0.00929373787941685,-0.01755483821667627,-0.04832743697295559,-0.05080576707414243,0.08364364091475164,"up,down,down",True,26.8,10.187655,24200.0,-9.849999999998545,2024-11-07,0.0,NSE_FO|50384|07-11-2024,0.0,-2.9850746268656745,-2.9850746268656745,4.104477611940291,-8.768656716417915,"flat,down,flat"
1922,2024-11-07T12:10:00+05:30,PE,24198.85,24208.0,24211.4,24197.0,24197.15,24209.0,24193.25,24207.55,24224.202593,24281.58154,38.5514,0.23630646506890354,0.6354166666667035,0.2361111111111883,0.1284722222221082,0.1284722222221082,0.6727529316260852,-0.0528504207758726,0.13730532179118451,False,True,-0.005372156114853691,0.08016909894479059,0.09587232451129177,0.13492376703852232,0.09091341117449797,"down,up,up",True,23.6,8.069656,24200.0,1.1500000000014552,2024-11-07,0.0,NSE_FO|50384|07-11-2024,0.0,3.6016949152542286,3.6016949152542286,-42.58474576271187,-65.04237288135593,"flat,up,flat"
1926,2024-11-07T12:30:00+05:30,PE,24216.15,24222.15,24227.55,24213.5,24218.6,24235.15,24218.6,24222.05,24220.906144,24271.557291,45.6922,0.208685196391507,0.42704626334521784,0.3843416370105407,0.18861209964424144,0.18861209964424144,0.688086952250305,0.027430253684561645,0.1819056964914219,False,True,0.020027956549651966,0.06338745011076717,0.05760618430261247,-0.007433056039060339,-0.08837077735313605,"up,up,down",True,14.4,6.814059,24200.0,-16.150000000001455,2024-11-07,0.0,NSE_FO|50384|07-11-2024,0.0,-26.041666666666668,-26.041666666666668,-43.75000000000001,-37.15277777777777,"flat,down,flat"
1930,2024-11-07T12:50:00+05:30,PE,24219.95,24230.75,24239.05,24217.5,24231.9,24236.0,24226.65,24230.1,24222.439828,24264.762956,49.2271,0.17442217785826203,0.5011600928074077,0.38515081206494445,0.11368909512764781,0.11368909512764781,1.1129737569051124,0.06857348854181083,0.20476304918989638,False,False,-0.013625131348327607,-0.02312143501535793,-0.020644138406561534,-0.0565649392339816,-0.04582998726257561,"down,down,up",True,9.8,5.097055,24200.0,-19.950000000000728,2024-11-07,0.0,NSE_FO|50384|07-11-2024,0.0,-7.142857142857154,-7.142857142857154,-18.367346938775515,-10.20408163265306,"flat,down,flat"
1931,2024-11-07T12:55:00+05:30,PE,24216.65,24220.55,24223.55,24213.55,24230.75,24239.05,24217.5,24219.95,24221.888416,24262.876174,45.5368,0.16893198360350045,0.38999999999978174,0.3,0.31000000000021827,0.31000000000021827,0.5349370603753503,0.0068598449941669245,0.17047769166343027,False,False,-0.009497597727195587,-0.007019963537486512,0.017343439327888413,-0.07598078181747457,-0.03489334817161221,"down,up,up",True,9.1,4.835726,24200.0,-16.650000000001455,2024-11-07,0.0,NSE_FO|50384|07-11-2024,0.0,-0.5494505494505377,-0.5494505494505377,-25.274725274725274,13.736263736263737,"flat,down,flat"
2174,2024-11-12T14:25:00+05:30,PE,23921.4,23960.45,23964.85,23908.65,23954.1,23973.6,23949.65,23958.85,23973.067018,24037.915882,39.236,0.2697773980004628,0.6948398576512685,0.07829181494658444,0.226868327402147,0.226868327402147,1.748584642075212,-0.03427603983183846,0.14762442231564382,False,True,0.20650965244508185,0.10200071902145283,0.09510312941550243,0.021528840285258456,-0.327949033083351,"up,down,down",True,91.4,15.013809,23900.0,-21.400000000001455,2024-11-14,2.0,NSE_FO|43893|14-11-2024,0.0,-21.77242888402626,-21.77242888402626,-13.741794310722103,-2.5711159737418035,"flat,down,flat"
2176,2024-11-12T14:35:00+05:30,PE,23945.8,23972.85,23992.55,23943.9,23921.75,23986.45,23919.4,23970.8,23970.274815,24031.774715,45.859,0.2559107711741833,0.5560123329907602,0.4049331963001359,0.03905447070910385,0.03905447070910385,1.3652313487648857,0.09292836720444833,0.21829353733580473,False,True,-0.006890561183998101,0.01482514678983067,-0.010440244218192753,-0.23699354375297546,-0.3610236450651084,"down,up,down",True,102.9,19.950853,23950.0,4.200000000000728,2024-11-14,2.0,NSE_FO|43895|14-11-2024,0.0,-1.74927113702625,-1.74927113702625,-0.874635568513125,29.436345966958203,"flat,down,flat"
2180,2024-11-12T14:55:00+05:30,PE,23926.55,23942.4,23951.5,23925.8,23952.15,23962.25,23941.8,23943.3,23960.312108,24018.283282,41.2355,0.24136268741341455,0.616731517509795,0.3540856031127738,0.02918287937743108,0.02918287937743108,0.8016941012939164,-0.03677793494624816,0.14623448058541763,False,False,-0.043466358501320995,-0.15672965805768072,-0.23300475831241865,-0.34940265102991674,-0.7144782678656167,"down,down,down",True,114.45,16.774,23950.0,23.450000000000728,2024-11-14,2.0,NSE_FO|43895|14-11-2024,0.0,0.1747487986020121,0.1747487986020121,23.416339012669283,37.177806902577544,"flat,up,flat"
2181,2024-11-12T15:00:00+05:30,PE,23916.15,23923.45,23936.3,23907.1,23942.4,23951.5,23925.8,23926.55,23956.106193,24014.278055,38.0589,0.2422386459704014,0.24999999999996886,0.44006849315062413,0.309931506849407,0.309931506849407,0.9167101057494402,-0.08267701286859272,0.12073499285078157,False,False,-0.11331255239661142,-0.1896208210769801,-0.18355797233250942,-0.35289960967798517,-0.8090767117617175,"down,down,up",True,88.8,14.064539,23900.0,-16.150000000001455,2024-11-14,2.0,NSE_FO|43893|14-11-2024,0.0,19.48198198198198,19.48198198198198,24.83108108108108,60.58558558558559,"flat,up,flat"
2207,2024-11-13T10:55:00+05:30,PE,23735.55,23757.75,23758.2,23728.55,23727.15,23782.25,23722.95,23758.2,23761.065384,23850.274135,44.9082,0.3740365854708793,0.7487352445193807,0.015177065767308786,0.2360876897133105,0.2360876897133105,0.7231972077807398,-0.012059156244442204,0.15996713541975285,False,True,-0.039392388210926416,-0.08152328469320722,-0.10638051361775902,-0.11333211153732616,-0.08826422813038133,"down,down,down",True,112.95,22.31003,23750.0,14.450000000000728,2024-11-14,1.0,NSE_FO|43886|14-11-2024,0.0,2.3019034971226158,2.3019034971226158,7.127047366091189,6.197432492253209,"flat,up,flat"
2208,2024-11-13T11:00:00+05:30,PE,23726.2,23735.95,23745.6,23718.25,23757.75,23758.2,23728.55,23735.55,23757.744871,23845.408482,41.5409,0.36763308569938696,0.35648994515541205,0.35283363802553314,0.2906764168190549,0.2906764168190549,0.6833467229314256,-0.051119628845013455,0.13826687286388128,False,False,-0.04214749938886126,-0.06701452402829554,-0.14899141033963376,-0.054581011708578396,-0.08808827372272617,"down,down,down",True,115.55,20.61426,23750.0,23.799999999999272,2024-11-14,1.0,NSE_FO|43886|14-11-2024,0.0,5.625270445694505,5.625270445694505,13.846819558632639,-1.6010385114668926,"flat,up,flat"
2209,2024-11-13T11:05:00+05:30,PE,23716.2,23726.2,23732.15,23711.05,23735.95,23745.6,23718.25,23726.2,23753.788217,23840.341483,40.2008,0.36305380131286347,0.4739336492890505,0.2819905213270195,0.24407582938392997,0.24407582938392997,0.5456155267181506,-0.09109375229890185,0.11605902650061001,False,False,-0.024877509887762182,-0.10688896197536782,0.0025299162597656657,-0.004216527099619669,-0.11152714178494331,"down,down,up",True,96.85,16.518256,23700.0,-16.200000000000728,2024-11-14,1.0,NSE_FO|43883|14-11-2024,0.0,-0.10325245224573497,-0.10325245224573497,-7.640681466184813,-6.504904491481669,"flat,down,flat"
2210,2024-11-13T11:10:00+05:30,PE,23710.3,23715.4,23727.5,23702.1,23726.2,23732.15,23711.05,23716.2,23749.646482,23835.241817,38.7607,0.3591125093555755,0.2007874015748776,0.47637795275582095,0.3228346456693015,0.3228346456693015,0.6733127405668609,-0.09324973328249352,0.11486125928750189,False,False,-0.08203185957158167,0.027414246129319326,-0.006959000940510315,-0.10860259043538041,-0.11007874215002993,"down,up,down",True,96.75,15.923394,23700.0,-10.299999999999272,2024-11-14,1.0,NSE_FO|43883|14-11-2024,0.0,8.2687338501292,8.2687338501292,-1.550387596899225,14.21188630490956,"flat,up,flat"
2216,2024-11-13T11:40:00+05:30,PE,23684.55,23715.4,23718.45,23682.8,23712.7,23723.6,23706.5,23715.2,23729.258203,23807.396531,41.6229,0.32821030177849175,0.8653576437587917,0.08555399719492701,0.0490883590462813,0.0490883590462813,1.0810996369325183,-0.04554800199626157,0.14136222111318783,False,True,0.12413155411439716,0.09077647664827916,0.1268759592223592,-0.0014777565965937492,-0.021744132778532068,"up,down,up",True,110.5,15.071559,23700.0,15.450000000000728,2024-11-14,1.0,NSE_FO|43883|14-11-2024,0.0,-18.5972850678733,-18.5972850678733,-25.067873303167428,-7.918552036199094,"flat,down,flat"
2218,2024-11-13T11:50:00+05:30,PE,23706.05,23713.55,23718.4,23706.0,23685.7,23715.85,23684.95,23713.95,23725.728824,23799.901296,43.6878,0.3116503345014477,0.6048387096773484,0.3911290322581946,0.004032258064456978,0.004032258064456978,0.3949692385853557,-0.030889773942736048,0.14950568114292428,False,True,0.03606674245603664,-0.0031637493382490967,-0.0687588189512773,0.0303719936471944,-0.16367129909875022,"up,down,down",True,92.5,14.621166,23700.0,-6.049999999999272,2024-11-14,1.0,NSE_FO|43883|14-11-2024,0.0,-10.48648648648649,-10.48648648648649,7.513513513513518,-8.000000000000005,"flat,down,flat"
2221,2024-11-13T12:05:00+05:30,PE,23689.75,23704.95,23706.6,23684.2,23715.45,23727.8,23702.6,23705.3,23719.674344,23788.929338,42.5722,0.2911227866374632,0.6785714285715272,0.07366071428562401,0.2477678571428488,0.2477678571428488,0.7656070187022694,-0.05512025085330811,0.13604430508149543,False,False,-0.02342785381863157,0.06057472113466181,0.09919902067349803,0.01582963095853692,-0.1943878681708303,"down,up,up",True,99.45,14.502936,23700.0,10.25,2024-11-14,1.0,NSE_FO|43883|14-11-2024,0.0,2.3127199597787804,2.3127199597787804,-14.429361488185025,-6.083459024635492,"flat,up,flat"
2225,2024-11-13T12:25:00+05:30,PE,23693.9,23712.6,23713.25,23690.95,23704.3,23717.55,23696.65,23713.25,23712.949642,23775.637869,46.5206,0.26366580507913584,0.8385650224214215,0.029147982062846474,0.132286995515732,0.132286995515732,0.8263040365322455,0.0012666412425910338,0.16737035624588248,False,True,0.06963817691473333,-0.0016881982282421011,-0.06119718577355353,-0.14687324585654074,-0.22621856258362777,"up,down,down",True,94.5,13.726782,23700.0,6.099999999998545,2024-11-14,1.0,NSE_FO|43883|14-11-2024,0.0,-11.69312169312169,-11.69312169312169,9.25925925925926,23.015873015873016,"flat,down,flat"
2227,2024-11-13T12:35:00+05:30,PE,23693.5,23710.05,23710.2,23689.7,23694.0,23715.35,23687.5,23710.4,23710.877598,23769.958755,46.7314,0.24855388942386294,0.8073170731706962,0.007317073170802693,0.18536585365850108,0.18536585365850108,0.770800570392422,-0.0028577516677643026,0.16507902685124348,False,True,-0.059509992191945235,-0.07723637284487,-0.11078987908076056,-0.21018422774178266,-0.10783548230527053,"down,down,down",True,93.4,13.714173,23700.0,6.5,2024-11-14,1.0,NSE_FO|43883|14-11-2024,0.0,10.54603854389721,10.54603854389721,22.698072805139173,32.86937901498928,"flat,up,flat"
2228,2024-11-13T12:40:00+05:30,PE,23679.4,23693.85,23694.7,23678.15,23710.05,23710.2,23689.7,23693.5,23707.879732,23766.407432,43.1716,0.2462622933964971,0.8731117824772039,0.051359516616448345,0.07552870090634774,0.07552870090634774,0.6395351016472173,-0.05559220035274183,0.1357821109151462,False,False,-0.017736935902095186,-0.05131042171677262,-0.08572852352679083,-0.02470501786363752,0.028294635843801316,"down,down,down",True,103.25,13.34717,23700.0,20.599999999998545,2024-11-14,1.0,NSE_FO|43883|14-11-2024,0.0,2.953995157384985,2.953995157384985,12.590799031477,1.7917675544794134,"flat,up,flat"
2229,2024-11-13T12:45:00+05:30,PE,23675.2,23679.25,23686.75,23656.9,23693.85,23694.7,23678.15,23679.4,23704.767376,23762.83067,40.4061,0.24434502272199032,0.13567839195978124,0.2512562814070474,0.6130653266331714,0.6130653266331714,1.1409732673976367,-0.07600739426889108,0.12444033651728405,False,False,-0.033579441778742,-0.06800364938839876,-0.11024194093398232,-0.04075995134149429,0.13685206460768154,"down,down,down",True,106.3,14.952406,23700.0,24.799999999999272,2024-11-14,1.0,NSE_FO|43883|14-11-2024,0.0,7.808090310442142,7.808090310442142,13.499529633113838,1.9285042333019728,"flat,up,flat"
2231,2024-11-13T12:55:00+05:30,PE,23659.1,23666.0,23673.1,23650.6,23674.9,23687.35,23664.2,23667.25,23697.185313,23755.161529,38.0315,0.2440573427767371,0.30666666666673137,0.31555555555549086,0.37777777777777777,0.37777777777777777,0.8754678159548756,-0.10163786408333611,0.11020118662037277,False,False,-0.042267034671648544,-0.06509123339432954,0.061075865100535226,-0.07946202518269618,0.1671661221263823,"down,down,up",True,91.35,13.055817,23650.0,-9.099999999998545,2024-11-14,1.0,NSE_FO|43869|14-11-2024,0.0,2.846195949644235,2.846195949644235,-11.603721948549529,3.119868637110026,"flat,up,flat"
2237,2024-11-13T13:25:00+05:30,PE,23640.3,23655.45,23662.55,23636.1,23665.25,23671.4,23649.95,23655.35,23677.839481,23733.684102,39.4174,0.23529689179310453,0.5727788279773549,0.2684310018902968,0.15879017013234828,0.15879017013234828,1.0098405814879967,-0.06457295654980962,0.1307928019167738,False,False,0.008037123048360026,0.11696129067736644,0.19373696611294813,0.2468242788797189,-0.17491317792074781,"up,up,up",True,94.2,13.971945,23650.0,9.700000000000728,2024-11-14,1.0,NSE_FO|43869|14-11-2024,0.0,2.1762208067940523,2.1762208067940523,-25.159235668789808,-26.656050955414013,"flat,up,flat"
2244,2024-11-13T14:00:00+05:30,PE,23677.75,23698.9,23708.8,23675.0,23695.8,23721.0,23693.5,23698.65,23681.25685,23721.387461,53.1187,0.16917480508243896,0.6257396449704707,0.2928994082839654,0.08136094674556388,0.08136094674556388,1.210946656832416,0.1163078048367931,0.23128211379822164,False,True,-0.02322855845677904,-0.09122488412116246,-0.14443939985852003,-0.43015066887689307,-0.6748952075260498,"down,down,down",True,104.45,17.466381,23700.0,22.25,2024-11-14,1.0,NSE_FO|43883|14-11-2024,0.0,-4.021062709430352,-4.021062709430352,14.983245572044032,59.980852082336035,"flat,down,flat"
2245,2024-11-13T14:05:00+05:30,PE,23672.25,23676.7,23692.8,23669.8,23698.9,23708.8,23675.0,23677.75,23680.399054,23719.460502,47.4693,0.1646810137047879,0.19347826086959685,0.6999999999999368,0.10652173913046642,0.10652173913046642,0.8345069040207487,0.0523679772951428,0.19575998738619485,False,False,-0.06801212390034131,-0.12123900347453548,-0.2507155002164921,-0.33309043289082596,-0.5519120489180431,"down,down,down",True,76.25,14.371604,23650.0,-22.25,2024-11-14,1.0,NSE_FO|43869|14-11-2024,0.0,11.540983606557372,11.540983606557372,43.47540983606558,61.50819672131148,"flat,up,flat"
2246,2024-11-13T14:10:00+05:30,PE,23656.15,23674.8,23674.8,23641.0,23676.7,23692.8,23669.8,23672.25,23678.089621,23716.977737,46.0804,0.1639674179030575,0.5517751479289413,0.0,0.4482248520710586,0.4482248520710586,1.2068490755964287,-0.013893101397345611,0.15894827700147746,False,False,-0.05326310494312127,-0.1828277213325076,-0.24179758751952757,-0.403277794569283,-0.47492935240942497,"down,down,down",True,85.05,14.466587,23650.0,-6.150000000001455,2024-11-14,1.0,NSE_FO|43869|14-11-2024,0.0,9.112286890064668,9.112286890064668,40.917107583774246,69.24162257495591,"flat,up,flat"
2247,2024-11-13T14:15:00+05:30,PE,23643.55,23656.65,23658.9,23635.9,23674.8,23674.8,23641.0,23656.15,23674.800133,23714.098218,42.189,0.16571612649461676,0.5695652173913992,0.09782608695652174,0.332608695652079,0.332608695652079,0.8318508906555151,-0.06716057964872191,0.12935523352849057,False,False,-0.12963366330351328,-0.1886349554106661,-0.2861245455948782,-0.33603244859592035,-0.24721329918730786,"down,down,down",True,92.8,14.354098,23650.0,6.450000000000728,2024-11-14,1.0,NSE_FO|43869|14-11-2024,0.0,17.88793103448277,17.88793103448277,44.989224137931046,52.262931034482776,"flat,up,flat"
2248,2024-11-13T14:20:00+05:30,PE,23612.9,23644.3,23644.6,23612.85,23656.65,23658.9,23635.9,23643.55,23668.904882,23710.129661,39.3858,0.17386990113263442,0.9889763779526871,0.00944881889761488,0.0015748031496979648,0.0015748031496979648,1.1362781918224403,-0.10268697314544542,0.10961834825252836,False,False,-0.05907787692321031,-0.15669401047732381,-0.08258197849480581,-0.1327664115801201,-0.03875000529372273,"down,down,up",True,84.1,12.245883,23600.0,-12.900000000001455,2024-11-14,1.0,NSE_FO|43867|14-11-2024,0.0,10.3448275862069,10.3448275862069,14.744351961950066,24.197384066587407,"flat,up,flat"
2264,2024-11-14T09:25:00+05:30,PE,23581.6,23614.5,23623.3,23572.65,23604.9,23624.1,23558.4,23615.1,23598.984905,23647.858649,50.8616,0.2066730215425538,0.6495557749260192,0.17374136229022016,0.17670286278376063,0.17670286278376063,1.2986845825140036,0.10303449533054443,0.2239080529614127,False,True,0.020990942090446482,0.02311123927129935,-0.02777589306916949,0.06382094514368368,0.020778912372364282,"up,up,down",True,91.4,25.270399,23600.0,18.400000000001455,2024-11-14,0.0,NSE_FO|43867|14-11-2024,0.0,0.0,0.0,-3.8293216630196936,-2.40700218818381,"flat,flat,flat"
2267,2024-11-14T09:40:00+05:30,PE,23575.05,23587.85,23593.5,23500.65,23587.55,23600.6,23576.05,23587.05,23594.707544,23640.492882,45.1875,0.1936733647159238,0.1378567582121645,0.06085083467960736,0.8012924071082281,0.8012924071082281,2.254031511967403,-0.005117859578250427,0.1638234113454207,False,False,-0.005090127062299879,-0.010604431379784986,0.09162228712135152,0.1775181812976099,0.05344633415412558,"down,down,up",True,89.2,31.035609,23600.0,24.950000000000728,2024-11-14,0.0,NSE_FO|43867|14-11-2024,0.0,0.0,0.0,-1.1210762331838564,-21.46860986547086,"flat,flat,flat"
2290,2024-11-14T11:35:00+05:30,PE,23507.75,23522.0,23525.0,23501.45,23509.45,23521.2,23497.0,23520.75,23546.281196,23589.123514,39.698,0.1816189481333311,0.6050955414012926,0.12738853503185107,0.26751592356685633,0.26751592356685633,0.7830231015754282,-0.0903802847798111,0.11645539734454931,False,True,0.02403462687837609,0.03658367985025596,0.011485573906480747,0.1029447735321361,0.06742457274727928,"up,up,down",True,33.29,11.744927,23500.0,-7.75,2024-11-14,0.0,NSE_FO|43851|14-11-2024,0.0,-13.637729047762088,-13.637729047762088,-16.942024632021628,-53.28927605887653,"flat,down,flat"
2349,2024-11-18T10:15:00+05:30,PE,23425.9,23449.6,23452.3,23415.9,23486.95,23488.75,23450.0,23450.0,23467.643826,23503.865632,44.3231,0.1541099943606135,0.6510989010988601,0.07417582417584861,0.2747252747252912,0.2747252747252912,0.9655675174810248,-0.06538289959472075,0.1303428335584928,False,False,0.11269577689650265,-0.08452183267239641,-0.11461672763907547,-0.3096999474940254,-0.08943092901447,"up,down,down",True,145.55,26.282981,23450.0,24.099999999998545,2024-11-21,3.0,NSE_FO|43308|21-11-2024,0.0,-10.958433527997263,-10.958433527997263,7.763655101339734,34.97080041222946,"flat,down,flat"
2351,2024-11-18T10:25:00+05:30,PE,23406.1,23453.25,23453.45,23403.7,23424.15,23460.6,23418.45,23452.3,23460.460366,23498.088805,45.8331,0.16013404031392275,0.947738693467366,0.004020100502527188,0.04824120603010688,0.04824120603010688,1.2804286798008193,-0.029881621633300784,0.15006576575927583,False,True,-0.03012035324124597,-0.1065961437402946,-0.1527379614715822,0.03161568992699106,0.08651590824614097,"down,down,down",True,130.5,23.33838,23400.0,-6.099999999998545,2024-11-21,3.0,NSE_FO|43299|21-11-2024,0.0,1.1877394636015413,1.1877394636015413,17.088122605363992,-4.6360153256704955,"flat,up,flat"
2352,2024-11-18T10:30:00+05:30,PE,23399.05,23406.4,23416.1,23393.2,23453.25,23453.45,23403.7,23406.1,23454.611759,23494.20493,39.6077,0.16852313631368518,0.32096069869008226,0.42358078602611415,0.2554585152838036,0.2554585152838036,0.6071920546612269,-0.1641969579190462,0.07544613448941806,False,False,-0.07649883221753796,-0.12265455221472978,-0.1953070744325121,-0.057694649996474216,0.04295046166403881,"down,down,down",True,132.05,22.499674,23400.0,0.9500000000007276,2024-11-21,3.0,NSE_FO|43299|21-11-2024,0.0,11.321469140477083,11.321469140477083,27.1109428246876,7.2321090496024105,"flat,up,flat"
2353,2024-11-18T10:35:00+05:30,PE,23381.15,23399.85,23404.0,23380.4,23406.4,23416.1,23393.2,23399.05,23447.615401,23489.771403,38.7429,0.17946535654500137,0.7923728813558577,0.17584745762719114,0.031779661016951115,0.031779661016951115,0.6429395457566329,-0.18601209655690187,0.06332661302394106,False,False,-0.046191055615326486,-0.118899198713506,-0.03549868163030009,-0.05282032748603974,0.13664853952862493,"down,down,up",True,147.0,21.941811,23400.0,18.849999999998545,2024-11-21,3.0,NSE_FO|43299|21-11-2024,0.0,3.945578231292525,3.945578231292525,2.8503401360544203,3.4353741496598715,"flat,up,flat"
2358,2024-11-18T11:00:00+05:30,PE,23385.55,23413.2,23416.1,23384.85,23373.15,23415.2,23372.1,23413.5,23421.355826,23469.842474,45.5946,0.20659128008087663,0.8848000000000465,0.09279999999993015,0.022400000000023283,0.022400000000023283,0.8894714586967596,-0.022440314894862076,0.1541998250584142,False,True,-0.07162542681271127,-0.020953109933261427,0.08295721075622106,0.10070321202622677,0.32370416774461463,"down,up,up",True,141.6,22.836313,23400.0,14.450000000000728,2024-11-21,3.0,NSE_FO|43299|21-11-2024,0.0,7.3799435028248705,7.3799435028248705,-7.132768361581918,-9.03954802259886,"flat,up,flat"
2359,2024-11-18T11:05:00+05:30,PE,23368.8,23385.4,23392.25,23367.35,23413.2,23416.1,23384.85,23385.55,23416.35051,23465.880024,41.6553,0.21107034532410945,0.6666666666667154,0.2751004016063512,0.058232931726933446,0.058232931726933446,0.7237892582640079,-0.10292171698449781,0.10948793500861634,False,False,0.050708637157244635,0.154693437403724,0.12452500770258713,0.18956899798020982,0.42813494916298345,"up,up,down",True,127.5,19.746861,23350.0,-18.799999999999272,2024-11-21,3.0,NSE_FO|43291|21-11-2024,0.0,-4.313725490196078,-4.313725490196078,-11.41176470588235,-19.019607843137255,"flat,down,flat"
2362,2024-11-18T11:20:00+05:30,PE,23397.9,23405.2,23408.85,23396.35,23381.6,23410.8,23379.4,23404.95,23410.827702,23457.833082,46.378,0.20038244724348034,0.5839999999999418,0.2919999999998254,0.12400000000023283,0.12400000000023283,0.3924240065417396,-0.008447808959062048,0.16197343946718773,False,True,0.12159210869350277,0.04786754366843644,0.06496309497859676,0.17758003923428714,0.3532368289461781,"up,down,up",True,135.3,19.103242,23400.0,2.099999999998545,2024-11-21,3.0,NSE_FO|43299|21-11-2024,0.0,-14.634146341463422,-14.634146341463422,-7.908351810790847,-19.47524020694753,"flat,down,flat"
2364,2024-11-18T11:30:00+05:30,PE,23409.1,23426.25,23427.9,23406.85,23397.8,23437.9,23397.2,23426.35,23412.000681,23454.735767,50.4346,0.18220237663100747,0.8147268408550634,0.07838479809982077,0.10688836104511586,0.10688836104511586,0.6647003115756,0.06791097957255396,0.20439498865141778,False,True,0.017087372004904077,0.10124267912905976,0.07176696242060955,0.22277661251394312,0.5344075594533844,"up,up,down",True,128.8,19.651772,23400.0,-9.099999999998545,2024-11-21,3.0,NSE_FO|43299|21-11-2024,0.0,-3.2608695652174045,-3.2608695652174045,-9.549689440993797,-24.456521739130444,"flat,down,flat"
2431,2024-11-19T10:50:00+05:30,CE,23703.75,23695.2,23704.9,23690.9,23712.75,23719.7,23693.3,23694.85,23667.516307,23590.992784,61.5249,0.32437601800253035,0.6107142857142337,0.08214285714296109,0.30714285714280515,0.9178571428570389,0.49607419285628357,-0.09880078964214639,0.8882226609123067,True,False,0.042820228866746635,0.12192163687180912,0.14069503770499833,0.16621842535464412,0.2442651479196391,"up,up,up",True,101.05,17.578384,23700.0,-3.75,2024-11-21,2.0,NSE_FO|43321|21-11-2024,0.0,5.294408708560128,5.294408708560128,19.643740722414655,24.938149430974768,"flat,up,flat"
2447,2024-11-19T12:10:00+05:30,CE,23749.35,23740.6,23750.6,23736.15,23758.45,23764.1,23736.3,23740.75,23736.236623,23667.063935,57.1695,0.29227405727208294,0.6055363321800528,0.08650519031143611,0.30795847750851113,0.9134948096885639,0.7305036537061377,0.0003649399075980707,0.8331305889402247,True,False,0.03494832490153588,0.000842128310883151,-0.012842456740918268,-0.06989664980304111,0.04484333255437078,"up,down,down",True,95.65,11.396877,23750.0,0.6500000000014552,2024-11-21,2.0,NSE_FO|43323|21-11-2024,0.0,4.129639309984306,4.129639309984306,-5.7501306847882905,-15.159435441714583,"flat,up,flat"
2448,2024-11-19T12:15:00+05:30,CE,23757.65,23749.4,23765.45,23746.6,23740.6,23750.6,23736.15,23749.35,23738.275992,23670.61633,59.314,0.2858381930437812,0.437665782493318,0.41379310344818937,0.14854111405849263,0.5862068965518107,0.9561547503747356,-0.03506576468655456,0.8528143137147597,True,True,-0.03409428121048244,-0.04777408539986986,-0.016836682079246053,-0.04966821213378811,0.01894126733915181,"down,down,up",True,99.6,11.225113,23750.0,-7.650000000001455,2024-11-21,2.0,NSE_FO|43323|21-11-2024,0.0,-6.8775100401606375,-6.8775100401606375,-7.1787148594377435,-9.93975903614457,"flat,down,flat"
2451,2024-11-19T12:30:00+05:30,CE,23753.65,23745.95,23754.95,23740.75,23750.05,23753.6,23744.5,23746.3,23741.310531,23679.581567,57.0771,0.26068435299559484,0.542253521126784,0.09154929577459196,0.36619718309862404,0.9084507042254081,0.7747197383149883,0.002360994348931433,0.832021669806152,True,False,-0.007788276749056177,-0.08798647786761804,-0.03283705872572388,-0.014313589700957346,0.031153106996178764,"down,down,up",True,92.45,10.036321,23750.0,-3.650000000001455,2024-11-21,2.0,NSE_FO|43323|21-11-2024,0.0,-1.5143320713899466,-1.5143320713899466,-2.9745808545159544,-0.8112493239588967,"flat,down,flat"
2454,2024-11-19T12:45:00+05:30,CE,23745.85,23732.4,23746.1,23724.2,23752.25,23753.95,23727.65,23732.75,23741.822993,23686.797925,51.0509,0.23230268681410493,0.6141552511414808,0.011415525114156388,0.37442922374436277,0.9885844748858436,1.1776172705153467,0.07422763199437885,0.7920957600031258,True,False,0.004000699069524686,0.024635883743905497,0.018529553585158905,0.0686435735086464,0.056852039408991466,"up,up,down",True,89.7,10.083658,23750.0,4.150000000001455,2024-11-21,2.0,NSE_FO|43323|21-11-2024,0.0,0.22296544035674787,0.22296544035674787,2.229654403567447,7.7480490523968815,"flat,up,flat"
2455,2024-11-19T12:50:00+05:30,CE,23746.8,23745.7,23751.0,23739.8,23732.4,23746.1,23724.2,23745.85,23742.296993,23689.150947,55.2192,0.22434761853181612,0.0982142857141494,0.3750000000000406,0.52678571428581,0.6249999999999594,0.6198624403486576,0.01051706581185827,0.8274905189934191,True,True,0.020634359155766065,0.01452827328314016,0.026529890343116855,-0.0006316640557793775,0.07622079606516323,"up,down,up",True,89.9,9.569327,23750.0,3.2000000000007276,2024-11-21,2.0,NSE_FO|43323|21-11-2024,0.0,0.6674082313681805,0.6674082313681805,5.895439377085647,-3.4482758620689746,"flat,up,flat"
2456,2024-11-19T12:55:00+05:30,CE,23751.7,23746.25,23754.05,23741.4,23745.7,23751.0,23739.8,23746.8,23743.192518,23691.603851,55.515,0.21775084255354235,0.43083003952582355,0.1857707509880593,0.3833992094861171,0.8142292490119407,0.7154375242625404,0.007549608160905286,0.8291391065772805,True,True,-0.006104826180865906,0.005894314933237693,0.03494486710424632,-0.029050552171008624,0.06252184054193402,"down,up,up",True,90.5,9.036308,23750.0,-1.7000000000007276,2024-11-21,2.0,NSE_FO|43323|21-11-2024,0.0,1.3259668508287323,1.3259668508287323,7.845303867403308,-4.696132596685083,"flat,up,flat"
2459,2024-11-19T13:10:00+05:30,CE,23760.0,23752.95,23762.05,23750.8,23749.3,23757.3,23748.2,23753.1,23746.197147,23698.726099,57.4573,0.2003105475023931,0.626666666666602,0.18222222222215756,0.19111111111124046,0.8177777777778424,0.6947815850642092,-0.019383537378665407,0.8441019652103754,True,True,0.009048821548827673,-0.05618686868686257,-0.06397306397306704,-0.022306397306394245,-0.2215909090909152,"up,down,down",True,97.6,8.273979,23750.0,-10.0,2024-11-21,2.0,NSE_FO|43323|21-11-2024,0.0,-0.9733606557376934,-0.9733606557376934,-11.629098360655732,-7.581967213114746,"flat,down,flat"
2460,2024-11-19T13:15:00+05:30,CE,23762.15,23761.0,23766.45,23753.55,23752.95,23762.05,23750.8,23760.0,23747.716466,23701.213311,59.8708,0.19620579921290154,0.08914728682180817,0.33333333333323933,0.5775193798449525,0.6666666666667607,0.8084233451105024,-0.024564610278843296,0.846980339043809,True,True,-0.06522978770860381,-0.0730152784996399,-0.004629210740619778,-0.011783445521566484,-0.15108060507993365,"down,down,up",True,96.65,7.802309,23750.0,-12.150000000001455,2024-11-21,2.0,NSE_FO|43323|21-11-2024,0.0,-10.191412312467675,-10.191412312467675,-0.6207966890843337,-4.345576823590277,"flat,down,flat"
2463,2024-11-19T13:30:00+05:30,CE,23761.05,23745.2,23764.0,23741.65,23746.7,23750.35,23738.45,23744.8,23748.651878,23706.846919,52.0938,0.1763412871515027,0.709172259507811,0.13199105145417986,0.1588366890380091,0.8680089485458201,1.350906848354181,0.02948326513845378,0.8169537415897549,True,False,0.0010521420560118345,-0.026724408222694476,-0.007154565980883537,-0.0822775087801224,-0.2670336538158066,"up,down,up",True,96.05,8.738049,23750.0,-11.049999999999272,2024-11-21,2.0,NSE_FO|43323|21-11-2024,0.0,-0.9370119729307563,-0.9370119729307563,-3.748047891723055,-14.003123373243106,"flat,down,flat"
2467,2024-11-19T13:50:00+05:30,CE,23764.9,23759.1,23766.65,23754.8,23754.8,23764.55,23753.1,23759.35,23752.484825,23714.727918,56.983,0.15921290402552213,0.4894514767934044,0.14767932489448757,0.36286919831210807,0.8523206751055125,0.7671429750582839,-0.009747085482033253,0.8387483808233547,True,True,0.006943012594194871,-0.09846454224508183,-0.2034513084422917,-0.21270865856790017,-0.5392406448165212,"up,down,down",True,95.2,7.729383,23750.0,-14.900000000001455,2024-11-21,2.0,NSE_FO|43323|21-11-2024,0.0,0.8928571428571369,0.8928571428571369,-23.48739495798319,-27.626050420168063,"flat,up,flat"
2512,2024-11-21T11:20:00+05:30,PE,23332.1,23337.45,23349.05,23330.1,23335.55,23341.15,23332.15,23337.75,23349.225999,23446.306824,39.199,0.4140559352427628,0.2823218997362521,0.6121372031661266,0.10554089709762128,0.10554089709762128,0.6784955230037096,-0.0007537680264291214,0.16624790665198672,False,True,0.0432880023658487,0.04050214082744686,0.010714852070752312,0.05786020118206249,0.07607544970234141,"up,down,down",True,43.25,9.342896,23350.0,17.900000000001455,2024-11-21,0.0,NSE_FO|43291|21-11-2024,0.0,0.0,0.0,-18.404624277456648,-6.011560693641622,"flat,flat,flat"
2515,2024-11-21T11:35:00+05:30,PE,23334.6,23339.9,23346.25,23332.3,23342.35,23348.3,23337.4,23341.55,23346.623867,23434.210463,41.3167,0.37375526748934196,0.3799283154123752,0.4551971326163594,0.1648745519712654,0.1648745519712654,0.5565839613489236,-0.001601375008773241,0.16577701388401342,False,False,0.023784423131328204,0.04049780154791909,0.04714029809810325,0.032783934586414404,0.07671012145055607,"up,up,up",True,40.65,8.280652,23350.0,15.400000000001455,2024-11-21,0.0,NSE_FO|43291|21-11-2024,0.0,0.0,0.0,-10.72570725707257,-21.52521525215252,"flat,flat,flat"
2521,2024-11-21T12:05:00+05:30,PE,23342.25,23360.8,23364.1,23339.8,23351.5,23369.1,23350.9,23361.05,23347.173463,23415.717064,50.0958,0.29272475753211985,0.7633744855967007,0.1358024691357766,0.10082304526752267,0.10082304526752267,1.13194780127521,0.07249929858457646,0.20694405476921235,False,True,0.03641465582795146,0.05505039145754392,0.032558986387338604,0.04391179085135324,-0.03234478252953024,"up,up,down",True,31.05,8.205891,23350.0,7.75,2024-11-21,0.0,NSE_FO|43291|21-11-2024,0.0,0.0,0.0,-10.950080515297914,-9.178743961352662,"flat,flat,flat"
2526,2024-11-21T12:30:00+05:30,PE,23347.4,23352.3,23354.55,23341.4,23350.35,23355.75,23348.2,23352.0,23348.606956,23403.973555,47.616,0.2365692256055912,0.3726235741443826,0.1711026615969866,0.45627376425863087,0.45627376425863087,0.715902113152375,0.02545352710420453,0.18080751505789155,False,True,0.02184397406134535,-0.013063553115134493,-0.03447921395959683,-0.060178006972951635,0.03704909326091049,"up,down,down",True,27.9,5.97394,23350.0,2.599999999998545,2024-11-21,0.0,NSE_FO|43291|21-11-2024,0.0,0.0,0.0,-11.827956989247303,13.79928315412187,"flat,flat,flat"
2528,2024-11-21T12:40:00+05:30,PE,23344.35,23352.6,23355.05,23340.55,23347.75,23354.1,23345.7,23352.5,23348.536987,23399.695965,48.1598,0.21863095177185343,0.5689655172413793,0.1689655172414295,0.2620689655171912,0.2620689655171912,0.8318539241561487,0.027894737060510856,0.18216374281139366,False,True,-0.02141845885621146,-0.019062428382015734,-0.14114764386242107,-0.013065259902285875,-0.010923414016664728,"down,up,down",True,28.35,5.838318,23350.0,5.650000000001455,2024-11-21,0.0,NSE_FO|43291|21-11-2024,0.0,0.0,0.0,11.992945326278653,71.0758377425044,"flat,flat,flat"
2529,2024-11-21T12:45:00+05:30,PE,23339.35,23344.55,23350.45,23333.45,23352.6,23355.05,23340.55,23344.35,23347.662036,23397.329457,44.8063,0.21227816230599264,0.3058823529412193,0.34705882352949735,0.34705882352928336,0.34705882352928336,0.9770023418746135,0.011941084275163832,0.17330060237509393,False,False,0.0023565352077196252,-0.11975483464619661,-0.02570765681135079,0.016709976927384247,0.022708430183372333,"up,down,up",True,31.75,7.380517,23350.0,10.650000000001455,2024-11-21,0.0,NSE_FO|43291|21-11-2024,0.0,0.0,0.0,5.511811023622047,20.31496062992127,"flat,flat,flat"
2531,2024-11-21T12:55:00+05:30,PE,23311.4,23337.95,23340.85,23308.8,23341.1,23345.35,23331.9,23339.9,23343.539671,23391.795857,43.132,0.2062953451500889,0.8283931357254252,0.09048361934470774,0.08112324492986714,0.08112324492986714,1.762482375863597,-0.011522121485892326,0.1602654880633931,False,False,0.09415993891399524,0.09995109688821464,0.12826342476212418,0.17995487186525516,0.15378741731512713,"up,up,up",True,12.3,2.580494,23300.0,-11.400000000001455,2024-11-21,0.0,NSE_FO|43289|21-11-2024,0.0,-43.90243902439025,-43.90243902439025,-46.7479674796748,-61.38211382113822,"flat,down,flat"
2581,2024-11-22T10:50:00+05:30,CE,23515.95,23474.2,23517.65,23469.2,23524.2,23532.4,23447.15,23474.65,23498.475028,23445.616927,49.461,0.2254498193183826,0.8617131062951366,0.03508771929826011,0.1031991744066032,0.9649122807017398,1.1014896664468932,0.12458267170578888,0.7641207379412308,True,False,0.06846417006329128,0.10631082307965445,0.051454438370546564,-0.02551459753911707,0.31914509088511955,"up,up,down",True,212.95,29.394366,23500.0,-15.950000000000728,2024-11-28,6.0,NSE_FO|42917|28-11-2024,0.0,2.394928386945303,2.394928386945303,1.4087814040854663,-3.6863113406903008,"flat,up,flat"
2582,2024-11-22T10:55:00+05:30,CE,23532.05,23516.5,23533.95,23506.95,23474.2,23517.65,23469.2,23515.95,23501.672644,23449.00646,55.5152,0.22459878668990688,0.575925925925899,0.07037037037042426,0.35370370370367676,0.9296296296295757,0.631245103612922,-0.022455235761058234,0.8458084643117019,True,True,0.03782075934736436,-0.016998094088700306,0.023159903195857257,-0.031021521711874965,0.22437484197084093,"up,down,up",True,190.05,25.03606,23550.0,17.950000000000728,2024-11-28,6.0,NSE_FO|42919|28-11-2024,0.0,1.2628255722178254,1.2628255722178254,-0.7629571165482857,-2.5519600105235583,"flat,up,flat"
2583,2024-11-22T11:00:00+05:30,CE,23540.95,23530.65,23545.05,23526.9,23516.5,23533.95,23506.95,23532.05,23505.413345,23452.612089,57.6453,0.2251401924852878,0.5674931129476866,0.2258953168043547,0.20661157024795873,0.7741046831956453,0.44253342608568547,-0.09141151735828201,0.8841175096434943,True,True,-0.05479812836780782,-0.014655313400694227,-0.06584271237991669,-0.048426252976202976,0.21367022146514592,"down,up,down",True,192.45,23.357368,23550.0,9.049999999999272,2024-11-28,6.0,NSE_FO|42919|28-11-2024,0.0,-2.0784619381657574,-2.0784619381657574,-5.274097168095597,-0.8054040010392222,"flat,down,flat"
2590,2024-11-22T11:35:00+05:30,CE,23565.55,23529.65,23579.9,23518.2,23524.4,23539.3,23523.95,23529.55,23519.361954,23472.032017,55.6883,0.20164396915324218,0.5818476499189205,0.23257698541332275,0.18557536466775676,0.7674230145866773,1.62747485643669,0.00494041463485205,0.8305886585361976,True,True,-0.03543307921944765,-0.020793064452125316,0.10799663067486533,0.31444205630677907,0.332264682980025,"down,up,up",True,217.15,20.698596,23550.0,-15.549999999999272,2024-11-28,6.0,NSE_FO|42919|28-11-2024,0.0,-3.3617315219894133,-3.3617315219894133,8.542482155192255,28.68984572875891,"flat,down,flat"
2593,2024-11-22T11:50:00+05:30,CE,23591.0,23560.75,23598.3,23557.95,23556.75,23569.8,23555.25,23560.65,23532.69223,23483.119463,60.0211,0.21109958188522746,0.7496902106567804,0.1809169764559984,0.06939281288722116,0.8190830235440016,1.116736492449368,-0.10733055849768433,0.8929614213876116,True,True,-0.026069263702265505,0.0010597261667585098,0.20622271205121215,0.14984527997964708,0.3344495782289918,"down,up,up",True,207.0,19.497747,23600.0,9.0,2024-11-28,6.0,NSE_FO|42921|28-11-2024,0.0,-1.4975845410627993,-1.4975845410627993,19.541062801932362,12.632850241545896,"flat,down,flat"
2671,2024-11-25T12:05:00+05:30,CE,24293.9,24282.85,24299.4,24281.25,24279.8,24283.35,24262.8,24283.35,24290.209783,24168.497573,55.2317,0.5035985775796402,0.6088154269973567,0.3030303030302787,0.08815426997236454,0.6969696969697212,0.7819504299435512,0.03688639612437235,0.8128408910420235,True,True,0.04033934444448718,-0.053923001247235654,-0.06750665804996915,-0.01893479433109621,-0.6022087849213297,"up,down,down",True,149.8,12.478892,24300.0,6.099999999998545,2024-11-28,3.0,NSE_FO|42967|28-11-2024,0.0,3.2376502002670184,3.2376502002670184,-5.413885180240329,-1.575433911882519,"flat,up,flat"
2672,2024-11-25T12:10:00+05:30,CE,24303.7,24293.45,24307.45,24292.15,24282.85,24299.4,24281.25,24293.9,24291.494565,24173.799629,58.0733,0.4868698252086429,0.6699346405229076,0.24509803921569792,0.08496732026139439,0.754901960784302,0.6756128702926739,-0.002698207795517664,0.8348323376641779,True,True,-0.09422433621218768,-0.10780251566634186,-0.08661232651818147,-0.07714874689862038,-0.5104161094812694,"down,down,up",True,154.65,11.951442,24300.0,-3.7000000000007276,2024-11-28,3.0,NSE_FO|42967|28-11-2024,0.0,-10.320077594568385,-10.320077594568385,-5.851923698674433,-7.694794697704498,"flat,down,flat"
2677,2024-11-25T12:35:00+05:30,CE,24289.3,24280.25,24289.55,24275.85,24283.5,24284.3,24276.9,24279.95,24287.931615,24193.451344,52.2281,0.3905200198872475,0.6605839416057512,0.018248175182480782,0.321167883211768,0.9817518248175192,0.676684428068827,0.04974328481945038,0.8056981751003094,True,False,-0.01790912047691183,-0.027172458654627942,-0.3273046156126361,-0.5833844532366134,-0.39708842988476706,"down,down,down",True,147.44,11.198243,24300.0,10.700000000000728,2024-11-28,3.0,NSE_FO|42967|28-11-2024,0.0,-3.1809549647314146,-3.1809549647314146,-26.817688551275086,-41.12859468258275,"flat,down,flat"
2839,2024-11-27T13:35:00+05:30,CE,24324.55,24300.0,24331.85,24299.5,24322.0,24324.05,24301.05,24301.05,24285.788661,24246.253749,60.67,0.16305575454777102,0.7588871715610627,0.2256568778979784,0.015455950540958965,0.7743431221020216,1.5063229711039547,-0.056458281801735545,0.8646990454454159,True,False,0.022816454980664688,0.0400829614525243,0.05447171684573815,-0.04111072969489672,-0.1331987642114564,"up,up,up",True,109.9,16.319458,24300.0,-24.549999999999272,2024-11-28,1.0,NSE_FO|42967|28-11-2024,0.0,0.0,0.0,2.36578707916287,6.141947224749772,"flat,flat,flat"
2901,2024-11-28T12:30:00+05:30,PE,24051.15,24090.8,24092.6,24049.35,24071.6,24096.15,24070.1,24091.15,24094.628636,24156.361826,43.63,0.2555566539558713,0.9167630057802963,0.04161849710980977,0.04161849710989388,0.04161849710989388,1.4313168621470433,-0.008419453275871333,0.1619891926245173,False,True,-0.14677052864417256,-0.08606657062136623,-0.10623192653990726,-0.26797055442255663,-0.2039403521245467,"down,up,down",True,79.5,19.175146,24050.0,-1.1500000000014552,2024-11-28,0.0,NSE_FO|42954|28-11-2024,0.0,22.389937106918236,22.389937106918236,7.924528301886789,32.578616352201266,"flat,up,flat"
2921,2024-11-28T14:10:00+05:30,PE,23958.9,24040.25,24042.2,23873.35,24047.0,24074.85,24034.7,24040.7,24015.217789,24071.557783,52.1701,0.23405213118276297,0.48178856973643763,0.011548711874448933,0.5066627183891135,0.5066627183891135,4.308019654775236,0.1123546379511132,0.22908590997284228,False,False,-0.15067469708543457,-0.17634365517615583,0.06344197772016699,-0.1479617177750261,-0.18072616021604876,"down,down,up",True,62.95,29.003818,23950.0,-8.900000000001455,2024-11-28,0.0,NSE_FO|42944|28-11-2024,0.0,20.730738681493243,20.730738681493243,-27.164416203335982,-19.698173153296274,"flat,up,flat"
2926,2024-11-28T14:35:00+05:30,PE,23941.25,23974.1,23974.1,23938.45,23973.45,24009.35,23956.15,23974.1,23988.574005,24048.888897,43.7072,0.2508011586661128,0.9214586255259622,0.0,0.0785413744740377,0.0785413744740377,0.8342532545295405,-0.06033707963209142,0.13314606687106154,False,True,-0.0743486660053225,-0.08771471832088967,-0.04573696026732409,-0.15015924398266894,0.09753041299012602,"down,down,up",True,38.7,29.956095,23950.0,8.75,2024-11-28,0.0,NSE_FO|42944|28-11-2024,0.0,30.620155038759673,30.620155038759673,-1.421188630490967,37.726098191214454,"flat,up,flat"
2927,2024-11-28T14:40:00+05:30,PE,23923.45,23940.55,23940.55,23914.95,23974.1,23974.1,23938.45,23941.25,23982.371719,24043.969724,38.8699,0.2561889975202991,0.6679687499999811,0.0,0.3320312500000189,0.3320312500000189,0.6159909222187431,-0.17438525050825718,0.06978597193985664,False,False,-0.013375997191043631,0.02863299398706518,-0.04848798981753126,-0.03281299310928057,0.44161690726044034,"down,up,down",True,24.55,21.466973,23900.0,-23.450000000000728,2024-11-28,0.0,NSE_FO|42940|28-11-2024,0.0,-16.293279022403258,-16.293279022403258,-39.71486761710794,-89.65376782077394,"flat,down,flat"
2930,2024-11-28T14:55:00+05:30,PE,23911.85,23928.9,23933.8,23911.0,23918.4,23944.1,23917.5,23930.3,23966.325367,24030.027046,38.5026,0.2650919987649437,0.7478070175440111,0.21491228070166551,0.03728070175432333,0.03728070175432333,0.603066800995369,-0.13571278242257037,0.09127067643190932,False,True,-0.052902640322676074,-0.027392276214509844,0.015682600886171502,0.19070042677585458,0.3816099548968399,"down,up,up",True,14.8,18.017345,23900.0,-11.849999999998545,2024-11-28,0.0,NSE_FO|42940|28-11-2024,0.0,-36.216216216216225,-36.216216216216225,-82.83783783783785,-98.64864864864865,"flat,down,flat"
3081,2024-12-02T15:00:00+05:30,CE,24280.7,24262.55,24288.35,24257.0,24256.85,24267.45,24252.8,24262.3,24243.058189,24200.552146,61.4009,0.17564079837336777,0.5789473684211259,0.24401913875592257,0.17703349282295153,0.7559808612440775,1.3595921240974345,-0.05750846651156631,0.8652824813953203,True,True,0.019768787555545238,-0.021210261648146284,-0.08113439892589887,0.1429118600369871,0.2016004480925209,"up,down,down",True,161.35,14.147232,24300.0,19.299999999999272,2024-12-05,3.0,NSE_FO|53015|05-12-2024,0.0,0.030988534242337388,0.030988534242337388,-9.17260613572977,7.406259683916962,"flat,up,flat"
3085,2024-12-02T15:20:00+05:30,CE,24275.0,24261.25,24275.45,24259.0,24274.65,24278.75,24261.0,24261.0,24253.173073,24211.418694,57.0828,0.17245738272391792,0.8358662613981394,0.027355623100346973,0.1367781155015137,0.972644376899653,0.7727239802697838,-0.02402542126120855,0.8466807895895632,True,False,0.0010298661174047373,0.16642636457261156,0.11204943357363843,0.13779608650875685,0.26570545829042225,"up,up,down",True,153.5,12.350497,24300.0,25.0,2024-12-05,3.0,NSE_FO|53015|05-12-2024,0.0,3.0944625407166124,3.0944625407166124,12.899022801302939,7.231270358306185,"flat,up,flat"
3119,2024-12-03T11:55:00+05:30,CE,24439.1,24404.2,24439.7,24400.55,24420.55,24420.55,24401.7,24403.35,24404.554498,24346.033478,58.2307,0.2403718866684462,0.8914431673051474,0.015325670498139475,0.09323116219671314,0.9846743295018605,2.1361624308448897,0.01640881418396814,0.8242173254533578,True,False,-0.06935607285046132,-0.10515935529539586,-0.07917640174964931,-0.15098755682491508,-0.043577709490111416,"down,down,up",True,130.05,7.802995,24450.0,10.900000000001455,2024-12-05,2.0,NSE_FO|53021|05-12-2024,0.0,-2.9988465974625185,-2.9988465974625185,-5.151864667435614,-10.495963091118805,"flat,down,flat"
3126,2024-12-03T12:30:00+05:30,CE,24412.5,24402.95,24415.15,24398.95,24391.65,24403.4,24382.65,24402.2,24407.513694,24361.91504,51.681,0.18717187842225255,0.5895061728394347,0.1635802469136627,0.2469135802469025,0.8364197530863373,0.8703626059559412,0.03508630214189155,0.8138409432545127,True,True,0.06328725038402756,0.10281618023552913,0.064720942140294,0.02416794674859787,0.17470558115720003,"up,up,down",True,144.85,7.577123,24400.0,-12.5,2024-12-05,2.0,NSE_FO|53019|05-12-2024,0.0,4.004142216085614,4.004142216085614,7.455988954090446,2.7614773904038663,"flat,up,flat"
3127,2024-12-03T12:35:00+05:30,CE,24427.95,24413.1,24428.3,24411.1,24402.95,24415.15,24398.95,24412.5,24409.460009,24364.504646,55.0851,0.18451170525799207,0.8633720930233462,0.02034883720921686,0.11627906976743695,0.9796511627907831,0.9291266511985478,-0.006718669726390215,0.8370659276257765,True,True,0.039503928901106385,0.0014327849860448576,0.03704772606788237,-0.03602430822070322,0.10500267112057221,"up,down,up",True,122.9,6.746683,24450.0,22.049999999999272,2024-12-05,2.0,NSE_FO|53021|05-12-2024,0.0,5.370219690805528,5.370219690805528,5.573637103336041,-0.40683482506102525,"flat,up,flat"
3128,2024-12-03T12:40:00+05:30,CE,24437.6,24428.0,24438.0,24425.6,24413.1,24428.3,24411.1,24427.95,24412.140008,24367.37113,59.6744,0.18372469381763362,0.7741935483868886,0.0322580645162426,0.19354838709686883,0.9677419354837574,0.6860138809377243,-0.05513646896826391,0.8639647049823745,True,True,-0.03805611025632334,-0.0024552329197570335,-0.03744230202637664,-0.10414279634660151,0.04051134317609526,"down,up,down",True,129.5,6.822905,24450.0,12.400000000001455,2024-12-05,2.0,NSE_FO|53021|05-12-2024,0.0,-1.8146718146718102,-1.8146718146718102,-1.7760617760617738,-8.030888030888034,"flat,down,flat"
3177,2024-12-04T10:30:00+05:30,CE,24545.8,24533.2,24551.15,24527.0,24526.55,24534.15,24515.55,24533.15,24522.936301,24481.444883,59.0773,0.1694810833196092,0.5217391304346909,0.22153209109738553,0.2567287784679236,0.7784679089026145,1.1041978217721133,-0.016571013153236225,0.8425394517518034,True,True,-0.03564764644053158,-0.06538796861377211,-0.09879490584947324,-0.03442544141971632,-0.019555280333088645,"down,down,down",True,110.8,10.927513,24550.0,4.200000000000728,2024-12-05,1.0,NSE_FO|53028|05-12-2024,0.0,-3.384476534296029,-3.384476534296029,-11.101083032490973,-6.453068592057754,"flat,down,flat"
3181,2024-12-04T10:50:00+05:30,CE,24544.1,24520.9,24549.0,24520.25,24529.4,24531.8,24515.85,24521.55,24526.359172,24489.095659,52.298,0.15216369570718288,0.8069565217390292,0.17043478260874625,0.02260869565222453,0.8295652173912538,1.377761501289441,0.024908597143006885,0.8194952238094433,True,False,-0.04115041904163748,-0.027501517676345844,-0.047873012251416845,-0.011204322016289047,-0.05153988127492073,"down,up,down",True,107.6,9.769786,24550.0,5.900000000001455,2024-12-05,1.0,NSE_FO|53028|05-12-2024,0.0,-3.6245353159851224,-3.6245353159851224,-3.578066914498136,-3.717472118959108,"flat,down,flat"
3264,2024-12-05T11:30:00+05:30,PE,24338.1,24357.5,24358.9,24333.65,24347.4,24361.3,24345.05,24356.15,24386.095748,24425.334667,38.5589,0.16064843956063957,0.768316831683226,0.055445544554513074,0.176237623762261,0.176237623762261,0.7933169596901986,-0.11152153375034915,0.10471025902758661,False,True,0.02280375214171571,0.05546858629063075,0.06574054671482162,0.2635785044847439,1.1251905448658779,"up,up,up",True,158.35,20.243589,24350.0,11.900000000001455,2024-12-05,0.0,NSE_FO|53018|05-12-2024,0.0,-1.8945374171139882,-1.8945374171139882,-7.578149668455953,-24.02904957372908,"flat,down,flat"
3288,2024-12-05T13:30:00+05:30,CE,24619.95,24581.25,24627.6,24579.6,24607.3,24609.25,24570.75,24580.45,24565.558867,24508.966536,59.1129,0.23090459941211383,0.8062500000000151,0.15937499999995453,0.03437500000003032,0.8406250000000455,1.3530688574204537,-0.0571577999752364,0.8650876666529147,True,False,0.12489871019234403,0.12347709885681252,0.11779065351473093,0.12144622552035164,0.9173454860793727,"up,down,down",True,128.65,21.920614,24600.0,-19.950000000000728,2024-12-05,0.0,NSE_FO|53035|05-12-2024,0.0,14.574426739214925,14.574426739214925,8.970073843762139,-10.182666148464833,"flat,up,flat"
3307,2024-12-05T15:05:00+05:30,CE,24717.85,24665.0,24718.3,24649.7,24524.2,24666.85,24511.3,24666.85,24688.79568,24616.195744,50.0053,0.2949275215188129,0.7704081632653013,0.006559766763859142,0.2230320699708396,0.9934402332361408,1.0373669871717102,0.1583539371734901,0.7453589237925079,True,True,0.13411360615911763,0.06452826601019396,0.10114148277459407,-0.024476238831448824,-0.0016182637243846742,"up,down,up",False,,,,,,,,,,,,,
3308,2024-12-05T15:10:00+05:30,CE,24751.0,24717.35,24752.05,24714.6,24665.0,24718.3,24649.7,24717.85,24694.719901,24621.482186,53.9865,0.29745453359279456,0.8985313751669106,0.02803738317755012,0.0734312416555393,0.9719626168224499,0.5844214952067486,-0.08050343992439096,0.8780574666246661,True,True,-0.06949214173165015,-0.03292796250657127,-0.19978990747848865,-0.18322492020523834,-0.25756535089491334,"down,up,down",True,4.59,25.634892,24750.0,-1.0,2024-12-05,0.0,NSE_FO|53041|05-12-2024,0.0,-92.37472766884532,-92.37472766884532,-98.91067538126363,,"flat,down,flat"
3316,2024-12-06T09:35:00+05:30,CE,24705.75,24691.25,24713.85,24690.6,24705.25,24715.75,24685.75,24691.4,24701.957641,24645.522297,50.223,0.22898822479761768,0.6236559139784946,0.34838709677413093,0.027956989247374418,0.6516129032258691,0.44907337909233325,0.045978708105106056,0.8077896066082773,True,False,0.08075043259160612,0.06961942058023225,0.047357396557484506,-0.252775163676475,-0.04533357619178016,"up,down,down",True,240.55,0.0,24700.0,-5.75,2024-12-12,6.0,NSE_FO|46125|12-12-2024,0.0,0.6859280814799323,0.6859280814799323,-1.163999168572027,-22.178341301184794,"flat,up,flat"
3317,2024-12-06T09:40:00+05:30,CE,24725.7,24706.6,24726.9,24692.9,24691.25,24713.85,24690.6,24705.75,24704.218818,24648.666521,51.8053,0.2253764801137333,0.5617647058824171,0.03529411764708022,0.40294117647050265,0.9647058823529198,0.6732172553661157,0.045817348378377434,0.8078792509009026,True,True,-0.011122030923290342,-0.03336609276987102,-0.15550621418200788,-0.30272145985756593,-0.005662124833680968,"down,down,down",True,215.9,0.0,24750.0,24.299999999999272,2024-12-12,6.0,NSE_FO|46129|12-12-2024,0.0,0.04631773969430028,0.04631773969430028,-9.37934228809634,-21.76933765632237,"flat,up,flat"
3321,2024-12-06T10:00:00+05:30,CE,24726.95,24688.05,24751.05,24675.7,24717.55,24717.7,24666.5,24687.25,24707.274279,24658.263809,48.7686,0.19875880305130317,0.516257465162604,0.3198407431983943,0.16390179163900176,0.6801592568016057,1.5547297044119113,0.1277934532294281,0.7623369704280994,True,False,-0.3382948564218452,-0.30776136967964984,-0.398552995820347,-0.07400831885857038,-0.011323677202401721,"down,up,down",True,214.85,22.006664,24750.0,23.049999999999272,2024-12-12,6.0,NSE_FO|46129|12-12-2024,0.0,-23.434954619501976,-23.434954619501976,-26.87921805911101,-15.499185478240626,"flat,down,flat"
3754,2024-12-13T14:50:00+05:30,CE,24733.25,24715.6,24733.25,24705.85,24738.75,24738.75,24709.7,24716.25,24704.035403,24614.887338,59.1772,0.3621713306092453,0.6441605839416248,0.0,0.35583941605837527,1.0,0.7709353761733153,-0.007345346500663229,0.8374140813892601,True,False,0.04811336965421631,0.0426551302396542,0.21934036165890047,0.22965036944194261,-0.16900326483579503,"up,down,up",True,141.55,16.105001,24750.0,16.75,2024-12-19,6.0,NSE_FO|47421|19-12-2024,0.0,2.1193924408336273,2.1193924408336273,11.126810314376545,16.389968209113377,"flat,up,flat"
3768,2024-12-16T09:45:00+05:30,CE,24754.25,24746.7,24761.95,24741.8,24691.3,24748.15,24691.3,24746.4,24731.462324,24670.313172,55.9428,0.24786532531497846,0.37468982630266634,0.38213399503722933,0.2431761786601043,0.6178660049627707,0.6316126157771457,-0.04179969572590645,0.8565553865143966,True,True,0.01373501519941608,-0.10543644020723127,-0.12098932506539575,-0.2433925487542543,-0.30641203025742464,"up,down,down",True,168.65,18.03725,24750.0,-4.25,2024-12-19,3.0,NSE_FO|47421|19-12-2024,0.0,0.0,0.0,-7.797213163356067,-16.780314260302408,"flat,flat,flat"
3772,2024-12-16T10:05:00+05:30,CE,24745.55,24723.9,24745.85,24716.1,24726.25,24737.25,24710.8,24724.3,24733.775798,24680.42908,50.3273,0.2161498806486595,0.7277310924369014,0.010084033613420921,0.26218487394967765,0.9899159663865791,0.9468757508366642,0.07146421211366158,0.7936309932701958,True,False,-0.08041849948777788,-0.20832028384901233,-0.22812182392390037,-0.16103905550694386,-0.3192493195746306,"down,down,down",True,151.25,18.592984,24750.0,4.450000000000728,2024-12-19,3.0,NSE_FO|47421|19-12-2024,0.0,0.0,0.0,-7.768595041322314,-15.338842975206605,"flat,flat,flat"
3860,2024-12-17T11:10:00+05:30,PE,24467.85,24491.4,24492.0,24465.45,24481.15,24496.05,24470.4,24492.3,24496.449269,24557.010824,44.1579,0.24661615142838292,0.8870056497176481,0.022598870056442986,0.09039548022590896,0.09039548022590896,0.8900808186678166,-0.018162913943740998,0.15657615892014656,False,True,-0.03964385918663507,-0.054357044039420196,-0.19781059635398213,-0.30059854053379953,-0.36210782720998597,"down,down,down",True,142.8,18.77256,24450.0,-17.849999999998545,2024-12-19,2.0,NSE_FO|47410|19-12-2024,0.0,1.6736694677871051,1.6736694677871051,20.658263305322127,26.820728291316513,"flat,up,flat"
3861,2024-12-17T11:15:00+05:30,PE,24458.15,24468.05,24488.1,24457.95,24491.4,24492.0,24465.45,24467.85,24492.80172,24553.133929,39.7707,0.24572101131554963,0.32835820895517526,0.6650082918739876,0.006633499170837216,0.006633499170837216,1.0099927983995356,-0.019196333901489372,0.15600203672139606,False,False,-0.01471902004036357,-0.1582294654338154,-0.14310158372567017,-0.26146703655019177,-0.3839211060525896,"down,down,up",True,145.19,17.83134,24450.0,-8.150000000001455,2024-12-19,2.0,NSE_FO|47410|19-12-2024,0.0,1.9698326331014628,1.9698326331014628,15.917074178662451,24.319856739444866,"flat,up,flat"
3862,2024-12-17T11:20:00+05:30,PE,24454.55,24458.45,24467.6,24449.55,24468.05,24488.1,24457.95,24458.15,24489.158699,24549.267892,38.1512,0.24485126507413418,0.21606648199454917,0.5069252077561321,0.27700831024931866,0.27700831024931866,0.622226695972772,-0.08803364486703011,0.11775908618498591,False,False,-0.14353157183427437,-0.1284014631223957,-0.12983268962217664,-0.20139401461077797,-0.30853154116514403,"down,up,down",True,148.05,16.66988,24450.0,-4.549999999999272,2024-12-19,2.0,NSE_FO|47410|19-12-2024,0.0,16.379601485984463,16.379601485984463,11.719013846673416,16.717325227963524,"flat,up,flat"
3877,2024-12-17T12:35:00+05:30,PE,24410.65,24458.65,24459.35,24409.05,24428.25,24460.05,24423.25,24460.05,24423.561126,24483.608683,54.183,0.24525615393327047,0.9542743538767534,0.013916500993978126,0.03180914512926851,0.03180914512926851,1.5484620600936045,0.14653421675637274,0.2480745648646522,False,True,-0.045062298627853006,-0.049978185750894494,0.015566975889618967,-0.05305061520279356,-0.15054904314305437,"down,down,up",True,131.4,15.568862,24400.0,-10.650000000001455,2024-12-19,2.0,NSE_FO|47408|19-12-2024,0.0,0.0,0.0,2.777777777777782,-8.751902587519025,"flat,flat,flat"
3878,2024-12-17T12:40:00+05:30,PE,24399.65,24411.3,24421.35,24399.65,24458.65,24459.35,24409.05,24410.65,24421.283876,24480.316186,44.9273,0.24114194257735347,0.536866359446976,0.463133640553024,0.0,0.0,0.6842496976608684,0.00027076381542004045,0.16681709100856532,False,False,-0.004918103333452438,0.060656607779206964,0.14303483861447938,-0.11905908486393416,-0.1756172731985999,"down,up,up",True,135.05,13.678501,24400.0,0.3499999999985448,2024-12-19,2.0,NSE_FO|47408|19-12-2024,0.0,0.0,0.0,-0.5923731951129295,-14.661236579044806,"flat,flat,flat"
3879,2024-12-17T12:45:00+05:30,PE,24398.45,24399.6,24402.1,24384.55,24411.3,24421.35,24399.65,24399.65,24419.109221,24477.105747,43.1593,0.2369419268743033,0.06552706552694387,0.14245014245014836,0.7920227920229078,0.7920227920229078,0.5716261209490281,-0.06965537049718679,0.12796923861267356,False,False,0.06557793630333074,0.14796021878438403,-0.026231174521338264,-0.17439632435666721,-0.1377136662370035,"up,up,down",True,134.25,12.965721,24400.0,1.5499999999992724,2024-12-19,2.0,NSE_FO|47408|19-12-2024,0.0,0.0,0.0,-10.689013035381747,-2.1601489757914383,"flat,flat,flat"
3882,2024-12-17T13:00:00+05:30,PE,24392.05,24434.25,24436.5,24385.4,24415.1,24434.65,24412.1,24434.55,24417.499411,24469.898666,50.6356,0.21413760520719707,0.825831702544069,0.04403131115460008,0.13013698630133086,0.13013698630133086,1.623595474737523,0.07781545800484224,0.209897476669357,False,True,0.02316328475876958,-0.08793848815495511,-0.14820402549190337,-0.2109293806793637,-0.16296293259484135,"up,down,down",True,131.35,14.197381,24400.0,7.950000000000728,2024-12-19,2.0,NSE_FO|47408|19-12-2024,0.0,0.0,0.0,-2.360106585458694,11.990864103540162,"flat,flat,flat"
3884,2024-12-17T13:10:00+05:30,PE,24370.6,24398.25,24405.15,24369.25,24391.2,24403.85,24387.25,24397.7,24411.326729,24463.284313,44.2468,0.2123900590583786,0.7701949860724328,0.1922005571030968,0.03760445682447048,0.03760445682447048,1.1654690795534732,-0.025302717335150403,0.1526096014804733,False,True,-0.060318580584791066,-0.0034878090814282163,-0.14525698997972072,-0.05662560626328146,-0.1407433546978707,"down,up,down",True,115.45,12.882699,24350.0,-20.599999999998545,2024-12-19,2.0,NSE_FO|47401|19-12-2024,0.0,0.0,0.0,4.590731918579468,10.134257254222609,"flat,flat,flat"
3885,2024-12-17T13:15:00+05:30,PE,24355.9,24369.4,24378.25,24352.45,24398.25,24405.15,24369.25,24370.6,24406.047993,24459.073163,39.918,0.21679141170489494,0.5232558139535032,0.34302325581390675,0.1337209302325901,0.1337209302325901,0.8474106693667077,-0.1138979690934517,0.10339001717030559,False,False,0.05686507170746531,-0.08498967395990592,-0.06281845466602716,0.03674674308893159,-0.03572029775126654,"up,down,up",True,120.75,12.912791,24350.0,-5.900000000001455,2024-12-19,2.0,NSE_FO|47401|19-12-2024,0.0,0.0,0.0,-6.542443064182199,1.821946169772259,"flat,flat,flat"
3887,2024-12-17T13:25:00+05:30,PE,24335.2,24369.95,24372.35,24333.6,24355.55,24374.35,24353.55,24369.75,24396.172847,24450.84989,40.9965,0.22362021461823176,0.896774193548387,0.06193548387091141,0.04129032258070149,0.04129032258070149,1.2747092939103963,-0.09764993529684961,0.11241670261286074,False,True,0.02219007856930626,0.1590288964134288,0.08876031427725493,0.15943982379433608,-0.07109043689798838,"up,up,down",True,127.15,13.915138,24350.0,14.799999999999272,2024-12-19,2.0,NSE_FO|47401|19-12-2024,0.0,0.0,0.0,-3.3031852143138045,-13.605977192292576,"flat,flat,flat"
3890,2024-12-17T13:40:00+05:30,PE,24356.8,24373.1,24381.95,24355.4,24340.7,24374.9,24339.05,24373.9,24386.171316,24440.271281,44.6906,0.22135582857486058,0.6139359698681627,0.3333333333334247,0.05273069679841264,0.05273069679841264,0.8899568520090675,-0.017310286003074046,0.15704984110940606,False,True,0.03305031859685703,0.030176377849315934,0.07061682979702066,-0.08416540760691059,-0.10243545950207222,"up,down,up",True,109.85,13.754666,24350.0,-6.799999999999272,2024-12-19,2.0,NSE_FO|47401|19-12-2024,0.0,0.0,0.0,-3.4592626308602616,-12.517068730086484,"flat,flat,flat"
3895,2024-12-17T14:05:00+05:30,PE,24341.8,24352.55,24370.3,24339.9,24373.3,24388.3,24348.65,24352.3,24375.163963,24425.528183,41.8212,0.20619500885574554,0.35361842105265695,0.5838815789474103,0.062499999999932686,0.062499999999932686,1.0090416437792173,-0.019954585771742837,0.1555807856823678,False,False,-0.022594877946577493,0.022184061983918427,-0.07209820144771246,-0.05237903523979328,0.055049338997122055,"down,up,down",True,110.8,14.531581,24350.0,8.200000000000728,2024-12-19,2.0,NSE_FO|47401|19-12-2024,0.0,0.0,0.0,3.3393501805054173,13.222021660649824,"flat,flat,flat"
3896,2024-12-17T14:10:00+05:30,PE,24336.3,24341.6,24347.15,24331.65,24352.55,24370.3,24339.9,24341.8,24371.462633,24422.029039,39.9751,0.20705243581215665,0.3419354838709208,0.35806451612922,0.29999999999985916,0.29999999999985916,0.532961630991877,-0.09975861262867905,0.11124521520629078,False,False,0.044789059963928186,-0.049514511244516515,-0.07560722048954778,-0.018285441911879488,-0.007807267333151783,"up,down,down",True,114.5,13.933452,24350.0,13.700000000000728,2024-12-19,2.0,NSE_FO|47401|19-12-2024,0.0,0.0,0.0,-4.628820960698688,18.602620087336255,"flat,flat,flat"
3898,2024-12-17T14:20:00+05:30,PE,24324.25,24348.5,24350.95,24313.65,24336.9,24350.05,24330.4,24347.2,24364.875534,24415.375172,42.0109,0.20683539631991835,0.6501340482573853,0.06568364611262133,0.28418230562999336,0.28418230562999336,1.2842552271683703,-0.05715413559394443,0.13491436911447646,False,True,-0.026105635322768616,0.012333371018633668,0.019733393629810875,-0.04522236040165679,0.0014388932855012788,"down,up,up",True,101.05,13.767537,24300.0,-24.25,2024-12-19,2.0,NSE_FO|47399|19-12-2024,0.0,0.0,0.0,9.648688767936665,-2.6719445818901564,"flat,flat,flat"
3904,2024-12-17T14:50:00+05:30,PE,24313.25,24332.0,24343.1,24307.75,24331.6,24340.7,24322.1,24329.85,24346.725408,24396.047372,40.4587,0.20217194715161368,0.5304101838755523,0.31400282885428576,0.15558698727016199,0.15558698727016199,1.3407968877429677,-0.014890741729105879,0.15839403237271893,False,False,0.07423935508415894,0.14004709366291745,0.17253966458618542,0.04668236455430082,0.14662786752080226,"up,up,up",True,97.85,12.950441,24300.0,-13.25,2024-12-19,2.0,NSE_FO|47399|19-12-2024,0.0,0.0,0.0,-7.204905467552374,-18.405723045477764,"flat,flat,flat"
3908,2024-12-17T15:10:00+05:30,PE,24334.4,24355.5,24356.3,24333.4,24346.95,24355.2,24340.55,24355.2,24345.238539,24388.074166,50.019,0.17564169564366394,0.921397379912688,0.03493449781656544,0.04366812227074652,0.04366812227074652,0.8809161404762662,0.04543582919624112,0.19190879399791194,False,True,-0.009246170030902754,-0.04027220724572174,-0.06184660398449483,-0.13602143467684505,-0.27471398514038636,"down,down,down",True,105.45,12.510951,24350.0,15.599999999998545,2024-12-19,2.0,NSE_FO|47401|19-12-2024,0.0,0.0,0.0,-2.4656235182551054,7.3020388809862515,"flat,flat,flat"
3909,2024-12-17T15:15:00+05:30,PE,24332.15,24335.25,24343.45,24326.25,24355.5,24356.3,24333.4,24334.4,24343.992012,24385.881062,44.5485,0.17177583165234248,0.18023255813944267,0.47674418604653374,0.3430232558140236,0.3430232558140236,0.6780355355270803,-0.002226471318799688,0.1654297381562224,False,False,-0.031028906200244982,-0.05260529792888385,-0.010685451141811072,-0.07870245744827914,-0.2920005013942578,"down,down,up",True,102.85,10.571312,24350.0,17.849999999998545,2024-12-19,2.0,NSE_FO|47401|19-12-2024,0.0,0.0,0.0,5.785123966942152,24.2586290714633,"flat,flat,flat"
3910,2024-12-17T15:20:00+05:30,PE,24324.6,24332.45,24337.65,24318.8,24335.25,24343.45,24326.25,24332.15,24342.145153,24383.477883,43.9881,0.16951121656363538,0.41644562334224267,0.2758620689655239,0.30769230769223344,0.30769230769223344,0.7569711724094884,-0.018466544225030426,0.15640747543053993,False,False,-0.021583088724994454,0.020349769369283476,-0.049538327454508084,0.09989886781284342,-0.30976871151015245,"down,up,down",True,86.15,8.795219,24300.0,-24.599999999998545,2024-12-19,2.0,NSE_FO|47399|19-12-2024,0.0,0.0,0.0,4.817179338363309,19.384793964016236,"flat,flat,flat"
3914,2024-12-18T09:25:00+05:30,PE,24301.3,24313.45,24313.9,24273.1,24330.55,24356.0,24306.95,24312.55,24333.115165,24373.400201,39.9748,0.16528279053305128,0.29779411764707325,0.011029411764722928,0.6911764705882039,0.6911764705882039,1.4592026780661957,-0.0789671395121505,0.12279603360436496,False,False,0.04814557245908955,0.19587429479082266,0.3345500034977523,-0.13888145901659582,-0.18044302156674147,"up,up,up",True,117.8,19.533835,24300.0,-1.2999999999992724,2024-12-19,1.0,NSE_FO|47399|19-12-2024,0.0,0.0,0.0,-10.35653650254669,-27.12224108658744,"flat,flat,flat"
3926,2024-12-18T10:25:00+05:30,PE,24257.45,24272.0,24274.25,24254.95,24228.95,24272.7,24226.85,24272.05,24297.29586,24341.532738,42.1848,0.18173415156780315,0.753886010362685,0.11658031088083341,0.12953367875648156,0.12953367875648156,0.5572092029826592,-0.09484948503235767,0.11397250831535942,False,True,0.14078149187156033,0.1292386462715518,0.17994471801445666,-0.1288264017858431,-0.045553015671471124,"up,down,up",True,88.05,13.513747,24250.0,-7.450000000000728,2024-12-19,1.0,NSE_FO|47396|19-12-2024,0.0,0.0,0.0,-20.215786484951728,-22.952867688813168,"flat,flat,flat"
3930,2024-12-18T10:45:00+05:30,PE,24270.6,24302.55,24313.55,24269.55,24288.45,24305.9,24285.65,24301.1,24294.017077,24333.582014,49.1179,0.16259396983656593,0.7261363636363801,0.25,0.023863636363619826,0.023863636363619826,1.2802452856858626,0.08040219506757221,0.21133455281532065,False,True,-0.10012113421175939,-0.18293738102889018,-0.14626750059743066,-0.1893237085197609,-0.17366690563891218,"down,down,up",True,74.2,13.541689,24250.0,-20.599999999998545,2024-12-19,1.0,NSE_FO|47396|19-12-2024,0.0,0.0,0.0,10.579514824797835,19.474393530997308,"flat,flat,flat"
3931,2024-12-18T10:50:00+05:30,PE,24246.3,24269.95,24273.0,24245.7,24302.55,24313.55,24269.55,24270.6,24289.472594,24330.15919,43.6307,0.16722700284148678,0.8663003663004427,0.11172161172158805,0.02197802197796926,0.02197802197796926,0.8061771002175666,-0.06781783316311284,0.12899009268715933,False,False,-0.08289924648296254,-0.04619261495568697,-0.14414570470546323,-0.1059955539608135,-0.09754065568766293,"down,up,down",True,82.05,12.65878,24250.0,3.7000000000007276,2024-12-19,1.0,NSE_FO|47396|19-12-2024,0.0,0.0,0.0,14.50335161486899,18.220597196831203,"flat,flat,flat"
3932,2024-12-18T10:55:00+05:30,PE,24226.2,24245.45,24251.1,24222.5,24269.95,24273.0,24245.7,24246.3,24283.446632,24326.082359,39.8144,0.17526754358054986,0.6730769230769573,0.19755244755238127,0.1293706293706614,0.1293706293706614,0.8540484629501248,-0.13320445194701175,0.09266419336276802,False,False,0.03673708629499392,-0.06129727320009817,-0.039626520048551495,0.08338080260214449,0.04148401317581491,"up,down,up",True,93.95,15.003811,24250.0,23.799999999999272,2024-12-19,1.0,NSE_FO|47396|19-12-2024,0.0,0.0,0.0,-5.641298563065457,0.0,"flat,flat,flat"
3934,2024-12-18T11:05:00+05:30,PE,24211.35,24235.25,24239.05,24206.15,24225.8,24240.45,24218.8,24235.1,24272.414363,24318.155034,39.0377,0.18809268604484203,0.7264437689970529,0.11550151975682445,0.15805471124612264,0.15805471124612264,1.0073346207620244,-0.137457949180614,0.09030113934410572,False,True,0.021684044879777462,0.054932913695448254,0.03820522193103648,0.17305932961194423,0.08405148824828927,"up,up,down",True,73.25,12.432214,24200.0,-11.349999999998545,2024-12-19,1.0,NSE_FO|47393|19-12-2024,0.0,0.0,0.0,-3.549488054607501,-6.143344709897611,"flat,flat,flat"
3941,2024-12-18T11:40:00+05:30,PE,24231.45,24252.55,24252.55,24230.15,24245.3,24267.25,24243.05,24253.25,24253.955693,24297.792415,46.655,0.18041442305243272,0.9419642857143126,0.0,0.05803571428568746,0.05803571428568746,0.7691554648958585,-0.005795726758115219,0.16344681846771375,False,True,-0.012380604544919927,-0.03631643999842878,0.019808967271868882,-0.03879256090742178,-0.2579292613524985,"down,down,up",True,84.8,12.294051,24250.0,18.549999999999272,2024-12-19,1.0,NSE_FO|47396|19-12-2024,0.0,0.0,0.0,1.356132075471705,1.533018867924525,"flat,flat,flat"
3942,2024-12-18T11:45:00+05:30,PE,24228.45,24232.3,24238.55,24226.35,24252.55,24252.55,24230.15,24231.45,24251.52658,24295.073104,42.1137,0.17924014393201387,0.3155737704916652,0.5122950819671825,0.17213114754115225,0.17213114754115225,0.4370554841220869,-0.05350830166173517,0.13693983241015123,False,False,-0.023938799221573284,0.032193557573840965,0.010731185857941984,-0.08316669039910293,-0.28293184252397185,"down,up,down",True,85.95,11.166829,24250.0,21.549999999999272,2024-12-19,1.0,NSE_FO|47396|19-12-2024,0.0,0.0,0.0,6.45724258289703,2.6178010471204187,"flat,flat,flat"
3943,2024-12-18T11:50:00+05:30,PE,24222.65,24228.25,24229.45,24218.2,24232.3,24238.55,24226.35,24228.45,24248.776429,24292.232983,41.5149,0.17889073445990636,0.4977777777776484,0.10666666666673134,0.3955555555556202,0.3955555555556202,0.42097330149902046,-0.07970063585100096,0.12238853563833682,False,False,0.056145797425131205,0.03467828664492868,0.03736172549245963,-0.08752139010389337,-0.22561528156498753,"up,down,up",True,68.05,8.215232,24200.0,-22.650000000001455,2024-12-19,1.0,NSE_FO|47393|19-12-2024,0.0,0.0,0.0,-6.539309331373984,-5.951506245407785,"flat,flat,flat"
3947,2024-12-18T12:10:00+05:30,PE,24222.05,24231.85,24236.5,24219.75,24231.7,24235.25,24210.85,24231.7,24242.494071,24283.037995,43.3649,0.16696396887550063,0.5850746268656282,0.2776119402985943,0.13731343283577746,0.13731343283577746,0.6797945892084496,-0.024725471655044656,0.15293029352497362,False,False,-0.056766458660600566,-0.08504647624787556,-0.06688120947649241,-0.2192217421729315,-0.0026835053184921065,"down,down,up",True,66.4,7.130152,24200.0,-22.049999999999272,2024-12-19,1.0,NSE_FO|47393|19-12-2024,0.0,0.0,0.0,3.16265060240963,2.8614457831325173,"flat,flat,flat"
3948,2024-12-18T12:15:00+05:30,PE,24208.3,24221.2,24235.55,24208.0,24231.85,24236.5,24219.75,24222.05,24239.237492,24280.107093,40.9816,0.168325456075856,0.46823956442837733,0.5208711433756416,0.010889292195981138,0.010889292195981138,1.1087559605190827,-0.015212904288833186,0.1582150531728676,False,False,-0.028296080269984036,-0.010120495862992147,-0.032220354176044054,-0.19993142847700096,0.04523242028560753,"down,up,down",True,68.5,7.815058,24200.0,-8.299999999999272,2024-12-19,1.0,NSE_FO|47393|19-12-2024,0.0,0.0,0.0,3.8686131386861398,5.32846715328468,"flat,flat,flat"
4005,2024-12-19T10:45:00+05:30,PE,23942.9,23959.85,23965.0,23942.8,23959.95,23968.1,23958.45,23963.45,23987.174504,24072.08818,39.4766,0.3527474449455931,0.7635135135133574,0.23198198198203993,0.00450450450460268,0.00450450450460268,0.7072842825948848,-0.0924431678949973,0.1153093511694469,False,True,0.019003545936370582,0.015662263134373862,-0.0181682252358828,0.03821592204786311,0.1438839906611024,"up,down,down",True,39.0,13.593168,23950.0,7.099999999998545,2024-12-19,0.0,NSE_FO|47379|19-12-2024,0.0,-1.6666666666666632,-1.6666666666666632,8.205128205128212,-9.999999999999996,"flat,down,flat"
4018,2024-12-19T11:50:00+05:30,PE,23960.25,23976.9,23982.6,23957.35,23968.6,23982.8,23967.1,23977.35,23967.204576,24025.559787,49.2875,0.24288803889420166,0.6594059405941171,0.22574257425731048,0.11485148514857248,0.11485148514857248,1.045368971983325,0.0642353760997849,0.20235298672210714,False,True,0.020867895785728445,0.01231205851358282,0.09745307331934577,0.08743648334220523,-0.0191984641228641,"up,down,up",True,21.95,7.54168,23950.0,-10.25,2024-12-19,0.0,NSE_FO|47379|19-12-2024,0.0,-12.984054669703863,-12.984054669703863,-37.8132118451025,-42.82460136674259,"flat,down,flat"
4023,2024-12-19T12:15:00+05:30,PE,23975.2,23988.8,23993.0,23971.45,23983.6,23991.25,23978.2,23988.8,23970.697877,24016.496643,53.4505,0.19069711407449882,0.6310904872389329,0.19489559164737214,0.17401392111369496,0.17401392111369496,0.9811122908739471,0.09303910597196378,0.21835505887331197,False,True,0.02502586005539057,0.023566018218817014,-0.013138576529086118,-0.08487937535454212,-0.1347225466315162,"up,down,down",True,45.25,9.643028,24000.0,24.799999999999272,2024-12-19,0.0,NSE_FO|47384|19-12-2024,0.0,-2.983425414364644,-2.983425414364644,-1.436464088397787,8.508287292817682,"flat,down,flat"
4026,2024-12-19T12:30:00+05:30,PE,23972.05,23980.3,23983.5,23969.9,23982.1,23989.4,23974.8,23980.85,23972.520197,24012.132802,50.9576,0.16496912342871542,0.6066176470588884,0.2352941176471375,0.15808823529397406,0.15808823529397406,0.6710004414294098,0.045801621647491214,0.19211201202638287,False,False,0.0,-0.04088094259773058,-0.07175022578378039,-0.02002331882337669,-0.050684025771670825,"flat,down,down",True,13.1,4.055721,23950.0,-22.049999999999272,2024-12-19,0.0,NSE_FO|47379|19-12-2024,0.0,-3.816793893129771,-3.816793893129771,2.6717557251908373,-21.75572519083969,"flat,down,flat"
4028,2024-12-19T12:40:00+05:30,PE,23962.25,23971.8,23980.25,23959.6,23971.75,23975.45,23964.95,23972.05,23971.501567,24008.666382,48.0197,0.15479749857269723,0.4624697336561065,0.4092009685230088,0.12832929782088467,0.12832929782088467,1.0510179910868307,0.036495139762308657,0.18694174431239247,False,True,-0.030881908001132847,-0.027543323352350234,-0.015440954000566423,0.015858277081656658,-0.052791369758689005,"down,up,up",True,13.1,3.890107,23950.0,-12.25,2024-12-19,0.0,NSE_FO|47379|19-12-2024,0.0,2.6717557251908373,2.6717557251908373,-12.977099236641216,-25.190839694656482,"flat,up,flat"
4029,2024-12-19T12:45:00+05:30,PE,23954.85,23962.65,23964.4,23950.05,23971.8,23980.25,23959.6,23962.25,23969.915703,24006.555935,44.6917,0.15262594142703528,0.5435540069687612,0.12195121951217658,0.3344947735190622,0.3344947735190622,0.7447111109912864,-0.02301094033178838,0.15388281092678277,False,False,0.0033396159859189704,0.015445723934822084,0.0517640477815618,-0.04988551378947098,-0.035065967852012506,"up,up,up",True,13.45,3.609072,23950.0,-4.849999999998545,2024-12-19,0.0,NSE_FO|47379|19-12-2024,0.0,-13.754646840148697,-13.754646840148697,-23.791821561338285,7.434944237918216,"flat,down,flat"
4385,2024-12-27T11:10:00+05:30,CE,23903.55,23888.3,23907.6,23887.5,23887.35,23891.0,23885.3,23887.8,23887.319278,23840.72523,56.2416,0.1954388868228193,0.7587064676617464,0.2014925373134112,0.03980099502484231,0.7985074626865888,1.0338749380638723,-0.0007565604072090775,0.8337536446706801,True,True,-0.08722553762934186,-0.16650246511501127,-0.0750934484626791,-0.1319887631753412,-0.24389682704033197,"down,down,up",True,177.0,11.399927,23900.0,-3.5499999999992724,2025-01-02,6.0,NSE_FO|52527|02-01-2025,0.0,-6.299435028248592,-6.299435028248592,-9.293785310734457,-11.581920903954803,"flat,down,flat"
4388,2024-12-27T11:25:00+05:30,CE,23885.6,23863.05,23886.6,23862.05,23882.4,23887.4,23862.85,23863.75,23884.764499,23844.872046,46.5066,0.16729992479323194,0.9185336048879813,0.040733197556009355,0.040733197556009355,0.9592668024439907,1.200456770133617,0.09510036827431365,0.7804997954031616,True,False,-0.055891415748394624,-0.10320025454666334,-0.0569380714740201,-0.11764410356029803,-0.2011672304652145,"down,down,up",True,160.55,11.817905,23900.0,14.400000000001455,2025-01-02,6.0,NSE_FO|52527|02-01-2025,0.0,-5.450015571473061,-5.450015571473061,-2.5225786359389666,-8.502024291497978,"flat,down,flat"
4506,2024-12-30T15:00:00+05:30,PE,23665.35,23700.35,23709.65,23642.2,23676.75,23707.5,23676.75,23700.75,23684.833293,23732.54735,49.9453,0.20104903319618173,0.5189028910303873,0.13787991104526034,0.34321719792435235,0.34321719792435235,2.2136389697603045,0.10477889665930769,0.22487716481072714,False,True,-0.08408918524339516,-0.20219434743199888,-0.06422892541203527,-0.4673499441166032,-0.6287673750863574,"down,down,up",True,112.5,17.63152,23650.0,-15.349999999998545,2025-01-02,3.0,NSE_FO|52510|02-01-2025,0.0,3.24444444444445,3.24444444444445,-8.133333333333338,54.97777777777777,"flat,up,flat"
4507,2024-12-30T15:05:00+05:30,PE,23645.45,23663.8,23666.2,23638.15,23700.35,23709.65,23642.2,23665.35,23681.082504,23729.131768,41.079,0.20249061141290678,0.6541889483065605,0.08556149732625731,0.2602495543671822,0.2602495543671822,0.92582449291963,-0.06284553925052726,0.13175247819415134,False,False,-0.11820455943955699,0.01987697421703003,0.05540177920064344,-0.42227997352557123,-0.5267398167512112,"down,up,up",True,116.15,16.697331,23650.0,4.549999999999272,2025-01-02,3.0,NSE_FO|52510|02-01-2025,0.0,7.318123116659492,7.318123116659492,-10.934136891950066,58.50193715023675,"flat,up,flat"
4533,2024-12-31T11:00:00+05:30,PE,23559.6,23572.5,23584.2,23555.4,23585.2,23596.5,23565.35,23571.75,23553.153444,23610.428601,51.1014,0.24258414774213033,0.4479166666667285,0.4062500000000355,0.14583333333323598,0.14583333333323598,0.7801667736506276,0.13181485899040002,0.23989714388355876,False,False,0.1542895465118346,0.21010543472724497,0.12224316202313669,0.11630078609145086,0.12457766685343631,"up,up,down",True,115.7,20.91317,23550.0,-9.599999999998545,2025-01-02,2.0,NSE_FO|52501|02-01-2025,0.0,-14.390665514261025,-14.390665514261025,-9.550561797752806,-7.476231633535009,"flat,down,flat"
