direction,impulse_start_i,impulse_end_i,impulse_size,impulse_pct,impulse_atr,pullback_start_i,pullback_end_i,pullback_bars,pullback_depth,pullback_frac,pullback_high,pullback_low,confirm_i,timestamp,spot,ema20,ema50,rsi,impulse_start_ts,impulse_end_ts,pullback_start_ts,pullback_end_ts,u10,u15,u30,u60,premium,strike,expiry,o10,o15,o30,o60,mfe_pct,mae_pct,contract_found
PE,70,78,242.85000000000218,0.9483883061398319,5.46216482022184,78,82,5,63.10000000000218,0.2598311715050509,25639.45,25576.35,83,2024-10-03T09:55:00+05:30,25575.5,25673.396417,25734.558703,32.6948,2024-10-01T15:05:00+05:30,2024-10-03T09:30:00+05:30,2024-10-03T09:30:00+05:30,2024-10-03T09:50:00+05:30,-0.06979335692361262,-0.18220562647846003,-0.19921409161111503,-0.2750679361107253,76.59,25600.0,2024-10-03,0.0,0.0,12.547329938634286,52.043347695521604,59.35500718109412,-18.331374853113992,True
PE,70,78,242.85000000000218,0.9483883061398319,5.46216482022184,78,83,6,63.10000000000218,0.2598311715050509,25639.45,25574.05,84,2024-10-03T10:00:00+05:30,25558.6,25662.463425,25727.658362,30.7929,2024-10-01T15:05:00+05:30,2024-10-03T09:30:00+05:30,2024-10-03T09:30:00+05:30,2024-10-03T09:55:00+05:30,-0.11620354792514884,-0.1633501052483313,-0.09488000125202477,-0.26429460142574035,58.1,25550.0,2024-10-03,5.938037865748702,5.938037865748702,49.225473321858864,20.99827882960412,66.78141135972461,-12.478485370051635,True
PE,70,78,242.85000000000218,0.9483883061398319,5.46216482022184,78,85,8,63.10000000000218,0.2598311715050509,25639.45,25547.95,86,2024-10-03T10:10:00+05:30,25528.9,25640.711556,25713.458372,29.1083,2024-10-01T15:05:00+05:30,2024-10-03T09:30:00+05:30,2024-10-03T09:30:00+05:30,2024-10-03T10:05:00+05:30,0.020173215453849626,-0.017039512082393612,-0.04896411517926742,-0.14473792446991735,82.6,25550.0,2024-10-03,4.9636803874092115,4.9636803874092115,-0.060532687651328285,-1.828087167070207,17.312348668280887,-26.634382566585952,True
PE,70,78,242.85000000000218,0.9483883061398319,5.46216482022184,78,86,9,63.10000000000218,0.2598311715050509,25639.45,25523.55,87,2024-10-03T10:15:00+05:30,25516.85,25628.915218,25705.74824,26.4193,2024-10-01T15:05:00+05:30,2024-10-03T09:30:00+05:30,2024-10-03T09:30:00+05:30,2024-10-03T10:10:00+05:30,0.030176138512397605,0.06858213298271536,-0.02860854690135841,-0.23788202697432123,58.9,25500.0,2024-10-03,0.0,0.0,-9.932088285229204,-21.986417657045834,13.667232597623096,-25.80645161290322,True
PE,80,88,129.35000000000218,0.506578470708729,3.502545024762795,88,92,5,34.900000000001455,0.26981059141863833,25545.0,25510.1,93,2024-10-03T10:45:00+05:30,25509.55,25580.914923,25666.835192,29.121,2024-10-03T09:40:00+05:30,2024-10-03T10:20:00+05:30,2024-10-03T10:20:00+05:30,2024-10-03T10:40:00+05:30,-0.017248442250050736,-0.07252185946047657,-0.20933336730752922,-0.402398317492852,56.1,25500.0,2024-10-03,0.0,0.0,0.4456327985739751,14.1711229946524,20.481283422459896,-8.82352941176471,True
PE,80,88,129.35000000000218,0.506578470708729,3.502545024762795,88,95,8,34.900000000001455,0.26981059141863833,25545.0,25500.75,96,2024-10-03T11:00:00+05:30,25491.05,25560.147215,25648.101645,27.7299,2024-10-03T09:40:00+05:30,2024-10-03T10:20:00+05:30,2024-10-03T10:20:00+05:30,2024-10-03T10:55:00+05:30,0.0035306509539679816,-0.1369107981036396,-0.3248198877645263,-0.3693453192394892,64.05,25500.0,2024-10-03,0.0,0.0,-0.6245120999219338,47.61904761904762,53.00546448087432,-10.226385636221698,True
PE,83,96,115.20000000000073,0.45192332210717384,4.179410785796734,95,98,4,28.900000000001455,0.2508680555555666,25516.2,25487.3,99,2024-10-03T11:15:00+05:30,25456.15,25539.404292,25629.202659,27.2236,2024-10-03T09:55:00+05:30,2024-10-03T11:00:00+05:30,2024-10-03T10:55:00+05:30,2024-10-03T11:10:00+05:30,-0.13317017695135144,-0.18816671020559453,-0.1934699473408194,-0.2997311062356362,65.2,25450.0,2024-10-03,28.834355828220854,28.834355828220854,50.38343558282208,43.55828220858894,56.44171779141104,-36.34969325153374,True
PE,86,99,104.54999999999927,0.4107062536950767,3.9410347321449364,98,99,2,46.75,0.44715447154471855,25501.15,25454.4,100,2024-10-03T11:20:00+05:30,25427.9,25528.784835,25621.308437,22.6853,2024-10-03T10:10:00+05:30,2024-10-03T11:15:00+05:30,2024-10-03T11:10:00+05:30,2024-10-03T11:15:00+05:30,-0.07727732136748003,-0.002949516082728027,-0.09438451464729686,-0.17657769615265692,84.0,25450.0,2024-10-03,1.1904761904761905,1.1904761904761905,0.35714285714285376,16.36904761904762,26.785714285714285,-25.71428571428572,True
PE,88,101,133.40000000000146,0.5247371888798256,4.836393052865853,100,101,2,50.70000000000073,0.3800599700149938,25462.3,25411.6,102,2024-10-03T11:30:00+05:30,25408.25,25508.125455,25605.453117,19.3531,2024-10-03T10:20:00+05:30,2024-10-03T11:25:00+05:30,2024-10-03T11:20:00+05:30,2024-10-03T11:25:00+05:30,-0.025188669034669663,-0.005313234874493697,-0.0446705302411561,-0.08205996083948539,67.84,25400.0,2024-10-03,-17.60023584905661,-17.60023584905661,-8.018867924528308,-7.9451650943396235,8.195754716981135,-27.32900943396227,True
PE,90,103,135.54999999999927,0.5330915969740976,4.791524328995685,102,103,2,35.04999999999927,0.25857617115455156,25437.1,25402.05,104,2024-10-03T11:40:00+05:30,25401.85,25491.026506,25590.750609,25.1629,2024-10-03T10:30:00+05:30,2024-10-03T11:35:00+05:30,2024-10-03T11:30:00+05:30,2024-10-03T11:35:00+05:30,0.008070278345879967,-0.014369032176781682,-0.041926080187064396,-0.019289933607189308,66.2,25400.0,2024-10-03,-5.740181268882181,-5.740181268882181,2.4169184290030126,-9.969788519637463,10.876132930513599,-24.471299093655592,True
PE,97,109,121.90000000000146,0.47969557629383597,4.675110860340112,109,110,2,30.650000000001455,0.2514356029532493,25413.5,25382.85,111,2024-10-03T12:15:00+05:30,25379.85,25443.682458,25543.641747,26.0831,2024-10-03T11:05:00+05:30,2024-10-03T12:05:00+05:30,2024-10-03T12:05:00+05:30,2024-10-03T12:10:00+05:30,-0.018912641327664556,0.02974800875498835,-0.008865300622344105,-0.1899144399986489,63.95,25400.0,2024-10-03,-5.863956215793588,-5.863956215793588,-14.308053166536364,-16.26270523846756,5.551211884284593,-37.60750586395622,True
PE,103,115,48.35000000000218,0.19028016639184797,2.0100433154981525,115,116,2,27.5,0.5687693898655379,25414.3,25386.8,117,2024-10-03T12:45:00+05:30,25377.6,25418.874484,25510.536229,35.8149,2024-10-03T11:35:00+05:30,2024-10-03T12:35:00+05:30,2024-10-03T12:35:00+05:30,2024-10-03T12:40:00+05:30,-0.010836328100371983,-0.04708877119978678,-0.1810651913498404,-0.4186763129689175,53.55,25400.0,2024-10-03,-9.803921568627452,-9.803921568627452,2.614379084967331,34.36041083099908,40.05602240896359,-18.954248366013072,True
PE,107,119,43.5,0.17142958480542744,1.9773350133256469,118,119,2,15.700000000000728,0.3609195402299018,25387.55,25371.85,120,2024-10-03T13:00:00+05:30,25365.65,25407.23466,25495.134262,32.6617,2024-10-03T11:55:00+05:30,2024-10-03T12:55:00+05:30,2024-10-03T12:50:00+05:30,2024-10-03T12:55:00+05:30,-0.06347166345038341,-0.13403953772128843,-0.2562520574083455,-0.4322775091511609,24.3,25350.0,2024-10-03,12.345679012345679,12.345679012345679,39.50617283950616,115.63786008230453,142.38683127572014,-14.403292181069958,True
PE,107,120,56.0,0.22077100330565153,2.5705677066648076,119,120,2,26.150000000001455,0.4669642857143117,25385.5,25359.35,121,2024-10-03T13:05:00+05:30,25356.05,25402.35993,25489.679977,30.9407,2024-10-03T11:55:00+05:30,2024-10-03T13:00:00+05:30,2024-10-03T12:55:00+05:30,2024-10-03T13:00:00+05:30,-0.09622949946856005,-0.17057073163998335,-0.2504333285350045,-0.4338215139976455,27.3,25350.0,2024-10-03,0.5494505494505442,0.5494505494505442,73.44322344322345,143.91941391941396,166.3003663003663,-13.736263736263735,True
PE,115,121,63.849999999998545,0.25181366971590036,2.972671672952973,120,121,2,27.899999999997817,0.4369616288175169,25378.35,25350.45,122,2024-10-03T13:10:00+05:30,25349.55,25397.330413,25484.184684,29.2111,2024-10-03T12:35:00+05:30,2024-10-03T13:05:00+05:30,2024-10-03T13:00:00+05:30,2024-10-03T13:05:00+05:30,-0.14497298768617195,-0.14240883960464207,-0.2575982611131135,-0.2879735537711715,27.45,25350.0,2024-10-03,23.49726775956284,23.49726775956284,79.23497267759564,152.60473588342444,170.12750455373407,-12.204007285974491,True
PE,115,122,69.54999999999927,0.274363844723079,3.2970240364192103,121,122,2,23.200000000000728,0.33357296908700174,25367.95,25344.75,123,2024-10-03T13:15:00+05:30,25331.65,25391.075136,25478.202931,28.067,2024-10-03T12:35:00+05:30,2024-10-03T13:10:00+05:30,2024-10-03T13:05:00+05:30,2024-10-03T13:10:00+05:30,-0.07184687929921946,-0.12237655265251177,-0.23804213306280053,-0.33041669216178465,33.9,25350.0,2024-10-03,39.6755162241888,39.6755162241888,54.572271386430685,174.92625368731564,193.80530973451323,-21.386430678466077,True
PE,115,123,83.70000000000073,0.33041669216178465,3.964380068764267,122,123,2,30.25,0.3614097968936647,25360.85,25330.6,124,2024-10-03T13:20:00+05:30,25312.8,25383.620361,25471.716542,25.1462,2024-10-03T12:35:00+05:30,2024-10-03T13:15:00+05:30,2024-10-03T13:10:00+05:30,2024-10-03T13:15:00+05:30,-0.04799943111784479,-0.07999905186308903,-0.2275528586327808,-0.2397996270661512,22.1,25300.0,2024-10-03,3.846153846153836,3.846153846153836,40.950226244343874,192.9864253393665,222.1719457013575,-35.067873303167424,True
PE,115,125,116.84999999999854,0.46161230492089594,5.451573650270076,124,126,3,36.75,0.31450577663671764,25334.2,25295.45,127,2024-10-03T13:35:00+05:30,25292.55,25362.327044,25452.5157,21.0512,2024-10-03T12:35:00+05:30,2024-10-03T13:25:00+05:30,2024-10-03T13:20:00+05:30,2024-10-03T13:30:00+05:30,-0.08381914832628869,-0.14767194292389874,-0.18384860364020236,-0.16170769653513709,31.15,25300.0,2024-10-03,5.136436597110759,5.136436597110759,107.86516853932586,93.90048154093098,185.71428571428572,-25.682182985553776,True
PE,115,127,131.59999999999854,0.520311316968825,6.0938505777650365,126,128,3,36.599999999998545,0.27811550151974884,25319.3,25280.35,129,2024-10-03T13:45:00+05:30,25271.35,25346.934837,25439.071279,18.9714,2024-10-03T12:35:00+05:30,2024-10-03T13:35:00+05:30,2024-10-03T13:30:00+05:30,2024-10-03T13:40:00+05:30,-0.028292908768221,-0.06074072022269703,-0.09259497415056109,-0.1034768621383417,26.65,25250.0,2024-10-03,24.765478424015015,24.765478424015015,-4.690431519699813,-17.448405253283298,93.62101313320828,-46.529080675422136,True
PE,132,145,40.099999999998545,0.15873518537577305,1.5748490403120723,144,149,6,27.69999999999709,0.6907730673316234,25274.1,25245.85,150,2024-10-04T09:15:00+05:30,25166.1,25258.161976,25331.016632,44.4514,2024-10-03T14:00:00+05:30,2024-10-03T15:05:00+05:30,2024-10-03T15:00:00+05:30,2024-10-03T15:25:00+05:30,-0.14146013883755745,0.12973802059119793,0.15755321643004463,0.0395373140852207,157.9,25150.0,2024-10-10,4.211526282457255,4.211526282457255,-6.58644711842939,-6.839772007599754,15.421152628245721,-27.992400253324888,True
PE,131,143,57.70000000000073,0.22854426807411143,2.19076156985041,143,150,8,46.95000000000073,0.8136915077989625,25287.9,25164.2,151,2024-10-04T09:20:00+05:30,25140.4,25246.94655,25323.54147,25.6522,2024-10-03T13:55:00+05:30,2024-10-03T14:55:00+05:30,2024-10-03T14:55:00+05:30,2024-10-04T09:15:00+05:30,0.2320965457987882,0.22573228747354854,0.41188684348697424,0.21021940780575704,164.55,25150.0,2024-10-10,-1.0635065329687026,-1.0635065329687026,-10.78699483439684,-21.36128836219994,10.75660893345487,-25.584928593132787,True
PE,131,143,57.70000000000073,0.22854426807411143,2.19076156985041,143,151,9,46.95000000000073,0.8136915077989625,25287.9,25136.0,152,2024-10-04T09:25:00+05:30,25130.5,25235.856402,25315.971216,22.9619,2024-10-03T13:55:00+05:30,2024-10-03T14:55:00+05:30,2024-10-03T14:55:00+05:30,2024-10-04T09:20:00+05:30,0.26521557470007145,0.2349734386502428,0.5921091900280506,0.27297507013389527,162.8,25150.0,2024-10-10,-9.398034398034405,-9.398034398034405,-6.17321867321868,-30.8968058968059,11.94717444717444,-32.033169533169534,True
PE,159,161,93.25,0.36983861948067914,2.2461025544171633,160,161,2,61.60000000000218,0.6605898123324631,25262.4,25200.8,162,2024-10-04T10:15:00+05:30,25176.05,25226.279591,25284.475514,44.9731,2024-10-04T10:00:00+05:30,2024-10-04T10:10:00+05:30,2024-10-04T10:05:00+05:30,2024-10-04T10:10:00+05:30,0.09155526780412049,0.3268979843938953,0.45201689701124387,0.5969959544884892,172.7,25200.0,2024-10-10,-2.431962941517075,-2.431962941517075,-20.353213665315565,-23.074696004632308,0.6658946149392043,-32.165605095541395,True
PE,188,193,367.9500000000007,1.4623328570832461,5.953849101551318,192,201,10,154.40000000000146,0.4196222312814272,25271.5,25056.95,202,2024-10-04T13:35:00+05:30,25055.75,25183.579671,25248.162849,32.0895,2024-10-04T12:25:00+05:30,2024-10-04T12:50:00+05:30,2024-10-04T12:45:00+05:30,2024-10-04T13:30:00+05:30,0.05308162796962483,0.07144068726739952,-0.07902377697733763,-0.17301417838220187,178.0,25050.0,2024-10-10,-1.2640449438202246,-1.2640449438202246,-5.5617977528089915,4.915730337078652,10.589887640449435,-14.04494382022472,True
PE,193,206,130.75,0.522047784840451,2.7182855545357625,205,206,2,50.60000000000218,0.3869980879541276,25096.2,25045.6,207,2024-10-04T14:00:00+05:30,25041.6,25133.722264,25213.642155,31.3647,2024-10-04T12:50:00+05:30,2024-10-04T13:55:00+05:30,2024-10-04T13:50:00+05:30,2024-10-04T13:55:00+05:30,0.015174749217314031,-0.10502523800395851,-0.057703980576309384,-0.22542489297807283,186.1,25050.0,2024-10-10,0.34927458355723034,0.34927458355723034,5.776464266523375,3.6539494895217692,14.669532509403552,-8.704997313272427,True
PE,194,207,133.14999999999782,0.5317152258641534,2.874026548968595,206,207,2,35.5,0.26661659782200964,25074.95,25039.45,208,2024-10-04T14:05:00+05:30,25035.95,25124.41062,25206.673835,30.9948,2024-10-04T12:55:00+05:30,2024-10-04T14:00:00+05:30,2024-10-04T13:55:00+05:30,2024-10-04T14:00:00+05:30,-0.08248139175865686,-0.11423572902167557,-0.09406473491119478,-0.06710350515957761,186.75,25050.0,2024-10-10,-3.614457831325301,-3.614457831325301,11.191432396251678,9.397590361445788,14.270414993306563,-9.02275769745649,True
PE,194,207,133.14999999999782,0.5317152258641534,2.874026548968595,206,209,4,35.5,0.26661659782200964,25074.95,25031.95,210,2024-10-04T14:15:00+05:30,25015.3,25107.210961,25193.092533,32.5883,2024-10-04T12:55:00+05:30,2024-10-04T14:00:00+05:30,2024-10-04T13:55:00+05:30,2024-10-04T14:10:00+05:30,0.08954519833862258,0.0473710089425359,-0.06895779782772943,0.028382629830552432,175.6,25000.0,2024-10-10,5.523917995444201,5.523917995444201,-1.7369020501138854,5.41002277904328,9.168564920273345,-13.582004555808652,True
PE,197,210,147.09999999999854,0.5880401194468926,3.4609146625731384,209,210,2,42.45000000000073,0.2885791978246169,25051.65,25009.2,211,2024-10-04T14:20:00+05:30,25007.35,25097.700393,25185.808512,29.4776,2024-10-04T13:10:00+05:30,2024-10-04T14:15:00+05:30,2024-10-04T14:10:00+05:30,2024-10-04T14:15:00+05:30,0.07917672204373079,0.020194062945505662,-0.06897971996233107,0.11516614115451222,185.3,25000.0,2024-10-10,-8.769562871019968,-8.769562871019968,-1.4840798704803022,-0.026983270372375263,3.4538586076632365,-18.105774419859692,True
PE,205,214,85.79999999999927,0.3430298571908304,2.189232177334524,213,214,2,53.94999999999709,0.6287878787878503,25064.35,25010.4,215,2024-10-04T14:40:00+05:30,24993.95,25070.736838,25160.856208,32.6826,2024-10-04T13:50:00+05:30,2024-10-04T14:35:00+05:30,2024-10-04T14:30:00+05:30,2024-10-04T14:35:00+05:30,-0.015403727702112643,0.0010002420585781759,0.10802614232644299,0.3354811864471144,187.85,25000.0,2024-10-10,-1.463933989885547,-1.463933989885547,-3.194037796113921,-11.791322863987228,3.5666755389938873,-15.091828586638274,True
PE,225,230,79.5,0.3170874223983376,2.1650205928861235,229,230,2,33.849999999998545,0.4257861635219943,25097.35,25063.5,231,2024-10-07T09:45:00+05:30,25038.0,25057.615308,25107.200668,51.0219,2024-10-07T09:15:00+05:30,2024-10-07T09:40:00+05:30,2024-10-07T09:35:00+05:30,2024-10-07T09:40:00+05:30,0.15875868679606997,-0.015576323987544752,0.08267433501078651,-0.5505631440210821,157.9,25050.0,2024-10-10,0.0,0.0,-12.3812539582014,-1.2666244458518048,6.269791006966438,-15.737808739708672,True
PE,225,238,101.59999999999854,0.4055969181021519,2.8026059269873858,237,238,2,38.349999999998545,0.3774606299212509,25079.75,25041.4,239,2024-10-07T10:25:00+05:30,25020.65,25052.809206,25091.642383,47.1669,2024-10-07T09:15:00+05:30,2024-10-07T10:20:00+05:30,2024-10-07T10:15:00+05:30,2024-10-07T10:20:00+05:30,-0.19863592672452846,-0.19304054850694488,-0.494591467447888,-0.18164995713540907,147.1,25000.0,2024-10-10,0.0,0.0,2.379333786539769,15.363698164513934,18.932698844323586,-9.823249490142754,True
PE,226,239,105.70000000000073,0.4224510554282192,2.9307284213197633,238,239,2,47.45000000000073,0.4489120151371845,25066.95,25019.5,240,2024-10-07T10:30:00+05:30,25018.7,25049.56071,25088.781897,41.4788,2024-10-07T09:20:00+05:30,2024-10-07T10:25:00+05:30,2024-10-07T10:20:00+05:30,2024-10-07T10:25:00+05:30,-0.18526142445451677,-0.4738455635184853,-0.7316527237626227,-0.20704513024257565,150.6,25000.0,2024-10-10,0.0,0.0,13.413014608233745,41.26826029216468,43.42629482071714,-7.503320053120839,True
PE,227,240,116.25,0.46465243997489875,3.2144366891185965,239,240,2,55.05000000000291,0.47354838709679925,25053.15,24998.1,241,2024-10-07T10:35:00+05:30,24970.95,25042.073976,25084.161039,41.1179,2024-10-07T09:25:00+05:30,2024-10-07T10:30:00+05:30,2024-10-07T10:25:00+05:30,2024-10-07T10:30:00+05:30,-0.28352946123395095,-0.2631057288569347,-0.42449326116947894,-0.13836077522080364,150.4,24950.0,2024-10-10,-0.6981382978723479,-0.6981382978723479,30.086436170212767,45.61170212765957,70.87765957446808,-14.76728723404256,True
PE,229,242,132.64999999999782,0.5311874933676559,3.580233022023489,241,242,2,55.0,0.4146249528835349,25019.7,24964.7,243,2024-10-07T10:45:00+05:30,24900.15,25022.549445,25072.732124,33.8335,2024-10-07T09:35:00+05:30,2024-10-07T10:40:00+05:30,2024-10-07T10:35:00+05:30,2024-10-07T10:40:00+05:30,-0.013052130208050954,-0.25903458412901126,0.009236892147233139,0.1658624546438446,167.25,24900.0,2024-10-10,2.152466367713001,2.152466367713001,21.823617339312406,2.21225710014947,37.5186846038864,-22.660687593423024,True
PE,234,245,203.34999999999854,0.8167683526864731,5.021145727427186,244,245,2,53.19999999999709,0.2616179001721046,24936.1,24882.9,246,2024-10-07T11:00:00+05:30,24835.65,24984.777739,25050.74692,26.0506,2024-10-07T10:00:00+05:30,2024-10-07T10:55:00+05:30,2024-10-07T10:50:00+05:30,2024-10-07T10:55:00+05:30,0.21763070424973482,0.2689681969265925,0.5284741893205935,0.18783482614708216,181.35,24850.0,2024-10-10,-4.494072236007724,-4.494072236007724,-16.432313206506745,-32.09263854425144,14.86076647366971,-44.19630548662806,True
PE,239,252,111.85000000000218,0.4479931429212364,2.2509674782996405,251,252,2,64.60000000000218,0.5775592311131061,25005.9,24941.3,253,2024-10-07T11:35:00+05:30,24936.4,24958.859957,25021.221089,48.3128,2024-10-07T10:25:00+05:30,2024-10-07T11:30:00+05:30,2024-10-07T11:25:00+05:30,2024-10-07T11:30:00+05:30,0.02025151986653756,-0.1457708410195625,-0.11990503841774056,-0.11048106382638596,174.35,24950.0,2024-10-10,-4.186980212216795,-4.186980212216795,11.356466876971616,10.52480642386005,19.787783194723257,-12.188127330083166,True
PE,251,254,72.40000000000146,0.29019780748342167,1.5042932716972324,254,255,2,43.349999999998545,0.5987569060773159,24976.85,24933.5,256,2024-10-07T11:50:00+05:30,24900.05,24950.951155,25010.831159,44.8792,2024-10-07T11:25:00+05:30,2024-10-07T11:40:00+05:30,2024-10-07T11:40:00+05:30,2024-10-07T11:45:00+05:30,-0.0712849974196839,0.025903562442648624,0.15983903646779532,-0.3431720016626502,169.65,24900.0,2024-10-10,0.5599764220453808,0.5599764220453808,0.17683465959327024,-13.645741231948131,10.050103153551419,-19.746536987916297,True
PE,251,257,115.95000000000073,0.46558879213940246,2.4851224325197254,256,257,2,68.75,0.592927986200945,24958.7,24889.95,258,2024-10-07T12:00:00+05:30,24882.3,24940.362964,25001.763673,39.8632,2024-10-07T11:25:00+05:30,2024-10-07T11:55:00+05:30,2024-10-07T11:50:00+05:30,2024-10-07T11:55:00+05:30,0.17341644462128283,0.0994682967410569,0.05526016485614272,-0.35527262351148337,183.4,24900.0,2024-10-10,-7.333696837513641,-7.333696837513641,-10.905125408942203,-8.369683751363137,1.799345692475454,-25.763358778625957,True
PE,251,262,106.15000000000146,0.42562405146783744,2.36484835930656,262,263,2,60.29999999999927,0.5680640602920249,24960.05,24899.75,264,2024-10-07T12:30:00+05:30,24896.05,24929.647064,24983.636183,46.7223,2024-10-07T11:25:00+05:30,2024-10-07T12:20:00+05:30,2024-10-07T12:20:00+05:30,2024-10-07T12:25:00+05:30,-0.06948893499169255,-0.29462505096189373,-0.41030605256656305,-0.5306062608325359,168.05,24900.0,2024-10-10,-4.135673906575434,-4.135673906575434,24.189229396013076,32.966379053853004,40.37488842606366,-8.59863135971438,True
PE,252,265,97.75,0.3924308027066685,2.3599569553508455,264,265,2,35.150000000001455,0.35959079283888956,24927.4,24892.25,266,2024-10-07T12:40:00+05:30,24878.75,24923.007688,24976.70522,44.6022,2024-10-07T11:30:00+05:30,2024-10-07T12:35:00+05:30,2024-10-07T12:30:00+05:30,2024-10-07T12:35:00+05:30,-0.25785057529016314,-0.22850826508565963,-0.3412550871727939,-0.5956890920966718,179.1,24900.0,2024-10-10,16.527079843662758,16.527079843662758,16.83417085427136,28.112786152987155,33.445002791736464,-10.915689558905632,True
PE,255,266,101.54999999999927,0.4081796714063177,2.456657236296153,265,266,2,41.29999999999927,0.40669620876415136,24916.6,24875.3,267,2024-10-07T12:45:00+05:30,24822.7,24913.454574,24970.665799,40.2586,2024-10-07T11:45:00+05:30,2024-10-07T12:40:00+05:30,2024-10-07T12:35:00+05:30,2024-10-07T12:40:00+05:30,-0.003222856498282912,-0.11602283393828741,-0.16859568056658697,-0.4796013326511591,164.9,24800.0,2024-10-10,1.9708914493632503,1.9708914493632503,7.610673135233465,12.64402668283808,15.100060642813828,-15.676167374166159,True
PE,255,267,154.34999999999854,0.621809875638019,3.6319078457797698,266,267,2,93.04999999999927,0.6028506640751549,24915.55,24822.5,268,2024-10-07T12:50:00+05:30,24814.6,24904.039853,24964.545572,33.6808,2024-10-07T11:45:00+05:30,2024-10-07T12:45:00+05:30,2024-10-07T12:40:00+05:30,2024-10-07T12:45:00+05:30,-0.08341863257919568,-0.14507588274644767,-0.1343966858220505,-0.2972040653486254,168.15,24800.0,2024-10-10,-1.6354445435622957,-1.6354445435622957,11.80493606898602,8.206958073148964,16.562592922985424,-7.166220636336611,True
PE,255,268,164.54999999999927,0.6631176807202183,3.96589145358705,267,269,3,67.79999999999927,0.41203281677301473,24880.1,24806.75,270,2024-10-07T13:00:00+05:30,24793.9,24886.472533,24952.479015,34.4239,2024-10-07T11:45:00+05:30,2024-10-07T12:50:00+05:30,2024-10-07T12:45:00+05:30,2024-10-07T12:55:00+05:30,-0.00020166250570870407,-0.05263391398691981,-0.12079584091248544,-0.05223058897551707,177.45,24800.0,2024-10-10,5.945336714567491,5.945336714567491,4.677373908143146,6.9878839109608375,10.453648915187385,-10.99464637926176,True
PE,263,276,184.04999999999927,0.7432174592502379,4.715704993797055,275,276,2,52.04999999999927,0.28280358598206723,24813.05,24761.0,277,2024-10-07T13:35:00+05:30,24745.8,24830.329742,24909.464061,31.6717,2024-10-07T12:25:00+05:30,2024-10-07T13:30:00+05:30,2024-10-07T13:25:00+05:30,2024-10-07T13:30:00+05:30,-0.17033193511625333,-0.02000339451543586,0.29702010038067067,0.010506833482862478,176.85,24750.0,2024-10-10,6.813683912920561,6.813683912920561,7.124681933842236,-14.509471303364432,19.366694939214025,-18.40542832909244,True
PE,264,277,183.20000000000073,0.7403276515610759,4.772794777978959,276,277,2,59.39999999999782,0.3242358078602488,24803.6,24744.2,278,2024-10-07T13:40:00+05:30,24730.55,24820.82691,24902.447824,29.6156,2024-10-07T12:30:00+05:30,2024-10-07T13:35:00+05:30,2024-10-07T13:30:00+05:30,2024-10-07T13:35:00+05:30,0.04164889175533611,0.20965971238004083,0.13161858511031607,0.3481523864208527,188.9,24750.0,2024-10-10,9.608258337744841,9.608258337744841,-12.122816304923242,-8.734780307040763,11.752249867654838,-23.689782953943887,True
PE,284,286,106.14999999999782,0.429186284637629,2.4838649978306915,285,286,2,41.75,0.39331135186058275,24771.2,24729.45,287,2024-10-07T14:25:00+05:30,24721.9,24781.125775,24857.822966,38.0884,2024-10-07T14:10:00+05:30,2024-10-07T14:20:00+05:30,2024-10-07T14:15:00+05:30,2024-10-07T14:20:00+05:30,0.10719240835049086,0.3832634223097739,0.3147007309308721,0.3927691641823587,172.0,24700.0,2024-10-10,-9.156976744186046,-9.156976744186046,-20.348837209302324,-21.918604651162784,1.104651162790701,-44.30232558139535,True
PE,292,298,121.85000000000218,0.49107124865495316,2.5971074680939368,298,299,2,31.05000000000291,0.25482150184655195,24832.4,24801.35,300,2024-10-08T09:15:00+05:30,24777.65,24797.825778,24836.256133,52.2246,2024-10-07T14:50:00+05:30,2024-10-07T15:20:00+05:30,2024-10-07T15:20:00+05:30,2024-10-07T15:25:00+05:30,0.23226577177415642,0.10957455610196211,0.40984516287863965,0.26959780285862167,186.35,24800.0,2024-10-10,0.0,0.0,-11.591092031124225,-10.517842768983094,4.910115374295684,-24.872551650120737,True
CE,344,353,128.70000000000073,0.5149112208237008,4.721728230310594,352,357,6,33.10000000000218,0.2571872571872727,25030.0,24981.55,358,2024-10-08T14:05:00+05:30,25032.95,24978.743698,24940.690476,64.6499,2024-10-08T12:55:00+05:30,2024-10-08T13:40:00+05:30,2024-10-08T13:35:00+05:30,2024-10-08T14:00:00+05:30,-0.07430206987191755,-0.01577920301043516,-0.14021519637119148,-0.15958966082703288,129.0,25050.0,2024-10-10,0.5038759689922525,0.5038759689922525,-3.953488372093019,-22.75193798449612,6.6666666666666625,-29.612403100775197,True
CE,367,380,165.90000000000146,0.6613105429004844,5.460273041299065,379,380,2,48.5,0.29234478601566954,25091.0,25042.5,381,2024-10-09T09:45:00+05:30,25096.25,25035.516468,24994.71396,65.1924,2024-10-08T14:50:00+05:30,2024-10-09T09:40:00+05:30,2024-10-09T09:35:00+05:30,2024-10-09T09:40:00+05:30,-0.07690391990834995,-0.20441300991183653,0.16476565223887452,0.4347263037306312,109.0,25100.0,2024-10-10,-7.1559633027522915,-7.1559633027522915,-18.25688073394496,29.761467889908253,52.293577981651374,-30.42201834862385,True
CE,371,383,96.25,0.38381860632971715,3.3369717014745466,383,384,2,54.75,0.5688311688311688,25086.1,25031.35,385,2024-10-09T10:05:00+05:30,25178.25,25056.576601,25009.888366,52.745,2024-10-08T15:10:00+05:30,2024-10-09T09:55:00+05:30,2024-10-09T09:55:00+05:30,2024-10-09T10:00:00+05:30,-0.16144886956004273,-0.15429984212563838,0.039915403175356794,0.11895187314448276,102.55,25200.0,2024-10-10,6.1921014139444255,6.1921014139444255,-15.650901999024864,-1.0238907849829324,7.215992198927358,-42.51584592881521,True
CE,384,390,113.10000000000218,0.4498010495357909,3.0967923392093852,389,390,2,34.95000000000073,0.3090185676392578,25144.45,25109.5,391,2024-10-09T10:35:00+05:30,25188.3,25099.070777,25039.798962,61.7892,2024-10-09T10:00:00+05:30,2024-10-09T10:30:00+05:30,2024-10-09T10:25:00+05:30,2024-10-09T10:30:00+05:30,0.06769015773195997,0.08893017790006255,0.0790049348308598,0.057963419524152814,101.5,25200.0,2024-10-10,-6.600985221674879,-6.600985221674879,6.157635467980295,3.4975369458128047,13.44827586206897,-16.453201970443352,True
CE,384,391,161.65000000000146,0.6417662168546566,4.318220789386827,391,392,2,49.29999999999927,0.30497989483451177,25193.0,25143.7,393,2024-10-09T10:45:00+05:30,25205.35,25116.153176,25051.567977,64.9376,2024-10-09T10:00:00+05:30,2024-10-09T10:35:00+05:30,2024-10-09T10:35:00+05:30,2024-10-09T10:40:00+05:30,-0.01924194665020936,-0.03173929344365383,0.07359548667248386,-0.1757563374442302,104.3,25200.0,2024-10-10,3.3077660594439147,3.3077660594439147,-6.951102588686482,9.539789069990414,16.011505273250243,-9.731543624161066,True
CE,384,391,161.65000000000146,0.6417662168546566,4.318220789386827,391,398,8,49.29999999999927,0.30497989483451177,25221.45,25143.7,399,2024-10-09T11:15:00+05:30,25223.9,25158.729429,25085.33292,67.4824,2024-10-09T10:00:00+05:30,2024-10-09T10:35:00+05:30,2024-10-09T10:35:00+05:30,2024-10-09T11:10:00+05:30,-0.045393456206220005,-0.01268638077379282,-0.24916844738522662,-0.45016829276996384,114.25,25200.0,2024-10-10,0.1750547045951885,0.1750547045951885,-5.470459518599562,-32.25382932166301,5.908096280087528,-34.83588621444201,True
CE,389,399,120.15000000000146,0.4763339531158998,3.9060925290413495,398,399,2,33.80000000000291,0.2813150228880774,25229.65,25195.85,400,2024-10-09T11:20:00+05:30,25230.2,25165.53615,25091.013982,68.5615,2024-10-09T10:25:00+05:30,2024-10-09T11:15:00+05:30,2024-10-09T11:10:00+05:30,2024-10-09T11:15:00+05:30,-0.037653288519314154,-0.108203660692342,-0.3751456587740147,-0.44351610371697986,88.95,25250.0,2024-10-10,-12.0292299044407,-12.0292299044407,-16.07644744238336,-43.73243395165824,4.834176503653734,-46.711635750421586,True
CE,594,606,172.35000000000218,0.6864564746367662,7.033061346127623,605,608,4,91.5,0.5308964316797148,25120.65,25029.15,609,2024-10-14T10:00:00+05:30,25131.55,25040.955253,25002.967353,73.2317,2024-10-11T15:00:00+05:30,2024-10-14T09:45:00+05:30,2024-10-14T09:40:00+05:30,2024-10-14T09:55:00+05:30,-0.12494255228984212,-0.17109967351794855,-0.15100540953502958,-0.22342434111703346,127.85,25150.0,2024-10-17,-9.425107547907704,-9.425107547907704,-20.414548298787636,-21.079389910050832,1.681658193195155,-23.113023073914743,True
CE,605,618,76.39999999999782,0.3044273458637242,3.5698617505619756,617,623,7,31.700000000000728,0.41492146596860774,25105.55,25073.85,624,2024-10-14T11:15:00+05:30,25112.0,25083.672146,25044.909165,61.0628,2024-10-14T09:40:00+05:30,2024-10-14T10:45:00+05:30,2024-10-14T10:40:00+05:30,2024-10-14T11:10:00+05:30,0.00398215992354253,0.0031857279388311263,0.12683179356482377,0.11229690984390223,137.15,25100.0,2024-10-17,0.10936930368210403,0.10936930368210403,-1.0207801676996031,9.733868027706885,14.064892453518041,-4.958075100255203,True
CE,621,627,45.95000000000073,0.18297441941958176,2.5220239376571447,626,627,2,13.599999999998545,0.29597388465719976,25119.8,25106.2,628,2024-10-14T11:35:00+05:30,25130.9,25095.080891,25055.695089,63.7343,2024-10-14T11:00:00+05:30,2024-10-14T11:30:00+05:30,2024-10-14T11:25:00+05:30,2024-10-14T11:30:00+05:30,0.051530187935955686,0.06505934924733513,0.08634788248728492,-0.006565622401113589,117.55,25150.0,2024-10-17,-1.4887282007656317,-1.4887282007656317,5.104210974053594,7.528711186729059,8.677158655891112,-7.6137813696299474,True
CE,621,629,62.80000000000291,0.24990101452650287,3.5220886838376853,628,629,2,26.5,0.42197452229297405,25136.65,25110.15,630,2024-10-14T11:45:00+05:30,25143.85,25102.730162,25061.949907,68.1103,2024-10-14T11:00:00+05:30,2024-10-14T11:40:00+05:30,2024-10-14T11:35:00+05:30,2024-10-14T11:40:00+05:30,-0.00914736605571252,-0.014914183786492525,-0.01451647221884404,-0.0610487256327036,121.95,25150.0,2024-10-17,1.3120131201311966,1.3120131201311966,-3.772037720377211,-2.050020500205002,9.626896268962685,-6.355063550635506,True
CE,621,630,76.35000000000218,0.30365278189299644,4.232525117833122,630,633,4,20.75,0.2717747216764821,25150.3,25129.45,634,2024-10-14T12:05:00+05:30,25152.6,25116.866465,25074.297673,68.0151,2024-10-14T11:00:00+05:30,2024-10-14T11:45:00+05:30,2024-10-14T11:45:00+05:30,2024-10-14T12:00:00+05:30,-0.049299078425283346,-0.09203819883430667,-0.09283334526052395,-0.1727455610950641,126.4,25150.0,2024-10-17,0.8702531645569574,0.8702531645569574,-9.651898734177216,-9.335443037974692,5.7674050632911324,-15.427215189873417,True
CE,621,634,79.55000000000291,0.3162694910267842,4.66051229077583,633,634,2,20.100000000002183,0.2526712759271081,25153.4,25133.3,635,2024-10-14T12:10:00+05:30,25154.6,25120.460135,25077.446784,71.3912,2024-10-14T11:00:00+05:30,2024-10-14T12:05:00+05:30,2024-10-14T12:00:00+05:30,2024-10-14T12:05:00+05:30,-0.0999817130862658,-0.13456783252366783,-0.06718453086114594,-0.19539169774115994,127.5,25150.0,2024-10-17,-6.3137254901960755,-6.3137254901960755,-13.37254901960784,-6.862745098039216,4.8549019607843125,-16.156862745098035,True
PE,841,843,22.55000000000291,0.09075743214826629,0.8960133406255274,843,844,2,15.450000000000728,0.6851441241684583,24853.55,24838.1,845,2024-10-17T10:55:00+05:30,24822.45,24859.120331,24909.485324,37.9655,2024-10-17T10:35:00+05:30,2024-10-17T10:45:00+05:30,2024-10-17T10:45:00+05:30,2024-10-17T10:50:00+05:30,-0.06445777914750558,-0.12690125269665162,-0.16779165634335633,-0.16678450354417657,22.75,24800.0,2024-10-17,-6.8131868131868165,-6.8131868131868165,57.58241758241759,66.1098901098901,92.52747252747251,-16.263736263736263,True
PE,841,845,43.70000000000073,0.17605030929662757,1.7925094434894264,845,846,2,26.549999999999272,0.6075514874141609,24843.5,24816.95,847,2024-10-17T11:05:00+05:30,24806.45,24851.116643,24902.240777,34.2528,2024-10-17T10:35:00+05:30,2024-10-17T10:55:00+05:30,2024-10-17T10:55:00+05:30,2024-10-17T11:00:00+05:30,-0.011085826468519277,-0.013504552243477736,-0.05059168079269413,-0.07881014816710682,28.8,24800.0,2024-10-17,24.479166666666668,24.479166666666668,1.9097222222222248,11.979166666666664,52.083333333333314,-24.826388888888896,True
PE,841,847,54.20000000000073,0.21849156167045558,2.3404326890047606,846,847,2,23.149999999997817,0.42712177121766615,24829.6,24806.45,848,2024-10-17T11:10:00+05:30,24790.95,24845.386486,24897.876433,30.4877,2024-10-17T10:35:00+05:30,2024-10-17T11:05:00+05:30,2024-10-17T11:00:00+05:30,2024-10-17T11:05:00+05:30,0.04900982011579959,-0.04094236001444662,-0.04638789558286391,-0.05042162563354773,35.85,24800.0,2024-10-17,-12.273361227336128,-12.273361227336128,5.411436541143647,-4.463040446304048,22.17573221757321,-29.5676429567643,True
PE,841,849,71.35000000000218,0.2876586960816418,3.1692995394944328,849,850,2,24.600000000002183,0.34477925718292124,24813.9,24789.3,851,2024-10-17T11:25:00+05:30,24780.8,24832.341724,24886.305021,33.0191,2024-10-17T10:35:00+05:30,2024-10-17T11:15:00+05:30,2024-10-17T11:15:00+05:30,2024-10-17T11:20:00+05:30,0.05286350723141377,-0.0054477660123908225,0.0010088455578512398,0.03793259297521249,37.79,24800.0,2024-10-17,2.2757343212490064,2.2757343212490064,-9.367557554908704,-16.909235247419954,15.903678221751782,-33.18338184704948,True
PE,851,863,23.450000000000728,0.09459383143339194,1.30026386207426,863,865,3,15.200000000000728,0.648187633262271,24797.9,24782.7,866,2024-10-17T12:40:00+05:30,24774.65,24795.253033,24840.408627,39.4397,2024-10-17T11:25:00+05:30,2024-10-17T12:25:00+05:30,2024-10-17T12:25:00+05:30,2024-10-17T12:35:00+05:30,0.03410744450475421,0.07648947613789533,0.04884024597723296,-0.005650937551091358,10.4,24750.0,2024-10-17,-8.653846153846157,-8.653846153846157,-21.634615384615383,-16.826923076923077,51.442307692307686,-29.807692307692314,True
PE,887,898,26.049999999999272,0.10524487108008014,1.725847672775523,898,900,3,16.25,0.6238003838771767,24760.25,24596.0,901,2024-10-18T09:20:00+05:30,24579.85,24724.424784,24763.986845,17.3362,2024-10-17T14:25:00+05:30,2024-10-17T15:20:00+05:30,2024-10-17T15:20:00+05:30,2024-10-18T09:15:00+05:30,0.23576221986708923,0.2935331175739537,0.2105383067838087,0.38385099990440213,167.8,24600.0,2024-10-24,0.17878426698449518,0.17878426698449518,-22.34803337306317,-21.394517282479146,5.482717520858158,-37.00834326579262,True
PE,1073,1084,83.85000000000218,0.3399436873247919,2.368451781626604,1083,1084,2,38.650000000001455,0.46094215861658255,24696.25,24657.6,1085,2024-10-22T12:10:00+05:30,24653.7,24688.243348,24729.465854,42.6845,2024-10-22T11:10:00+05:30,2024-10-22T12:05:00+05:30,2024-10-22T12:00:00+05:30,2024-10-22T12:05:00+05:30,0.16894015908361754,-0.05090513797117379,-0.08720800528926692,-0.13020357999003063,108.3,24650.0,2024-10-24,0.0,0.0,0.5078485687903944,6.278855032317633,8.448753462603884,-21.69898430286242,True
PE,1073,1084,83.85000000000218,0.3399436873247919,2.368451781626604,1083,1085,3,38.650000000001455,0.46094215861658255,24696.25,24652.7,1086,2024-10-22T12:15:00+05:30,24652.15,24684.805886,24726.43386,40.8126,2024-10-22T11:10:00+05:30,2024-10-22T12:05:00+05:30,2024-10-22T12:00:00+05:30,2024-10-22T12:10:00+05:30,-0.04462085457049385,-0.0030423309934427623,-0.181120105142965,-0.2904411988406779,108.85,24650.0,2024-10-24,0.0,0.0,-18.5576481396417,-2.802021129995404,18.603582912264585,-22.094625631603122,True
PE,1074,1086,92.5,0.37522082252460737,2.823356157344509,1086,1087,2,60.150000000001455,0.650270270270286,24702.0,24641.85,1088,2024-10-22T12:25:00+05:30,24641.15,24681.556746,24721.918223,49.6236,2024-10-22T11:15:00+05:30,2024-10-22T12:15:00+05:30,2024-10-22T12:15:00+05:30,2024-10-22T12:20:00+05:30,-0.05113397710740847,-0.0363213567548622,-0.07446892697784878,-0.22360969354109764,115.1,24650.0,2024-10-24,0.0,0.0,-8.079930495221545,0.30408340573415166,12.675933970460473,-23.284100781928757,True
PE,1078,1090,98.70000000000073,0.40075440900905956,2.757672350191216,1090,1091,2,35.64999999999782,0.3611955420465811,24651.1,24615.45,1092,2024-10-22T12:45:00+05:30,24607.5,24663.991133,24708.218225,40.6715,2024-10-22T11:35:00+05:30,2024-10-22T12:35:00+05:30,2024-10-22T12:35:00+05:30,2024-10-22T12:40:00+05:30,0.06217616580310585,0.00040638016864185636,-0.10951945545057697,0.021334958854007924,107.95,24600.0,2024-10-24,0.0,0.0,2.825382121352475,4.168596572487263,12.830013895321905,-12.783696155627602,True
PE,1087,1092,94.5,0.38402925937214266,2.7967917690862167,1091,1092,2,28.5,0.30158730158730157,24636.0,24607.5,1093,2024-10-22T12:50:00+05:30,24607.45,24658.606263,24704.26653,37.2315,2024-10-22T12:20:00+05:30,2024-10-22T12:45:00+05:30,2024-10-22T12:40:00+05:30,2024-10-22T12:45:00+05:30,0.0006095714915516123,-0.034542384521760686,-0.08676234229878424,0.012597810825577396,111.0,24600.0,2024-10-24,0.0,0.0,-6.846846846846842,3.4684684684684637,9.729729729729728,-11.576576576576572,True
PE,1087,1097,114.34999999999854,0.46442960652434667,3.5659344396326134,1096,1097,2,36.75,0.3213817227809398,24624.4,24587.65,1098,2024-10-22T13:15:00+05:30,24580.55,24637.449793,24686.403256,42.6821,2024-10-22T12:20:00+05:30,2024-10-22T13:10:00+05:30,2024-10-22T13:05:00+05:30,2024-10-22T13:10:00+05:30,0.022375414707970324,0.07953442864378248,0.13099788247212016,0.04108939791828166,121.9,24600.0,2024-10-24,0.0,0.0,-1.886792452830198,-5.291222313371618,8.982772764561107,-16.611977030352747,True
PE,1094,1106,31.549999999999272,0.12822154081244613,1.1212317329405577,1105,1106,2,19.94999999999709,0.6323296354991299,24619.6,24599.65,1107,2024-10-22T14:00:00+05:30,24589.9,24614.476897,24659.719972,43.9235,2024-10-22T12:55:00+05:30,2024-10-22T13:55:00+05:30,2024-10-22T13:50:00+05:30,2024-10-22T13:55:00+05:30,0.17344519497841723,0.003050032737018044,-0.0876376073103303,-0.46828169289017624,119.55,24600.0,2024-10-24,0.0,0.0,-1.9657047260560385,-6.106231702216643,3.3458803847762444,-23.37933918862401,True
PE,1094,1107,41.29999999999927,0.16795513605179066,1.4678738394777693,1106,1107,2,28.099999999998545,0.6803874092009453,24618.0,24589.9,1108,2024-10-22T14:05:00+05:30,24588.7,24612.021954,24656.934875,40.4315,2024-10-22T12:55:00+05:30,2024-10-22T14:00:00+05:30,2024-10-22T13:55:00+05:30,2024-10-22T14:00:00+05:30,0.007930472127443614,0.015250907937385871,-0.15738936991382516,-0.4233652043418407,117.2,24600.0,2024-10-24,0.0,0.0,-17.235494880546078,-3.0716723549488125,5.41808873720136,-21.84300341296929,True
PE,1110,1112,72.54999999999927,0.29516527017487887,2.476250606391255,1112,1113,2,31.94999999999709,0.440385940730495,24592.85,24560.9,1114,2024-10-22T14:35:00+05:30,24550.0,24598.25347,24641.357941,39.1048,2024-10-22T14:15:00+05:30,2024-10-22T14:25:00+05:30,2024-10-22T14:25:00+05:30,2024-10-22T14:30:00+05:30,0.030346232179229035,-0.10325865580447471,-0.2663951120162992,-0.38004073319755305,107.7,24550.0,2024-10-24,0.0,0.0,0.09285051067780345,12.859795728876502,14.484679665738156,-8.031569173630459,True
PE,1110,1116,90.90000000000146,0.3701524384657261,3.34090408907554,1115,1116,2,27.150000000001455,0.2986798679868099,24569.7,24542.55,1117,2024-10-22T14:50:00+05:30,24524.65,24584.339979,24630.486271,38.172,2024-10-22T14:15:00+05:30,2024-10-22T14:45:00+05:30,2024-10-22T14:40:00+05:30,2024-10-22T14:45:00+05:30,-0.20346875490578437,-0.16330508284523085,-0.16901362506702736,-0.4627996729820813,,,,,,,,,,False
PE,1110,1117,108.79999999999927,0.4436352812374459,3.923683349088747,1116,1117,2,38.19999999999709,0.3511029411764462,24562.85,24524.65,1118,2024-10-22T14:55:00+05:30,24516.7,24577.898077,24626.024065,32.4256,2024-10-22T14:15:00+05:30,2024-10-22T14:50:00+05:30,2024-10-22T14:45:00+05:30,2024-10-22T14:50:00+05:30,-0.13093116120849127,-0.2747107073953761,-0.142555890474659,-0.4443909661577648,,,,,,,,,,False
PE,1110,1118,125.0,0.5098565467620031,4.5994822381242475,1117,1118,2,50.70000000000073,0.40560000000000584,24559.15,24508.45,1119,2024-10-22T15:00:00+05:30,24474.75,24568.07445,24620.091748,31.1997,2024-10-22T14:15:00+05:30,2024-10-22T14:55:00+05:30,2024-10-22T14:50:00+05:30,2024-10-22T14:55:00+05:30,-0.10378042676636719,-0.02431076926220177,0.15199338093341394,0.08988855861653337,,,,,,,,,,False
PE,1110,1120,165.15000000000146,0.6745056076064199,5.882342046204522,1119,1120,2,51.900000000001455,0.31425976385105053,24520.2,24468.3,1121,2024-10-22T15:10:00+05:30,24449.35,24549.57455,24608.29096,28.8631,2024-10-22T14:15:00+05:30,2024-10-22T15:05:00+05:30,2024-10-22T15:00:00+05:30,2024-10-22T15:05:00+05:30,0.13844948843221674,0.13251886041960811,0.1691251505663839,0.21329810403958163,,,,,,,,,,False
PE,1115,1127,127.29999999999927,0.5197891444507478,3.1861248542466583,1127,1128,2,79.0,0.6205813040062879,24521.4,24442.4,1129,2024-10-23T09:35:00+05:30,24411.15,24504.782089,24570.54141,38.8276,2024-10-22T14:40:00+05:30,2024-10-23T09:25:00+05:30,2024-10-23T09:25:00+05:30,2024-10-23T09:30:00+05:30,0.3506594322676258,0.3959256323442272,0.44569796998502437,0.497723376407912,108.85,24400.0,2024-10-24,0.41341295360588226,0.41341295360588226,-38.86081763895269,-41.34129536058796,9.64630225080386,-49.47175011483693,True
PE,1116,1129,154.5,0.6329075033335176,3.6745499835715507,1128,1129,2,87.05000000000291,0.5634304207119929,24495.4,24408.35,1130,2024-10-23T09:40:00+05:30,24407.75,24495.540938,24564.157433,31.987,2024-10-22T14:45:00+05:30,2024-10-23T09:35:00+05:30,2024-10-23T09:30:00+05:30,2024-10-23T09:35:00+05:30,0.4099107865329629,0.38409931271829645,0.4447357908860885,0.3662771046081734,109.3,24400.0,2024-10-24,-37.14547118023787,-37.14547118023787,-36.18481244281793,-41.491308325709056,9.194876486733758,-49.67978042086001,True
PE,1200,1201,79.80000000000291,0.3266375367109193,2.779537048250879,1201,1202,2,62.85000000000218,0.7875939849624046,24463.7,24400.85,1203,2024-10-24T09:30:00+05:30,24395.65,24446.394294,24486.872475,28.7375,2024-10-24T09:15:00+05:30,2024-10-24T09:20:00+05:30,2024-10-24T09:20:00+05:30,2024-10-24T09:25:00+05:30,-0.13711460854701854,-0.16826770346353923,0.08608092016404563,0.15371592886436722,63.65,24400.0,2024-10-24,0.0,0.0,32.83582089552239,27.651217596229383,55.53809897879026,-21.052631578947366,True
PE,1200,1203,99.55000000000291,0.4080645524919521,3.3118228415973237,1202,1203,2,53.70000000000073,0.5394274234053155,24434.8,24381.1,1204,2024-10-24T09:35:00+05:30,24366.0,24438.737695,24482.132378,25.9441,2024-10-24T09:15:00+05:30,2024-10-24T09:30:00+05:30,2024-10-24T09:25:00+05:30,2024-10-24T09:30:00+05:30,-0.046786505786758,0.05602068456045906,0.318681769679067,0.26163506525486335,54.05,24350.0,2024-10-24,-6.197964847363542,-6.197964847363542,-37.94634597594819,-77.05827937095282,20.25901942645699,-79.92599444958371,True
PE,1277,1284,196.15000000000146,0.8086758988608923,6.137754427365863,1283,1288,6,52.25,0.2663777721131767,24296.35,24226.85,1289,2024-10-25T10:25:00+05:30,24214.5,24304.476899,24354.120884,27.2399,2024-10-25T09:25:00+05:30,2024-10-25T10:00:00+05:30,2024-10-25T09:55:00+05:30,2024-10-25T10:20:00+05:30,-0.02292015114910187,-0.11150343802267236,-0.24510107580168308,-0.27731318011935596,153.0,24200.0,2024-10-31,1.9934640522875893,1.9934640522875893,11.79738562091504,18.627450980392158,34.93464052287581,-13.725490196078432,True
PE,1277,1289,228.79999999999927,0.9448883933180502,7.159887356946961,1288,1291,4,57.25,0.2502185314685323,24268.7,24205.35,1292,2024-10-25T10:40:00+05:30,24187.5,24278.156447,24337.093468,22.2175,2024-10-25T09:25:00+05:30,2024-10-25T10:25:00+05:30,2024-10-25T10:20:00+05:30,2024-10-25T10:35:00+05:30,-0.25302325581395646,-0.1337467700258338,-0.07235142118863049,-0.15627906976743886,171.05,24200.0,2024-10-31,5.553931598947676,5.553931598947676,6.109324758842437,5.027769657994734,20.695703010815535,-8.710903244665305,True
PE,1277,1289,228.79999999999927,0.9448883933180502,7.159887356946961,1288,1292,5,57.25,0.2502185314685323,24268.7,24181.75,1293,2024-10-25T10:45:00+05:30,24162.3,24267.122499,24330.238822,19.7984,2024-10-25T09:25:00+05:30,2024-10-25T10:25:00+05:30,2024-10-25T10:20:00+05:30,2024-10-25T10:40:00+05:30,-0.029591553784191975,0.01034669712734301,0.14630229738063918,-0.06518419190226096,158.94,24150.0,2024-10-31,10.261733987668304,10.261733987668304,-3.9574682270038957,-8.26727066817666,14.508619604882348,-10.123316974959106,True
PE,1281,1293,215.5500000000029,0.8920922263195263,7.055965443151552,1292,1293,2,57.55000000000291,0.2669914173045796,24211.15,24153.6,1294,2024-10-25T10:50:00+05:30,24126.3,24253.710833,24322.241222,17.4013,2024-10-25T09:45:00+05:30,2024-10-25T10:45:00+05:30,2024-10-25T10:40:00+05:30,2024-10-25T10:45:00+05:30,0.1595768932658551,0.1046575728561777,0.25635924281801264,0.02051702913418439,175.25,24150.0,2024-10-31,-9.4151212553495,-9.4151212553495,-4.336661911554918,-16.062767475035667,3.851640513552068,-22.796005706134086,True
PE,1288,1299,116.40000000000146,0.4810384479484638,3.2914407948411433,1299,1300,2,61.45000000000073,0.5279209621993124,24213.75,24152.3,1301,2024-10-25T11:25:00+05:30,24147.35,24210.85423,24284.612127,38.2744,2024-10-25T10:20:00+05:30,2024-10-25T11:15:00+05:30,2024-10-25T11:15:00+05:30,2024-10-25T11:20:00+05:30,0.03416523966397969,0.009731916752779013,-0.008282482342782956,-0.10974289104187417,167.05,24150.0,2024-10-31,3.9209817419934048,3.9209817419934048,-5.9862316671655185,-5.178090392098177,7.063753367255302,-12.241843759353497,True
PE,1288,1301,122.40000000000146,0.5068879193783229,3.441634020349883,1300,1301,2,67.45000000000073,0.5510620915032673,24213.75,24146.3,1302,2024-10-25T11:30:00+05:30,24132.65,24203.406208,24278.652828,32.2617,2024-10-25T10:20:00+05:30,2024-10-25T11:25:00+05:30,2024-10-25T11:20:00+05:30,2024-10-25T11:25:00+05:30,0.07065117175278832,0.05759831597440735,0.09074842588774054,-0.009945032974005983,173.6,24150.0,2024-10-31,-8.669354838709669,-8.669354838709669,-7.632488479262673,-11.635944700460824,3.024193548387097,-13.594470046082947,True
PE,1300,1305,77.40000000000146,0.3205426862222614,2.3655806909201478,1304,1305,2,28.05000000000291,0.3624031007752246,24164.4,24136.35,1306,2024-10-25T11:50:00+05:30,24131.25,24184.075926,24258.946998,35.1868,2024-10-25T11:20:00+05:30,2024-10-25T11:45:00+05:30,2024-10-25T11:40:00+05:30,2024-10-25T11:45:00+05:30,0.09655529655529355,0.07562807562807562,-0.12349132349132048,-0.054908054908054914,166.4,24150.0,2024-10-31,-4.8076923076923075,-4.8076923076923075,-6.286057692307696,12.07932692307692,12.950721153846143,-10.64302884615385,True
PE,1300,1311,94.5,0.39154024474372756,3.2630256617804494,1310,1311,2,34.70000000000073,0.3671957671957749,24153.95,24119.25,1312,2024-10-25T12:20:00+05:30,24101.45,24161.845937,24232.787775,36.0416,2024-10-25T11:20:00+05:30,2024-10-25T12:15:00+05:30,2024-10-25T12:10:00+05:30,2024-10-25T12:15:00+05:30,0.11949488516250795,0.07426939043085713,0.06866806768887046,0.012447383871094892,163.0,24100.0,2024-10-31,-2.8527607361963225,-2.8527607361963225,-5.460122699386506,-2.8527607361963225,7.300613496932519,-14.785276073619627,True
PE,1309,1321,47.89999999999782,0.19850808122667973,1.81011527940217,1321,1322,2,18.849999999998545,0.3935281837160627,24134.55,24115.7,1323,2024-10-25T13:15:00+05:30,24113.75,24136.144939,24193.848944,42.1297,2024-10-25T12:05:00+05:30,2024-10-25T13:05:00+05:30,2024-10-25T13:05:00+05:30,2024-10-25T13:10:00+05:30,-0.007879321963616008,-0.027992328028614382,0.011818982945408925,-0.07547561038826697,154.35,24100.0,2024-10-31,3.1746031746031784,3.1746031746031784,4.8590864917395535,0.5442176870748322,10.463232912212508,-8.850016196954972,True
PE,1310,1323,41.0,0.17002747395158366,1.6302861681073955,1322,1323,2,19.599999999998545,0.4780487804877694,24132.55,24112.95,1324,2024-10-25T13:20:00+05:30,24104.45,24133.126374,24190.343103,38.9397,2024-10-25T12:10:00+05:30,2024-10-25T13:15:00+05:30,2024-10-25T13:10:00+05:30,2024-10-25T13:15:00+05:30,0.010578959486730759,-0.010786390064914083,0.06637778501480017,-0.0856688287847325,159.25,24100.0,2024-10-31,-0.43956043956043245,-0.43956043956043245,4.17582417582418,-3.924646781789639,7.064364207221351,-10.926216640502357,True
PE,1320,1329,25.200000000000728,0.1044923413748237,1.0281695611544128,1329,1330,2,18.700000000000728,0.7420634920634995,24134.2,24115.5,1331,2024-10-25T13:55:00+05:30,24108.75,24123.598073,24171.692611,45.2664,2024-10-25T13:00:00+05:30,2024-10-25T13:45:00+05:30,2024-10-25T13:45:00+05:30,2024-10-25T13:50:00+05:30,0.050604033805156746,-0.02965728210712482,-0.0939492922694103,0.1447607196557327,156.8,24100.0,2024-10-31,0.06377551020407801,0.06377551020407801,4.113520408163258,7.8125,15.625,-3.794642857142868,True
PE,1321,1334,36.04999999999927,0.14957513194144487,1.583504008417445,1333,1334,2,25.0,0.6934812760055619,24123.5,24098.5,1335,2024-10-25T14:15:00+05:30,24095.55,24117.721095,24162.011786,41.0924,2024-10-25T13:05:00+05:30,2024-10-25T14:10:00+05:30,2024-10-25T14:05:00+05:30,2024-10-25T14:10:00+05:30,-0.03921885991397054,-0.01058286696090885,0.10686620558567868,0.4673062038426273,166.25,24100.0,2024-10-31,4.511278195488721,4.511278195488721,-0.36090225563909434,-13.774436090225567,9.052631578947375,-14.736842105263156,True
PE,1329,1335,44.70000000000073,0.18551143260892874,1.9948514980330956,1334,1335,2,33.79999999999927,0.7561521252796135,24123.3,24089.5,1336,2024-10-25T14:20:00+05:30,24083.8,24114.490515,24158.944657,39.4906,2024-10-25T13:45:00+05:30,2024-10-25T14:15:00+05:30,2024-10-25T14:10:00+05:30,2024-10-25T14:15:00+05:30,0.03819995183484636,0.013702156636408178,0.2142519037693478,0.5694699341466108,173.75,24100.0,2024-10-31,-2.705035971223015,-2.705035971223015,-2.446043165467626,-18.76258992805755,4.345323741007201,-26.762589928057558,True
CE,1356,1362,228.09999999999854,0.9363076803090042,5.128401596158194,1361,1362,2,113.90000000000146,0.49934239368698896,24363.0,24249.1,1363,2024-10-28T10:20:00+05:30,24389.25,24242.155329,24200.714002,71.2934,2024-10-28T09:45:00+05:30,2024-10-28T10:15:00+05:30,2024-10-28T10:10:00+05:30,2024-10-28T10:15:00+05:30,-0.01537562655678219,0.11049950285474432,0.14104574761422123,0.05904240597804958,122.0,24400.0,2024-10-31,-5.163934426229506,-5.163934426229506,9.713114754098356,9.344262295081972,18.0327868852459,-11.721311475409832,True
CE,1356,1363,258.8999999999978,1.0615332574802334,5.9282509896446305,1362,1365,4,101.39999999999782,0.39165701042873186,24398.45,24292.4,1366,2024-10-28T10:35:00+05:30,24416.2,24281.59148,24222.506554,71.621,2024-10-28T09:45:00+05:30,2024-10-28T10:20:00+05:30,2024-10-28T10:15:00+05:30,2024-10-28T10:30:00+05:30,0.07679327659504755,0.030512528567101873,-0.17611258099130905,-0.014129962893491728,133.85,24400.0,2024-10-31,0.6275681733283552,0.6275681733283552,-0.33619723571160903,-21.927530818079937,7.5831154277175985,-25.252147926783714,True
CE,1356,1363,258.8999999999978,1.0615332574802334,5.9282509896446305,1362,1367,6,101.39999999999782,0.39165701042873186,24428.65,24292.4,1368,2024-10-28T10:45:00+05:30,24434.95,24308.067402,24238.254301,74.3224,2024-10-28T09:45:00+05:30,2024-10-28T10:20:00+05:30,2024-10-28T10:15:00+05:30,2024-10-28T10:40:00+05:30,-0.13607558026515298,-0.2257013008007033,-0.14139582851611837,-0.027215116053036552,110.2,24450.0,2024-10-31,-3.039927404718701,-3.039927404718701,-20.41742286751361,-16.33393829401089,5.217785843920145,-31.57894736842105,True
CE,1373,1377,62.39999999999782,0.2557005025908026,1.959415481241166,1377,1378,2,24.349999999998545,0.3902243589743493,24418.8,24394.45,1379,2024-10-28T11:40:00+05:30,24427.85,24372.82377,24297.14005,66.5919,2024-10-28T11:10:00+05:30,2024-10-28T11:30:00+05:30,2024-10-28T11:30:00+05:30,2024-10-28T11:35:00+05:30,-0.030702661101979917,-0.03786661535910856,0.21553268093590494,0.09804383111899216,102.85,24450.0,2024-10-31,2.916869227029655,2.916869227029655,-5.104521147301896,30.432668935342743,35.14827418570734,-11.08410306271268,True
CE,1373,1382,65.44999999999709,0.2680333843872994,2.500182404445744,1382,1383,2,19.149999999997817,0.29258976317797813,24421.85,24402.7,1384,2024-10-28T12:05:00+05:30,24435.0,24393.336542,24320.268809,65.9933,2024-10-28T11:10:00+05:30,2024-10-28T11:55:00+05:30,2024-10-28T11:55:00+05:30,2024-10-28T12:00:00+05:30,0.10517700020462749,0.11663597298956416,0.18395743810108747,-0.04378964599959373,107.5,24450.0,2024-10-31,24.79069767441861,24.79069767441861,12.511627906976747,22.55813953488372,37.67441860465116,-7.627906976744189,True
CE,1373,1384,81.75,0.334561080417434,3.249971465846855,1383,1384,2,35.45000000000073,0.43363914373089574,24438.15,24402.7,1385,2024-10-28T12:10:00+05:30,24480.5,24401.637824,24326.552385,68.7108,2024-10-28T11:10:00+05:30,2024-10-28T12:05:00+05:30,2024-10-28T12:00:00+05:30,2024-10-28T12:05:00+05:30,-0.06944302608198362,-0.00551459324768099,-0.11723616756194002,-0.2408039051489991,,,,,,,,,,False
CE,1375,1388,90.0,0.3676598247896679,3.460009403536668,1387,1388,2,26.400000000001455,0.2933333333333495,24479.75,24453.35,1389,2024-10-28T12:30:00+05:30,24488.7,24425.597408,24348.283938,71.3429,2024-10-28T11:20:00+05:30,2024-10-28T12:25:00+05:30,2024-10-28T12:20:00+05:30,2024-10-28T12:25:00+05:30,-0.15068174300800555,-0.2574656882562132,-0.317901726102252,-0.21908063719185358,,,,,,,,,,False
CE,1393,1397,47.29999999999927,0.1936814002387206,1.8238636635305185,1397,1398,2,26.25,0.5549682875264356,24443.3,24417.05,1399,2024-10-28T13:20:00+05:30,24455.05,24430.088595,24376.361323,52.6031,2024-10-28T12:50:00+05:30,2024-10-28T13:10:00+05:30,2024-10-28T13:10:00+05:30,2024-10-28T13:15:00+05:30,-0.08178269927888104,-0.17583280344959426,-0.20527457518999442,-0.3007558765980821,124.4,24450.0,2024-10-31,-12.258842443729904,-12.258842443729904,-22.30707395498392,-24.55787781350483,3.4485530546623724,-26.04501607717042,True
PE,1417,1430,203.25,0.8392448654317828,5.542036228911155,1429,1430,2,52.20000000000073,0.25682656826568623,24258.95,24206.75,1431,2024-10-29T09:45:00+05:30,24197.9,24306.975369,24345.503012,26.8555,2024-10-28T14:50:00+05:30,2024-10-29T09:40:00+05:30,2024-10-29T09:35:00+05:30,2024-10-29T09:40:00+05:30,0.0605424437657723,0.04814467371134609,0.029548018629706782,-0.17232900375652732,116.55,24200.0,2024-10-31,0.0,0.0,-3.6465036465036467,-7.593307593307588,7.1214071214071195,-20.97812097812098,True
PE,1417,1430,203.25,0.8392448654317828,5.542036228911155,1429,1434,6,52.20000000000073,0.25682656826568623,24258.95,24189.9,1435,2024-10-29T10:05:00+05:30,24173.9,24271.373246,24323.961787,28.7504,2024-10-28T14:50:00+05:30,2024-10-29T09:40:00+05:30,2024-10-29T09:35:00+05:30,2024-10-29T10:00:00+05:30,0.1288579831967445,0.20497313217974455,0.03971225164329523,0.05770686566916008,103.3,24150.0,2024-10-31,0.0,0.0,-21.10358180058083,-13.455953533397864,9.390125847047438,-23.039690222652467,True
PE,1427,1438,108.20000000000073,0.44667460663118064,2.8793763260233383,1438,1439,2,40.04999999999927,0.37014787430683,24242.5,24202.45,1440,2024-10-29T10:30:00+05:30,24177.05,24246.840356,24303.312642,39.6053,2024-10-29T09:25:00+05:30,2024-10-29T10:20:00+05:30,2024-10-29T10:20:00+05:30,2024-10-29T10:25:00+05:30,-0.02647138505317157,-0.0862388091185589,0.011788038656503514,0.017371846441152777,118.55,24200.0,2024-10-31,0.0,0.0,-1.6026992830029452,10.662167861661747,22.14255588359343,-22.943905525094898,True
PE,1428,1441,113.34999999999854,0.4687080033907356,3.1010720215837497,1440,1441,2,49.150000000001455,0.433612704014134,24222.9,24173.75,1442,2024-10-29T10:40:00+05:30,24170.65,24234.126232,24293.595907,34.9252,2024-10-29T09:30:00+05:30,2024-10-29T10:35:00+05:30,2024-10-29T10:30:00+05:30,2024-10-29T10:35:00+05:30,0.05254306359157527,0.1468723431103425,0.08895085568654545,0.28567705047236736,103.7,24150.0,2024-10-31,0.0,0.0,4.24300867888138,-9.209257473481193,16.682738669238184,-10.993249758919967,True
PE,1429,1442,88.79999999999927,0.36738772023093824,2.5238827377931483,1441,1442,2,26.299999999999272,0.2961711711711654,24196.45,24170.15,1443,2024-10-29T10:45:00+05:30,24156.2,24226.704686,24288.207832,33.2593,2024-10-29T09:35:00+05:30,2024-10-29T10:40:00+05:30,2024-10-29T10:35:00+05:30,2024-10-29T10:40:00+05:30,0.20677921196214938,0.09811145792798838,0.0929368029739807,0.3305569584620037,108.1,24150.0,2024-10-31,0.0,0.0,-12.90471785383903,-23.681776133209986,11.933395004625352,-24.56059204440333,True
CE,1477,1487,163.40000000000146,0.66919217774138,5.818914249003999,1487,1488,2,42.849999999998545,0.26223990208077214,24432.5,24389.65,1489,2024-10-29T14:35:00+05:30,24436.55,24362.100415,24319.827739,63.8135,2024-10-29T13:35:00+05:30,2024-10-29T14:25:00+05:30,2024-10-29T14:25:00+05:30,2024-10-29T14:30:00+05:30,0.05401744517945752,0.06322496424413727,0.16389383935129662,-0.20215619635340432,97.8,24450.0,2024-10-31,0.0,0.0,-5.061349693251537,0.6646216768916213,5.265848670756652,-18.20040899795501,True
CE,1477,1490,175.5500000000029,0.7184646016522145,6.248513731122375,1489,1490,2,45.30000000000291,0.2580461407006674,24444.65,24399.35,1491,2024-10-29T14:45:00+05:30,24449.75,24376.647732,24329.226375,68.1775,2024-10-29T13:35:00+05:30,2024-10-29T14:40:00+05:30,2024-10-29T14:35:00+05:30,2024-10-29T14:40:00+05:30,-0.01922310044070278,0.026380637838835683,0.06032781521283449,-0.35092383357702744,100.65,24450.0,2024-10-31,0.0,0.0,-2.185792349726779,2.2851465474416264,4.2722305017386955,-11.972180824639851,True
CE,1477,1490,175.5500000000029,0.7184646016522145,6.248513731122375,1489,1494,6,45.30000000000291,0.2580461407006674,24465.2,24399.35,1495,2024-10-29T15:05:00+05:30,24476.6,24403.669654,24348.252811,69.9549,2024-10-29T13:35:00+05:30,2024-10-29T14:40:00+05:30,2024-10-29T14:35:00+05:30,2024-10-29T15:00:00+05:30,-0.049434970543288465,-0.03105006414288972,-0.3654510838923588,-0.24513208533864997,,,,,,,,,,False
PE,1575,1578,127.15000000000146,0.5242012784492113,4.886953785867231,1577,1578,2,49.25,0.38733779001179264,24294.55,24245.3,1579,2024-10-31T09:35:00+05:30,24241.0,24323.882232,24360.565902,21.6826,2024-10-31T09:15:00+05:30,2024-10-31T09:30:00+05:30,2024-10-31T09:25:00+05:30,2024-10-31T09:30:00+05:30,0.21575017532279722,0.20151808918773378,0.15882183078255846,0.10601872860030827,50.5,24250.0,2024-10-31,0.0,0.0,-28.31683168316831,-55.64356435643565,16.435643564356432,-59.900990099009896,True
PE,1575,1585,96.15000000000146,0.39601309746906427,3.741416921088262,1584,1585,2,28.350000000002183,0.29485179407178114,24304.65,24276.3,1586,2024-10-31T10:10:00+05:30,24274.05,24303.545285,24341.754762,37.6963,2024-10-31T09:15:00+05:30,2024-10-31T10:05:00+05:30,2024-10-31T10:00:00+05:30,2024-10-31T10:05:00+05:30,-0.04160821947717231,-0.04510990131436958,-0.08136260739349223,-0.08610017693791443,25.1,24250.0,2024-10-31,0.0,0.0,39.043824701195206,0.7968127490039812,43.42629482071712,-17.92828685258964,True
PE,1575,1585,96.15000000000146,0.39601309746906427,3.741416921088262,1584,1586,3,28.350000000002183,0.29485179407178114,24304.65,24267.6,1587,2024-10-31T10:15:00+05:30,24253.25,24298.755258,24338.283987,36.4339,2024-10-31T09:15:00+05:30,2024-10-31T10:05:00+05:30,2024-10-31T10:00:00+05:30,2024-10-31T10:10:00+05:30,0.04061311370640448,0.024945110449112066,-0.07029985672023037,-0.030305216826604867,34.9,24250.0,2024-10-31,0.0,0.0,-27.50716332378223,-30.802292263610315,3.151862464183385,-40.54441260744986,True
PE,1584,1590,48.45000000000073,0.19971722184894342,2.1030155550229486,1590,1591,2,16.299999999999272,0.3364293085655114,24272.5,24256.2,1592,2024-10-31T10:40:00+05:30,24254.3,24283.947086,24324.335186,38.4352,2024-10-31T10:00:00+05:30,2024-10-31T10:30:00+05:30,2024-10-31T10:30:00+05:30,2024-10-31T10:35:00+05:30,-0.06370004494048778,0.006184470382571338,-0.004741427293295693,-0.03318999105312985,26.55,24250.0,2024-10-31,0.0,0.0,28.06026365348399,33.709981167608284,37.09981167608286,-23.352165725047076,True
PE,1584,1592,50.35000000000218,0.20759205584165358,2.2794485282867196,1591,1592,2,18.200000000000728,0.36146971201588757,24272.5,24254.3,1593,2024-10-31T10:45:00+05:30,24236.2,24279.399744,24320.878904,35.2551,2024-10-31T10:00:00+05:30,2024-10-31T10:40:00+05:30,2024-10-31T10:35:00+05:30,2024-10-31T10:40:00+05:30,0.08087076356854021,0.12295656909911319,0.0400227758477019,0.020836599796994877,34.0,24250.0,2024-10-31,0.0,0.0,4.411764705882353,-13.970588235294118,7.05882352941176,-28.97058823529412,True
PE,1585,1598,44.44999999999709,0.18327516219541415,2.191876309732246,1597,1598,2,21.549999999999272,0.48481439820024036,24269.45,24247.9,1599,2024-10-31T11:15:00+05:30,24245.9,24266.979661,24306.15806,40.4387,2024-10-31T10:05:00+05:30,2024-10-31T11:10:00+05:30,2024-10-31T11:05:00+05:30,2024-10-31T11:10:00+05:30,0.019797161581955183,-0.010723462523569687,-0.019178500282527995,-0.07217715160088921,32.54,24250.0,2024-10-31,0.0,0.0,-25.93730792870313,-24.247080516287646,5.101413644744941,-32.08358942839581,True
PE,1589,1600,28.05000000000291,0.11562290034172816,1.4212542312716014,1600,1601,2,17.700000000000728,0.6310160427807091,24264.05,24246.35,1602,2024-10-31T11:30:00+05:30,24243.3,24262.769733,24299.928946,41.4557,2024-10-31T10:25:00+05:30,2024-10-31T11:20:00+05:30,2024-10-31T11:20:00+05:30,2024-10-31T11:25:00+05:30,0.012168310419789087,-0.008455944529000888,-0.012580795518758885,-0.0839407176415692,28.55,24250.0,2024-10-31,0.0,0.0,11.558669001751316,-2.451838879159367,21.19089316987741,-15.761821366024517,True
PE,1652,1663,287.34999999999854,1.193073654185094,8.051650490279206,1662,1667,6,235.84999999999854,0.8207760570732547,24316.75,24056.15,1668,2024-11-04T09:45:00+05:30,24025.9,24176.174753,24214.254683,25.1911,2024-11-01T18:10:00+05:30,2024-11-04T09:20:00+05:30,2024-11-04T09:15:00+05:30,2024-11-04T09:40:00+05:30,0.1583707582234142,-0.06742723477580746,-0.17189782692845182,-0.41954723860501747,226.15,24050.0,2024-11-07,-0.33163829316825116,-0.33163829316825116,2.7415432235242045,12.845456555383587,21.95445500773823,-12.712801238116295,True
PE,1652,1663,287.34999999999854,1.193073654185094,8.051650490279206,1662,1670,9,235.84999999999854,0.8207760570732547,24316.75,24017.35,1671,2024-11-04T10:00:00+05:30,24009.7,24138.98101,24193.773011,31.296,2024-11-01T18:10:00+05:30,2024-11-04T09:20:00+05:30,2024-11-04T09:15:00+05:30,2024-11-04T09:55:00+05:30,-0.1557703761396496,-0.10454108131297843,-0.30529327730042133,-0.6407826836653611,207.55,24000.0,2024-11-07,5.034931341845333,5.034931341845333,10.744398940014445,26.061190074680784,27.62707781257527,-14.141170802216344,True
PE,1652,1663,287.34999999999854,1.193073654185094,8.051650490279206,1662,1671,10,235.84999999999854,0.8207760570732547,24316.75,24008.35,1672,2024-11-04T10:05:00+05:30,23991.4,24124.925675,24185.836815,26.3294,2024-11-01T18:10:00+05:30,2024-11-04T09:20:00+05:30,2024-11-04T09:15:00+05:30,2024-11-04T10:00:00+05:30,-0.028343489750506056,-0.06564852405445284,-0.30135798661188135,-0.5856265161682936,218.0,24000.0,2024-11-07,6.651376146788992,6.651376146788992,8.738532110091748,22.477064220183486,25.29357798165137,-4.541284403669727,True
PE,1662,1672,333.9500000000007,1.3919571179672745,8.685359804586575,1671,1672,2,90.45000000000073,0.27084892948046274,24073.25,23982.8,1673,2024-11-04T10:10:00+05:30,23972.3,24110.389897,24177.462822,24.8943,2024-11-04T09:15:00+05:30,2024-11-04T10:05:00+05:30,2024-11-04T10:00:00+05:30,2024-11-04T10:05:00+05:30,0.013974462191788785,-0.15830771348598477,-0.2002311000613208,-0.5216437304722504,209.7,23950.0,2024-11-07,-1.4306151645207439,-1.4306151645207439,12.39866475917978,13.56700047687173,18.979494515975208,-8.440629470672384,True
PE,1662,1672,333.9500000000007,1.3919571179672745,8.685359804586575,1671,1675,5,90.45000000000073,0.27084892948046274,24073.25,23948.95,1676,2024-11-04T10:25:00+05:30,23934.35,24072.207202,24153.343436,25.6305,2024-11-04T09:15:00+05:30,2024-11-04T10:05:00+05:30,2024-11-04T10:00:00+05:30,2024-11-04T10:20:00+05:30,-0.06371595635561442,-0.04198985976222155,-0.20786025106175854,-0.2753364933662198,235.7,23950.0,2024-11-07,0.40305473058974,0.40305473058974,1.0394569367840547,12.278319898175646,13.937208315655505,-9.397539244802706,True
PE,1663,1676,203.04999999999927,0.8483622910168828,5.325375736664937,1675,1677,3,52.849999999998545,0.2602807190347143,23984.8,23928.25,1678,2024-11-04T10:35:00+05:30,23919.1,24045.923356,24135.983464,22.8982,2024-11-04T09:20:00+05:30,2024-11-04T10:25:00+05:30,2024-11-04T10:20:00+05:30,2024-11-04T10:30:00+05:30,0.025084555857034757,-0.020694758582041506,-0.2851277849082829,-0.21071026919908284,215.9,23900.0,2024-11-07,-0.8105604446503011,-0.8105604446503011,1.5516442797591452,21.352477999073642,29.68967114404817,-5.650764242704963,True
PE,1663,1676,203.04999999999927,0.8483622910168828,5.325375736664937,1675,1681,7,52.849999999998545,0.2602807190347143,23984.8,23907.15,1682,2024-11-04T10:55:00+05:30,23884.6,24001.206175,24102.770568,22.2539,2024-11-04T09:20:00+05:30,2024-11-04T10:25:00+05:30,2024-11-04T10:20:00+05:30,2024-11-04T10:50:00+05:30,-0.141095098934029,-0.15637691232006626,-0.06761679073544383,0.011932374835677311,239.35,23900.0,2024-11-07,8.919991644035928,8.919991644035928,11.573010236055993,2.799247963233765,19.072487988301653,-8.251514518487571,True
PE,1663,1676,203.04999999999927,0.8483622910168828,5.325375736664937,1675,1682,8,52.849999999998545,0.2602807190347143,23984.8,23881.7,1683,2024-11-04T11:00:00+05:30,23855.85,23987.36273,24093.087408,19.7934,2024-11-04T09:20:00+05:30,2024-11-04T10:25:00+05:30,2024-11-04T10:20:00+05:30,2024-11-04T10:55:00+05:30,-0.0360498577916886,-0.08299850979948009,0.02410310259328425,0.37978105999158357,234.8,23850.0,2024-11-07,0.14906303236797033,0.14906303236797033,3.3006814310051107,-5.281090289608179,9.923339011925048,-15.012776831345825,True
PE,1695,1697,33.75,0.14107379099761114,1.1091775817956846,1697,1698,2,23.049999999999272,0.6829629629629415,23940.3,23917.25,1699,2024-11-04T12:20:00+05:30,23887.65,23910.670422,23994.67393,46.6875,2024-11-04T12:00:00+05:30,2024-11-04T12:10:00+05:30,2024-11-04T12:10:00+05:30,2024-11-04T12:15:00+05:30,-0.00753527450378296,-0.02176857078867418,-0.0952374972004362,-0.06258464101743255,226.25,23900.0,2024-11-07,0.6629834254143646,0.6629834254143646,2.961325966850824,8.44198895027624,9.502762430939226,-5.613259668508283,True
PE,1695,1703,77.5,0.324457162234861,2.890074038849009,1702,1703,2,27.549999999999272,0.35548387096773254,23901.05,23873.5,1704,2024-11-04T12:45:00+05:30,23867.45,23898.885087,23974.101324,40.7247,2024-11-04T12:00:00+05:30,2024-11-04T12:40:00+05:30,2024-11-04T12:35:00+05:30,2024-11-04T12:40:00+05:30,-0.03959367255404632,0.12171388229575959,0.03561335626554157,0.11752407567628412,216.45,23850.0,2024-11-07,2.055902055902064,2.055902055902064,-7.599907599907595,-4.088704088704087,3.9270039270039274,-13.559713559713558,True
PE,1695,1705,92.29999999999927,0.38676047249307255,3.5669451846703466,1704,1705,2,31.149999999997817,0.33748645720474607,23889.85,23858.7,1706,2024-11-04T12:55:00+05:30,23858.0,23892.062849,23965.433864,36.2268,2024-11-04T12:00:00+05:30,2024-11-04T12:50:00+05:30,2024-11-04T12:45:00+05:30,2024-11-04T12:50:00+05:30,0.1657724872160251,0.19993293654120514,0.05050716740715597,0.23681783888004024,223.65,23850.0,2024-11-07,-10.574558461882408,-10.574558461882408,-13.302034428794993,-7.891795215738879,0.5812653699977567,-16.342499441090997,True
PE,1696,1709,70.75,0.29595452130663397,2.667952714148834,1708,1709,2,37.150000000001455,0.5250883392226354,23917.25,23880.1,1710,2024-11-04T13:15:00+05:30,23875.95,23892.444142,23954.819074,50.0117,2024-11-04T12:05:00+05:30,2024-11-04T13:10:00+05:30,2024-11-04T13:05:00+05:30,2024-11-04T13:10:00+05:30,-0.024711058617568955,0.028061710633506633,0.08188155863954846,0.20501802022537627,231.65,23900.0,2024-11-07,-0.7122814590977793,-0.7122814590977793,-2.9138786963090872,-5.763004532700192,1.4461472048348778,-9.77768184761494,True
PE,1698,1710,65.75,0.2753817125601285,2.3810755950398446,1709,1710,2,42.70000000000073,0.6494296577946879,23917.25,23874.55,1711,2024-11-04T13:20:00+05:30,23872.7,23890.563747,23951.598718,42.5002,2024-11-04T12:15:00+05:30,2024-11-04T13:15:00+05:30,2024-11-04T13:10:00+05:30,2024-11-04T13:15:00+05:30,0.041679407859189485,0.037281078386599824,0.10974879255384068,0.257197552015473,205.5,23850.0,2024-11-07,0.24330900243309003,0.24330900243309003,-0.7299270072992701,-5.401459854014596,2.068126520681265,-13.990267639902676,True
PE,1698,1711,69.39999999999782,0.29070863371130123,2.625758410022233,1710,1711,2,45.5,0.6556195965418073,23916.4,23870.9,1712,2024-11-04T13:25:00+05:30,23870.05,23888.610057,23948.400729,41.7622,2024-11-04T12:15:00+05:30,2024-11-04T13:20:00+05:30,2024-11-04T13:15:00+05:30,2024-11-04T13:20:00+05:30,0.04838699541894245,0.05131954059585128,0.18621661873352058,0.27691605170496997,206.0,23850.0,2024-11-07,-2.500000000000003,-2.500000000000003,-1.8689320388349486,-11.286407766990292,1.0194174757281527,-14.199029126213592,True
CE,1784,1791,205.75,0.8542111676433529,5.518289408062549,1790,1793,4,53.0,0.25759416767922233,24131.9,24046.25,1794,2024-11-05T14:00:00+05:30,24165.5,24017.105036,23974.13006,74.0451,2024-11-05T13:10:00+05:30,2024-11-05T13:45:00+05:30,2024-11-05T13:40:00+05:30,2024-11-05T13:55:00+05:30,-0.005793383128846724,0.077796859158715,0.13366162504396464,0.21538970846868166,172.25,24150.0,2024-11-07,-4.78955007256894,-4.78955007256894,-0.8998548621190197,3.1059506531204613,7.634252539912921,-15.732946298984032,True
CE,1784,1791,205.75,0.8542111676433529,5.518289408062549,1790,1796,7,53.0,0.25759416767922233,24171.2,24046.25,1797,2024-11-05T14:15:00+05:30,24184.3,24056.487954,23996.097119,75.5212,2024-11-05T13:10:00+05:30,2024-11-05T13:45:00+05:30,2024-11-05T13:40:00+05:30,2024-11-05T14:10:00+05:30,0.03638724296340714,0.05582133863704966,0.022121789756173148,0.0926220729977773,145.55,24200.0,2024-11-07,-3.5726554448643193,-3.5726554448643193,4.046719340432832,-0.1717622810030917,13.019580900034345,-7.420130539333569,True
CE,1784,1791,205.75,0.8542111676433529,5.518289408062549,1790,1798,9,53.0,0.25759416767922233,24191.3,24046.25,1799,2024-11-05T14:25:00+05:30,24193.1,24079.943201,24010.665122,75.3839,2024-11-05T13:10:00+05:30,2024-11-05T13:45:00+05:30,2024-11-05T13:40:00+05:30,2024-11-05T14:20:00+05:30,0.029967222059182168,0.03802737144062038,-0.015500287271990773,0.02087372019295961,150.15,24200.0,2024-11-07,0.8591408591408538,0.8591408591408538,-0.19980019980020736,-5.161505161505161,9.557109557109552,-7.992007992007992,True
CE,1801,1812,142.70000000000073,0.588140741626107,4.297869783581045,1812,1813,2,110.75,0.7761037140854901,24314.8,24204.05,1814,2024-11-06T09:25:00+05:30,24343.85,24199.653167,24107.725338,75.5819,2024-11-05T14:35:00+05:30,2024-11-06T09:15:00+05:30,2024-11-06T09:15:00+05:30,2024-11-06T09:20:00+05:30,-0.029165477112283164,0.010474924878369323,0.04908837344956006,-0.07825385056184322,108.7,24350.0,2024-11-07,-7.313707451701934,-7.313707451701934,-1.8859245630174766,1.6559337626494914,19.595216191352343,-22.95308187672493,True
CE,1804,1817,172.04999999999927,0.706675319554428,4.435367416117852,1816,1817,2,57.599999999998545,0.3347863993025213,24352.75,24295.15,1818,2024-11-06T09:45:00+05:30,24384.85,24249.564338,24143.482107,78.8822,2024-11-05T14:50:00+05:30,2024-11-06T09:40:00+05:30,2024-11-06T09:35:00+05:30,2024-11-06T09:40:00+05:30,-0.11913134589714217,0.06704982806948652,-0.03957375173518729,-0.3282775985909254,92.65,24400.0,2024-11-07,-6.152185644900165,-6.152185644900165,13.707501349163506,4.695089044792223,25.04047490555854,-12.034538586076637,True
CE,1811,1819,207.65000000000146,0.8524307515471277,5.250627641544278,1819,1820,2,53.29999999999927,0.2566819166867272,24396.95,24343.65,1821,2024-11-06T10:00:00+05:30,24401.2,24281.750145,24169.417318,73.5399,2024-11-05T15:25:00+05:30,2024-11-06T09:50:00+05:30,2024-11-06T09:50:00+05:30,2024-11-06T09:55:00+05:30,-0.0899545923970982,-0.10655213678015835,-0.36145763323115554,-0.1979410848646758,105.35,24400.0,2024-11-07,3.0374940673944026,3.0374940673944026,-7.925961082107256,-37.20930232558139,9.966777408637874,-49.691504508780255,True
CE,1811,1821,215.20000000000073,0.8819238398111597,5.4993847691063555,1820,1821,2,60.849999999998545,0.28276022304831944,24404.5,24343.65,1822,2024-11-06T10:05:00+05:30,24404.9,24293.478703,24178.651933,77.5788,2024-11-05T15:25:00+05:30,2024-11-06T10:00:00+05:30,2024-11-06T09:55:00+05:30,2024-11-06T10:00:00+05:30,-0.12169687234940822,-0.15816495867634034,-0.31120799511573793,-0.1987305827927998,108.55,24400.0,2024-11-07,-8.889912482726846,-8.889912482726846,-18.332565637954854,-30.631045601105484,6.725011515430674,-51.17457392906495,True
CE,1827,1829,49.0,0.20165065464444668,1.381112302751091,1829,1830,2,35.099999999998545,0.7163265306122152,24330.25,24295.15,1831,2024-11-06T10:50:00+05:30,24347.4,24316.946423,24226.130275,52.57,2024-11-06T10:30:00+05:30,2024-11-06T10:40:00+05:30,2024-11-06T10:40:00+05:30,2024-11-06T10:45:00+05:30,0.022589681033703804,0.03696493260060622,0.07701027625126297,0.3199520277319049,105.4,24350.0,2024-11-07,-0.7115749525616698,-0.7115749525616698,-4.316888045540807,-2.2770398481973486,8.159392789373808,-23.244781783681212,True
CE,1827,1833,100.04999999999927,0.4108340279802375,2.789273910601033,1833,1838,6,31.75,0.31734132933533465,24381.3,24349.55,1839,2024-11-06T11:30:00+05:30,24389.15,24343.875304,24264.1035,59.5324,2024-11-06T10:30:00+05:30,2024-11-06T11:00:00+05:30,2024-11-06T11:00:00+05:30,2024-11-06T11:25:00+05:30,0.010660478122437825,0.016605744767649845,0.20746930499832317,0.18860845908939014,92.95,24400.0,2024-11-07,-5.594405594405597,-5.594405594405597,-2.2592791823561145,24.045185583647115,34.158149542764924,-16.352877891339432,True
CE,1827,1840,111.90000000000146,0.45894982927805206,3.983674127339566,1839,1841,3,31.850000000002183,0.28462913315461813,24393.15,24361.3,1842,2024-11-06T11:45:00+05:30,24393.2,24355.650914,24278.234383,63.8324,2024-11-06T10:30:00+05:30,2024-11-06T11:35:00+05:30,2024-11-06T11:30:00+05:30,2024-11-06T11:40:00+05:30,0.1750487840873716,0.19083187117721032,0.09121394486988177,0.10802190774477537,90.85,24400.0,2024-11-07,24.105668684645025,24.105668684645025,26.912493120528346,5.72372041827188,37.259218492019826,-4.788112272977429,True
CE,1827,1840,111.90000000000146,0.45894982927805206,3.983674127339566,1839,1842,4,31.850000000002183,0.28462913315461813,24401.3,24361.3,1843,2024-11-06T11:50:00+05:30,24425.3,24362.28416,24284.001662,64.0876,2024-11-06T10:30:00+05:30,2024-11-06T11:35:00+05:30,2024-11-06T11:30:00+05:30,2024-11-06T11:45:00+05:30,0.059159969376018834,0.023541164284573785,-0.06100232136349531,-0.05035762099134616,88.8,24450.0,2024-11-07,5.912162162162162,5.912162162162162,-2.027027027027024,-22.972972972972965,11.48648648648649,-29.054054054054053,True
CE,1830,1843,132.45000000000073,0.5422656016507503,4.905134803992396,1842,1843,2,42.29999999999927,0.3193657984144888,24428.55,24386.25,1844,2024-11-06T11:55:00+05:30,24435.9,24369.295192,24289.95846,69.2599,2024-11-06T10:45:00+05:30,2024-11-06T11:50:00+05:30,2024-11-06T11:45:00+05:30,2024-11-06T11:50:00+05:30,-0.01984784681555491,-0.05176809530240938,-0.03846799176621878,-0.018620144950678756,94.05,24450.0,2024-11-07,-3.827751196172243,-3.827751196172243,-15.41733120680489,-17.650186071238696,5.263157894736845,-33.014354066985646,True
CE,1837,1850,78.19999999999709,0.3201441057867361,3.3286167996735867,1849,1850,2,33.0,0.42199488491050163,24432.1,24399.1,1851,2024-11-06T12:30:00+05:30,24435.15,24397.646239,24323.126247,64.4033,2024-11-06T11:20:00+05:30,2024-11-06T12:25:00+05:30,2024-11-06T12:20:00+05:30,2024-11-06T12:25:00+05:30,-0.05361129356685832,-0.06384245646129523,-0.03192122823065506,0.13423285717500924,83.8,24450.0,2024-11-07,3.102625298329366,3.102625298329366,-4.5346062052505935,-0.9546539379474906,6.563245823389022,-14.677804295942718,True
CE,1838,1851,76.65000000000146,0.31368745434344153,3.3433850069880218,1850,1851,2,28.25,0.3685583822570054,24437.0,24408.75,1852,2024-11-06T12:35:00+05:30,24440.65,24401.741835,24327.735021,66.1334,2024-11-06T11:25:00+05:30,2024-11-06T12:30:00+05:30,2024-11-06T12:25:00+05:30,2024-11-06T12:30:00+05:30,-0.08633158283434435,-0.11313119741087677,-0.02434468805044353,0.1552741027754871,86.4,24450.0,2024-11-07,-10.590277777777784,-10.590277777777784,-12.222222222222225,-1.736111111111111,4.803240740740731,-17.245370370370374,True
CE,1842,1854,38.599999999998545,0.1580700709062966,1.7936392904027725,1854,1855,2,19.399999999997817,0.5025906735750919,24424.85,24405.45,1856,2024-11-06T12:55:00+05:30,24431.35,24408.352566,24341.615013,56.8643,2024-11-06T11:45:00+05:30,2024-11-06T12:45:00+05:30,2024-11-06T12:45:00+05:30,2024-11-06T12:50:00+05:30,0.013711890665076562,0.10601133379858853,0.09270875330262739,0.23330679639070295,83.35,24450.0,2024-11-07,-0.41991601679663393,-0.41991601679663393,7.498500299940012,6.41871625674866,19.376124775045,-9.958008398320334,True
CE,1849,1858,42.30000000000291,0.1731144642659943,2.051659824324707,1857,1858,2,22.0,0.5200945626477184,24441.4,24419.4,1859,2024-11-06T13:10:00+05:30,24457.25,24416.76083,24352.760586,61.9081,2024-11-06T12:20:00+05:30,2024-11-06T13:05:00+05:30,2024-11-06T13:00:00+05:30,2024-11-06T13:05:00+05:30,-0.024941479520381664,-0.01328849318709176,0.03311901378936121,0.11223665784174724,89.6,24450.0,2024-11-07,-5.636160714285712,-5.636160714285712,-1.0044642857142763,3.515625000000006,11.607142857142865,-12.220982142857132,True
CE,1849,1862,61.30000000000291,0.2506747362394819,2.9544945187621443,1861,1862,2,24.05000000000291,0.39233278955957207,24460.4,24436.35,1863,2024-11-06T13:30:00+05:30,24467.95,24429.796343,24367.999549,64.8544,2024-11-06T12:20:00+05:30,2024-11-06T13:25:00+05:30,2024-11-06T13:20:00+05:30,2024-11-06T13:25:00+05:30,-0.010626145631334799,-0.00388263013452589,0.01900445276370851,0.19883153267845413,92.0,24450.0,2024-11-07,7.500000000000007,7.500000000000007,-1.1413043478260838,3.369565217391298,16.521739130434785,-6.630434782608689,True
CE,1855,1863,64.04999999999927,0.26177101064862107,3.1350445014794315,1862,1863,2,26.5,0.41373926619828727,24469.5,24443.0,1864,2024-11-06T13:35:00+05:30,24478.6,24434.44431,24372.336821,68.1271,2024-11-06T12:50:00+05:30,2024-11-06T13:30:00+05:30,2024-11-06T13:25:00+05:30,2024-11-06T13:30:00+05:30,-0.04738833103199752,0.021855825088044997,0.04412017027118753,0.018587664327220144,75.34,24500.0,2024-11-07,-7.300238916910009,-7.300238916910009,2.136979028404565,3.9819485001327317,9.503583753650116,-14.12264401380409,True
CE,1855,1865,74.70000000000073,0.30532978273354244,3.6615118102872564,1865,1866,2,23.350000000002183,0.31258366800538095,24480.15,24456.8,1867,2024-11-06T13:50:00+05:30,24483.95,24444.373839,24383.647611,64.682,2024-11-06T12:50:00+05:30,2024-11-06T13:40:00+05:30,2024-11-06T13:40:00+05:30,2024-11-06T13:45:00+05:30,-0.04635689911146765,0.022259480190086677,0.1817517189832523,-0.08985478241868652,76.95,24500.0,2024-11-07,1.299545159194282,1.299545159194282,1.8063677712800528,33.59324236517218,49.382716049382715,-11.760883690708248,True
CE,1855,1867,81.54999999999927,0.33307534119290094,4.051210479833182,1866,1867,2,23.75,0.29123237277743974,24487.0,24463.25,1868,2024-11-06T13:55:00+05:30,24488.35,24448.562045,24387.753587,68.678,2024-11-06T12:50:00+05:30,2024-11-06T13:50:00+05:30,2024-11-06T13:45:00+05:30,2024-11-06T13:50:00+05:30,0.004287753156104476,-0.01490504668545581,0.13679974355152552,-0.09555564176434025,77.95,24500.0,2024-11-07,-8.479794740218088,-8.479794740218088,-4.554201411160997,23.284156510583696,47.46632456703014,-8.72354073123797,True
CE,1858,1871,68.39999999999782,0.2793581297708275,3.551899430148513,1870,1871,2,20.5,0.29970760233919086,24493.05,24472.55,1872,2024-11-06T14:15:00+05:30,24506.1,24462.035112,24402.67799,64.2656,2024-11-06T13:05:00+05:30,2024-11-06T14:10:00+05:30,2024-11-06T14:05:00+05:30,2024-11-06T14:10:00+05:30,0.06426971243894378,0.04284647495929585,-0.17771085566450506,-0.08283651825463569,88.2,24500.0,2024-11-07,16.553287981859405,16.553287981859405,2.3809523809523747,-22.233560090702948,30.328798185941043,-36.11111111111111,True
CE,1859,1872,74.10000000000218,0.30237369471275394,3.7724331863137643,1871,1872,2,26.049999999999272,0.35155195681509455,24508.45,24482.4,1873,2024-11-06T14:20:00+05:30,24528.45,24468.360339,24407.610226,69.0584,2024-11-06T13:10:00+05:30,2024-11-06T14:15:00+05:30,2024-11-06T14:10:00+05:30,2024-11-06T14:15:00+05:30,-0.04831124673594207,-0.1846835001803998,-0.2711137475054477,-0.13127613037106187,79.7,24550.0,2024-11-07,-8.607277289836887,-8.607277289836887,-31.994981179422833,-38.77038895859474,11.668757841907148,-48.05520702634881,True
CE,1879,1884,47.0,0.191947986179745,2.2437552710346567,1883,1884,2,31.650000000001455,0.6734042553191799,24494.65,24463.0,1885,2024-11-06T15:20:00+05:30,24496.25,24478.363398,24436.44874,55.2587,2024-11-06T14:50:00+05:30,2024-11-06T15:15:00+05:30,2024-11-06T15:10:00+05:30,2024-11-06T15:15:00+05:30,-0.17023013726591102,-0.4047558299739815,-0.632954023575034,-1.112619278460986,67.9,24500.0,2024-11-07,3.9617083946980816,3.9617083946980816,-45.58173784977909,-73.56406480117819,4.270986745213536,-74.59499263622975,True
PE,1887,1897,300.1499999999978,1.2390757811564617,8.511564810426135,1896,1900,5,77.04999999999927,0.2567049808429113,24280.25,24202.55,1901,2024-11-07T10:25:00+05:30,24195.15,24319.969436,24372.460152,24.0351,2024-11-07T09:15:00+05:30,2024-11-07T10:05:00+05:30,2024-11-07T10:00:00+05:30,2024-11-07T10:20:00+05:30,0.017152197857826124,0.04732353384871385,0.23785758716106026,0.08534768331668874,48.85,24200.0,2024-11-07,3.2753326509723673,3.2753326509723673,-21.49437052200614,-60.49129989764586,17.502558853633566,-61.51484135107472,True
PE,1887,1897,300.1499999999978,1.2390757811564617,8.511564810426135,1896,1901,6,77.04999999999927,0.2567049808429113,24280.25,24188.45,1902,2024-11-07T10:30:00+05:30,24187.15,24307.319966,24365.193087,21.0086,2024-11-07T09:15:00+05:30,2024-11-07T10:05:00+05:30,2024-11-07T10:00:00+05:30,2024-11-07T10:25:00+05:30,0.08041460031461783,0.08227509235274853,0.21478346973495052,0.12217231050371488,50.45,24200.0,2024-11-07,-22.398414271556003,-22.398414271556003,-31.1199207135778,-58.27552031714569,10.901883052527255,-66.6005946481665,True
PE,1895,1907,111.15000000000146,0.4582994883044009,3.738438462830839,1907,1908,2,29.099999999998545,0.26180836707150845,24260.35,24231.25,1909,2024-11-07T11:05:00+05:30,24222.1,24265.900013,24330.633825,37.5193,2024-11-07T09:55:00+05:30,2024-11-07T10:55:00+05:30,2024-11-07T10:55:00+05:30,2024-11-07T11:00:00+05:30,-0.115390490502463,-0.06729391753811302,-0.011972537476097521,-0.06006911044046252,28.5,24200.0,2024-11-07,-5.789473684210521,-5.789473684210521,45.263157894736835,-12.631578947368427,94.73684210526315,-29.82456140350877,True
PE,1908,1909,47.599999999998545,0.1965147530560874,1.6068059981257266,1909,1910,2,32.849999999998545,0.6901260504201586,24245.6,24212.75,1911,2024-11-07T11:15:00+05:30,24194.15,24256.24899,24321.610424,37.9542,2024-11-07T11:00:00+05:30,2024-11-07T11:05:00+05:30,2024-11-07T11:05:00+05:30,2024-11-07T11:10:00+05:30,0.08948444148687933,0.09320434898518556,0.06489171969255828,0.014052983882458433,52.0,24200.0,2024-11-07,-20.384615384615387,-20.384615384615387,-46.73076923076923,-48.46153846153846,6.730769230769231,-58.269230769230774,True
PE,1908,1915,48.19999999999709,0.1990156569993934,1.8099656936397652,1915,1916,2,14.5,0.30082987551869034,24226.65,24212.15,1917,2024-11-07T11:45:00+05:30,24209.85,24237.340268,24298.704223,38.7045,2024-11-07T11:00:00+05:30,2024-11-07T11:35:00+05:30,2024-11-07T11:35:00+05:30,2024-11-07T11:40:00+05:30,-0.01755483821667627,-0.04832743697295559,-0.05080576707414243,0.08364364091475164,26.8,24200.0,2024-11-07,-2.9850746268656745,-2.9850746268656745,4.104477611940291,-8.768656716417915,18.656716417910445,-24.44029850746269,True
PE,1908,1917,53.849999999998545,0.22243012658070394,2.2006275118977343,1916,1918,3,20.150000000001455,0.3741875580316063,24226.65,24206.5,1919,2024-11-07T11:55:00+05:30,24205.6,24232.142487,24291.790019,37.8925,2024-11-07T11:00:00+05:30,2024-11-07T11:45:00+05:30,2024-11-07T11:40:00+05:30,2024-11-07T11:50:00+05:30,0.008055987044323329,-0.027886108999570346,0.06795948045080778,0.04565059325116052,24.3,24200.0,2024-11-07,14.814814814814806,14.814814814814806,-2.880658436213989,-44.23868312757202,30.864197530864196,-51.23456790123457,True
PE,1908,1919,62.0,0.2561390752553129,2.7112718108151497,1918,1919,2,20.05000000000291,0.3233870967742405,24218.4,24198.35,1920,2024-11-07T12:00:00+05:30,24198.15,24228.905107,24288.117862,36.4727,2024-11-07T11:00:00+05:30,2024-11-07T11:55:00+05:30,2024-11-07T11:50:00+05:30,2024-11-07T11:55:00+05:30,0.002892783125970744,-0.002479528393708539,0.07438585181098555,0.06694726662987496,27.9,24200.0,2024-11-07,-18.10035842293906,-18.10035842293906,-12.36559139784946,-48.387096774193544,13.978494623655921,-58.06451612903226,True
CE,2049,2057,154.0,0.6346655127293708,4.86110988355811,2056,2060,5,39.099999999998545,0.25389610389609446,24312.35,24226.7,2061,2024-11-11T11:15:00+05:30,24317.75,24225.199084,24185.961025,73.1313,2024-11-11T10:15:00+05:30,2024-11-11T10:55:00+05:30,2024-11-11T10:50:00+05:30,2024-11-11T11:10:00+05:30,-0.026523835469978625,-0.0074020005962692785,-0.014598390064867319,-0.3402864163008502,141.85,24300.0,2024-11-14,-1.1702502643637622,-1.1702502643637622,-1.5861825872400421,-5.534014804370811,8.565385971096234,-7.867465632710608,True
CE,2049,2057,154.0,0.6346655127293708,4.86110988355811,2056,2065,10,39.099999999998545,0.25389610389609446,24326.05,24226.7,2066,2024-11-11T11:40:00+05:30,24331.7,24261.743353,24209.83158,70.6464,2024-11-11T10:15:00+05:30,2024-11-11T10:55:00+05:30,2024-11-11T10:50:00+05:30,2024-11-11T11:35:00+05:30,-0.1319266635705774,-0.17980658975739466,-0.3209804493726381,-0.35858571328760425,,,,,,,,,,False
PE,2146,2157,142.04999999999927,0.5911865140388559,4.454118673838428,2157,2158,2,40.349999999998545,0.28405491024286345,24039.85,23999.5,2159,2024-11-12T13:10:00+05:30,23993.9,24069.127998,24113.101915,32.7956,2024-11-12T12:05:00+05:30,2024-11-12T13:00:00+05:30,2024-11-12T13:00:00+05:30,2024-11-12T13:05:00+05:30,-0.0902312671137308,-0.12065566664860954,-0.268609938359336,-0.20776113928957848,115.0,24000.0,2024-11-14,15.521739130434778,15.521739130434778,12.521739130434787,27.991304347826084,37.391304347826086,-9.956521739130437,True
PE,2146,2159,151.0,0.6293266205160477,4.912917080631446,2158,2159,2,39.900000000001455,0.26423841059603614,24030.45,23990.55,2160,2024-11-12T13:15:00+05:30,23954.25,24058.187236,24106.872428,30.2909,2024-11-12T12:05:00+05:30,2024-11-12T13:10:00+05:30,2024-11-12T13:05:00+05:30,2024-11-12T13:10:00+05:30,0.04466848262834665,-0.055105043990109175,-0.03798908335680952,-0.0025047747268169317,107.75,23950.0,2024-11-14,-8.584686774941995,-8.584686774941995,8.352668213457076,-0.324825986078881,19.25754060324826,-16.566125290023194,True
PE,2149,2160,189.70000000000073,0.7919262761305436,5.847732385324587,2160,2163,4,54.599999999998545,0.2878228782287735,23994.05,23938.45,2164,2024-11-12T13:35:00+05:30,23925.5,24022.12629,24083.692075,27.1851,2024-11-12T12:20:00+05:30,2024-11-12T13:15:00+05:30,2024-11-12T13:15:00+05:30,2024-11-12T13:30:00+05:30,0.08212994503772734,0.16551378236608869,0.07418862719692378,0.08484671166746473,115.1,23950.0,2024-11-14,3.8662033014769794,3.8662033014769794,-14.682884448305813,-6.820156385751516,11.642050390964384,-21.894005212858374,True
PE,2160,2172,61.20000000000073,0.2554934216706044,1.9884857576982253,2172,2173,2,40.75,0.6658496732026065,23973.6,23932.85,2174,2024-11-12T14:25:00+05:30,23921.4,23973.067018,24037.915882,39.236,2024-11-12T13:15:00+05:30,2024-11-12T14:15:00+05:30,2024-11-12T14:15:00+05:30,2024-11-12T14:20:00+05:30,0.10200071902145283,0.09510312941550243,0.021528840285258456,-0.327949033083351,91.4,23900.0,2024-11-14,-21.77242888402626,-21.77242888402626,-13.741794310722103,-2.5711159737418035,3.610503282275708,-30.743982494529547,True
PE,2176,2179,50.75,0.21195908667560448,1.559325466835928,2178,2179,2,20.5,0.4039408866995074,23962.3,23941.8,2180,2024-11-12T14:55:00+05:30,23926.55,23960.312108,24018.283282,41.2355,2024-11-12T14:35:00+05:30,2024-11-12T14:50:00+05:30,2024-11-12T14:45:00+05:30,2024-11-12T14:50:00+05:30,-0.15672965805768072,-0.23300475831241865,-0.34940265102991674,-0.7144782678656167,114.45,23950.0,2024-11-14,0.1747487986020121,0.1747487986020121,23.416339012669283,37.177806902577544,39.27479248580166,-16.03320227173439,True
PE,2176,2180,66.75,0.2789787913426716,2.0822210607535956,2179,2180,2,36.45000000000073,0.546067415730348,23962.25,23925.8,2181,2024-11-12T15:00:00+05:30,23916.15,23956.106193,24014.278055,38.0589,2024-11-12T14:35:00+05:30,2024-11-12T14:55:00+05:30,2024-11-12T14:50:00+05:30,2024-11-12T14:55:00+05:30,-0.1896208210769801,-0.18355797233250942,-0.35289960967798517,-0.8090767117617175,88.8,23900.0,2024-11-14,19.48198198198198,19.48198198198198,24.83108108108108,60.58558558558559,91.72297297297298,-9.45945945945945,True
PE,2176,2181,85.45000000000073,0.35728994842397593,2.682632826585219,2180,2181,2,44.400000000001455,0.5196021064950389,23951.5,23907.1,2182,2024-11-12T15:05:00+05:30,23889.05,23949.719889,24009.367151,36.1944,2024-11-12T14:35:00+05:30,2024-11-12T15:00:00+05:30,2024-11-12T14:55:00+05:30,2024-11-12T15:00:00+05:30,-0.0703251071097397,-0.0824645601227371,-0.1243247429261554,-0.48997343971400825,106.1,23900.0,2024-11-14,7.210179076343079,7.210179076343079,9.330819981149864,23.279924599434512,60.46182846371349,-21.20640904806786,True
PE,2176,2182,112.59999999999854,0.471345658366484,3.41404652745074,2181,2182,2,56.349999999998545,0.5004440497335637,23936.3,23879.95,2183,2024-11-12T15:10:00+05:30,23870.8,23942.203709,24003.933145,31.8201,2024-11-12T14:35:00+05:30,2024-11-12T15:05:00+05:30,2024-11-12T15:00:00+05:30,2024-11-12T15:05:00+05:30,-0.006074367009068517,-0.11666973876032034,-0.29492099133668676,-0.3221509124118078,,,,,,,,,,False
PE,2176,2184,138.0,0.5780770559959786,4.334542503173168,2183,2185,3,36.10000000000218,0.26159420289856655,23890.65,23854.55,2186,2024-11-12T15:25:00+05:30,23842.95,23921.019646,23987.782318,29.308,2024-11-12T14:35:00+05:30,2024-11-12T15:15:00+05:30,2024-11-12T15:10:00+05:30,2024-11-12T15:20:00+05:30,0.06878343493568462,-0.1784594607630317,-0.366355673270305,-0.6224062039303083,,,,,,,,,,False
PE,2176,2189,192.14999999999782,0.8073393724475127,4.874595296333861,2188,2189,2,73.19999999999709,0.3809523809523701,23873.6,23800.4,2190,2024-11-13T09:30:00+05:30,23784.25,23886.495823,23962.664316,26.2042,2024-11-12T14:35:00+05:30,2024-11-13T09:25:00+05:30,2024-11-13T09:20:00+05:30,2024-11-13T09:25:00+05:30,-0.12045786602479143,-0.2589949231108761,-0.1776385633349801,-0.17511588551247761,121.45,23800.0,2024-11-14,-1.2350761630300535,-1.2350761630300535,29.271305063812264,8.357348703170022,36.31123919308358,-30.75339645944834,True
PE,2178,2191,182.34999999999854,0.7666838348907303,4.454155189410746,2190,2191,2,77.54999999999927,0.4252810529202078,23857.5,23779.95,2192,2024-11-13T09:40:00+05:30,23755.6,23865.219256,23947.821885,24.5829,2024-11-12T14:45:00+05:30,2024-11-13T09:35:00+05:30,2024-11-13T09:30:00+05:30,2024-11-13T09:35:00+05:30,0.06903635353348876,0.16122514270320645,-0.25699203556213807,-0.20816144403844605,109.65,23750.0,2024-11-14,17.875056999543997,17.875056999543997,-19.1062471500228,21.84222526219789,28.308253533971715,-22.207022343821254,True
PE,2179,2192,208.70000000000073,0.8785296940510899,5.103929279642885,2191,2192,2,54.95000000000073,0.2632965979875445,23808.5,23753.55,2193,2024-11-13T09:45:00+05:30,23722.65,23851.641232,23938.991615,21.8069,2024-11-12T14:50:00+05:30,2024-11-13T09:40:00+05:30,2024-11-13T09:35:00+05:30,2024-11-13T09:40:00+05:30,0.30034587198310475,0.08156761575961599,-0.05817225309989782,0.017493829736550583,105.25,23700.0,2024-11-14,-22.422802850356288,-22.422802850356288,-20.19002375296912,-5.51068883610451,11.543942992874115,-36.73159144893111,True
PE,2183,2196,148.65000000000146,0.6261056355825181,3.300244377934383,2195,2196,2,53.349999999998545,0.35889673730237487,23795.35,23742.0,2197,2024-11-13T10:05:00+05:30,23718.2,23819.365805,23911.850478,31.5411,2024-11-12T15:10:00+05:30,2024-11-13T10:00:00+05:30,2024-11-13T09:55:00+05:30,2024-11-13T10:00:00+05:30,-0.03942120396995633,-0.0543886129638904,0.047010312755596195,-0.008432343095175855,96.25,23700.0,2024-11-14,12.155844155844159,12.155844155844159,4.8831168831168865,-2.0779220779220777,21.974025974025977,-22.597402597402596,True
PE,2185,2197,179.54999999999927,0.7570136013694094,3.9852711657962314,2196,2197,2,90.94999999999709,0.5065441381230713,23795.35,23704.4,2198,2024-11-13T10:10:00+05:30,23694.55,23807.478586,23903.328891,29.2666,2024-11-12T15:20:00+05:30,2024-11-13T10:05:00+05:30,2024-11-13T10:00:00+05:30,2024-11-13T10:05:00+05:30,0.04536908276375791,0.14539208383362726,0.04895640558694798,0.06647098172364531,107.95,23700.0,2024-11-14,-7.874015748031496,-7.874015748031496,-15.794349235757291,-4.909680407596106,8.754052802223255,-30.986567855488655,True
PE,2190,2202,146.29999999999927,0.6161919924523821,3.4867294077764903,2202,2203,2,58.54999999999927,0.40020505809979195,23769.75,23711.2,2204,2024-11-13T10:40:00+05:30,23706.15,23768.286663,23864.29809,36.7119,2024-11-13T09:30:00+05:30,2024-11-13T10:30:00+05:30,2024-11-13T10:30:00+05:30,2024-11-13T10:35:00+05:30,0.21956327788358407,0.1240184509082994,0.017506005825483333,-0.09111559658570531,102.65,23700.0,2024-11-14,-12.372138334145156,-12.372138334145156,-11.592791037506094,-5.747686312713108,2.87384315635654,-30.25815879201169,True
PE,2196,2208,77.09999999999854,0.32495722028811413,1.9263631567829882,2207,2208,2,39.95000000000073,0.518158236057088,23758.2,23718.25,2209,2024-11-13T11:05:00+05:30,23716.2,23753.788217,23840.341483,40.2008,2024-11-13T10:00:00+05:30,2024-11-13T11:00:00+05:30,2024-11-13T10:55:00+05:30,2024-11-13T11:00:00+05:30,-0.10688896197536782,0.0025299162597656657,-0.004216527099619669,-0.11152714178494331,96.85,23700.0,2024-11-14,-0.10325245224573497,-0.10325245224573497,-7.640681466184813,-6.504904491481669,9.963861641713997,-12.390294269488901,True
PE,2196,2209,84.29999999999927,0.35545323449793503,2.179876251295495,2208,2209,2,34.54999999999927,0.4098457888493425,23745.6,23711.05,2210,2024-11-13T11:10:00+05:30,23710.3,23749.646482,23835.241817,38.7607,2024-11-13T10:00:00+05:30,2024-11-13T11:05:00+05:30,2024-11-13T11:00:00+05:30,2024-11-13T11:05:00+05:30,0.027414246129319326,-0.006959000940510315,-0.10860259043538041,-0.11007874215002993,96.75,23700.0,2024-11-14,8.2687338501292,8.2687338501292,-1.550387596899225,14.21188630490956,14.625322997416026,-12.29974160206719,True
PE,2206,2210,80.15000000000146,0.3380387426561514,2.1246463053713303,2209,2210,2,30.05000000000291,0.3749220212102603,23732.15,23702.1,2211,2024-11-13T11:15:00+05:30,23690.85,23744.046817,23829.579393,37.8981,2024-11-13T10:50:00+05:30,2024-11-13T11:10:00+05:30,2024-11-13T11:05:00+05:30,2024-11-13T11:10:00+05:30,0.07513449285273813,0.09455127190456002,0.0975059991515804,0.05592876574711334,104.75,23700.0,2024-11-14,-14.606205250596657,-14.606205250596657,-14.653937947494027,-14.128878281622908,5.871121718377094,-18.997613365155136,True
PE,2206,2214,84.84999999999854,0.35781683236164824,2.4973988494599335,2214,2215,2,26.19999999999709,0.3087802003535361,23723.6,23697.4,2216,2024-11-13T11:40:00+05:30,23684.55,23729.258203,23807.396531,41.6229,2024-11-13T10:50:00+05:30,2024-11-13T11:30:00+05:30,2024-11-13T11:30:00+05:30,2024-11-13T11:35:00+05:30,0.09077647664827916,0.1268759592223592,-0.0014777565965937492,-0.021744132778532068,110.5,23700.0,2024-11-14,-18.5972850678733,-18.5972850678733,-25.067873303167428,-7.918552036199094,0.3619909502262495,-31.14027149321267,True
PE,2207,2219,55.900000000001455,0.2357197675693516,1.8547966318353595,2219,2220,2,25.5,0.4561717352414908,23727.8,23702.3,2221,2024-11-13T12:05:00+05:30,23689.75,23719.674344,23788.929338,42.5722,2024-11-13T10:55:00+05:30,2024-11-13T11:55:00+05:30,2024-11-13T11:55:00+05:30,2024-11-13T12:00:00+05:30,0.06057472113466181,0.09919902067349803,0.01582963095853692,-0.1943878681708303,99.45,23700.0,2024-11-14,2.3127199597787804,2.3127199597787804,-14.429361488185025,-6.083459024635492,6.988436400201109,-17.797888386123685,True
PE,2220,2226,40.29999999999927,0.16996760915041195,1.4898753909628697,2226,2227,2,27.849999999998545,0.6910669975185868,23715.35,23687.5,2228,2024-11-13T12:40:00+05:30,23679.4,23707.879732,23766.407432,43.1716,2024-11-13T12:00:00+05:30,2024-11-13T12:30:00+05:30,2024-11-13T12:30:00+05:30,2024-11-13T12:35:00+05:30,-0.05131042171677262,-0.08572852352679083,-0.02470501786363752,0.028294635843801316,103.25,23700.0,2024-11-14,2.953995157384985,2.953995157384985,12.590799031477,1.7917675544794134,29.782082324455207,-10.217917675544792,True
PE,2220,2228,49.64999999999782,0.20967592084257966,1.9186053049416516,2227,2228,2,32.04999999999927,0.6455186304129039,23710.2,23678.15,2229,2024-11-13T12:45:00+05:30,23675.2,23704.767376,23762.83067,40.4061,2024-11-13T12:00:00+05:30,2024-11-13T12:40:00+05:30,2024-11-13T12:35:00+05:30,2024-11-13T12:40:00+05:30,-0.06800364938839876,-0.11024194093398232,-0.04075995134149429,0.13685206460768154,106.3,23700.0,2024-11-14,7.808090310442142,7.808090310442142,13.499529633113838,1.9285042333019728,26.05832549388523,-8.842897460018808,True
PE,2220,2231,77.20000000000073,0.32630150766512983,3.0038273507429794,2230,2231,2,36.75,0.47603626943004734,23687.35,23650.6,2232,2024-11-13T13:00:00+05:30,23649.1,23692.605759,23751.002254,36.4451,2024-11-13T12:00:00+05:30,2024-11-13T12:55:00+05:30,2024-11-13T12:50:00+05:30,2024-11-13T12:55:00+05:30,0.1033865982214999,0.06955867242305512,-0.02917658600114938,0.12114625926568645,93.95,23650.0,2024-11-14,3.5657264502394828,3.5657264502394828,-11.921234699308144,2.4481106971793474,12.506652474720594,-22.618414050026608,True
PE,2224,2235,70.79999999999927,0.2991690453000217,2.668104729893938,2235,2236,2,28.700000000000728,0.4053672316384325,23675.45,23646.75,2237,2024-11-13T13:25:00+05:30,23640.3,23677.839481,23733.684102,39.4174,2024-11-13T12:20:00+05:30,2024-11-13T13:15:00+05:30,2024-11-13T13:15:00+05:30,2024-11-13T13:20:00+05:30,0.11696129067736644,0.19373696611294813,0.2468242788797189,-0.17491317792074781,94.2,23650.0,2024-11-14,2.1762208067940523,2.1762208067940523,-25.159235668789808,-26.656050955414013,2.7070063694267485,-37.68577494692144,True
PE,2242,2245,52.5,0.22177866489243736,1.904852715699535,2244,2245,2,39.0,0.7428571428571429,23708.8,23669.8,2246,2024-11-13T14:10:00+05:30,23656.15,23678.089621,23716.977737,46.0804,2024-11-13T13:50:00+05:30,2024-11-13T14:05:00+05:30,2024-11-13T14:00:00+05:30,2024-11-13T14:05:00+05:30,-0.1828277213325076,-0.24179758751952757,-0.403277794569283,-0.47492935240942497,85.05,23650.0,2024-11-14,9.112286890064668,9.112286890064668,40.917107583774246,69.24162257495591,81.58730158730158,-9.465020576131684,True
PE,2242,2247,86.39999999999782,0.36542735756685363,3.124865954462378,2246,2247,2,38.89999999999782,0.4502314814814676,23674.8,23635.9,2248,2024-11-13T14:20:00+05:30,23612.9,23668.904882,23710.129661,39.3858,2024-11-13T13:50:00+05:30,2024-11-13T14:15:00+05:30,2024-11-13T14:10:00+05:30,2024-11-13T14:15:00+05:30,-0.15669401047732381,-0.08258197849480581,-0.1327664115801201,-0.03875000529372273,84.1,23600.0,2024-11-14,10.3448275862069,10.3448275862069,14.744351961950066,24.197384066587407,47.20570749108205,-18.192627824019024,True
PE,2242,2248,109.45000000000073,0.4635178228849515,3.9170282864556505,2247,2248,2,46.05000000000291,0.42074006395616814,23658.9,23612.85,2249,2024-11-13T14:25:00+05:30,23598.95,23662.242513,23705.769674,33.5466,2024-11-13T13:50:00+05:30,2024-11-13T14:20:00+05:30,2024-11-13T14:15:00+05:30,2024-11-13T14:20:00+05:30,-0.023517995504034172,-0.1618716086944577,-0.17521966019675528,0.01673803283620978,92.8,23600.0,2024-11-14,13.900862068965525,13.900862068965525,23.70689655172414,25.10775862068965,33.4051724137931,-18.103448275862068,True
PE,2242,2249,125.54999999999927,0.5320151955913263,4.466298972808128,2248,2249,2,47.849999999998545,0.381123058542404,23644.6,23596.75,2250,2024-11-13T14:30:00+05:30,23575.9,23654.019416,23700.676746,31.274,2024-11-13T13:50:00+05:30,2024-11-13T14:25:00+05:30,2024-11-13T14:20:00+05:30,2024-11-13T14:25:00+05:30,-0.06426053724354724,-0.05005111151643377,-0.24580185698107274,0.12788483154406752,105.7,23600.0,2024-11-14,-8.703878902554402,-8.703878902554402,5.865657521286663,26.300851466414375,33.39640491958372,-17.738883632923365,True
PE,2242,2253,176.79999999999927,0.7502938792485149,5.853337090769608,2252,2255,4,49.599999999998545,0.28054298642533226,23595.1,23545.5,2256,2024-11-13T15:00:00+05:30,23517.95,23611.307224,23670.937386,31.8914,2024-11-13T13:50:00+05:30,2024-11-13T14:45:00+05:30,2024-11-13T14:40:00+05:30,2024-11-13T14:55:00+05:30,0.10991604285236828,0.2855265871387507,0.37460748066901467,0.2376907851236941,,,,,,,,,,False
PE,2262,2265,69.95000000000073,0.2965673233262208,1.8314496587769908,2265,2266,2,27.700000000000728,0.395997140814874,23603.05,23575.35,2267,2024-11-14T09:40:00+05:30,23575.05,23594.707544,23640.492882,45.1875,2024-11-14T09:15:00+05:30,2024-11-14T09:30:00+05:30,2024-11-14T09:30:00+05:30,2024-11-14T09:35:00+05:30,-0.010604431379784986,0.09162228712135152,0.1775181812976099,0.05344633415412558,89.2,23600.0,2024-11-14,0.0,0.0,-1.1210762331838564,-21.46860986547086,48.755605381165914,-25.627802690582957,True
PE,2271,2284,170.5500000000029,0.7250998048544184,5.106959280810862,2283,2284,2,57.20000000000073,0.3353855174435635,23562.55,23505.35,2285,2024-11-14T11:10:00+05:30,23490.9,23569.347959,23606.508126,35.1011,2024-11-14T10:00:00+05:30,2024-11-14T11:05:00+05:30,2024-11-14T11:00:00+05:30,2024-11-14T11:05:00+05:30,0.06747293632852953,0.07811535530779384,0.0957817708133788,0.30650166660281214,50.55,23500.0,2024-11-14,-21.167161226508398,-21.167161226508398,-28.98120672601385,-43.125618199802176,7.022749752720088,-52.52225519287833,True
PE,2337,2349,190.89999999999782,0.8149099927857534,5.06392415074551,2348,2350,3,72.84999999999854,0.3816134101623854,23488.75,23415.9,2351,2024-11-18T10:25:00+05:30,23406.1,23460.460366,23498.088805,45.8331,2024-11-18T09:15:00+05:30,2024-11-18T10:15:00+05:30,2024-11-18T10:10:00+05:30,2024-11-18T10:20:00+05:30,-0.1065961437402946,-0.1527379614715822,0.03161568992699106,0.08651590824614097,130.5,23400.0,2024-11-21,1.1877394636015413,1.1877394636015413,17.088122605363992,-4.6360153256704955,32.56704980842912,-17.049808429118773,True
PE,2338,2351,128.39999999999782,0.5485749441384845,3.304664170581355,2350,2351,2,56.89999999999782,0.4431464174454734,23460.6,23403.7,2352,2024-11-18T10:30:00+05:30,23399.05,23454.611759,23494.20493,39.6077,2024-11-18T09:20:00+05:30,2024-11-18T10:25:00+05:30,2024-11-18T10:20:00+05:30,2024-11-18T10:25:00+05:30,-0.12265455221472978,-0.1953070744325121,-0.057694649996474216,0.04295046166403881,132.05,23400.0,2024-11-21,11.321469140477083,11.321469140477083,27.1109428246876,7.2321090496024105,31.010980689132893,-8.443771298750477,True
PE,2339,2352,108.25,0.46262561941617286,2.8702419177765974,2351,2352,2,60.25,0.5565819861431871,23453.45,23393.2,2353,2024-11-18T10:35:00+05:30,23381.15,23447.615401,23489.771403,38.7429,2024-11-18T09:25:00+05:30,2024-11-18T10:30:00+05:30,2024-11-18T10:25:00+05:30,2024-11-18T10:30:00+05:30,-0.118899198713506,-0.03549868163030009,-0.05282032748603974,0.13664853952862493,147.0,23400.0,2024-11-21,3.945578231292525,3.945578231292525,2.8503401360544203,3.4353741496598715,17.687074829931973,-17.755102040816322,True
PE,2340,2353,116.19999999999709,0.4969815428240145,3.1656599668187915,2352,2353,2,35.69999999999709,0.3072289156626333,23416.1,23380.4,2354,2024-11-18T10:40:00+05:30,23370.35,23440.256792,23485.088211,36.5602,2024-11-18T09:30:00+05:30,2024-11-18T10:35:00+05:30,2024-11-18T10:30:00+05:30,2024-11-18T10:35:00+05:30,0.010697315187834157,0.1846356601420238,0.044072938573889185,0.2672189333921004,128.05,23350.0,2024-11-21,11.08941819601717,11.08941819601717,-20.031237797735262,-4.724716907458033,14.40843420538851,-21.63217493166733,True
PE,2348,2354,123.0,0.5263079072414406,3.4454934836054036,2353,2354,2,38.25,0.31097560975609756,23404.0,23365.75,2355,2024-11-18T10:45:00+05:30,23353.35,23431.979954,23479.922007,35.2692,2024-11-18T10:10:00+05:30,2024-11-18T10:40:00+05:30,2024-11-18T10:35:00+05:30,2024-11-18T10:40:00+05:30,0.25756476051616345,0.13788171718404738,0.22095331076698713,0.31066206775474575,142.25,23350.0,2024-11-21,-10.439367311072052,-10.439367311072052,-17.469244288224953,-23.128295254833045,2.987697715289982,-29.455184534270657,True
PE,2348,2357,116.65000000000146,0.4982168407115615,3.2922279459040933,2357,2358,2,44.0,0.37719674239176554,23416.1,23372.1,2359,2024-11-18T11:05:00+05:30,23368.8,23416.35051,23465.880024,41.6553,2024-11-18T10:10:00+05:30,2024-11-18T10:55:00+05:30,2024-11-18T10:55:00+05:30,2024-11-18T11:00:00+05:30,0.154693437403724,0.12452500770258713,0.18956899798020982,0.42813494916298345,127.5,23350.0,2024-11-21,-4.313725490196078,-4.313725490196078,-11.41176470588235,-19.019607843137255,1.686274509803926,-29.725490196078436,True
CE,2401,2414,251.40000000000146,1.062379959305022,7.131639339211956,2413,2415,3,84.5,0.3361177406523449,23677.05,23581.15,2416,2024-11-19T09:35:00+05:30,23689.75,23536.440563,23499.126392,77.5866,2024-11-18T14:35:00+05:30,2024-11-19T09:25:00+05:30,2024-11-19T09:20:00+05:30,2024-11-19T09:30:00+05:30,-0.07661541383932484,-0.02068405111916105,0.025116347787548315,0.17665868149726588,99.2,23700.0,2024-11-21,7.3588709677419315,7.3588709677419315,-4.889112903225815,-2.6209677419354924,10.685483870967735,-24.59677419354839,True
CE,2401,2414,251.40000000000146,1.062379959305022,7.131639339211956,2413,2416,4,84.5,0.3361177406523449,23694.9,23581.15,2417,2024-11-19T09:40:00+05:30,23702.6,23552.265272,23507.105749,78.8826,2024-11-18T14:35:00+05:30,2024-11-19T09:25:00+05:30,2024-11-19T09:20:00+05:30,2024-11-19T09:35:00+05:30,-0.07488629939331551,-0.11348965936225486,-0.04535367428045869,0.04303325373588015,106.5,23700.0,2024-11-21,-17.6056338028169,-17.6056338028169,-16.29107981220657,-13.661971830985914,3.098591549295772,-29.765258215962444,True
CE,2419,2432,70.79999999999927,0.29855907294877376,2.5894728711021586,2431,2432,2,25.299999999999272,0.357344632768355,23716.2,23690.9,2433,2024-11-19T11:00:00+05:30,23732.65,23677.716296,23601.178844,64.4477,2024-11-19T09:50:00+05:30,2024-11-19T10:55:00+05:30,2024-11-19T10:50:00+05:30,2024-11-19T10:55:00+05:30,0.015168976073040916,-0.007373807813286759,0.12788289550470994,0.11503140188727037,87.4,23750.0,2024-11-21,5.9496567505720686,5.9496567505720686,3.203661327231118,20.537757437070926,31.46453089244851,-8.810068649885586,True
CE,2420,2433,69.0,0.290738708066735,2.573672494132586,2432,2433,2,32.60000000000218,0.4724637681159737,23732.9,23700.3,2434,2024-11-19T11:05:00+05:30,23737.1,23683.371887,23606.509086,67.1815,2024-11-19T09:55:00+05:30,2024-11-19T11:00:00+05:30,2024-11-19T10:55:00+05:30,2024-11-19T11:00:00+05:30,-0.026119450143434073,0.025487527962568767,0.16703809648188472,0.015376773068325345,92.6,23750.0,2024-11-21,-2.1058315334773097,-2.1058315334773097,4.373650107991374,19.870410367170635,24.082073434125284,-7.2894168466522675,True
CE,2421,2434,66.15000000000146,0.27867768177242147,2.565521738113692,2433,2436,4,28.950000000000728,0.4376417233560104,23741.95,23713.0,2437,2024-11-19T11:20:00+05:30,23743.15,23697.282882,23621.250985,65.7853,2024-11-19T10:00:00+05:30,2024-11-19T11:05:00+05:30,2024-11-19T11:00:00+05:30,2024-11-19T11:15:00+05:30,0.08360306025105575,0.14151449997156462,0.07791720980577556,0.026955142851718565,96.65,23750.0,2024-11-21,6.880496637351258,6.880496637351258,14.847387480600096,7.501293326435592,18.882565959648215,-11.019141231246772,True
CE,2424,2437,62.25,0.26218088164375825,2.6799019237692105,2436,2437,2,18.950000000000728,0.3044176706827426,23744.7,23725.75,2438,2024-11-19T11:25:00+05:30,23758.9,23703.151179,23626.648986,67.852,2024-11-19T10:15:00+05:30,2024-11-19T11:20:00+05:30,2024-11-19T11:15:00+05:30,2024-11-19T11:20:00+05:30,0.07512974085499978,0.05513723278433995,-0.027989511298929896,-0.05303275825060159,103.3,23750.0,2024-11-21,1.9845111326234244,1.9845111326234244,4.01742497579865,-8.034849951597286,11.229428848015498,-9.148112294288484,True
CE,2431,2439,79.75,0.3356057736817742,3.5684280875158443,2438,2439,2,27.200000000000728,0.34106583072101226,23770.65,23743.45,2440,2024-11-19T11:35:00+05:30,23776.75,23715.317632,23637.672708,70.9616,2024-11-19T10:50:00+05:30,2024-11-19T11:30:00+05:30,2024-11-19T11:25:00+05:30,2024-11-19T11:30:00+05:30,-0.004626368195815429,-0.06350741796081695,-0.1514084136814325,-0.10493444225977364,,,,,,,,,,False
CE,2454,2457,34.349999999998545,0.14463005652571467,2.0032546618971834,2457,2458,2,10.349999999998545,0.30131004366809266,23758.55,23748.2,2459,2024-11-19T13:10:00+05:30,23760.0,23746.197147,23698.726099,57.4573,2024-11-19T12:45:00+05:30,2024-11-19T13:00:00+05:30,2024-11-19T13:00:00+05:30,2024-11-19T13:05:00+05:30,-0.05618686868686257,-0.06397306397306704,-0.022306397306394245,-0.2215909090909152,97.6,23750.0,2024-11-21,-0.9733606557376934,-0.9733606557376934,-11.629098360655732,-7.581967213114746,2.612704918032799,-15.983606557377044,True
CE,2454,2459,37.849999999998545,0.15930134680134067,2.337554043971494,2458,2459,2,13.849999999998545,0.36591809775426887,23762.05,23748.2,2460,2024-11-19T13:15:00+05:30,23762.15,23747.716466,23701.213311,59.8708,2024-11-19T12:45:00+05:30,2024-11-19T13:10:00+05:30,2024-11-19T13:05:00+05:30,2024-11-19T13:10:00+05:30,-0.0730152784996399,-0.004629210740619778,-0.011783445521566484,-0.15108060507993365,96.65,23750.0,2024-11-21,-10.191412312467675,-10.191412312467675,-0.6207966890843337,-4.345576823590277,2.2762545266425125,-15.15778582514227,True
PE,2472,2484,249.79999999999927,1.062829475009889,7.818331765806826,2483,2485,3,64.64999999999782,0.2588070456365012,23541.85,23477.2,2486,2024-11-19T15:25:00+05:30,23468.7,23613.975352,23663.799572,16.135,2024-11-19T14:15:00+05:30,2024-11-19T15:15:00+05:30,2024-11-19T15:10:00+05:30,2024-11-19T15:20:00+05:30,-0.41182511174458514,-0.380080703234524,-0.6267922807824983,-0.6815460592193037,104.4,23450.0,2024-11-21,56.65708812260537,56.65708812260537,30.076628352490424,71.1685823754789,103.06513409961684,-26.245210727969354,True
PE,2472,2484,249.79999999999927,1.062829475009889,7.818331765806826,2483,2486,4,64.64999999999782,0.2588070456365012,23541.85,23464.8,2487,2024-11-21T09:15:00+05:30,23371.95,23590.925319,23652.354491,13.8764,2024-11-19T14:15:00+05:30,2024-11-19T15:15:00+05:30,2024-11-19T15:10:00+05:30,2024-11-19T15:25:00+05:30,0.03230368026629901,-0.25629012555649594,-0.32089748608909396,-0.23810593467811395,99.85,23350.0,2024-11-21,0.0,0.0,-9.113670505758632,8.162243365047578,30.195292939409118,-59.28893340010015,True
PE,2478,2487,378.7000000000007,1.6203183730925348,9.252028807206818,2487,2489,3,168.54999999999927,0.44507525745972787,23507.3,23338.75,2490,2024-11-21T09:30:00+05:30,23312.05,23529.083896,23618.581562,12.1386,2024-11-19T14:45:00+05:30,2024-11-21T09:15:00+05:30,2024-11-21T09:15:00+05:30,2024-11-21T09:25:00+05:30,0.040965938216498646,-0.0647733682794887,0.14477491254522876,0.03238668413974435,77.7,23300.0,2024-11-21,2.6383526383526346,2.6383526383526346,-22.458172458172463,-55.22522522522523,8.172458172458166,-58.442728442728445,True
PE,2478,2487,378.7000000000007,1.6203183730925348,9.252028807206818,2487,2490,4,168.54999999999927,0.44507525745972787,23507.3,23309.4,2491,2024-11-21T09:35:00+05:30,23283.6,23505.704477,23605.44503,9.7225,2024-11-19T14:45:00+05:30,2024-11-21T09:15:00+05:30,2024-11-21T09:15:00+05:30,2024-11-21T09:30:00+05:30,0.05733649435655218,0.11660567953409892,0.18446460169389928,0.12197426514800744,79.75,23300.0,2024-11-21,-26.4576802507837,-26.4576802507837,-41.06583072100313,-51.91222570532915,5.391849529780561,-73.35423197492163,True
PE,2489,2501,73.15000000000146,0.3135797388478847,1.7528036471734803,2501,2502,2,26.900000000001455,0.3677375256322751,23345.45,23318.55,2503,2024-11-21T10:35:00+05:30,23312.0,23376.532704,23496.852868,30.831,2024-11-21T09:25:00+05:30,2024-11-21T10:25:00+05:30,2024-11-21T10:25:00+05:30,2024-11-21T10:30:00+05:30,0.02788263555250515,0.0935140700068603,0.08386238846945467,0.09694577899793473,25.95,23300.0,2024-11-21,-12.524084778420038,-12.524084778420038,-37.80346820809248,-45.08670520231214,13.102119460500973,-52.408477842003855,True
PE,2520,2528,28.549999999999272,0.12229940006896432,1.6378916920453406,2527,2528,2,14.5,0.5078809106830252,23355.05,23340.55,2529,2024-11-21T12:45:00+05:30,23339.35,23347.662036,23397.329457,44.8063,2024-11-21T12:00:00+05:30,2024-11-21T12:40:00+05:30,2024-11-21T12:35:00+05:30,2024-11-21T12:40:00+05:30,-0.11975483464619661,-0.02570765681135079,0.016709976927384247,0.022708430183372333,31.75,23350.0,2024-11-21,0.0,0.0,5.511811023622047,20.31496062992127,58.740157480314956,-16.06299212598426,True
PE,2520,2530,37.19999999999709,0.1593837162969725,2.1731499264895286,2529,2530,2,18.549999999999272,0.49865591397851405,23350.45,23331.9,2531,2024-11-21T12:55:00+05:30,23311.4,23343.539671,23391.795857,43.132,2024-11-21T12:00:00+05:30,2024-11-21T12:50:00+05:30,2024-11-21T12:45:00+05:30,2024-11-21T12:50:00+05:30,0.09995109688821464,0.12826342476212418,0.17995487186525516,0.15378741731512713,12.3,23300.0,2024-11-21,-43.90243902439025,-43.90243902439025,-46.7479674796748,-61.38211382113822,5.284552845528443,-66.26016260162602,True
CE,2561,2571,225.70000000000073,0.9578596907433098,5.250466319107681,2570,2571,2,117.60000000000218,0.5210456357997422,23565.45,23447.85,2572,2024-11-22T10:05:00+05:30,23590.45,23447.743414,23406.073217,73.5339,2024-11-21T15:25:00+05:30,2024-11-22T10:00:00+05:30,2024-11-22T09:55:00+05:30,2024-11-22T10:00:00+05:30,-0.07079135836747806,-0.23547664415049002,-0.14221856725920562,-0.2645138180916492,197.4,23600.0,2024-11-28,-3.774062816616017,-3.774062816616017,-16.514690982776088,-10.334346504559273,6.788247213779132,-20.21276595744681,True
CE,2569,2582,125.54999999999927,0.5335276782090778,2.93528973180007,2581,2582,2,64.75,0.5157307845479918,23533.95,23469.2,2583,2024-11-22T11:00:00+05:30,23540.95,23505.413345,23452.612089,57.6453,2024-11-22T09:50:00+05:30,2024-11-22T10:55:00+05:30,2024-11-22T10:50:00+05:30,2024-11-22T10:55:00+05:30,-0.014655313400694227,-0.06584271237991669,-0.048426252976202976,0.21367022146514592,192.45,23550.0,2024-11-28,-2.0784619381657574,-2.0784619381657574,-5.274097168095597,-0.8054040010392222,4.780462457781251,-11.32761756300337,True
CE,2580,2589,92.14999999999782,0.3916351991431958,2.553932811251944,2588,2589,2,41.89999999999782,0.4546934346174586,23539.3,23497.4,2590,2024-11-22T11:35:00+05:30,23565.55,23519.361954,23472.032017,55.6883,2024-11-22T10:45:00+05:30,2024-11-22T11:30:00+05:30,2024-11-22T11:25:00+05:30,2024-11-22T11:30:00+05:30,-0.020793064452125316,0.10799663067486533,0.31444205630677907,0.332264682980025,217.15,23550.0,2024-11-28,-3.3617315219894133,-3.3617315219894133,8.542482155192255,28.68984572875891,36.19617775731061,-15.864609716785639,True
CE,2580,2590,132.75,0.5633223073511969,3.501576777827683,2590,2592,3,61.70000000000073,0.4647834274952974,23579.9,23518.2,2593,2024-11-22T11:50:00+05:30,23591.0,23532.69223,23483.119463,60.0211,2024-11-22T10:45:00+05:30,2024-11-22T11:35:00+05:30,2024-11-22T11:35:00+05:30,2024-11-22T11:45:00+05:30,0.0010597261667585098,0.20622271205121215,0.14984527997964708,0.3344495782289918,207.0,23600.0,2024-11-28,-1.4975845410627993,-1.4975845410627993,19.541062801932362,12.632850241545896,27.439613526570056,-12.077294685990339,True
CE,2581,2593,129.09999999999854,0.5472425925140881,3.5730032509347454,2593,2595,3,40.349999999998545,0.3125484120836483,23598.3,23557.95,2596,2024-11-22T12:05:00+05:30,23639.65,23551.990768,23497.014709,64.003,2024-11-22T10:50:00+05:30,2024-11-22T11:50:00+05:30,2024-11-22T11:50:00+05:30,2024-11-22T12:00:00+05:30,-0.10554301776887866,-0.05626140826959329,0.017766760506171153,0.20749038162578237,,,,,,,,,,False
CE,2588,2598,148.4499999999971,0.628633859418062,4.072352858168909,2598,2600,3,38.099999999998545,0.2566520714045085,23645.85,23607.75,2601,2024-11-22T12:30:00+05:30,23649.75,23584.116118,23521.653091,66.8432,2024-11-22T11:25:00+05:30,2024-11-22T12:15:00+05:30,2024-11-22T12:15:00+05:30,2024-11-22T12:25:00+05:30,0.10613220012895927,0.1397477774606466,0.19450522732798445,0.17082633008806206,,,,,,,,,,False
CE,2588,2598,148.4499999999971,0.628633859418062,4.072352858168909,2598,2602,5,38.099999999998545,0.2566520714045085,23665.1,23607.75,2603,2024-11-22T12:40:00+05:30,23674.85,23597.904577,23532.264925,66.889,2024-11-22T11:25:00+05:30,2024-11-22T12:15:00+05:30,2024-11-22T12:15:00+05:30,2024-11-22T12:35:00+05:30,-0.020908263410315545,-0.0019007512191084196,0.11129954360852205,0.18204972787579302,,,,,,,,,,False
CE,2591,2604,145.29999999999927,0.6135254277365821,4.342090639842147,2603,2606,4,46.79999999999927,0.3220922229869202,23689.5,23642.7,2607,2024-11-22T13:00:00+05:30,23695.75,23625.415713,23554.249575,68.7046,2024-11-22T11:40:00+05:30,2024-11-22T12:45:00+05:30,2024-11-22T12:40:00+05:30,2024-11-22T12:55:00+05:30,0.02299990504626664,0.14327463785700276,-0.02363292995578762,0.5699334268803447,221.95,23700.0,2024-11-28,-2.838477134489742,-2.838477134489742,2.2978148231583795,-4.775850416760529,7.1863032214462805,-13.809416535255679,True
CE,2596,2609,139.6999999999971,0.5894216326599374,4.357591915478472,2608,2609,2,41.25,0.29527559055118724,23724.1,23682.85,2610,2024-11-22T13:15:00+05:30,23729.7,23646.811443,23571.533894,71.1419,2024-11-22T12:05:00+05:30,2024-11-22T13:10:00+05:30,2024-11-22T13:05:00+05:30,2024-11-22T13:10:00+05:30,-0.12242042672262722,-0.16666877373080682,0.017488632388937986,0.6479222240483444,199.25,23750.0,2024-11-28,-1.1292346298619824,-1.1292346298619824,-7.979924717691346,0.9786700125470458,4.1405269761606025,-17.239648682559597,True
CE,2601,2614,85.5,0.3605267485547305,2.582904279198721,2613,2614,2,54.099999999998545,0.6327485380116789,23715.85,23661.75,2615,2024-11-22T13:40:00+05:30,23717.95,23671.325591,23596.433402,66.3198,2024-11-22T12:30:00+05:30,2024-11-22T13:35:00+05:30,2024-11-22T13:30:00+05:30,2024-11-22T13:35:00+05:30,0.12227026366106683,0.341302684253912,0.5354594305157064,0.5719296988146017,225.0,23700.0,2024-11-28,2.577777777777783,2.577777777777783,22.422222222222217,37.53333333333333,53.0,-4.9777777777777725,True
CE,2602,2615,81.15000000000146,0.34214592745157757,2.5661265352409797,2614,2615,2,30.799999999999272,0.3795440542205634,23719.5,23688.7,2616,2024-11-22T13:45:00+05:30,23733.85,23677.280296,23601.822288,66.7377,2024-11-22T12:35:00+05:30,2024-11-22T13:40:00+05:30,2024-11-22T13:35:00+05:30,2024-11-22T13:40:00+05:30,0.27408111199827634,0.40848829835867645,0.6303233567246873,0.6956309237650116,201.2,23750.0,2024-11-28,6.113320079522869,6.113320079522869,34.19483101391651,51.86381709741552,54.76640159045726,-3.7027833001988015,True
CE,2603,2616,94.79999999999927,0.3994295068014641,3.0562618146038467,2615,2616,2,30.400000000001455,0.32067510548524986,23737.5,23707.1,2617,2024-11-22T13:50:00+05:30,23746.95,23683.915506,23607.513571,69.2069,2024-11-22T12:40:00+05:30,2024-11-22T13:45:00+05:30,2024-11-22T13:40:00+05:30,2024-11-22T13:45:00+05:30,0.353097976792803,0.4893259976544387,0.5455437435123217,0.7784157544442488,213.5,23750.0,2024-11-28,14.824355971896958,14.824355971896958,40.93208430913348,37.067915690866506,48.47775175644028,-6.135831381733019,True
CE,2606,2617,95.09999999999854,0.40047248172922645,3.127277634775753,2616,2617,2,36.70000000000073,0.3859095688748821,23751.05,23714.35,2618,2024-11-22T13:55:00+05:30,23798.9,23694.86641,23615.018921,71.1097,2024-11-22T12:55:00+05:30,2024-11-22T13:50:00+05:30,2024-11-22T13:45:00+05:30,2024-11-22T13:50:00+05:30,0.2699704608196177,0.193496338066042,0.21618646239951042,0.5491850463676771,212.35,23800.0,2024-11-28,11.961384506710623,11.961384506710623,15.563927478219924,15.634565575700504,33.2705439133506,-15.540381445726394,True
CE,2606,2618,142.95000000000073,0.6006580136056738,4.408364624395792,2617,2618,2,70.35000000000218,0.4921301154249865,23798.9,23728.55,2619,2024-11-22T14:00:00+05:30,23830.8,23707.812467,23623.480924,77.142,2024-11-22T12:55:00+05:30,2024-11-22T13:55:00+05:30,2024-11-22T13:50:00+05:30,2024-11-22T13:55:00+05:30,0.05937694076573785,0.2209325746512977,0.14141363277775285,0.35185558185206617,208.55,23850.0,2024-11-28,14.81659074562454,14.81659074562454,15.775593382881791,7.144569647566519,21.122033085590978,-12.37113402061856,True
CE,2606,2619,175.89999999999782,0.7381204155966137,5.337802643016403,2618,2619,2,91.59999999999854,0.5207504263786225,23831.85,23740.25,2620,2024-11-22T14:05:00+05:30,23863.15,23722.606517,23632.879712,79.9153,2024-11-22T12:55:00+05:30,2024-11-22T14:00:00+05:30,2024-11-22T13:55:00+05:30,2024-11-22T14:00:00+05:30,0.08506840044168214,0.05594399733479672,-0.07396341220669297,0.306749108981828,239.45,23850.0,2024-11-28,-9.500939653372312,-9.500939653372312,-3.988306535811227,-10.231781165170183,5.491751931509713,-23.679264982250988,True
CE,2613,2620,208.79999999999927,0.8749892616859017,6.169727610958231,2619,2621,3,78.5,0.37595785440613155,23870.55,23792.05,2622,2024-11-22T14:15:00+05:30,23883.45,23748.467013,23650.696343,76.8197,2024-11-22T13:30:00+05:30,2024-11-22T14:05:00+05:30,2024-11-22T14:00:00+05:30,2024-11-22T14:10:00+05:30,-0.13858969286263995,-0.07934364591380527,0.06489849665772741,0.020934998921847556,213.75,23900.0,2024-11-28,-5.9883040935672565,-5.9883040935672565,-8.51461988304093,-0.3274853801169537,4.467836257309947,-26.15204678362573,True
CE,2613,2626,216.45000000000073,0.9077184374410296,5.611705886255601,2625,2627,3,77.45000000000073,0.35781935781936,23878.2,23800.75,2628,2024-11-22T14:45:00+05:30,23898.95,23801.501939,23696.486386,68.2993,2024-11-22T13:30:00+05:30,2024-11-22T14:35:00+05:30,2024-11-22T14:30:00+05:30,2024-11-22T14:40:00+05:30,0.1282483121643328,0.06569326267472307,-0.04393498459137326,1.623502287757412,213.05,23900.0,2024-11-28,6.852851443323161,6.852851443323161,-7.251818821872807,-14.40976296643981,13.682234217319866,-24.900258155362597,True
CE,2615,2628,194.45000000000073,0.8136340717897678,4.875911377922292,2627,2628,2,70.04999999999927,0.36024685008999235,23901.55,23831.5,2629,2024-11-22T14:50:00+05:30,23931.8,23813.911278,23705.71437,73.203,2024-11-22T13:40:00+05:30,2024-11-22T14:45:00+05:30,2024-11-22T14:40:00+05:30,2024-11-22T14:45:00+05:30,-0.07166197277261976,0.01901236012334748,-0.1412346752020294,1.512422801460821,,,,,,,,,,False
CE,2625,2635,104.40000000000146,0.43685664072307917,2.5721435766602867,2635,2636,2,46.25,0.44300766283524284,23905.15,23858.9,2637,2024-11-25T09:15:00+05:30,24288.6,23900.645171,23775.860252,57.633,2024-11-22T14:30:00+05:30,2024-11-22T15:20:00+05:30,2024-11-22T15:20:00+05:30,2024-11-22T15:25:00+05:30,0.09551806197146286,-0.006793310441926737,0.003911299951420533,-0.0006175736765306243,176.1,24300.0,2024-11-28,-0.45428733674047866,-0.45428733674047866,-6.871095968199883,-7.836456558773415,15.161839863713809,-28.449744463373083,True
CE,2637,2650,99.20000000000073,0.4080423837572835,2.1647438598469915,2649,2650,2,52.45000000000073,0.5287298387096808,24311.45,24259.0,2651,2024-11-25T10:25:00+05:30,24316.05,24192.053039,23994.840037,76.3609,2024-11-25T09:15:00+05:30,2024-11-25T10:20:00+05:30,2024-11-25T10:15:00+05:30,2024-11-25T10:20:00+05:30,-0.032488829394567854,0.0059631395724253225,-0.01645004019978574,0.020151299244743515,169.4,24300.0,2024-11-28,-0.7378984651711924,-0.7378984651711924,-2.243211334120432,-4.486422668240846,4.693034238488777,-7.615112160566709,True
CE,2638,2651,84.25,0.34647897170798714,1.9325652848652843,2650,2651,2,29.149999999997817,0.3459940652818732,24317.3,24288.15,2652,2024-11-25T10:30:00+05:30,24319.95,24204.233702,24007.589447,76.6794,2024-11-25T09:20:00+05:30,2024-11-25T10:25:00+05:30,2024-11-25T10:20:00+05:30,2024-11-25T10:25:00+05:30,-0.010074033869316044,-0.011924366620825516,0.08449852898545955,-0.000411185055899304,168.15,24300.0,2024-11-28,-6.125483199524242,-6.125483199524242,-1.100208147487359,8.920606601248885,10.585786500148666,-6.928337793636636,True
CE,2645,2655,73.75,0.303285143551541,2.035161295432182,2655,2657,3,19.200000000000728,0.26033898305085734,24322.9,24303.7,2658,2024-11-25T11:00:00+05:30,24340.5,24255.83634,24073.787547,72.9296,2024-11-25T09:55:00+05:30,2024-11-25T10:45:00+05:30,2024-11-25T10:45:00+05:30,2024-11-25T10:55:00+05:30,-0.022801503666725304,0.018487705675725642,-0.08483802715639142,-0.23479386208172165,156.0,24350.0,2024-11-28,-3.0448717948717947,-3.0448717948717947,-1.0000000000000013,-13.461538461538462,4.102564102564106,-15.102564102564104,True
CE,2829,2840,53.39999999999782,0.2194812187372753,2.521503252243291,2840,2841,2,17.299999999999272,0.32397003745318315,24337.35,24320.05,2842,2024-11-27T13:50:00+05:30,24337.8,24298.376809,24256.196444,67.9526,2024-11-27T12:45:00+05:30,2024-11-27T13:40:00+05:30,2024-11-27T13:40:00+05:30,2024-11-27T13:45:00+05:30,-0.1066242634913621,-0.09553040948647783,-0.2005111390511849,-0.19023905200962812,88.85,24350.0,2024-11-28,0.0,0.0,-16.82611142374788,-14.012380416432176,18.064153066966814,-22.62239729881823,True
PE,2893,2899,61.04999999999927,0.25361310396682996,2.0724561915689317,2899,2900,2,32.0,0.5241605241605304,24096.15,24064.15,2901,2024-11-28T12:30:00+05:30,24051.15,24094.628636,24156.361826,43.63,2024-11-28T11:50:00+05:30,2024-11-28T12:20:00+05:30,2024-11-28T12:20:00+05:30,2024-11-28T12:25:00+05:30,-0.08606657062136623,-0.10623192653990726,-0.26797055442255663,-0.2039403521245467,79.5,24050.0,2024-11-28,22.389937106918236,22.389937106918236,7.924528301886789,32.578616352201266,54.339622641509436,-36.16352201257861,True
PE,2893,2901,75.85000000000218,0.3153695353444729,2.5101822888752916,2900,2901,2,46.80000000000291,0.6170072511536132,24096.15,24049.35,2902,2024-11-28T12:35:00+05:30,24015.85,24087.125908,24150.851558,36.4746,2024-11-28T11:50:00+05:30,2024-11-28T12:30:00+05:30,2024-11-28T12:25:00+05:30,2024-11-28T12:30:00+05:30,0.04059818827982354,0.06141777201306638,-0.13345353173008356,-0.08536029330629565,68.7,24000.0,2024-11-28,-21.76128093158661,-21.76128093158661,-22.489082969432317,0.0,34.78893740902473,-28.02037845705968,True
PE,2893,2906,123.90000000000146,0.5161768749427225,4.129868257202644,2905,2906,2,36.150000000001455,0.2917675544794272,24037.45,24001.3,2907,2024-11-28T13:00:00+05:30,23986.7,24057.983421,24126.125702,32.0825,2024-11-28T11:50:00+05:30,2024-11-28T12:55:00+05:30,2024-11-28T12:50:00+05:30,2024-11-28T12:55:00+05:30,-0.030641980764349337,-0.042732013991086726,0.06420224541098948,0.25097241387936114,73.9,24000.0,2024-11-28,-7.036535859269286,-7.036535859269286,-5.615696887686069,-22.733423545331533,11.502029769959405,-36.874154262516925,True
PE,2900,2907,111.75,0.46588317692721376,3.8036778075567077,2906,2907,2,51.599999999998545,0.46174496644294,24036.0,23984.4,2908,2024-11-28T13:05:00+05:30,23983.8,24050.918333,24120.544302,29.866,2024-11-28T12:25:00+05:30,2024-11-28T13:00:00+05:30,2024-11-28T12:55:00+05:30,2024-11-28T13:00:00+05:30,-0.030645685837934544,0.0008338962132803293,0.04815750631676079,0.23724347267739665,68.7,24000.0,2024-11-28,5.094614264919942,5.094614264919942,-0.16011644832605448,-9.170305676855902,19.941775836972347,-32.096069868995635,True
PE,2901,2914,109.44999999999709,0.45613004186226536,4.0318412684167875,2913,2914,2,29.149999999997817,0.26633165829144445,24012.3,23983.15,2915,2024-11-28T13:40:00+05:30,23979.1,24019.777384,24088.351116,36.1057,2024-11-28T12:30:00+05:30,2024-11-28T13:35:00+05:30,2024-11-28T13:30:00+05:30,2024-11-28T13:35:00+05:30,0.040868923354099654,0.27940998619631263,-0.0842400256890254,-0.2320771004749879,71.65,24000.0,2024-11-28,-2.7913468248429862,-2.7913468248429862,-29.79762735519889,29.099790648988126,170.7606420097697,-67.20167480809491,True
PE,2902,2915,73.39999999999782,0.3060998953255035,2.7567832831064627,2914,2915,2,22.549999999999272,0.3072207084468657,24001.5,23978.95,2916,2024-11-28T13:45:00+05:30,23975.35,24015.546204,24083.9197,32.9152,2024-11-28T12:35:00+05:30,2024-11-28T13:40:00+05:30,2024-11-28T13:35:00+05:30,2024-11-28T13:40:00+05:30,0.29509475356981235,0.29843151403421814,-0.21918345300485403,-0.22981937698510574,69.65,24000.0,2024-11-28,-2.8715003589375447,-2.8715003589375447,-48.097631012203884,57.358219669777434,178.53553481694183,-66.25987078248386,True
PE,2901,2914,109.44999999999709,0.45613004186226536,4.0318412684167875,2913,2920,8,91.69999999999709,0.8378254910918185,24074.85,23969.5,2921,2024-11-28T14:10:00+05:30,23958.9,24015.217789,24071.557783,52.1701,2024-11-28T12:30:00+05:30,2024-11-28T13:35:00+05:30,2024-11-28T13:30:00+05:30,2024-11-28T14:05:00+05:30,-0.17634365517615583,0.06344197772016699,-0.1479617177750261,-0.18072616021604876,62.95,23950.0,2024-11-28,20.730738681493243,20.730738681493243,-27.164416203335982,-19.698173153296274,146.22716441620332,-68.7053216838761,True
PE,2920,2926,136.39999999999782,0.5697279799509124,3.1919254955914296,2925,2926,2,70.89999999999782,0.519794721407617,24009.35,23938.45,2927,2024-11-28T14:40:00+05:30,23923.45,23982.371719,24043.969724,38.8699,2024-11-28T14:05:00+05:30,2024-11-28T14:35:00+05:30,2024-11-28T14:30:00+05:30,2024-11-28T14:35:00+05:30,0.02863299398706518,-0.04848798981753126,-0.03281299310928057,0.44161690726044034,24.55,23900.0,2024-11-28,-16.293279022403258,-16.293279022403258,-39.71486761710794,-89.65376782077394,49.08350305498982,-89.65376782077394,True
PE,2920,2927,159.89999999999782,0.6683818596398003,3.8475370493273933,2926,2930,5,59.14999999999782,0.3699186991869833,23974.1,23910.65,2931,2024-11-28T15:00:00+05:30,23899.2,23959.932475,24024.896574,35.8266,2024-11-28T14:05:00+05:30,2024-11-28T14:40:00+05:30,2024-11-28T14:35:00+05:30,2024-11-28T14:55:00+05:30,0.06862154381735713,0.12552721430006025,0.31988518444132324,0.5738685813750997,9.44,23900.0,2024-11-28,-19.491525423728813,-19.491525423728813,-96.82203389830508,,251.69491525423737,-98.9406779661017,True
CE,3062,3072,135.4499999999971,0.5581251609580101,6.01275716633413,3071,3074,4,44.0,0.3248431155407969,24275.1,24231.1,3075,2024-12-02T14:30:00+05:30,24282.25,24216.581998,24180.147288,71.6761,2024-12-02T13:25:00+05:30,2024-12-02T14:15:00+05:30,2024-12-02T14:10:00+05:30,2024-12-02T14:25:00+05:30,0.047359696897939854,0.010295586282160837,-0.006383263494936724,0.1365194741014587,179.65,24300.0,2024-12-05,-4.286111884219325,-4.286111884219325,-5.649874756470918,-10.186473698858899,2.866685221263571,-14.728639020317289,True
CE,3062,3072,135.4499999999971,0.5581251609580101,6.01275716633413,3071,3076,6,44.0,0.3248431155407969,24288.0,24231.1,3077,2024-12-02T14:40:00+05:30,24293.75,24229.357146,24188.347573,73.5424,2024-12-02T13:25:00+05:30,2024-12-02T14:15:00+05:30,2024-12-02T14:10:00+05:30,2024-12-02T14:35:00+05:30,-0.15600720349884828,-0.12945716490867293,-0.07491638795986921,0.02593259583225839,178.5,24300.0,2024-12-05,-5.042016806722689,-5.042016806722689,-10.784313725490197,-11.036414565826325,3.5294117647058885,-14.179271708683475,True
CE,3080,3091,59.29999999999927,0.24394809212434057,2.2645229335645594,3090,3091,2,32.099999999998545,0.5413153456998134,24312.1,24280.0,3092,2024-12-03T09:40:00+05:30,24317.6,24279.465802,24234.129629,65.2144,2024-12-02T14:55:00+05:30,2024-12-03T09:35:00+05:30,2024-12-03T09:30:00+05:30,2024-12-03T09:35:00+05:30,0.04441227752739954,0.0832730203638517,0.07957199723657837,0.3694854755403584,170.5,24300.0,2024-12-05,0.0,0.0,1.4369501466275592,1.7008797653958976,3.3724340175953076,-5.923753665689146,True
CE,3080,3092,68.5,0.2816889824653749,2.67224032280351,3091,3092,2,28.149999999997817,0.4109489051094572,24321.3,24293.15,3093,2024-12-03T09:45:00+05:30,24329.65,24284.24525,24237.875526,67.2294,2024-12-02T14:55:00+05:30,2024-12-03T09:40:00+05:30,2024-12-03T09:35:00+05:30,2024-12-03T09:40:00+05:30,0.03370373186624999,0.023017182737929007,0.16481946924842134,0.31977443160916524,145.6,24350.0,2024-12-05,-2.4381868131868014,-2.4381868131868014,-3.1593406593406557,5.631868131868144,8.447802197802206,-7.348901098901091,True
CE,3085,3096,85.20000000000073,0.350109409190375,3.5200771442258953,3095,3098,4,30.200000000000728,0.3544600938967191,24348.4,24314.0,3099,2024-12-03T10:15:00+05:30,24369.75,24310.805953,24260.092778,69.3211,2024-12-02T15:20:00+05:30,2024-12-03T10:00:00+05:30,2024-12-03T09:55:00+05:30,2024-12-03T10:10:00+05:30,0.10566378399450138,0.07386206259809805,0.15469998666379725,0.2509258404374335,153.8,24350.0,2024-12-05,2.99089726918075,2.99089726918075,9.427828348504551,16.77503250975291,22.886866059817937,-9.232769830949296,True
CE,3086,3099,103.04999999999927,0.4228603083741084,4.314075767980811,3098,3099,2,38.0,0.3687530325084936,24371.05,24333.05,3100,2024-12-03T10:20:00+05:30,24373.55,24316.781577,24264.542081,76.0048,2024-12-02T15:25:00+05:30,2024-12-03T10:15:00+05:30,2024-12-03T10:10:00+05:30,2024-12-03T10:15:00+05:30,0.0582598759721121,0.13662351196275993,0.11980199847786116,0.24001427777242132,158.4,24350.0,2024-12-05,11.111111111111107,11.111111111111107,13.320707070707066,12.24747474747475,19.318181818181817,-3.093434343434347,True
CE,3090,3100,100.15000000000146,0.4108962379300572,4.355970898721891,3099,3100,2,44.85000000000218,0.4478282576135949,24380.15,24335.3,3101,2024-12-03T10:25:00+05:30,24395.5,24324.278569,24269.677685,76.6398,2024-12-03T09:30:00+05:30,2024-12-03T10:20:00+05:30,2024-12-03T10:15:00+05:30,2024-12-03T10:20:00+05:30,0.04652497386812545,0.04898444385235281,0.05615789797298981,0.12563792502716262,146.0,24400.0,2024-12-05,-4.664383561643837,-4.664383561643837,2.054794520547945,3.0821917808219177,8.21917808219178,-11.061643835616444,True
CE,3090,3102,123.54999999999927,0.5066068005453528,5.398141204363501,3101,3102,2,33.45000000000073,0.2707405908539128,24403.55,24370.1,3103,2024-12-03T10:35:00+05:30,24406.85,24337.611709,24279.505699,75.8644,2024-12-03T09:30:00+05:30,2024-12-03T10:30:00+05:30,2024-12-03T10:25:00+05:30,2024-12-03T10:30:00+05:30,0.0024583262485826022,-0.016798562698580703,0.03748947529075426,0.06698939027364115,149.19,24400.0,2024-12-05,-0.12735438032039528,-0.12735438032039528,-0.9652121455861638,2.2856759836450142,7.74850861317783,-6.367719016019841,True
CE,3090,3102,123.54999999999927,0.5066068005453528,5.398141204363501,3101,3107,7,33.45000000000073,0.2707405908539128,24417.7,24370.1,3108,2024-12-03T11:00:00+05:30,24419.4,24366.031078,24303.065282,77.2364,2024-12-03T09:30:00+05:30,2024-12-03T10:30:00+05:30,2024-12-03T10:25:00+05:30,2024-12-03T10:55:00+05:30,-0.010852027486348784,0.047093704186016036,0.04996027748428335,0.011261537957525573,154.25,24400.0,2024-12-05,-1.0696920583468432,-1.0696920583468432,2.755267423014587,1.5559157212317702,6.3209076175040515,-3.565640194489465,True
CE,3090,3102,123.54999999999927,0.5066068005453528,5.398141204363501,3101,3110,10,33.45000000000073,0.2707405908539128,24425.7,24370.1,3111,2024-12-03T11:15:00+05:30,24430.9,24380.475053,24316.450066,77.0095,2024-12-03T09:30:00+05:30,2024-12-03T10:30:00+05:30,2024-12-03T10:25:00+05:30,2024-12-03T11:10:00+05:30,-0.019442591144820696,0.00286522395817219,-0.043796994789388546,-0.05116471353900184,129.8,24450.0,2024-12-05,-0.4699537750385313,-0.4699537750385313,-1.3867488443759717,-4.66101694915255,3.3513097072419065,-7.588597842835138,True
CE,3106,3117,35.64999999999782,0.14598570036280545,2.152506634731749,3117,3118,2,28.849999999998545,0.8092566619915936,24430.55,24401.7,3119,2024-12-03T11:55:00+05:30,24439.1,24404.554498,24346.033478,58.2307,2024-12-03T10:50:00+05:30,2024-12-03T11:45:00+05:30,2024-12-03T11:45:00+05:30,2024-12-03T11:50:00+05:30,-0.10515935529539586,-0.07917640174964931,-0.15098755682491508,-0.043577709490111416,130.05,24450.0,2024-12-05,-2.9988465974625185,-2.9988465974625185,-5.151864667435614,-10.495963091118805,2.1145713187235677,-14.686658977316421,True
CE,3125,3127,45.64999999999782,0.18687609889490447,2.4659669550703422,3126,3127,2,29.349999999998545,0.6429353778751358,24428.3,24398.95,3128,2024-12-03T12:40:00+05:30,24437.6,24412.140008,24367.37113,59.6744,2024-12-03T12:25:00+05:30,2024-12-03T12:35:00+05:30,2024-12-03T12:30:00+05:30,2024-12-03T12:35:00+05:30,-0.0024552329197570335,-0.03744230202637664,-0.10414279634660151,0.04051134317609526,129.5,24450.0,2024-12-05,-1.8146718146718102,-1.8146718146718102,-1.7760617760617738,-8.030888030888034,2.0077220077220033,-9.034749034749037,True
CE,3161,3166,120.04999999999927,0.48914051024627864,5.606309140899054,3165,3166,2,42.75,0.3561016243232008,24552.8,24510.05,3167,2024-12-04T09:40:00+05:30,24561.55,24487.199055,24450.248319,76.1704,2024-12-03T15:25:00+05:30,2024-12-04T09:35:00+05:30,2024-12-04T09:30:00+05:30,2024-12-04T09:35:00+05:30,0.0038678340739925926,-0.06534603882897974,-0.07613526019327253,-0.1294706563714394,119.95,24550.0,2024-12-05,-4.418507711546475,-4.418507711546475,-7.419758232596919,-6.586077532305132,5.877448937057104,-13.255523134639438,True
CE,3163,3175,77.79999999999927,0.3172150314258949,3.547018072512961,3175,3176,2,34.099999999998545,0.438303341902299,24542.85,24508.75,3177,2024-12-04T10:30:00+05:30,24545.8,24522.936301,24481.444883,59.0773,2024-12-04T09:20:00+05:30,2024-12-04T10:20:00+05:30,2024-12-04T10:20:00+05:30,2024-12-04T10:25:00+05:30,-0.06538796861377211,-0.09879490584947324,-0.03442544141971632,-0.019555280333088645,110.8,24550.0,2024-12-05,-3.384476534296029,-3.384476534296029,-11.101083032490973,-6.453068592057754,2.707581227436823,-12.680505415162452,True
CE,3175,3179,33.29999999999927,0.13575352378234296,1.6171005125576972,3179,3180,2,26.200000000000728,0.7867867867868258,24542.05,24515.85,3181,2024-12-04T10:50:00+05:30,24544.1,24526.359172,24489.095659,52.298,2024-12-04T10:20:00+05:30,2024-12-04T10:40:00+05:30,2024-12-04T10:40:00+05:30,2024-12-04T10:45:00+05:30,-0.027501517676345844,-0.047873012251416845,-0.011204322016289047,-0.05153988127492073,107.6,24550.0,2024-12-05,-3.6245353159851224,-3.6245353159851224,-3.578066914498136,-3.717472118959108,4.46096654275094,-8.828996282527882,True
CE,3272,3285,134.5,0.5461407743829523,3.846112712434817,3284,3288,5,78.15000000000146,0.5810408921933193,24648.9,24570.75,3289,2024-12-05T13:35:00+05:30,24650.7,24573.667546,24514.524711,65.2215,2024-12-05T12:10:00+05:30,2024-12-05T13:15:00+05:30,2024-12-05T13:10:00+05:30,2024-12-05T13:30:00+05:30,-0.007099189881017577,-0.05638785105494552,0.01926922967704771,0.6588048209584223,118.95,24650.0,2024-12-05,-22.824716267339223,-22.824716267339223,-15.174443043295499,-18.411097099621696,6.052963430012612,-31.65195460277428,True
CE,3280,3291,93.84999999999854,0.38074644153198633,2.6167925250463724,3291,3292,2,26.799999999999272,0.28556206712839305,24654.6,24627.8,3293,2024-12-05T13:55:00+05:30,24664.7,24599.055318,24534.611324,65.0484,2024-12-05T12:50:00+05:30,2024-12-05T13:45:00+05:30,2024-12-05T13:45:00+05:30,2024-12-05T13:50:00+05:30,-0.03750299010326499,0.29232060394003795,0.660863501279156,-0.5773433287248637,113.65,24650.0,2024-12-05,-23.84513858337,-23.84513858337,23.537175538935326,97.4923009238891,111.7465904091509,-24.681038275406962,True
CE,3287,3293,106.45000000000073,0.43158846448568494,3.0383710152706254,3293,3295,3,40.75,0.3828088304368222,24677.2,24636.45,3296,2024-12-05T14:10:00+05:30,24736.8,24620.993286,24551.264898,65.6512,2024-12-05T13:25:00+05:30,2024-12-05T13:55:00+05:30,2024-12-05T13:55:00+05:30,2024-12-05T14:05:00+05:30,0.09782995375311572,0.3674687105850452,0.3137026616215605,0.057404353028688945,77.0,24750.0,2024-12-05,23.57142857142858,23.57142857142858,84.61038961038962,22.662337662337666,103.96103896103897,-31.753246753246756,True
CE,3287,3296,191.95000000000073,0.7759694059053748,4.969169918480779,3295,3296,2,116.10000000000218,0.6048450117218116,24762.7,24646.6,3297,2024-12-05T14:15:00+05:30,24765.15,24634.722497,24559.652549,75.0799,2024-12-05T13:25:00+05:30,2024-12-05T14:10:00+05:30,2024-12-05T14:05:00+05:30,2024-12-05T14:10:00+05:30,0.2525726676398054,0.3256592429280574,0.10882227646510151,-0.12658917874514058,95.15,24750.0,2024-12-05,-9.721492380451917,-9.721492380451917,52.39096163951654,-24.11981082501314,65.055176037835,-28.27115081450342,True
CE,3287,3297,195.04999999999927,0.787598702208544,5.1020488237691195,3296,3298,3,113.14999999999782,0.5801076647013496,24772.15,24652.65,3299,2024-12-05T14:25:00+05:30,24827.7,24663.982362,24577.750546,76.2842,2024-12-05T13:25:00+05:30,2024-12-05T14:15:00+05:30,2024-12-05T14:10:00+05:30,2024-12-05T14:20:00+05:30,-0.0588052860313367,-0.053569198918946466,-1.230077695477235,-0.5081018378665824,75.3,24850.0,2024-12-05,-3.6520584329349273,-3.6520584329349273,-61.08897742363878,-94.23638778220452,14.741035856573717,-95.61752988047809,True
CE,3287,3299,268.0499999999993,1.0796408849792742,6.549070877292065,3298,3299,2,92.34999999999854,0.34452527513523146,24838.8,24746.45,3300,2024-12-05T14:30:00+05:30,24845.8,24681.298327,24588.26229,81.0448,2024-12-05T13:25:00+05:30,2024-12-05T14:25:00+05:30,2024-12-05T14:20:00+05:30,2024-12-05T14:25:00+05:30,-0.1263795088103334,-0.21613310901641616,-0.720242455465313,-0.6294826489788931,72.55,24850.0,2024-12-05,-49.13852515506547,-49.13852515506547,-73.96278428669882,-96.6919365954514,5.651274982770515,-97.93246037215714,True
CE,3307,3319,72.89999999999782,0.29493333656990434,1.5838366450437367,3319,3320,2,56.099999999998545,0.7695473251028837,24722.6,24666.5,3321,2024-12-06T10:00:00+05:30,24726.95,24707.274279,24658.263809,48.7686,2024-12-05T15:05:00+05:30,2024-12-06T09:50:00+05:30,2024-12-06T09:50:00+05:30,2024-12-06T09:55:00+05:30,-0.30776136967964984,-0.398552995820347,-0.07400831885857038,-0.011323677202401721,214.85,24750.0,2024-12-12,-23.434954619501976,-23.434954619501976,-26.87921805911101,-15.499185478240626,6.260181521992096,-30.48638585059344,True
PE,3677,3689,156.79999999999927,0.6421163631151623,7.171968434556852,3688,3689,2,69.64999999999782,0.4441964285714167,24475.55,24405.9,3690,2024-12-13T09:30:00+05:30,24391.85,24509.913929,24547.484912,16.1067,2024-12-12T14:40:00+05:30,2024-12-13T09:25:00+05:30,2024-12-13T09:20:00+05:30,2024-12-13T09:25:00+05:30,0.024598380196664053,-0.008404446567190568,0.016398920131109367,-0.7445109739523593,171.7,24400.0,2024-12-19,-1.3104251601630752,-1.3104251601630752,-2.0093185789167087,-6.95981362842166,6.581246359930118,-9.143855562026786,True
PE,3686,3691,181.29999999999927,0.7433633398457891,7.615313509183898,3690,3696,7,46.0,0.25372311086596905,24426.0,24365.8,3697,2024-12-13T10:05:00+05:30,24354.6,24445.141622,24507.155571,26.0194,2024-12-12T15:25:00+05:30,2024-12-13T09:35:00+05:30,2024-12-13T09:30:00+05:30,2024-12-13T10:00:00+05:30,-0.2139226265263997,-0.3982820493869742,-0.5836679723748197,-0.41983855205998044,158.9,24350.0,2024-12-19,1.8250471994965423,1.8250471994965423,47.04216488357457,69.94965387035872,81.01950912523598,-13.505349276274393,True
PE,3686,3691,181.29999999999927,0.7433633398457891,7.615313509183898,3690,3698,9,46.0,0.25372311086596905,24426.0,24343.7,3699,2024-12-13T10:15:00+05:30,24302.5,24423.625681,24493.325385,20.5968,2024-12-12T15:25:00+05:30,2024-12-13T09:35:00+05:30,2024-12-13T09:30:00+05:30,2024-12-13T10:10:00+05:30,-0.15451085279291954,-0.37959057710112126,-0.34811233412199794,0.060693344306141345,168.6,24300.0,2024-12-19,21.945432977461447,21.945432977461447,43.030842230130496,41.429418742586,55.96085409252669,-17.61565836298932,True
PE,3686,3691,181.29999999999927,0.7433633398457891,7.615313509183898,3690,3699,10,46.0,0.25372311086596905,24426.0,24299.6,3700,2024-12-13T10:20:00+05:30,24257.6,24407.813712,24484.081252,16.0247,2024-12-12T15:25:00+05:30,2024-12-13T09:35:00+05:30,2024-12-13T09:30:00+05:30,2024-12-13T10:15:00+05:30,-0.19519655695533997,-0.1861272343512871,-0.11316041158233746,0.180355847239628,179.7,24250.0,2024-12-19,-0.6677796327211957,-0.6677796327211957,19.031719532554266,15.748469671675021,30.773511407902067,-18.336115748469666,True
PE,3688,3700,230.20000000000073,0.9489809379328571,7.876507853412123,3700,3701,2,58.60000000000218,0.25456125108602085,24303.95,24245.35,3702,2024-12-13T10:30:00+05:30,24210.25,24376.687868,24465.086385,15.8174,2024-12-13T09:20:00+05:30,2024-12-13T10:20:00+05:30,2024-12-13T10:20:00+05:30,2024-12-13T10:25:00+05:30,0.09458803605911321,0.03159818671844138,0.20425233114073887,0.5985068307844877,188.75,24200.0,2024-12-19,0.18543046357615592,0.18543046357615592,-1.3774834437086063,-14.357615894039732,10.198675496688741,-18.309933774834438,True
CE,3717,3730,220.04999999999927,0.8955223880596986,4.617443591857001,3729,3730,2,79.14999999999782,0.3596909793228724,24577.05,24497.9,3731,2024-12-13T12:55:00+05:30,24634.7,24503.541552,24460.638922,66.5453,2024-12-13T11:45:00+05:30,2024-12-13T12:50:00+05:30,2024-12-13T12:45:00+05:30,2024-12-13T12:50:00+05:30,0.11873495516486905,0.022123265150380267,0.11853198942954744,0.4189212777098999,179.9,24650.0,2024-12-19,8.893829905503058,8.893829905503058,-1.9455252918287937,1.5286270150083379,14.61923290717064,-18.98276820455809,True
CE,3718,3731,264.5499999999993,1.0738917056022572,5.394409866140116,3730,3731,2,83.75,0.31657531657531746,24635.05,24551.3,3732,2024-12-13T13:00:00+05:30,24667.95,24519.199499,24468.768768,72.1265,2024-12-13T11:50:00+05:30,2024-12-13T12:55:00+05:30,2024-12-13T12:50:00+05:30,2024-12-13T12:55:00+05:30,-0.11269683942118933,-0.24160905142098218,0.0072969176603620185,0.2758640259932393,195.9,24650.0,2024-12-19,-2.2205206738131666,-2.2205206738131666,-18.3256763654926,-6.840224604389998,5.2577845839714055,-25.03828483920368,True
CE,3729,3735,154.9499999999971,0.6296643212567974,3.2649547782164805,3735,3736,2,78.04999999999927,0.5037108744756421,24652.85,24574.8,3737,2024-12-13T13:25:00+05:30,24663.9,24567.798909,24500.272887,65.6235,2024-12-13T12:45:00+05:30,2024-12-13T13:15:00+05:30,2024-12-13T13:15:00+05:30,2024-12-13T13:20:00+05:30,0.16765393956348568,0.2304988262196917,0.3000336524231772,0.386800141096898,182.65,24650.0,2024-12-19,-0.08212428141254074,-0.08212428141254074,15.767862031207217,17.73884478510813,27.89488091979194,-6.460443471119634,True
CE,3729,3737,166.0,0.6730484635438839,3.5069059534228386,3736,3737,2,89.10000000000218,0.5367469879518204,24663.9,24574.8,3738,2024-12-13T13:30:00+05:30,24669.75,24577.508537,24506.919048,68.207,2024-12-13T12:45:00+05:30,2024-12-13T13:25:00+05:30,2024-12-13T13:20:00+05:30,2024-12-13T13:25:00+05:30,0.2067309153923327,0.2746278336829518,0.26854751264200083,0.362589811408712,182.5,24650.0,2024-12-19,9.863013698630137,9.863013698630137,21.095890410958905,15.726027397260268,27.999999999999996,-5.7260273972602675,True
CE,3729,3737,166.0,0.6730484635438839,3.5069059534228386,3736,3738,3,89.10000000000218,0.5367469879518204,24680.35,24574.8,3739,2024-12-13T13:35:00+05:30,24705.25,24589.67439,24514.696733,68.7451,2024-12-13T12:45:00+05:30,2024-12-13T13:25:00+05:30,2024-12-13T13:20:00+05:30,2024-12-13T13:30:00+05:30,0.1305390554639196,0.06354924560569404,0.13762257010149664,0.11070521447869802,171.75,24700.0,2024-12-19,6.084425036390096,6.084425036390096,4.0465793304221185,8.966521106259101,17.612809315866084,-9.496360989810773,True
CE,3729,3739,209.79999999999927,0.8492122119792324,4.575106201669837,3738,3739,2,61.75,0.29432793136320407,24707.7,24645.95,3740,2024-12-13T13:40:00+05:30,24720.75,24602.157782,24522.777253,71.8579,2024-12-13T12:45:00+05:30,2024-12-13T13:35:00+05:30,2024-12-13T13:30:00+05:30,2024-12-13T13:35:00+05:30,0.0008090369426523369,0.0693749178321914,0.028316292992728778,0.07159976942447428,182.2,24700.0,2024-12-19,4.637760702524708,4.637760702524708,1.5367727771679536,-4.6652030735455545,10.867178924259063,-8.47969264544456,True
CE,3729,3740,238.4499999999971,0.9645742948737278,5.221485243539577,3739,3740,2,67.29999999999927,0.2822394631998326,24736.35,24669.05,3741,2024-12-13T13:45:00+05:30,24737.5,24615.047517,24531.197753,73.1168,2024-12-13T12:45:00+05:30,2024-12-13T13:40:00+05:30,2024-12-13T13:35:00+05:30,2024-12-13T13:40:00+05:30,0.0016169782718603546,-0.00606366851945427,0.03577564426477431,-0.08590197069226882,163.0,24750.0,2024-12-19,-6.785276073619634,-6.785276073619634,-5.368098159509203,-1.8404907975460123,6.472392638036817,-13.466257668711648,True
CE,3729,3740,238.4499999999971,0.9645742948737278,5.221485243539577,3739,3748,10,67.29999999999927,0.2822394631998326,24757.9,24669.05,3749,2024-12-13T14:25:00+05:30,24759.3,24684.154686,24588.198525,69.7299,2024-12-13T12:45:00+05:30,2024-12-13T13:40:00+05:30,2024-12-13T13:35:00+05:30,2024-12-13T14:20:00+05:30,-0.10783826683307172,-0.08421078140334559,-0.057150242535119404,0.08885550076133009,162.1,24750.0,2024-12-19,-2.776064157927206,-2.776064157927206,-8.667489204194931,-10.826650215916091,7.803824799506481,-19.956816779765575,True
CE,3754,3756,44.95000000000073,0.18166166878167753,1.3583159517241132,3755,3756,2,22.799999999999272,0.5072302558397976,24750.8,24728.0,3757,2024-12-13T15:05:00+05:30,24787.5,24718.616189,24631.229152,63.5355,2024-12-13T14:50:00+05:30,2024-12-13T15:00:00+05:30,2024-12-13T14:55:00+05:30,2024-12-13T15:00:00+05:30,-0.05930408472012397,0.010287443267773162,-0.2517397881997033,-0.12042360060513786,,,,,,,,,,False
PE,3831,3844,185.34999999999854,0.7559798269424055,7.5438959299714226,3843,3849,7,52.45000000000073,0.28297814944699834,24565.2,24501.85,3850,2024-12-17T10:20:00+05:30,24428.9,24557.501492,24606.031135,25.1783,2024-12-16T15:00:00+05:30,2024-12-17T09:50:00+05:30,2024-12-17T09:45:00+05:30,2024-12-17T10:15:00+05:30,-0.06283541215528404,-0.06918035605369646,0.07102243654032128,0.10499858773828463,172.25,24450.0,2024-12-19,-4.150943396226419,-4.150943396226419,1.9158200290275829,-6.856313497822933,14.77503628447024,-27.547169811320753,True
PE,3839,3851,203.59999999999854,0.8331389615225596,7.692684072308908,3850,3851,2,84.79999999999927,0.41650294695481277,24505.3,24420.5,3852,2024-12-17T10:30:00+05:30,24413.55,24533.468795,24592.140506,20.361,2024-12-17T09:25:00+05:30,2024-12-17T10:25:00+05:30,2024-12-17T10:20:00+05:30,2024-12-17T10:25:00+05:30,0.14582066106732608,0.1980457573765478,0.2807866942742832,0.03932242545636412,150.94,24400.0,2024-12-19,0.0,0.0,-0.16562872664634953,-13.475553199947003,13.62130647939579,-16.15873857161786,True
PE,3848,3859,59.349999999998545,0.24232105600535087,1.9745234245681331,3858,3859,2,29.69999999999709,0.5004212299915386,24500.1,24470.4,3860,2024-12-17T11:10:00+05:30,24467.85,24496.449269,24557.010824,44.1579,2024-12-17T10:10:00+05:30,2024-12-17T11:05:00+05:30,2024-12-17T11:00:00+05:30,2024-12-17T11:05:00+05:30,-0.054357044039420196,-0.19781059635398213,-0.30059854053379953,-0.36210782720998597,142.8,24450.0,2024-12-19,1.6736694677871051,1.6736694677871051,20.658263305322127,26.820728291316513,35.01400560224089,-7.6330532212885185,True
PE,3848,3860,64.29999999999927,0.26279382945374963,2.1556382915382875,3859,3860,2,30.599999999998545,0.47589424572315536,24496.05,24465.45,3861,2024-12-17T11:15:00+05:30,24458.15,24492.80172,24553.133929,39.7707,2024-12-17T10:10:00+05:30,2024-12-17T11:10:00+05:30,2024-12-17T11:05:00+05:30,2024-12-17T11:10:00+05:30,-0.1582294654338154,-0.14310158372567017,-0.26146703655019177,-0.3839211060525896,145.19,24450.0,2024-12-19,1.9698326331014628,1.9698326331014628,15.917074178662451,24.319856739444866,32.79151456711896,-6.5018251945726275,True
PE,3848,3861,71.79999999999927,0.2935626774715147,2.405223314265047,3860,3861,2,34.04999999999927,0.47423398328690275,24492.0,24457.95,3862,2024-12-17T11:20:00+05:30,24454.55,24489.158699,24549.267892,38.1512,2024-12-17T10:10:00+05:30,2024-12-17T11:15:00+05:30,2024-12-17T11:10:00+05:30,2024-12-17T11:15:00+05:30,-0.1284014631223957,-0.12983268962217664,-0.20139401461077797,-0.30853154116514403,148.05,24450.0,2024-12-19,16.379601485984463,16.379601485984463,11.719013846673416,16.717325227963524,30.226274907125966,-4.761904761904769,True
PE,3849,3862,71.65000000000146,0.2929925105961936,2.469946967670461,3861,3862,2,38.54999999999927,0.5380321004884646,24488.1,24449.55,3863,2024-12-17T11:25:00+05:30,24419.45,24482.519775,24544.176995,37.5402,2024-12-17T10:15:00+05:30,2024-12-17T11:20:00+05:30,2024-12-17T11:15:00+05:30,2024-12-17T11:20:00+05:30,0.013718572695120262,-0.10299167262162519,-0.14599018405411038,0.03419405432963701,146.55,24400.0,2024-12-19,0.0,0.0,-2.422381439781652,4.674172637325141,11.600136472193789,-15.353121801432968,True
PE,3858,3864,91.94999999999709,0.37648706247964364,3.1401808491451004,3863,3865,3,46.89999999999782,0.5100598151169038,24455.05,24408.15,3866,2024-12-17T11:40:00+05:30,24394.3,24464.343423,24529.345037,33.1732,2024-12-17T11:00:00+05:30,2024-12-17T11:30:00+05:30,2024-12-17T11:25:00+05:30,2024-12-17T11:35:00+05:30,0.04509250111706423,-0.04304284197537949,-0.06169474016470762,0.021931352816035643,153.4,24400.0,2024-12-19,0.0,0.0,0.26075619295958646,2.770534550195567,6.616688396349417,-12.522816166883969,True
PE,3858,3870,133.6999999999971,0.5478913150825713,4.468389337146261,3870,3872,3,40.44999999999709,0.3025430067314732,24406.85,24366.4,3873,2024-12-17T12:15:00+05:30,24364.25,24424.890975,24494.644535,31.8327,2024-12-17T11:00:00+05:30,2024-12-17T12:00:00+05:30,2024-12-17T12:00:00+05:30,2024-12-17T12:10:00+05:30,0.26083298275136424,0.3931990518895483,0.1403695989000307,-0.03427152487763237,132.94,24350.0,2024-12-19,0.0,0.0,-4.844290657439445,-27.373251090717616,1.5495712351436757,-28.990522040018046,True
PE,3876,3880,67.84999999999854,0.27790918902534584,2.222120768481038,3880,3881,2,42.45000000000073,0.6256448047163101,24434.65,24392.2,3882,2024-12-17T13:00:00+05:30,24392.05,24417.499411,24469.898666,50.6356,2024-12-17T12:30:00+05:30,2024-12-17T12:50:00+05:30,2024-12-17T12:50:00+05:30,2024-12-17T12:55:00+05:30,-0.08793848815495511,-0.14820402549190337,-0.2109293806793637,-0.16296293259484135,131.35,24400.0,2024-12-19,0.0,0.0,-2.360106585458694,11.990864103540162,15.72135515797488,-13.818043395508179,True
PE,3876,3882,74.64999999999782,0.3060423375648944,2.3718474009619572,3882,3883,2,51.099999999998545,0.6845277963831218,24436.5,24385.4,3884,2024-12-17T13:10:00+05:30,24370.6,24411.326729,24463.284313,44.2468,2024-12-17T12:30:00+05:30,2024-12-17T13:00:00+05:30,2024-12-17T13:00:00+05:30,2024-12-17T13:05:00+05:30,-0.0034878090814282163,-0.14525698997972072,-0.05662560626328146,-0.1407433546978707,115.45,24350.0,2024-12-19,0.0,0.0,4.590731918579468,10.134257254222609,10.697271546123858,-12.343005630142919,True
PE,3876,3884,90.79999999999927,0.372580075993202,2.9477602346364966,3883,3884,2,35.900000000001455,0.3953744493392262,24405.15,24369.25,3885,2024-12-17T13:15:00+05:30,24355.9,24406.047993,24459.073163,39.918,2024-12-17T12:30:00+05:30,2024-12-17T13:10:00+05:30,2024-12-17T13:05:00+05:30,2024-12-17T13:10:00+05:30,-0.08498967395990592,-0.06281845466602716,0.03674674308893159,-0.03572029775126654,120.75,24350.0,2024-12-19,0.0,0.0,-6.542443064182199,1.821946169772259,9.888198757763973,-9.068322981366462,True
PE,3876,3885,107.59999999999854,0.4417820733374605,3.5341623265061664,3884,3886,3,52.70000000000073,0.4897769516728758,24405.15,24352.45,3887,2024-12-17T13:25:00+05:30,24335.2,24396.172847,24450.84989,40.9965,2024-12-17T12:30:00+05:30,2024-12-17T13:15:00+05:30,2024-12-17T13:10:00+05:30,2024-12-17T13:20:00+05:30,0.1590288964134288,0.08876031427725493,0.15943982379433608,-0.07109043689798838,127.15,24350.0,2024-12-19,0.0,0.0,-3.3031852143138045,-13.605977192292576,4.357058592213914,-20.80220212347621,True
PE,3882,3893,90.95000000000073,0.37314351358004727,3.096429627687301,3893,3894,2,42.75,0.47003848268278897,24388.3,24345.55,3895,2024-12-17T14:05:00+05:30,24341.8,24375.163963,24425.528183,41.8212,2024-12-17T13:00:00+05:30,2024-12-17T13:55:00+05:30,2024-12-17T13:55:00+05:30,2024-12-17T14:00:00+05:30,0.022184061983918427,-0.07209820144771246,-0.05237903523979328,0.055049338997122055,110.8,24350.0,2024-12-19,0.0,0.0,3.3393501805054173,13.222021660649824,17.32851985559567,-12.86101083032491,True
PE,3882,3895,96.59999999999854,0.39684821993442776,3.206362591745984,3894,3895,2,48.39999999999782,0.5010351966873555,24388.3,24339.9,3896,2024-12-17T14:10:00+05:30,24336.3,24371.462633,24422.029039,39.9751,2024-12-17T13:00:00+05:30,2024-12-17T14:05:00+05:30,2024-12-17T14:00:00+05:30,2024-12-17T14:05:00+05:30,-0.049514511244516515,-0.07560722048954778,-0.018285441911879488,-0.007807267333151783,114.5,24350.0,2024-12-19,0.0,0.0,-4.628820960698688,18.602620087336255,24.978165938864624,-7.336244541484721,True
PE,3884,3897,74.75,0.3070168232897417,2.6312085124857796,3896,3897,2,19.649999999997817,0.2628762541805728,24350.05,24330.4,3898,2024-12-17T14:20:00+05:30,24324.25,24364.875534,24415.375172,42.0109,2024-12-17T13:10:00+05:30,2024-12-17T14:15:00+05:30,2024-12-17T14:10:00+05:30,2024-12-17T14:15:00+05:30,0.012333371018633668,0.019733393629810875,-0.04522236040165679,0.0014388932855012788,101.05,24300.0,2024-12-19,0.0,0.0,9.648688767936665,-2.6719445818901564,14.052449282533402,-15.883226125680352,True
PE,3894,3902,69.5,0.28563385028265426,2.6508613792878015,3902,3903,2,21.900000000001455,0.3151079136690857,24340.7,24318.8,3904,2024-12-17T14:50:00+05:30,24313.25,24346.725408,24396.047372,40.4587,2024-12-17T14:00:00+05:30,2024-12-17T14:40:00+05:30,2024-12-17T14:40:00+05:30,2024-12-17T14:45:00+05:30,0.14004709366291745,0.17253966458618542,0.04668236455430082,0.14662786752080226,97.85,24300.0,2024-12-19,0.0,0.0,-7.204905467552374,-18.405723045477764,4.598875830352581,-23.04547777210015,True
PE,3895,3908,36.89999999999782,0.1516371885067962,1.4194674927325501,3907,3908,2,22.899999999997817,0.6205962059620371,24356.3,24333.4,3909,2024-12-17T15:15:00+05:30,24332.15,24343.992012,24385.881062,44.5485,2024-12-17T14:05:00+05:30,2024-12-17T15:10:00+05:30,2024-12-17T15:05:00+05:30,2024-12-17T15:10:00+05:30,-0.05260529792888385,-0.010685451141811072,-0.07870245744827914,-0.2920005013942578,102.85,24350.0,2024-12-19,0.0,0.0,5.785123966942152,24.2586290714633,39.620807000486145,-2.5279533300923624,True
PE,3906,3909,36.20000000000073,0.14877435820509377,1.4270282782604513,3908,3909,2,30.049999999999272,0.8301104972375323,24356.3,24326.25,3910,2024-12-17T15:20:00+05:30,24324.6,24342.145153,24383.477883,43.9881,2024-12-17T15:00:00+05:30,2024-12-17T15:15:00+05:30,2024-12-17T15:10:00+05:30,2024-12-17T15:15:00+05:30,0.020349769369283476,-0.049538327454508084,0.09989886781284342,-0.30976871151015245,86.15,24300.0,2024-12-19,0.0,0.0,4.817179338363309,19.384793964016236,34.41671503192106,-7.777132907719098,True
PE,3918,3922,152.54999999999927,0.6290916213903492,4.175022870258004,3921,3922,2,42.5,0.27859718125204985,24284.4,24241.9,3923,2024-12-18T10:10:00+05:30,24237.5,24312.551139,24352.797563,34.1311,2024-12-18T09:45:00+05:30,2024-12-18T10:05:00+05:30,2024-12-18T10:00:00+05:30,2024-12-18T10:05:00+05:30,0.14254770500257563,0.08231046931408242,0.2624033006704427,-0.08623001547189872,91.7,24250.0,2024-12-19,0.0,0.0,4.089422028353326,-3.9803707742639105,5.670665212649948,-11.341330425299896,True
PE,3918,3922,152.54999999999927,0.6290916213903492,4.175022870258004,3921,3923,3,42.5,0.27859718125204985,24284.4,24231.8,3924,2024-12-18T10:15:00+05:30,24228.95,24304.589125,24347.940796,32.5934,2024-12-18T09:45:00+05:30,2024-12-18T10:05:00+05:30,2024-12-18T10:00:00+05:30,2024-12-18T10:10:00+05:30,0.117627879045522,0.2585749692000595,0.171901795166517,-0.017747364206865228,95.45,24250.0,2024-12-19,0.0,0.0,-12.100576217915135,-26.401257202723944,1.5191199580932453,-30.906233630172864,True
PE,3918,3928,123.15000000000146,0.5070238134448859,3.553439502930555,3928,3929,2,34.60000000000218,0.28095818107999815,24305.9,24271.3,3930,2024-12-18T10:45:00+05:30,24270.6,24294.017077,24333.582014,49.1179,2024-12-18T09:45:00+05:30,2024-12-18T10:35:00+05:30,2024-12-18T10:35:00+05:30,2024-12-18T10:40:00+05:30,-0.18293738102889018,-0.14626750059743066,-0.1893237085197609,-0.17366690563891218,74.2,24250.0,2024-12-19,0.0,0.0,10.579514824797835,19.474393530997308,33.89487870619945,-18.800539083557954,True
PE,3918,3930,124.90000000000146,0.5146143894258959,3.6341508223219567,3929,3930,2,44.0,0.3522818254603642,24313.55,24269.55,3931,2024-12-18T10:50:00+05:30,24246.3,24289.472594,24330.15919,43.6307,2024-12-18T09:45:00+05:30,2024-12-18T10:45:00+05:30,2024-12-18T10:40:00+05:30,2024-12-18T10:45:00+05:30,-0.04619261495568697,-0.14414570470546323,-0.1059955539608135,-0.09754065568766293,82.05,24250.0,2024-12-19,0.0,0.0,14.50335161486899,18.220597196831203,22.912858013406456,-12.309567336989634,True
PE,3918,3931,148.75,0.6134956673801776,4.392631635800961,3930,3931,2,67.84999999999854,0.4561344537815028,24313.55,24245.7,3932,2024-12-18T10:55:00+05:30,24226.2,24283.446632,24326.082359,39.8144,2024-12-18T09:45:00+05:30,2024-12-18T10:50:00+05:30,2024-12-18T10:45:00+05:30,2024-12-18T10:50:00+05:30,-0.06129727320009817,-0.039626520048551495,0.08338080260214449,0.04148401317581491,93.95,24250.0,2024-12-19,0.0,0.0,-5.641298563065457,0.0,7.3443320915380434,-17.456093666844072,True
PE,3920,3933,121.45000000000073,0.5011326547033053,3.720664232156481,3932,3933,2,32.29999999999927,0.26595306710579725,24251.1,24218.8,3934,2024-12-18T11:05:00+05:30,24211.35,24272.414363,24318.155034,39.0377,2024-12-18T09:55:00+05:30,2024-12-18T11:00:00+05:30,2024-12-18T10:55:00+05:30,2024-12-18T11:00:00+05:30,0.054932913695448254,0.03820522193103648,0.17305932961194423,0.08405148824828927,73.25,24200.0,2024-12-19,0.0,0.0,-3.549488054607501,-6.143344709897611,4.436860068259386,-14.675767918088736,True
PE,3930,3939,77.95000000000073,0.3215016332860426,2.5982929731825077,3939,3940,2,31.650000000001455,0.40602950609366467,24267.25,24235.6,3941,2024-12-18T11:40:00+05:30,24231.45,24253.955693,24297.792415,46.655,2024-12-18T10:45:00+05:30,2024-12-18T11:30:00+05:30,2024-12-18T11:30:00+05:30,2024-12-18T11:35:00+05:30,-0.03631643999842878,0.019808967271868882,-0.03879256090742178,-0.2579292613524985,84.8,24250.0,2024-12-19,0.0,0.0,1.356132075471705,1.533018867924525,10.61320754716981,-5.778301886792443,True
PE,3930,3941,83.39999999999782,0.34418080634876497,2.8637306148356774,3940,3941,2,37.099999999998545,0.444844124700234,24267.25,24230.15,3942,2024-12-18T11:45:00+05:30,24228.45,24251.52658,24295.073104,42.1137,2024-12-18T10:45:00+05:30,2024-12-18T11:40:00+05:30,2024-12-18T11:35:00+05:30,2024-12-18T11:40:00+05:30,0.032193557573840965,0.010731185857941984,-0.08316669039910293,-0.28293184252397185,85.95,24250.0,2024-12-19,0.0,0.0,6.45724258289703,2.6178010471204187,9.133216986620122,-7.03897614892379,True
PE,3930,3942,87.20000000000073,0.3599074641588741,3.1238719848724608,3941,3942,2,26.200000000000728,0.30045871559633613,24252.55,24226.35,3943,2024-12-18T11:50:00+05:30,24222.65,24248.776429,24292.232983,41.5149,2024-12-18T10:45:00+05:30,2024-12-18T11:45:00+05:30,2024-12-18T11:40:00+05:30,2024-12-18T11:45:00+05:30,0.03467828664492868,0.03736172549245963,-0.08752139010389337,-0.22561528156498753,68.05,24200.0,2024-12-19,0.0,0.0,-6.539309331373984,-5.951506245407785,4.99632623071272,-11.388684790595152,True
PE,3940,3946,56.400000000001455,0.2327529640924964,2.2339549748751937,3946,3947,2,25.650000000001455,0.45478723404256727,24236.5,24210.85,3948,2024-12-18T12:15:00+05:30,24208.3,24239.237492,24280.107093,40.9816,2024-12-18T11:35:00+05:30,2024-12-18T12:05:00+05:30,2024-12-18T12:05:00+05:30,2024-12-18T12:10:00+05:30,-0.010120495862992147,-0.032220354176044054,-0.19993142847700096,0.04523242028560753,68.5,24200.0,2024-12-19,0.0,0.0,3.8686131386861398,5.32846715328468,11.970802919708033,-13.211678832116785,True
PE,3940,3948,59.25,0.244750767298819,2.3845296065610664,3947,3948,2,28.5,0.4810126582278481,24236.5,24208.0,3949,2024-12-18T12:20:00+05:30,24201.45,24235.638684,24277.022501,37.7942,2024-12-18T11:35:00+05:30,2024-12-18T12:15:00+05:30,2024-12-18T12:10:00+05:30,2024-12-18T12:15:00+05:30,-0.003925384636047541,-0.14420623557679996,-0.13821485902704478,0.11652194393311445,71.15,24200.0,2024-12-19,0.0,0.0,-4.005621925509498,36.68306394940266,53.19747013352072,-9.27617709065356,True
PE,3940,3950,73.79999999999927,0.304884976152456,3.1313456953882604,3950,3951,2,19.700000000000728,0.26693766937670627,24213.15,24193.45,3952,2024-12-18T12:35:00+05:30,24166.55,24223.70862,24267.230583,36.7026,2024-12-18T11:35:00+05:30,2024-12-18T12:25:00+05:30,2024-12-18T12:25:00+05:30,2024-12-18T12:30:00+05:30,-0.02751737422179756,0.006000028965660087,0.2608978112308098,0.084207303069748,73.7,24150.0,2024-12-19,-1.424694708276794,-1.424694708276794,-0.2713704206241558,-33.582089552238806,15.332428765264583,-44.708276797829036,True
PE,3995,4003,53.55000000000291,0.22349469747875825,1.5833405724473346,4003,4004,2,17.25,0.3221288515405987,23968.1,23950.85,4005,2024-12-19T10:45:00+05:30,23942.9,23987.174504,24072.08818,39.4766,2024-12-19T09:55:00+05:30,2024-12-19T10:35:00+05:30,2024-12-19T10:35:00+05:30,2024-12-19T10:40:00+05:30,0.015662263134373862,-0.0181682252358828,0.03821592204786311,0.1438839906611024,39.0,23950.0,2024-12-19,-1.6666666666666632,-1.6666666666666632,8.205128205128212,-9.999999999999996,26.7948717948718,-23.333333333333336,True
PE,3995,4006,63.20000000000073,0.263911188873975,2.1094812772188414,4005,4007,3,23.799999999999272,0.3765822784809968,23965.0,23939.45,4008,2024-12-19T11:00:00+05:30,23938.55,23975.954716,24057.613218,37.4631,2024-12-19T09:55:00+05:30,2024-12-19T10:50:00+05:30,2024-12-19T10:45:00+05:30,2024-12-19T10:55:00+05:30,0.01545624108394505,0.05639439314411274,0.07853441415624285,0.10297198451870082,42.2,23950.0,2024-12-19,16.113744075829377,16.113744075829377,-16.824644549763036,-28.436018957345976,17.180094786729857,-31.161137440758296,True
PE,4015,4016,39.75,0.16583644146286514,1.6084203374089558,4016,4017,2,25.899999999997817,0.6515723270439703,23991.05,23965.15,4018,2024-12-19T11:50:00+05:30,23960.25,23967.204576,24025.559787,49.2875,2024-12-19T11:35:00+05:30,2024-12-19T11:40:00+05:30,2024-12-19T11:40:00+05:30,2024-12-19T11:45:00+05:30,0.01231205851358282,0.09745307331934577,0.08743648334220523,-0.0191984641228641,21.95,23950.0,2024-12-19,-12.984054669703863,-12.984054669703863,-37.8132118451025,-42.82460136674259,4.328018223234621,-46.69703872437358,True
PE,4015,4027,39.95000000000073,0.16665241395709054,2.041336476020695,4026,4027,2,18.549999999999272,0.46433041301624367,23983.5,23964.95,4028,2024-12-19T12:40:00+05:30,23962.25,23971.501567,24008.666382,48.0197,2024-12-19T11:35:00+05:30,2024-12-19T12:35:00+05:30,2024-12-19T12:30:00+05:30,2024-12-19T12:35:00+05:30,-0.027543323352350234,-0.015440954000566423,0.015858277081656658,-0.052791369758689005,13.1,23950.0,2024-12-19,2.6717557251908373,2.6717557251908373,-12.977099236641216,-25.190839694656482,9.92366412213741,-34.73282442748091,True
PE,4015,4028,45.30000000000291,0.18904735573663956,2.305623002238893,4027,4028,2,20.650000000001455,0.4558498896247269,23980.25,23959.6,4029,2024-12-19T12:45:00+05:30,23954.85,23969.915703,24006.555935,44.6917,2024-12-19T11:35:00+05:30,2024-12-19T12:40:00+05:30,2024-12-19T12:35:00+05:30,2024-12-19T12:40:00+05:30,0.015445723934822084,0.0517640477815618,-0.04988551378947098,-0.035065967852012506,13.45,23950.0,2024-12-19,-13.754646840148697,-13.754646840148697,-23.791821561338285,7.434944237918216,17.84386617100372,-36.431226765799245,True
PE,4095,4104,183.25,0.7709719084342013,5.273105120825326,4103,4104,2,84.15000000000146,0.4592087312414813,23846.15,23762.0,4105,2024-12-20T12:50:00+05:30,23756.95,23861.629764,23900.791926,26.3768,2024-12-20T12:00:00+05:30,2024-12-20T12:45:00+05:30,2024-12-20T12:40:00+05:30,2024-12-20T12:45:00+05:30,-0.09407773304233995,-0.12059628866500731,-0.07513590759757538,-0.16900317591273903,,,,,,,,,,False
PE,4095,4105,198.70000000000073,0.8363868257499414,5.825470487366154,4104,4106,3,66.75,0.33593356819325493,23813.3,23746.55,4107,2024-12-20T13:00:00+05:30,23734.6,23840.438423,23888.82292,25.0748,2024-12-20T12:00:00+05:30,2024-12-20T12:50:00+05:30,2024-12-20T12:45:00+05:30,2024-12-20T12:55:00+05:30,-0.033495403335203,-0.020223639749560866,0.09227035635739156,-0.14514674778592052,,,,,,,,,,False
PE,4100,4112,132.6999999999971,0.5587874270723333,4.236500146457664,4112,4113,2,38.04999999999927,0.28673700075358033,23767.7,23729.65,4114,2024-12-20T13:35:00+05:30,23729.6,23788.793905,23851.810073,33.357,2024-12-20T12:25:00+05:30,2024-12-20T13:25:00+05:30,2024-12-20T13:25:00+05:30,2024-12-20T13:30:00+05:30,-0.12157811341109225,-0.05394106938169743,-0.16161250084282308,-0.2069145708313606,,,,,,,,,,False
PE,4102,4114,138.84999999999854,0.5851341784100809,4.440813755373386,4113,4114,2,45.5,0.3276917536910369,23767.7,23722.2,4115,2024-12-20T13:40:00+05:30,23719.65,23782.208772,23846.627325,28.9136,2024-12-20T12:35:00+05:30,2024-12-20T13:35:00+05:30,2024-12-20T13:30:00+05:30,2024-12-20T13:35:00+05:30,-0.012015354358104705,0.011382967286604522,-0.13385526346299376,-0.11509444700913761,,,,,,,,,,False
PE,4102,4115,158.29999999999927,0.6673791561005296,5.096255649302384,4114,4115,2,54.0,0.34112444725205465,23756.75,23702.75,4116,2024-12-20T13:45:00+05:30,23700.75,23774.450793,23840.906646,27.4567,2024-12-20T12:35:00+05:30,2024-12-20T13:40:00+05:30,2024-12-20T13:35:00+05:30,2024-12-20T13:40:00+05:30,0.09113635644441018,-0.0025315654567832024,0.03248842336213296,-0.11349851797939497,,,,,,,,,,False
PE,4106,4119,75.0,0.31645369333105483,2.494775275300115,4118,4119,2,32.70000000000073,0.4360000000000097,23729.0,23696.3,4120,2024-12-20T14:05:00+05:30,23691.25,23751.996242,23821.126066,29.1933,2024-12-20T12:55:00+05:30,2024-12-20T14:00:00+05:30,2024-12-20T13:55:00+05:30,2024-12-20T14:00:00+05:30,0.07260064369757074,0.11122249775760479,-0.04537540231097979,-0.4229409592149031,,,,,,,,,,False
PE,4113,4123,69.35000000000218,0.2923988936486077,2.42483806207649,4123,4124,2,26.850000000002183,0.3871665465032637,23725.2,23698.35,4125,2024-12-20T14:30:00+05:30,23690.6,23732.5616,23799.647187,36.3392,2024-12-20T13:30:00+05:30,2024-12-20T14:20:00+05:30,2024-12-20T14:20:00+05:30,2024-12-20T14:25:00+05:30,0.007386896068482858,-0.07070314808405022,-0.42485205102444773,0.33325453977527264,,,,,,,,,,False
PE,4113,4125,80.20000000000073,0.3385308941099032,2.8809137310024298,4124,4125,2,37.70000000000073,0.47007481296758585,23725.2,23687.5,4126,2024-12-20T14:35:00+05:30,23680.5,23727.603353,23794.974748,32.898,2024-12-20T13:30:00+05:30,2024-12-20T14:30:00+05:30,2024-12-20T14:25:00+05:30,2024-12-20T14:30:00+05:30,-0.028082177318897214,-0.10029349042461097,-0.3777369565676431,0.425033255209989,,,,,,,,,,False
PE,4114,4126,82.45000000000073,0.3481767699161788,3.0169963560026694,4126,4127,2,25.200000000000728,0.30563978168587635,23699.5,23674.3,4128,2024-12-20T14:45:00+05:30,23673.85,23719.446282,23786.358081,35.5331,2024-12-20T13:35:00+05:30,2024-12-20T14:35:00+05:30,2024-12-20T14:35:00+05:30,2024-12-20T14:40:00+05:30,-0.15861382918282949,-0.35439947452568055,-0.421350984313916,0.40614433224845753,,,,,,,,,,False
PE,4115,4128,65.85000000000218,0.27815501069746656,2.413658912278918,4127,4128,2,34.20000000000073,0.5193621867881487,23699.5,23665.3,4129,2024-12-20T14:50:00+05:30,23656.75,23713.475208,23781.275412,32.0729,2024-12-20T13:40:00+05:30,2024-12-20T14:45:00+05:30,2024-12-20T14:40:00+05:30,2024-12-20T14:45:00+05:30,-0.2823718389043266,-0.2777220032337524,-0.2519365508787071,0.2994916884187327,,,,,,,,,,False
PE,4118,4129,80.15000000000146,0.3388039354518328,2.9102443250871612,4128,4129,2,47.150000000001455,0.5882719900187224,23696.0,23648.85,4130,2024-12-20T14:55:00+05:30,23636.3,23706.125188,23775.590101,29.2386,2024-12-20T13:55:00+05:30,2024-12-20T14:50:00+05:30,2024-12-20T14:45:00+05:30,2024-12-20T14:50:00+05:30,-0.191442823115293,-0.41038572026924686,-0.020942364075598664,0.46305893900483885,,,,,,,,,,False
PE,4118,4130,95.20000000000073,0.40277031515085154,3.4255310949526896,4129,4130,2,45.95000000000073,0.4826680672268947,23679.75,23633.8,4131,2024-12-20T15:00:00+05:30,23589.95,23695.060884,23768.310097,26.251,2024-12-20T13:55:00+05:30,2024-12-20T14:55:00+05:30,2024-12-20T14:50:00+05:30,2024-12-20T14:55:00+05:30,-0.2147100778085645,-0.06718962948205563,0.7613411643517622,0.7119557269091317,,,,,,,,,,False
PE,4124,4132,160.20000000000073,0.679071088400053,5.409615074145687,4131,4132,2,70.5,0.4400749063670392,23635.5,23565.0,4133,2024-12-20T15:10:00+05:30,23539.3,23671.264125,23752.650536,21.4117,2024-12-20T14:25:00+05:30,2024-12-20T15:05:00+05:30,2024-12-20T15:00:00+05:30,2024-12-20T15:05:00+05:30,0.2457592196879354,0.39104816200991227,0.8683350821817194,0.8065235584745603,,,,,,,,,,False
CE,4360,4369,168.59999999999854,0.7053212851405561,6.552938335995132,4368,4369,2,46.70000000000073,0.2769869513641823,23907.55,23860.85,4370,2024-12-27T09:55:00+05:30,23918.4,23820.522611,23784.423545,78.8969,2024-12-26T15:20:00+05:30,2024-12-27T09:50:00+05:30,2024-12-27T09:45:00+05:30,2024-12-27T09:50:00+05:30,-0.0033447053314724657,0.027384774901328148,-0.033656097397831417,-0.07755535487324783,201.0,23900.0,2025-01-02,-2.0398009950248728,-2.0398009950248728,-0.12437810945273632,-7.960199004975125,3.482587064676617,-9.45273631840796,True
PE,4479,4491,164.65000000000146,0.695610660819572,5.599177830534071,4490,4491,2,49.10000000000218,0.2982083206802414,23706.4,23657.3,4492,2024-12-30T13:50:00+05:30,23643.9,23749.373925,23786.317679,23.6598,2024-12-30T12:45:00+05:30,2024-12-30T13:45:00+05:30,2024-12-30T13:40:00+05:30,2024-12-30T13:45:00+05:30,0.049695693180905005,0.037007431092163305,-0.030451829012983166,0.1355529333147208,141.94,23650.0,2025-01-02,-9.222206566154716,-9.222206566154716,-6.721149781597853,-0.7045230379033395,7.474989432154441,-13.519797097365082,True
PE,4488,4500,103.65000000000146,0.4381135544683206,3.70123383388375,4500,4507,8,79.80000000000291,0.7698986975398147,23709.65,23629.85,4508,2024-12-30T15:10:00+05:30,23617.5,23675.027027,23724.754051,37.0927,2024-12-30T13:30:00+05:30,2024-12-30T14:30:00+05:30,2024-12-30T14:30:00+05:30,2024-12-30T15:05:00+05:30,0.17381179210331013,0.17423520694400957,-0.3272996718534954,-0.3681592039801026,,,,,,,,,,False
PE,4506,4510,76.95000000000073,0.32525239289813085,2.4306650043592684,4510,4511,2,47.599999999998545,0.6185834957764534,23680.3,23632.7,4512,2024-12-31T09:15:00+05:30,23554.75,23659.121591,23710.60519,43.9107,2024-12-30T15:00:00+05:30,2024-12-30T15:20:00+05:30,2024-12-30T15:20:00+05:30,2024-12-30T15:25:00+05:30,-0.06177098037550504,-0.03268979717467062,-0.16217535741199005,-0.1398868593383531,118.8,23550.0,2025-01-02,7.491582491582497,7.491582491582497,-1.346801346801342,20.03367003367003,24.57912457912458,-15.909090909090903,True
PE,4506,4515,174.40000000000146,0.7406447941461944,4.808090472382799,4515,4516,2,48.849999999998545,0.28010321100916363,23584.1,23535.25,4517,2024-12-31T09:40:00+05:30,23523.4,23615.06795,23681.007798,37.8201,2024-12-30T15:00:00+05:30,2024-12-31T09:30:00+05:30,2024-12-31T09:30:00+05:30,2024-12-31T09:35:00+05:30,-0.010627715381279917,0.030395265990451285,-0.2270080005441452,0.08969791781799631,108.95,23500.0,2025-01-02,8.44424047728316,8.44424047728316,-5.874254245066549,28.086278109224423,34.00642496558054,-24.7361174850849,True
PE,4506,4518,201.25,0.8557802909015141,5.231426615886952,4517,4521,5,76.09999999999854,0.37813664596272567,23584.5,23498.5,4522,2024-12-31T10:05:00+05:30,23473.55,23573.965729,23650.332556,32.478,2024-12-30T15:00:00+05:30,2024-12-31T09:45:00+05:30,2024-12-31T09:40:00+05:30,2024-12-31T10:00:00+05:30,0.20555050258695426,0.2728603044703476,0.24453054608272484,0.5214379588941659,111.55,23450.0,2025-01-02,3.0479605558045773,3.0479605558045773,-26.176602420439266,-24.921559838637382,8.426714477812645,-32.63110712684894,True
